{"type":"Topology","arcs":[[[5672,9314],[0,0],[-2,1],[-1,0],[-1,-2],[0,-2],[0,0],[-2,1],[-1,0]],[[5665,9312],[-2,-2],[0,-2],[-2,1],[-3,0],[1,-2],[-1,-1]],[[5658,9306],[0,1],[-1,1]],[[5657,9308],[0,2],[1,1],[0,1],[1,1],[1,2],[1,1],[0,1],[0,2],[-1,1],[0,1]],[[5660,9321],[0,2],[1,2],[0,1],[0,1],[0,1],[0,1]],[[5661,9329],[1,-1],[1,1],[1,-1],[1,-2],[1,-1]],[[5666,9325],[2,0],[0,0],[1,0],[4,-1],[0,-2],[0,1],[1,0],[1,-1],[1,1],[1,-1],[1,0],[1,0],[0,-1],[2,-1],[2,-1],[0,1],[0,1],[3,1]],[[5686,9322],[1,-1],[0,0],[1,-2],[0,0]],[[5688,9319],[0,-2],[-1,-2],[0,-2],[1,0],[1,1],[2,-1],[1,-1],[-1,-2],[1,-1],[1,0],[-1,-1],[-2,0],[0,-1],[-2,-1],[-1,0],[0,-2],[-2,0],[0,-2],[-2,-1]],[[5683,9301],[-1,1],[0,-1],[-2,1],[-1,0],[-3,1],[-2,0],[-1,-1],[0,0],[0,2],[0,0],[2,0],[-1,2],[0,2],[0,1],[1,0],[0,2],[-1,0],[0,0],[-1,0],[-1,2],[0,1]],[[5713,9298],[1,2],[0,1],[1,0],[1,-1],[0,-1],[1,-1],[0,0],[2,2]],[[5719,9300],[0,-4],[-1,0],[1,-3],[1,-2],[-1,-1],[1,0],[0,-1],[1,0],[0,-2],[-1,-2],[0,-1],[1,0],[1,-2],[1,0]],[[5723,9282],[0,-1],[0,-1],[0,-2]],[[5723,9278],[-1,-1],[-1,-1],[-1,2],[-1,1],[-1,1],[-2,1],[-2,1],[-1,1],[-1,1]],[[5712,9284],[0,-1],[-2,0],[-1,3],[-1,0],[-2,0],[-1,2],[0,1],[-1,1],[0,0],[-1,0],[-1,-1],[-1,-2],[-2,1],[1,0],[-1,2],[0,1]],[[5699,9291],[1,0],[0,1],[2,2]],[[5702,9294],[1,1]],[[5703,9295],[0,2],[1,0],[0,0],[1,1],[0,2],[1,3],[1,-1],[0,0],[1,-1],[0,-1],[2,0],[3,-2]],[[5683,9301],[0,-1],[2,-4],[0,-3],[0,0],[-1,-1]],[[5684,9292],[0,-1],[0,-1],[-1,1],[0,-2],[-1,-2],[-3,1],[-1,-1],[0,-1],[0,-1],[-1,-1],[-1,1],[-1,-1],[0,-1],[1,-1]],[[5676,9282],[-2,0],[0,-1],[-2,0],[-1,0],[-1,-1]],[[5670,9280],[0,0],[-2,0],[0,3],[-1,-1],[0,2],[-1,0],[-1,1]],[[5665,9285],[1,1],[0,1],[1,1],[0,1],[-1,1],[-1,0],[0,1],[-1,2],[-2,2],[0,1],[-1,1],[0,1]],[[5661,9298],[-3,0],[-1,-1]],[[5657,9297],[-1,3],[1,1],[0,1],[-1,1],[0,1],[2,1],[0,1]],[[5727,9263],[1,1]],[[5728,9264],[1,3],[0,2],[-1,1],[-1,1],[0,1],[0,0],[-1,2],[0,0],[-1,1],[-1,1],[0,1],[-1,1]],[[5723,9282],[1,0],[1,-1],[-1,-1],[1,-1],[1,-1],[0,-1],[1,-1],[1,-1],[1,1],[1,0],[0,1],[1,2],[2,-1],[1,0],[2,0],[2,0]],[[5738,9278],[2,-2],[1,-1],[1,-1],[1,0],[0,-1]],[[5743,9273],[1,-1],[1,1]],[[5745,9273],[0,-2],[0,0],[0,-2],[0,-2],[0,-1],[-1,-2],[1,-1],[0,-1],[0,-1],[-1,0],[0,-1],[0,-1],[-1,-1],[-1,-1],[0,-1],[-2,1]],[[5740,9257],[-1,0],[-1,0],[0,0],[0,-2],[0,-1],[0,-1],[-2,-2],[1,-2],[0,-1],[-1,-1],[-2,0],[-1,-1],[0,0],[-1,-1],[0,-1],[0,-1],[-1,1]],[[5731,9244],[-1,1]],[[5730,9245],[0,1],[0,1],[-1,2],[-1,1],[0,1],[-2,1],[-1,0],[0,1],[0,1],[0,1],[1,0],[0,-1],[1,-1],[0,1],[0,1],[-2,1],[0,1],[0,0]],[[5725,9257],[1,2],[0,1],[1,1],[1,0]],[[5728,9261],[-1,2]],[[5748,9288],[1,0]],[[5749,9288],[-1,-1],[1,-2],[-1,-1],[-1,-4],[0,-2],[-1,-2],[0,-2],[-1,-1]],[[5719,9300],[1,4]],[[5720,9304],[1,1],[0,2],[0,2],[1,1]],[[5722,9310],[1,0],[1,1],[0,2],[1,0],[0,0],[1,0]],[[5726,9313],[1,1],[1,0],[1,-1],[0,-1],[2,1],[1,-1],[1,1],[0,2],[1,0],[2,-2],[0,0],[1,1],[3,0]],[[5740,9314],[-1,-2],[0,-2],[0,-2],[1,-2],[-1,-3],[0,-2],[1,-1],[1,-4],[1,-1],[2,0],[0,1],[2,1],[1,-1]],[[5747,9296],[1,-1],[1,-2],[0,-1],[0,-2],[0,-1],[-1,-1]],[[5734,9329],[3,-2]],[[5737,9327],[1,2],[0,2],[1,1],[1,1]],[[5740,9333],[1,0],[0,1],[2,0],[5,-1]],[[5748,9333],[1,-1],[-1,-2],[-1,0],[-1,-1],[-1,1],[-1,0],[-1,-1],[0,-2],[0,-1],[0,-1],[-3,-1],[-1,1],[-1,-4],[1,0],[0,-1],[2,0],[0,-1],[0,-2],[-1,-2],[0,-1]],[[5722,9310],[0,1],[0,1],[-1,1],[1,1],[0,2],[1,1],[0,1],[0,1],[0,0],[1,3],[0,0],[0,2],[-1,0],[1,1],[2,-1],[0,-1],[1,1],[1,2],[1,1],[0,3]],[[5729,9330],[1,2]],[[5730,9332],[1,1],[1,-1],[0,0],[0,-1],[1,-1],[1,-1]],[[5730,9332],[-1,0],[0,1],[0,1],[0,1],[1,3],[2,0],[1,0],[1,-1],[1,2],[1,1]],[[5736,9340],[3,0],[0,-3],[0,-1],[1,-3]],[[5672,9366],[0,1],[1,1]],[[5673,9368],[1,0],[0,-1],[1,1],[1,0]],[[5676,9368],[1,0],[2,-1],[0,-1],[2,-1],[1,0],[1,-1],[1,0],[1,1],[1,1],[1,-1],[1,0],[2,1],[0,1],[1,0],[1,-1],[0,2],[2,-1],[1,0],[0,0],[0,-1],[1,-2],[0,0],[0,-2]],[[5696,9362],[0,-2],[0,-1],[-1,-1],[0,-1],[0,-1],[-1,-2]],[[5694,9354],[0,0],[-1,-2],[0,0],[-1,-1],[-2,-1],[-1,1],[-1,1],[-1,-3],[-1,1],[0,-2],[0,0],[-1,-2],[-1,1],[-1,2],[0,1],[-2,0],[-1,-1],[0,0],[-1,-3],[1,0],[0,-1],[1,-2],[-1,-2],[-1,0],[0,-1],[0,-1]],[[5679,9339],[0,-1],[-2,-1],[-2,1],[0,-1],[-2,0],[0,0],[-1,-1],[-1,1]],[[5671,9337],[0,0],[-1,1],[-1,0],[0,-1],[-4,1],[0,1],[0,1]],[[5665,9340],[1,2]],[[5666,9342],[0,2],[0,2]],[[5666,9346],[0,2]],[[5666,9348],[1,1],[0,1],[2,3]],[[5669,9353],[0,2],[0,1],[0,1],[0,1]],[[5669,9358],[2,3],[0,2]],[[5671,9363],[0,1],[1,2]],[[5697,9337],[-1,-1],[-1,0],[0,-1],[-2,-2],[-1,-1],[1,-1],[0,-1],[0,-1]],[[5693,9329],[-1,-1],[-1,0],[1,-1],[0,-1],[1,-1],[-1,-1],[-1,-1],[0,-1],[-1,0]],[[5690,9322],[-1,0],[0,-1],[-1,-2]],[[5686,9322],[0,2],[-1,0],[-1,2],[0,0],[-1,1],[0,1],[1,1],[2,0],[0,0],[0,3],[-2,0],[-1,-1],[-1,1],[-1,0],[0,1],[-1,1],[0,2],[1,1],[0,1],[0,1],[-2,0]],[[5694,9354],[1,-1],[1,1],[0,-1],[1,0],[1,0],[0,-1],[0,0],[-1,-4],[-1,-2],[1,-2],[-1,-2],[2,-1],[-1,-1],[-1,-1],[1,-2]],[[5687,9271],[-1,0]],[[5686,9271],[-1,2],[0,1],[-1,0]],[[5684,9274],[-1,1],[0,1],[-1,0],[0,1],[-2,0],[-3,2],[0,2],[-1,1]],[[5684,9292],[1,0],[2,1],[1,-1],[1,1],[1,0],[1,1],[1,0],[1,-2],[0,0],[1,-2],[1,0],[1,-1]],[[5696,9289],[-1,-1],[0,-1],[1,-1],[0,0],[1,-1],[1,-2],[1,0],[0,-1],[-2,0],[-1,-1],[0,-1],[0,-1],[-1,-2],[-1,0],[-1,-2],[-1,0],[-2,1],[0,-3],[-1,-2]],[[5689,9271],[-2,-1],[0,1]],[[5696,9362],[1,0],[1,-2],[1,0],[2,-1],[1,-1],[1,1],[2,0]],[[5705,9359],[0,-1],[0,-2],[-1,0],[1,-2],[-1,0],[2,-2],[1,0],[1,0],[0,-1],[1,0],[1,-2],[-1,-1],[0,0],[1,-1],[0,-1]],[[5710,9346],[0,-1],[2,-1],[0,-1],[1,-3]],[[5713,9340],[0,1],[1,4],[0,0],[1,-2],[0,-3],[1,1],[1,0],[1,1]],[[5718,9342],[1,-2],[-1,-3],[-1,0],[0,-2],[1,-1],[0,-1],[2,1],[1,0],[1,-1]],[[5722,9333],[0,0],[-1,-3],[-1,0],[0,-1],[-1,-1],[-1,-2],[-1,0],[-1,1],[1,-1],[1,-1],[0,-2],[-1,0],[0,-2],[0,-1],[-1,-2],[-1,-1],[0,-1],[0,-2],[-1,0],[-1,0],[0,-1],[0,1],[-2,0],[-1,-1],[0,0]],[[5710,9313],[-1,1],[-1,0],[-1,2],[0,0],[1,1],[0,1],[1,0],[0,1],[0,1],[-2,1],[0,0],[0,2],[0,1],[-3,0],[-1,0],[0,0],[-1,1],[0,1]],[[5702,9326],[1,2]],[[5703,9328],[0,1],[-1,1],[-1,1],[-1,2],[0,1],[-1,0],[0,1],[0,2],[-2,0]],[[5665,9285],[-1,0],[-2,-2]],[[5662,9283],[0,2],[0,1],[-2,1],[-1,1],[0,1],[-1,-1]],[[5658,9288],[-2,0],[-1,1],[0,1],[2,2]],[[5657,9292],[0,1],[0,2],[0,1],[0,1]],[[5751,9309],[-2,3],[-1,-1],[0,-2],[-1,-1],[0,-3]],[[5747,9305],[0,-2],[0,-1],[0,-2],[0,-1],[0,-1],[0,-2]],[[5748,9333],[3,0],[1,1],[0,0]],[[5752,9334],[-1,-2],[-1,-2],[0,-2],[0,-2],[1,-2],[-2,0],[-1,-1],[0,-1],[-1,-2],[1,0],[2,1],[1,-2],[1,0],[0,-2],[0,-1],[0,-3],[-1,-1],[1,-1],[-1,-2]],[[5725,9257],[-2,1],[-1,2],[-1,2],[-2,1],[-2,3],[-1,1],[-1,2],[-1,1],[0,2],[1,1],[0,1],[-1,1],[0,1],[-1,1],[-3,2],[0,1],[-2,1],[-1,-1]],[[5707,9280],[-1,-2],[-1,-1],[-1,-1],[0,-1],[-1,-3],[0,-1]],[[5703,9271],[-1,-1],[-1,-2],[-1,-1],[-1,-1],[-2,-1],[-2,0],[-1,1],[0,1],[-1,1],[-1,1],[0,1],[-2,0],[-1,1]],[[5696,9289],[1,1],[0,1],[1,1],[1,-1],[0,0]],[[5661,9329],[1,1],[0,2]],[[5662,9332],[1,2],[0,1]],[[5663,9335],[1,3],[1,2]],[[5686,9271],[-2,0],[-1,0]],[[5683,9271],[-1,0],[-1,0],[0,0],[-1,-1],[-2,1],[0,-1],[-1,0],[-1,0]],[[5676,9270],[-1,1],[-1,0],[-1,0],[-1,-1],[-1,0],[0,4],[0,2],[-1,1],[0,3]],[[5703,9295],[-1,1],[-1,3],[0,0],[-1,1],[0,2],[0,1],[1,1],[1,1],[2,-1],[1,0],[0,-1],[1,1],[0,2],[1,1],[0,2],[1,0],[1,2],[0,1],[1,1]],[[5722,9333],[2,1],[2,2],[0,1],[2,0],[1,1],[1,2]],[[5730,9340],[0,2],[1,0],[1,1],[0,0],[1,2],[0,-2]],[[5733,9343],[0,-1],[1,0],[1,0],[1,-1],[0,-1]],[[5702,9326],[-1,0],[0,-2],[0,0],[-1,-3]],[[5700,9321],[-2,0],[0,1],[-1,1],[-1,0],[0,2],[0,1]],[[5696,9326],[1,0],[0,2],[0,0],[2,0],[1,0],[2,1],[1,-1]],[[5690,9322],[1,-1],[2,-1],[1,-1],[0,1],[3,-1],[0,-1],[1,-1],[1,0],[0,1],[0,1],[1,1],[0,1]],[[5769,9338],[0,1],[-1,2],[-3,1],[-2,0],[0,1],[1,2],[1,1],[0,1],[0,1],[2,1],[1,1],[0,0],[1,1],[1,-1],[0,2],[-2,0],[0,2]],[[5768,9354],[0,1]],[[5768,9355],[1,-1]],[[5769,9354],[2,-1],[1,-1],[1,0],[2,-1],[1,-2],[1,0],[1,-2],[-1,0],[0,-2],[-1,-1],[-1,0],[0,-1],[-1,-2],[-1,-2],[1,-1],[-2,-2]],[[5772,9336],[-1,2]],[[5771,9338],[-1,1],[-1,-1]],[[5752,9334],[1,0],[1,2],[1,0],[1,1],[0,3],[1,0],[1,0],[2,4],[1,1],[1,2],[1,1],[1,1],[2,2],[2,3]],[[5771,9338],[-1,-2],[-1,0],[-1,-2],[-2,1],[0,1],[0,-1],[0,-2],[-1,-1],[-1,-2],[0,0],[1,-1]],[[5765,9329],[-2,-2],[-2,0],[-1,-3]],[[5760,9324],[3,-1],[0,-1],[-1,-1],[-1,-3],[-1,-1],[0,-1],[-1,-1]],[[5759,9315],[0,0],[-1,0],[-2,0],[-1,-1],[-1,0],[0,-1],[-1,-1],[1,-1],[0,-2],[-1,0],[-1,0],[-1,0]],[[5772,9336],[0,-1],[1,0],[0,-1],[1,-2],[-2,-2],[0,0],[-1,1],[-2,-1],[-1,1],[-1,-2],[0,0],[-1,1],[-1,-1],[0,0]],[[5693,9329],[3,-3]],[[5524,9792],[-1,-1],[-1,0],[-2,0]],[[5520,9791],[-1,2],[0,1],[-2,2],[-1,1]],[[5516,9797],[2,1],[0,1],[-1,2],[-1,0],[0,0],[1,1],[0,0],[2,1],[0,1],[-1,1],[1,2],[-1,1]],[[5518,9808],[1,0],[1,-1],[0,0],[0,-2],[2,0],[1,0],[0,-1],[1,1],[1,0],[0,1],[1,1],[0,2],[1,-1],[0,-1],[3,0]],[[5530,9807],[1,0],[0,-3],[0,-1],[-1,0],[1,-2],[1,0],[1,-3],[2,0],[0,-1],[2,-2]],[[5537,9795],[-3,-3],[-1,0],[1,-1],[0,-1],[-2,0],[0,-3],[-2,1],[-1,0],[0,0],[-1,0],[-1,0],[1,2],[0,0],[-1,2],[0,1],[-1,0],[-2,-1]],[[5530,9807],[1,2],[2,-2],[1,2],[0,-1],[1,-1],[1,0],[0,0],[4,1],[0,1],[2,1],[2,0],[1,0],[1,-1]],[[5546,9809],[0,-3],[0,0],[2,0],[0,0],[0,-2],[2,1],[0,0],[1,1],[1,-1],[-1,-1],[1,-1],[-1,-2],[-2,-2],[0,0],[-1,0],[1,-1]],[[5549,9798],[0,-1],[-1,-1],[1,-1],[1,-2],[-2,-1],[-1,0]],[[5547,9792],[0,-2],[-2,-1],[-1,1]],[[5544,9790],[-1,0],[-1,1],[0,0],[-2,1],[-1,-1],[-1,-1],[-1,2],[-1,1],[1,1],[0,1]],[[5545,9755],[-1,0],[-2,2],[-1,1]],[[5541,9758],[-1,-2],[-2,0],[0,0],[-1,-1],[-1,0],[0,-1],[-1,0],[0,0],[-1,0],[-1,-2],[-1,0],[-1,-1],[-1,1],[1,2],[1,2],[-3,0],[-1,0]],[[5528,9756],[0,1],[1,1],[2,0],[1,1]],[[5532,9759],[-1,2],[-1,0],[-2,0],[1,2],[1,0],[0,1]],[[5530,9764],[1,0],[3,-1]],[[5534,9763],[-1,-1],[0,0],[2,-1],[0,-1],[1,0],[0,2],[2,-1],[0,1]],[[5538,9762],[2,-1],[1,0],[0,-1],[2,1],[1,0],[-1,1]],[[5543,9762],[2,0]],[[5545,9762],[1,2],[1,0]],[[5547,9764],[1,-2],[-1,0],[-1,-1],[0,-1],[0,-1],[2,0],[0,-2],[0,-2]],[[5548,9755],[-1,0],[-1,-1],[-1,1]],[[5590,9813],[0,-1],[1,-1],[1,0],[1,0],[0,-1],[-1,-2],[-2,1],[-2,-3],[1,-1],[-2,-1]],[[5587,9804],[-1,1],[-2,0],[0,0],[1,1],[-2,1],[-2,0],[0,1],[-1,0],[0,-1],[-1,-2],[0,-2],[-1,0],[0,-1],[-1,-2],[1,-2],[-1,0],[-2,1],[-1,0],[-1,-1]],[[5573,9798],[-2,-1],[-1,-1]],[[5570,9796],[-1,-1],[-1,0],[0,1],[-1,0]],[[5567,9796],[0,0],[-3,-1]],[[5564,9795],[0,0],[-2,0],[-1,0]],[[5561,9795],[0,1],[1,1],[1,1],[-2,1],[0,-1],[-1,0],[-2,-1],[-2,2],[0,0],[-1,0],[0,-1],[-1,-1],[-1,0],[-1,1],[-2,1],[-1,-1]],[[5546,9809],[0,1],[2,1],[1,1],[1,1],[0,-1],[1,0],[1,0],[1,-1],[1,-1],[2,-1],[0,1],[1,1],[2,1],[0,1],[1,1],[0,0],[2,0],[0,1],[-1,1],[-1,0],[-1,2],[-1,0],[1,1],[0,1],[-1,1],[0,2],[0,1],[0,0],[1,0],[-1,2],[-1,0],[0,1]],[[5557,9827],[0,1],[1,0],[2,2],[0,-1],[0,-1],[2,0],[1,1],[1,1],[1,1],[1,-1],[1,0],[1,1],[-1,1],[0,2],[2,2],[0,-2],[1,-1],[0,-1],[2,0],[1,0],[1,-1],[2,-1]],[[5576,9830],[1,1],[0,-1],[0,-1],[1,0],[1,-1],[1,0],[1,-1],[1,0],[1,-1],[-2,-1]],[[5581,9825],[-1,-1],[1,-1],[0,-1],[-1,-1],[-1,-1],[0,-2]],[[5579,9818],[0,-1],[1,0],[1,-1],[2,0],[0,-1],[1,1],[0,-1],[1,1],[0,-1],[1,0],[3,0],[1,-1],[0,-1]],[[5592,9763],[-2,0],[-1,1],[-1,2],[-1,1],[-1,-1],[0,-1],[-2,0],[0,1],[-1,1],[-2,0],[-1,-1],[-2,0]],[[5578,9766],[1,0],[1,-1],[1,-1],[0,-2]],[[5581,9762],[-1,-1],[1,-1],[0,-2],[-2,1],[-1,1],[-2,0],[0,0],[-2,0],[-1,-1],[-1,0],[-1,0]],[[5571,9759],[-1,2],[0,0],[-1,0],[-1,1],[-2,1],[0,1],[-1,1],[-1,-1],[-1,1],[-1,1],[-1,0],[0,1],[0,2],[0,0],[-1,0],[-1,0],[-1,1],[0,2],[-1,0],[0,2],[1,4],[1,0],[0,1]],[[5559,9779],[1,0]],[[5560,9779],[-1,-2],[2,0],[0,-2],[0,0],[-1,-2],[0,0],[1,0],[1,-1],[0,2],[1,1],[0,2],[1,0],[0,-1],[0,-1],[0,-2],[0,-1],[1,-1],[2,1],[0,0],[1,0],[0,1],[-1,1],[0,0],[-1,0],[0,3],[1,0],[1,1],[1,0],[1,0],[0,1],[2,2],[0,0],[0,-1],[0,-3],[1,1],[1,0],[1,0],[-1,2],[0,1],[0,1]],[[5574,9782],[0,2],[0,0],[0,1],[0,1],[-1,0],[0,2],[1,1],[1,0],[0,2],[-1,1],[1,0],[1,1],[0,0],[-3,0],[-1,1],[0,2],[-2,0]],[[5587,9804],[0,-3],[0,-1],[0,-1],[1,0],[2,2],[1,-1],[1,-3],[0,0],[0,-2],[1,0],[3,1]],[[5596,9796],[1,-2],[1,-1],[0,-3],[2,0],[-1,-2],[-1,-1],[-1,0],[0,-1],[3,0],[0,-2],[0,-1],[-2,0],[0,-1],[0,-1],[-1,0],[0,-2],[0,-1],[0,-1],[0,-2],[1,-1],[0,-2],[-1,1],[-1,-2],[1,-2],[0,-1],[0,-1]],[[5597,9767],[0,-1],[-1,-2],[0,-4],[-1,1],[-1,-1],[0,2],[-1,0],[0,1],[-1,0]],[[5549,9840],[0,1],[1,0],[0,0],[1,1],[0,1],[1,1]],[[5552,9844],[0,-1],[1,1],[0,0],[1,2],[-1,1],[-1,0],[-1,0],[0,3],[-1,1]],[[5550,9851],[1,2],[0,0],[0,1],[2,0],[0,0],[0,1],[1,0],[0,1],[1,0],[1,0],[1,-1],[2,0],[1,-2],[0,-1],[1,1],[2,1],[1,-1],[0,1],[0,1],[1,1],[0,1],[4,1]],[[5569,9858],[1,0],[1,-1],[1,-1],[1,0],[1,0],[0,-1],[2,1],[2,-2]],[[5578,9854],[-1,-2],[2,0],[2,0],[1,-1],[1,-1],[0,-1],[-1,-2],[0,-1],[-2,0],[-2,-1],[-1,-1],[-1,-2],[1,-1],[-1,-1],[-1,-2],[0,-1],[1,-1],[1,0],[-1,-1],[1,-2],[-1,-1],[0,-2]],[[5557,9827],[-1,1],[0,1],[-2,1],[0,0],[-1,1],[-1,-1],[0,0],[-2,-1],[-1,1],[-1,0],[-1,1],[-1,0]],[[5546,9831],[0,1],[2,2],[0,0]],[[5548,9834],[1,0],[1,1],[0,1],[2,0]],[[5552,9836],[-1,0],[0,2],[-1,1],[0,1],[-1,0]],[[5543,9762],[-1,0],[-1,0],[1,1],[-1,1],[-1,0],[-1,1]],[[5539,9765],[0,1],[1,0],[2,1],[1,1],[0,-1],[1,-1],[1,1],[0,2],[-1,1],[-2,-2],[-1,1]],[[5541,9769],[-1,-1],[-1,1],[-1,-1],[0,3],[0,1],[0,2]],[[5538,9774],[2,0],[0,1]],[[5540,9775],[3,0],[1,-1],[1,1],[0,2],[1,-1],[2,0],[2,3],[0,0],[2,1]],[[5552,9780],[1,0],[1,0],[0,-2],[0,-1],[1,0],[1,0],[1,1],[0,1]],[[5557,9779],[2,0]],[[5571,9759],[0,-2],[0,0],[-2,0],[-1,0],[-1,-1]],[[5567,9756],[-2,0],[0,-1],[-2,-1],[0,-1],[-1,-1],[1,0],[1,-1],[0,-1],[0,-1],[1,-1],[-1,-1],[1,-3],[1,0],[-1,-2],[-1,-1],[0,-1],[0,0],[2,-1],[0,-1],[1,1]],[[5567,9739],[1,0],[-1,-1],[1,-2],[2,-1],[0,0],[2,0],[0,0],[0,-2],[-1,-1],[-2,-1],[-1,0],[0,0],[-2,1],[-1,0],[-1,-1],[-3,1],[0,-1]],[[5561,9731],[0,-1],[-1,-1],[0,0],[-1,-2]],[[5559,9727],[-2,0],[0,-1],[-1,0],[-1,-1],[0,-1],[-1,0],[-1,0],[0,1],[-1,1],[-1,-1],[0,0],[-2,1]],[[5549,9726],[0,1],[1,-1],[0,2],[-1,1],[-1,-1],[-1,0],[1,2],[-1,1],[1,1],[1,0],[2,0],[0,1],[-1,1],[0,1],[0,1],[-1,1],[-1,0],[0,0],[-2,-1],[-1,1],[-2,-1],[-1,0]],[[5542,9736],[-1,1],[2,1],[1,0],[0,1],[1,1],[1,1],[1,-1],[0,1],[2,1],[0,1],[1,-1],[1,1],[0,1],[3,3],[-2,1],[0,0],[-1,1],[0,1],[1,2],[-2,0],[0,1],[-2,0],[0,2]],[[5518,9808],[0,2],[0,1],[-1,0],[0,1],[-1,2],[0,1],[1,2],[-1,-1],[-2,1],[0,0],[-1,2],[1,0],[1,1]],[[5515,9820],[2,0],[2,-1]],[[5519,9819],[2,0]],[[5521,9819],[1,0],[1,2]],[[5523,9821],[1,0],[1,1],[0,2],[1,0],[1,1],[0,2],[1,0]],[[5528,9827],[0,-2],[1,0],[1,-1]],[[5530,9824],[-2,-2]],[[5528,9822],[-1,-1],[0,-1],[2,-2],[1,1],[1,1],[1,1],[0,0]],[[5532,9821],[1,1],[1,1],[1,0],[1,-1],[0,1],[2,0],[2,0],[0,1],[1,0],[0,1],[1,1]],[[5542,9826],[1,1],[0,1],[1,1],[1,-1],[1,1],[0,1],[0,1]],[[5544,9790],[0,-2],[-1,-1],[-2,-1],[-2,-1]],[[5539,9785],[1,-2],[1,-1],[1,0],[0,0],[0,-2],[0,0],[-1,-1],[0,-1],[-1,0],[0,-2],[0,-1]],[[5538,9774],[-2,1],[-2,1],[-1,-1]],[[5533,9775],[-2,0],[0,-1],[1,-1],[1,0],[0,-1],[-2,-1],[-1,1],[-1,-2],[0,0],[-2,-2]],[[5527,9768],[-1,-2],[2,-1],[1,-1],[1,0]],[[5528,9756],[0,0],[-1,-2],[1,-1],[0,-1],[-2,-1],[-1,0],[-2,1],[0,2],[-2,1],[-1,-1],[0,2],[-2,2],[0,-2],[-2,1],[1,-1],[-2,-1],[-1,0],[-2,1],[-1,-1],[0,1]],[[5511,9756],[1,1],[1,1],[1,1],[1,1],[0,2],[0,0]],[[5515,9762],[1,1],[0,1],[0,2]],[[5516,9766],[1,1],[-1,2]],[[5516,9769],[0,2],[1,0],[0,0],[1,-1],[1,0],[3,2],[0,1],[-1,0],[-2,2],[-2,0],[0,1],[1,1],[1,0],[0,2],[-2,1],[0,1],[-1,1]],[[5516,9782],[3,1],[0,1],[0,2]],[[5519,9786],[0,1],[1,1],[-1,1],[0,1],[1,1]],[[5542,9736],[0,-1],[1,-2],[0,0],[-1,-1],[0,1],[-1,0],[-1,0],[0,-2],[-1,1],[-1,0],[-1,-2],[2,-1],[0,-1],[-3,0],[-1,-1],[0,-1],[0,-1],[0,-1],[-2,0],[-1,0]],[[5532,9724],[0,-1],[0,-3]],[[5532,9720],[-1,0],[-1,-1],[-1,0],[-1,1],[0,1],[0,2],[-2,1],[-1,0],[0,-2],[0,-1],[0,-1],[-1,-1],[0,0]],[[5524,9719],[-1,1],[-1,2],[0,1],[0,2],[-2,0],[0,1],[-1,0],[-1,0],[-2,0],[-2,1]],[[5514,9727],[1,1],[0,0],[1,1],[0,1],[2,-1],[0,1],[-1,1]],[[5517,9731],[2,0],[1,1],[0,1],[-1,0],[-1,1],[-1,0],[1,2],[0,1],[-1,1],[-1,-1],[-1,-4],[0,2],[0,1],[0,2],[-1,-1],[-1,2],[-1,1],[-1,-1],[0,1],[-1,1],[-2,-1],[0,-1],[0,-1],[0,-1],[1,-1],[1,1],[1,-1],[0,-2],[-1,0],[0,2],[-2,1],[-1,0],[0,-1],[-1,1],[0,1],[-1,1],[1,1],[0,0],[-1,2],[0,1]],[[5505,9743],[3,0],[1,0],[0,-1],[2,-1],[1,2],[-1,1]],[[5511,9744],[0,2],[-1,1],[1,1]],[[5511,9748],[0,1],[0,1],[-1,1],[-1,-1],[0,1],[-1,-1],[0,1],[-1,1],[-1,1]],[[5506,9753],[1,1],[-2,1]],[[5505,9755],[3,2],[0,1],[1,-1],[2,-1],[0,0]],[[5507,9741],[0,-1],[2,1],[-1,1],[-1,-1]],[[5561,9795],[0,-1],[-2,0],[1,-3],[-3,0],[-1,-1],[-1,-1],[1,0],[0,-1],[1,0],[1,-1],[0,-1]],[[5558,9786],[-1,-2],[0,-1],[0,-1],[-1,-1]],[[5556,9781],[1,0],[0,-2]],[[5567,9794],[-1,-1],[0,-1],[-1,-1],[-1,0]],[[5564,9791],[0,0],[-1,1],[1,3]],[[5567,9796],[0,-2]],[[5613,9836],[0,0],[1,-1],[1,1],[0,-2],[0,-1],[0,-2],[-1,-1],[0,-1]],[[5614,9829],[-1,-1],[0,-2],[-1,0],[-1,-4],[1,-2],[0,0],[-1,-1]],[[5611,9819],[-1,0],[-2,0],[-1,-1],[0,0],[-3,0],[-1,0],[-1,0],[-1,0],[0,-2],[-3,1],[0,0],[0,1],[1,1],[0,1],[-1,0],[-2,3],[1,2],[2,2],[-1,0],[-2,0],[-1,0],[-1,1],[0,1],[-1,1],[-1,2],[0,1],[0,2]],[[5592,9835],[0,1]],[[5592,9836],[-1,2],[1,1],[-1,2],[0,0],[0,1],[1,2],[1,0],[1,0],[1,1],[1,1]],[[5596,9846],[0,1],[2,0],[2,-1],[0,-1],[2,0],[1,0],[0,0],[2,1]],[[5605,9846],[0,-1],[3,1],[0,-1],[2,-1],[0,-1],[0,0],[3,0]],[[5613,9843],[0,-2],[-1,-1],[0,-3],[0,-1],[1,0]],[[5578,9854],[1,1],[1,-1],[3,0],[0,-1],[1,-1],[0,-2],[0,1],[2,1],[1,0],[0,0],[2,1],[0,-1],[1,1],[1,1],[1,1]],[[5592,9855],[1,-2],[-2,-4],[1,-1],[2,0],[0,-1],[1,0],[1,-1]],[[5611,9819],[0,-1],[0,-1],[2,0],[1,-2],[-1,-1],[-1,-1],[0,-1],[0,-1],[-1,0],[-2,-1],[1,-1],[-1,-1],[0,-1],[-2,0],[-1,-1],[-1,0],[0,-2],[-1,0],[0,-2],[0,-1],[-1,-2],[0,-1]],[[5603,9798],[-1,0],[0,0],[-2,0],[-1,1],[-1,-1],[-1,1],[-1,-2],[-1,0],[1,-1]],[[5558,9786],[1,-1],[0,-1],[1,0],[2,0],[1,1],[1,1],[0,1],[1,0],[0,2],[-1,0],[0,2]],[[5515,9820],[0,1],[1,1],[-1,1],[0,1]],[[5515,9824],[0,0],[-2,0],[0,1],[1,2],[1,0],[0,1],[0,2],[-1,1],[0,1]],[[5514,9832],[1,0],[1,-2],[0,1],[1,1],[1,1],[0,1],[1,1],[-1,2],[1,0],[0,1],[1,1],[0,1],[0,0],[2,2]],[[5522,9842],[1,-2]],[[5523,9840],[1,1],[1,-1],[1,3],[1,-1],[0,-1],[0,-1],[0,-2],[1,-1],[2,-1]],[[5530,9836],[0,0],[1,-3],[1,0]],[[5532,9833],[0,-1]],[[5532,9832],[-2,-1],[0,-1],[-1,-1],[-1,-2],[0,0]],[[5548,9834],[-1,1],[1,2],[-3,0],[-1,0]],[[5544,9837],[-1,0],[-1,0],[-1,0],[-1,0],[-2,0],[0,1],[-1,-1],[0,0],[-1,0],[0,1],[-2,-1],[0,0],[-1,0],[-1,-2],[0,0],[0,-2]],[[5522,9842],[1,2],[1,1],[1,2]],[[5525,9847],[-2,0],[0,1],[-2,0],[2,2]],[[5523,9850],[2,1],[2,1],[1,1],[1,0]],[[5529,9853],[1,-1],[1,1]],[[5531,9853],[0,-1],[1,-1],[0,0],[2,0]],[[5534,9851],[2,0],[1,0],[0,1],[1,1],[0,1],[2,0],[1,-1],[1,0],[0,1],[1,-2],[1,1],[1,-1]],[[5545,9852],[2,0],[3,-1]],[[5559,9727],[1,0],[1,-1],[1,-2],[1,-2],[-1,-1],[-2,0],[-1,-1],[-1,-1]],[[5558,9719],[0,-3],[0,-1],[3,1],[1,0],[1,0],[0,1],[2,-1],[0,-2],[1,-2],[-1,0],[-2,-1],[-2,-3],[0,0],[0,-2]],[[5561,9706],[-2,0],[-1,-1],[1,-1],[0,-1],[0,0],[-2,-1],[0,-2],[-2,-1],[-1,0],[-1,0],[-2,-3],[0,-1],[0,-2],[-2,-1],[1,-1],[-1,-1]],[[5549,9690],[-1,0],[0,-2],[-1,1],[-1,0],[1,2],[-1,1],[-1,-1],[-1,2],[-1,-1],[-1,0],[1,2],[-1,0],[-1,-1],[0,2],[-1,1],[0,2],[0,0],[-1,3],[0,-1],[-1,-1],[0,0],[-2,-1],[-1,2]],[[5535,9700],[0,2],[-1,2],[-2,-2],[-1,0],[-1,1],[0,1],[1,0],[-1,2],[0,1],[-1,1],[-1,0],[0,1],[-1,0],[0,1],[-1,0],[0,1],[-1,1],[-1,1],[-2,0],[0,1],[0,0],[1,1],[1,2],[0,0],[0,1],[0,1]],[[5532,9720],[1,0],[0,-1],[0,-1],[2,0],[0,1],[2,1],[0,0],[1,-2],[1,0],[0,-1],[3,-2]],[[5542,9715],[1,1],[0,-2],[0,0],[2,-4],[0,-1],[1,-2]],[[5546,9707],[2,1],[1,0],[1,0],[-2,2],[0,0],[0,2],[2,0],[0,1],[0,1],[0,2],[1,3],[-1,2]],[[5550,9721],[1,2],[-2,1],[0,1],[0,1]],[[5538,9762],[1,3]],[[5539,9765],[-2,0],[0,0],[-1,0],[-1,0],[-1,0],[0,-2]],[[5530,9824],[0,1],[2,1],[1,0],[1,-1],[1,0],[1,1],[-1,0],[0,1],[1,1]],[[5536,9828],[2,0],[0,0],[0,2],[1,2],[1,0],[1,1],[1,-1],[0,-1],[0,-1],[-1,-1],[0,-2],[1,-1]],[[5536,9828],[-1,0],[0,0],[0,1],[0,1]],[[5535,9830],[-3,2]],[[5544,9309],[-1,1],[1,1],[0,1],[1,1]],[[5545,9313],[1,-1]],[[5546,9312],[1,-1],[1,0],[1,-1],[1,-1],[-1,-1],[0,-1],[-1,-1],[1,-3],[0,0],[-1,-1]],[[5548,9302],[-1,2],[0,1],[0,1]],[[5547,9306],[-1,1],[1,1],[0,1],[-1,1],[-1,-1],[-1,0]],[[5516,9382],[1,0],[2,2],[0,1],[2,1],[1,1]],[[5522,9387],[1,-1],[0,-2],[1,-1],[0,-1],[0,-1],[2,-1],[1,0],[1,-1],[0,0],[1,0],[-1,-2],[1,0],[-1,-1],[-1,0],[0,-1],[-2,-1],[2,-2],[1,-1],[1,0],[0,0],[0,-1],[2,1],[1,1],[0,0],[1,0],[2,1],[0,0]],[[5535,9373],[1,1],[0,-2],[1,-1]],[[5537,9371],[0,-1],[-1,-1],[0,-2],[0,-1],[0,-2],[0,-3],[0,-1],[0,-1],[0,-1],[0,-2],[0,-2],[0,-2],[-1,-1],[-1,0],[1,-2],[0,-2],[1,0],[1,-1]],[[5537,9346],[1,-1],[0,-2]],[[5538,9343],[-2,-1],[-2,0],[0,0],[-1,2],[0,0],[-1,0],[-2,0],[-1,-1],[0,-1],[0,-1],[-1,-1],[-1,-1],[1,-1],[-1,-1]],[[5527,9337],[0,-1],[-3,0],[-1,2],[0,0],[0,1],[-2,1],[-1,2],[0,-1],[-2,0],[1,2],[-1,0],[-2,0],[-1,1],[1,1],[1,1],[-1,0],[-2,0],[-2,-1],[0,1],[-2,-1]],[[5510,9345],[-1,0],[0,1],[-2,1],[-1,0],[0,2],[1,1],[0,1],[0,1],[-1,2],[0,2],[1,1]],[[5507,9357],[2,2],[1,1],[0,1],[2,1],[1,0],[0,2],[-1,1],[0,0],[-1,1],[-1,1],[0,1],[0,3],[2,1],[1,0],[1,1],[1,-1],[0,0],[1,0],[0,2],[1,1],[-1,1],[1,1],[0,1],[0,1],[0,2],[-1,1]],[[5507,9357],[-1,1],[-1,-1],[-2,2],[-1,-1],[-2,1]],[[5500,9359],[0,1],[0,1],[-2,1]],[[5498,9362],[-1,1],[0,1],[-1,0],[-1,1],[-1,0],[0,1],[-1,1],[0,1],[1,-1],[1,1],[2,0],[1,2],[1,-1],[0,1],[0,1],[0,1],[-1,1],[0,0],[-1,0],[-1,1],[0,0],[-2,1],[-1,-1],[0,-1],[-1,0],[0,-2],[-1,-1],[-1,0],[-1,1],[-1,1],[0,1],[0,1],[0,1],[-1,1],[1,2],[1,1],[-1,1],[-1,0],[0,1],[0,3],[-2,0]],[[5485,9384],[0,-1],[0,-1],[-2,-2],[-1,0],[-2,-2],[-1,-2],[-2,1],[-1,-1],[-1,0]],[[5475,9376],[-1,1],[0,1],[0,1],[-1,0],[-1,2],[0,0],[1,1],[0,1],[0,1],[1,1],[0,1],[-3,1],[1,1]],[[5472,9388],[1,1],[1,0],[1,-1],[1,0],[0,0],[1,0],[0,2],[-1,0],[0,1],[1,1],[1,0],[0,0],[1,1],[2,1],[-1,1],[2,1],[1,2],[0,1],[1,0],[1,1],[1,0],[0,-1],[0,-1],[1,-1],[1,-1],[1,1],[0,-1],[1,1],[0,0],[1,1],[1,0],[2,0],[0,-1],[1,0],[0,2],[1,2],[2,1],[0,1],[2,1],[1,0],[-1,2],[2,1],[1,-1],[1,0],[1,2],[1,0],[2,-1],[2,0],[1,0]],[[5511,9407],[0,-1],[0,-2],[1,-2],[2,-2],[1,-1],[2,-1],[2,-1],[2,-2]],[[5521,9395],[0,-2],[0,-2],[-2,-1],[0,-1],[1,-1],[1,-1],[1,0]],[[5546,9312],[0,1]],[[5546,9313],[0,0],[1,1],[1,0],[0,-1],[3,-2],[0,0],[1,-1],[1,1],[-1,1],[0,1],[-1,1],[0,1],[0,0],[1,1],[1,1],[-1,3],[1,1],[-1,2],[1,1],[-1,1]],[[5552,9325],[2,1]],[[5554,9326],[-1,3],[-1,0],[0,2],[1,1],[1,2],[1,0],[0,1],[0,0],[1,2]],[[5556,9337],[2,1],[1,0],[0,-1],[2,0]],[[5561,9337],[1,0],[2,2],[0,0],[1,1],[2,-1],[2,1],[0,-1],[1,0]],[[5570,9339],[1,-1],[-1,0],[0,-2],[1,-2],[0,1],[3,-1],[0,-1],[1,-1],[-1,-1]],[[5574,9331],[-1,-1],[1,-2],[1,-1],[0,-1],[0,-3],[1,-2],[1,-2],[-2,0],[0,-1],[1,-3],[0,-1],[0,-2],[0,0],[1,-2],[1,-1],[-1,0],[1,-1],[-1,-1],[0,-2],[0,-1],[0,-1],[0,-1],[0,-2],[1,-1],[0,-1]],[[5578,9298],[1,-1]],[[5579,9297],[-1,-1],[0,-1],[-1,0],[-1,0],[-1,-2],[-1,0],[-2,1],[0,-1],[0,-1],[-1,0],[-2,1],[0,0],[-1,0],[0,-2],[-1,-1],[0,-3]],[[5567,9287],[-1,2],[0,1],[0,1],[-1,1],[-2,0],[0,0],[-1,0]],[[5562,9292],[0,1],[-1,2],[-1,2],[0,1],[-1,1],[-1,1],[0,0],[-3,-1]],[[5555,9299],[-1,0],[0,1],[-2,0],[0,-1],[-1,0],[-2,0],[-1,-1]],[[5548,9298],[0,2],[0,0],[-1,2],[1,0]],[[5456,9343],[-1,-1],[0,-1],[0,-1]],[[5455,9340],[-2,2],[-1,0],[-1,0],[-1,0],[0,1],[0,1],[-1,0],[0,1],[0,1],[1,1],[1,0],[1,1],[-1,1],[-2,0],[0,1],[-2,0],[0,4],[0,1]],[[5447,9355],[0,1],[0,2],[0,1],[1,2],[1,2],[1,-1],[0,0],[1,1],[0,1],[1,2],[1,2],[1,0],[2,0],[3,1],[0,1],[2,-1],[0,0],[1,0],[1,1],[1,0],[1,1],[0,-2],[1,0],[1,1],[2,-1],[1,1],[2,1],[0,0],[2,2],[1,0],[0,1],[0,2]],[[5500,9359],[0,-2],[-1,0],[-1,-3],[0,0],[-2,1],[-1,0],[0,3],[-2,-1],[0,-1],[-1,0],[0,-1],[-1,0],[0,-2],[-2,0],[-1,-2],[-2,-2],[1,-1],[-3,0],[-1,0],[0,1],[-1,1],[1,2],[1,0],[0,1],[-1,1],[-1,2],[1,1],[-1,1],[-1,0],[-1,-1],[-1,0],[-1,0],[-1,-1],[1,-2],[-1,-2]],[[5477,9352],[0,1],[-2,0],[0,1],[0,1],[-1,0],[1,1],[-1,1],[0,0],[0,2],[-1,0],[-2,0],[0,-2],[0,0],[1,-1],[0,-1],[-2,0],[-2,-1],[1,-1],[-1,0],[-1,-2],[0,-1],[-1,-1],[1,-1],[-1,-3]],[[5466,9345],[-1,-2],[0,-1],[-1,0],[-2,-2],[0,1],[-1,0],[-1,-1],[-1,0]],[[5459,9340],[-1,0],[-1,2],[-1,1]],[[5493,9331],[0,-1]],[[5493,9330],[0,-1],[0,-2],[0,0],[0,-2],[-1,-1],[-2,0],[-1,2],[-1,0],[-1,1],[-2,1],[-1,-2],[1,-1],[0,-1],[0,-1],[0,-1],[-2,0],[-2,-1],[0,0],[0,-2],[-1,-1],[0,-1],[0,-1],[-1,0],[0,-1],[0,-1],[-1,0],[-1,-1],[-1,1],[-1,1],[-1,0],[-1,-1],[0,1],[-2,2]],[[5471,9317],[0,1],[0,1],[0,2],[-2,0],[-1,1],[0,2],[0,1],[0,1],[-1,2],[0,2]],[[5467,9330],[1,0],[1,1],[0,1],[1,0],[1,1],[1,0],[0,1],[0,0],[2,3],[0,1],[1,1],[2,0],[0,2]],[[5477,9341],[1,0],[-1,1],[1,1]],[[5478,9343],[2,-1],[2,-2],[2,0],[0,-1],[1,0],[0,-1],[0,0],[-1,-1],[0,-1],[0,-1],[1,0],[0,-1],[1,-2],[0,-1],[1,2],[2,-1],[1,0],[0,-1],[1,-1],[2,1]],[[5521,9395],[1,-3],[1,0],[2,-1],[1,0]],[[5526,9391],[0,-1],[1,-1],[1,-2],[1,-1],[0,-1],[1,-1],[1,-3],[3,1],[0,-2],[2,1],[2,0],[1,-1],[-1,-1],[-1,-1],[-1,-1]],[[5536,9377],[-1,-1],[-1,1],[0,0],[1,-4]],[[5526,9391],[2,1],[0,1],[2,2],[1,1],[1,0],[2,0],[0,-2],[1,-1],[0,-1],[3,-1],[1,1],[0,0],[1,1],[0,2],[1,1],[3,-1],[1,0]],[[5545,9395],[0,-1],[0,-1],[1,0],[1,-1],[0,-2],[-1,0],[0,-2],[1,0],[0,-1]],[[5547,9387],[0,-1],[0,-2],[-1,-1],[-2,-1],[-2,-3],[0,-2],[1,0],[1,-1],[0,-1],[0,-1],[1,-1]],[[5545,9373],[0,0],[0,-2],[-2,0],[-1,0],[-1,0],[-1,-1],[-2,0],[0,1]],[[5538,9371],[-1,3],[1,2],[-1,0],[-1,1]],[[5570,9339],[1,1],[1,1],[-1,1],[1,2],[-1,0],[-2,0],[-1,1],[-2,1],[0,0],[1,1],[1,0],[-1,2],[2,0],[0,1],[0,1],[1,-1],[2,-2],[1,0],[1,-1],[2,1],[0,1],[1,1],[0,0],[1,3],[-1,2],[-1,0],[-2,1],[0,-1],[-2,1],[-2,-1],[0,1],[-1,1],[-1,-1],[-1,0],[1,2],[-1,1],[0,-1],[-2,0],[-1,-1],[0,0],[-1,-2],[0,0],[0,0],[-2,0],[-2,0],[0,2],[-2,-1],[0,2],[-1,0],[1,3],[-1,1],[0,1],[0,2],[0,3],[-2,0],[-1,0],[1,2],[-1,0],[-1,1],[1,0],[-3,1],[0,1],[-2,0],[-1,0],[-2,0]],[[5547,9387],[3,0],[0,1],[1,2],[1,0],[0,1],[2,1],[0,-1],[1,0],[0,0],[1,1],[-1,2],[0,2],[0,1],[1,-1],[1,0],[0,1],[0,-1],[2,1],[0,1],[-2,2],[2,2]],[[5559,9402],[0,0],[0,-1],[2,0],[1,-1]],[[5562,9400],[-1,-1],[0,-1],[1,-1],[0,-2],[1,-1],[1,-2],[1,-1],[0,-1],[2,-2],[1,-1]],[[5568,9387],[0,-1],[0,-1],[1,-1],[1,-1],[-1,-1],[0,-2],[1,0],[1,0],[0,-1],[0,-2],[0,-1],[0,-2],[0,-1],[0,-1],[0,-1],[1,0],[2,0],[0,0],[1,-1],[1,0],[0,-1],[1,0],[1,0],[1,1],[1,-1],[0,0],[0,-1]],[[5580,9368],[1,0],[1,0],[-1,-3],[3,-2],[1,1],[1,1],[0,0],[2,0],[1,0],[1,0],[-1,-2],[1,0],[1,0],[0,-1],[2,-1],[0,-1],[0,-1],[1,-1],[-2,-1],[1,-1]],[[5593,9356],[-1,-2],[0,-1],[-1,-1],[1,-2],[0,-2],[0,-3],[0,-1],[0,-2],[1,0],[1,0],[-2,-1],[-1,0],[-1,0],[-1,0],[0,-2]],[[5589,9339],[-2,-1],[-1,0],[-2,-1],[0,-1],[1,-1]],[[5585,9335],[-1,0],[-1,0],[-1,-2],[-2,0],[-1,0],[-1,0],[-1,-1],[0,-2],[-1,0],[-1,1],[-1,0]],[[5529,9330],[0,0],[1,-1]],[[5530,9329],[0,-1],[1,-2],[-1,-1],[-1,-1],[0,-1],[0,-1],[0,0],[1,-1],[0,-1],[-1,-2],[0,-3],[2,-1],[1,0],[-1,-1],[0,-1],[-1,-1]],[[5530,9311],[1,-1],[1,0],[3,0],[1,-2],[0,0],[0,-1],[-2,0],[0,-1]],[[5534,9306],[-1,0],[-1,0],[0,0],[-2,0],[-1,0],[-1,1],[-1,-1],[-1,1],[0,0],[-2,0],[-1,0],[0,-1],[0,0],[-4,1]],[[5519,9307],[-1,1]],[[5518,9308],[-1,0],[0,2],[-2,2],[-1,-1],[-2,0],[-1,1],[-1,-1],[0,1],[-1,1],[-1,1],[-2,0],[0,0]],[[5506,9314],[-1,1],[-1,2],[0,2],[0,2],[-1,-1],[-1,1],[-1,0],[0,1],[0,1],[0,2],[0,1],[1,1],[1,0],[-1,2],[1,1],[1,0]],[[5504,9330],[1,1],[1,0],[1,0],[1,0],[1,1],[0,1],[2,2],[-1,0],[-1,-1],[0,1],[-1,1],[1,2],[2,2],[0,2],[-1,1],[0,1],[0,1]],[[5527,9337],[1,-1],[2,0],[1,-1],[-1,-1],[-1,-1],[0,-1],[0,-1],[0,-1]],[[5537,9346],[0,2],[2,1],[1,-1],[1,-1],[1,0],[0,1],[1,-2],[1,0],[0,-1],[2,1],[2,0],[0,1],[2,-1],[1,-1],[1,-1],[1,-1],[0,-2],[0,-2],[1,-1],[1,-1],[1,0]],[[5552,9325],[0,0],[-2,-1],[-1,-1],[-1,0],[-2,1]],[[5546,9324],[0,2],[0,1],[-1,0],[-1,-1]],[[5544,9326],[-2,0],[-1,0],[0,0]],[[5541,9326],[-1,4],[-1,2],[-3,1],[-1,-1],[-1,1],[-1,-2],[1,-1],[-1,-1],[-2,0],[-1,0]],[[5502,9331],[-2,0],[-1,1],[-2,0],[0,-1],[-1,1],[-1,-1],[-1,1],[-1,-2],[0,0]],[[5478,9343],[-1,1]],[[5477,9344],[1,1],[0,2],[-1,0]],[[5477,9347],[0,1],[1,1],[1,0],[-1,1],[0,1],[-1,1]],[[5504,9330],[-1,0],[-1,1]],[[5547,9306],[-1,-1],[-1,0],[-1,1],[0,1],[-1,-1],[-2,0],[-1,0],[0,-1],[-1,-1],[-2,0],[-1,-1],[1,2],[-2,0]],[[5535,9305],[-1,0],[0,1]],[[5541,9326],[-2,0],[-1,-2],[0,0],[-2,-2],[1,0],[2,0],[2,-1],[-1,-2],[0,-1],[0,-1],[2,1],[1,-1]],[[5543,9317],[0,-2],[0,-1],[2,-1]],[[5537,9371],[1,0]],[[5546,9313],[-1,3],[0,1],[-1,0],[-1,1]],[[5543,9318],[0,1],[1,1],[-1,1]],[[5543,9321],[1,0],[1,1],[1,2]],[[5543,9318],[0,0],[0,-1]],[[5475,9348],[2,-1]],[[5477,9344],[-1,0],[-1,2],[0,0],[-1,2],[1,0]],[[5475,9348],[-2,0],[-1,-3],[0,-1],[0,0]],[[5472,9344],[-2,-1],[-1,0],[-3,2]],[[5472,9344],[1,-3],[-1,-1],[1,1],[1,0],[1,0],[2,0]],[[5467,9330],[-2,1],[-1,3],[0,1],[-1,2],[0,0],[-2,1],[-1,-1],[-1,-1],[0,2],[0,2]],[[5777,9031],[1,-1],[-1,-2]],[[5777,9028],[-2,-1],[0,-1],[-2,-1],[-1,0],[-1,0],[-1,-2],[0,-2],[0,0],[0,-1],[-1,1],[-1,1],[-1,0],[0,1],[-1,0]],[[5766,9023],[-1,1],[0,1],[-1,2],[1,1]],[[5765,9028],[0,0],[1,1],[3,3],[1,1],[-1,1],[0,2],[1,1],[0,0]],[[5770,9037],[2,2],[1,0],[1,-2],[2,0],[1,1]],[[5777,9038],[0,-1],[0,-2],[1,-1],[-1,-3]],[[5766,8998],[1,-1],[0,-1],[1,-2],[1,0],[0,-1],[1,0],[1,0],[3,0],[0,0],[1,-2],[1,1],[1,0],[1,-1],[1,-1]],[[5779,8990],[0,-1],[-1,-2],[-3,-2],[-1,0],[-2,1],[0,-1],[-1,-1]],[[5771,8984],[0,-2],[-2,-2],[-1,0],[0,-1],[-2,0],[0,-2],[-1,-2]],[[5765,8975],[-1,1],[0,2],[-2,1],[0,3],[-1,0],[-1,1],[0,-1],[-2,1],[0,2],[0,2],[-1,0],[0,1],[-1,-1],[-1,0],[0,-2],[0,-1],[-2,-1],[-1,0],[-1,0],[-1,-1],[0,3],[-1,1],[-2,0],[-2,1]],[[5745,8987],[0,1],[1,1],[1,1]],[[5747,8990],[1,4],[0,1],[2,2],[1,1]],[[5751,8998],[0,2]],[[5751,9000],[1,1],[1,3],[1,0],[2,0],[2,1],[1,1],[1,-1]],[[5760,9005],[1,0],[2,1],[0,1],[0,0],[2,1],[1,1],[0,-2],[2,1],[1,0],[0,-1],[0,-1],[1,-2],[-2,-2],[0,0],[-1,-1],[1,-1],[-1,-2],[-1,0]],[[5810,9066],[1,-1],[0,0],[1,-1],[1,-1],[1,-1],[-1,-1],[1,0],[1,0],[1,1],[1,-1],[2,1],[2,0],[1,-1],[1,0],[1,-2],[-1,-1],[1,-1],[1,-1]],[[5825,9056],[0,-3],[0,-1],[-1,-1],[0,-1],[0,-1],[-1,0],[-1,-2],[1,-1],[0,0],[-1,-2],[1,-1],[0,-1],[0,-2],[0,-2],[1,-1],[1,-1],[1,-1],[1,-2],[0,-1],[0,-2],[0,-3],[2,-3],[1,0],[1,-2],[1,-1],[1,0],[1,-1],[0,-1],[1,-1],[0,-2],[0,-1],[1,0],[2,0],[-1,-1],[1,-2],[1,-1],[1,0],[1,0],[1,-2],[1,-1],[0,-1]],[[5843,9007],[-2,-1],[-1,0],[-1,0]],[[5839,9006],[-1,0],[0,1],[-1,1],[-1,0],[-1,1],[-1,0],[0,1],[-3,-1],[0,-1],[-1,-1],[0,-2],[-1,-1],[-1,0],[-1,-1],[-3,1],[-4,2],[1,-2],[1,0],[0,-3],[1,0],[-2,0],[-1,-3],[1,0],[2,-1],[1,-1],[-1,-1],[-1,-1],[-4,-1],[-1,-1]],[[5817,8992],[0,0],[-1,2],[-1,0],[-2,0],[0,-1],[-3,-2],[-1,-1],[1,1],[-1,1],[-1,2],[-1,1],[-1,-1],[-1,-1],[-1,-1],[0,1],[-1,0],[-1,0],[-2,0],[0,-1],[-1,0],[-1,0],[0,-2],[0,-2],[0,-1],[-1,0],[-1,-3],[-1,1]],[[5795,8985],[0,3],[1,1],[0,1],[1,2],[-1,0],[-2,1],[1,1],[-2,0],[0,1],[0,1],[0,1],[-1,1],[1,1],[2,-2],[2,1],[0,2],[1,0],[1,2],[0,2],[2,0],[1,1],[1,1],[1,1],[-1,1],[0,1],[-2,2],[0,1],[1,2],[-1,1],[-1,1],[-1,2],[1,1],[0,1],[0,0],[0,2],[0,3],[0,0],[-1,3],[1,1],[0,1],[-1,2],[1,1],[-1,1],[0,2],[0,1]],[[5799,9037],[0,1],[1,2],[2,-1],[2,2],[0,0],[1,3],[1,0],[0,1],[1,1],[1,0],[1,1],[-1,2],[1,1],[0,3],[0,1],[0,0],[0,2],[1,1],[-2,4]],[[5808,9061],[2,5]],[[5799,9037],[-1,0],[-2,-1],[-1,0],[-1,0],[-2,-2]],[[5792,9034],[-2,0],[-1,0]],[[5789,9034],[0,1],[0,1],[1,2],[0,1],[1,1],[0,1],[-1,-1],[-3,2],[0,1],[-1,1],[0,2],[1,0],[1,2],[-1,0],[-1,2],[1,1],[-1,1],[-1,1],[-2,0],[-1,1]],[[5782,9054],[-1,1],[1,1],[-1,1],[-1,1],[-1,0],[-2,0],[-2,0],[-3,1],[0,-1],[-1,-1],[-2,-1],[0,2],[-1,0],[-1,1],[-1,-1],[0,-3],[-1,0],[-2,-1],[-1,-1],[0,-1],[-3,1],[-2,0],[0,1],[-1,1]],[[5756,9055],[0,2],[1,1],[-1,0],[0,2],[0,1],[1,0],[0,1],[0,1],[0,1],[-1,0],[-1,0],[0,2],[0,1],[0,1],[1,0],[0,0],[1,1],[1,2],[0,1],[1,4]],[[5759,9076],[2,1]],[[5761,9077],[1,1],[2,1],[1,0],[0,2],[1,0],[2,2],[0,0],[2,-1],[-1,1],[1,2],[0,1],[0,1],[1,0],[1,-1],[0,1],[1,0],[1,-1]],[[5774,9086],[2,-1],[0,-3],[1,-1],[1,1],[1,-1],[0,-1],[1,-1],[1,-2],[1,-3],[2,0],[1,3],[0,1]],[[5785,9078],[1,0],[1,0],[2,-1],[0,2],[0,0],[3,0],[0,1],[1,-1],[0,-1],[3,0],[0,-1],[0,-1],[1,-2],[1,-1],[-1,0],[1,-1],[2,-1],[1,-4],[1,0],[1,-4]],[[5803,9063],[1,-1],[0,-1],[1,-1],[2,1],[1,0]],[[5736,9029],[1,-2],[0,-2],[-1,-2],[1,-2],[-1,-1],[2,-3],[1,-1],[0,-1],[2,0],[1,0],[2,-2],[0,-1],[1,-1],[0,-2],[2,1],[1,-1]],[[5748,9009],[-1,-2]],[[5747,9007],[1,-2],[-2,-1],[0,1],[-1,-1]],[[5745,9004],[0,0],[-1,1],[-1,-1]],[[5743,9004],[-1,1],[0,1],[-2,-1],[0,0],[0,-2],[0,-2]],[[5740,9001],[0,-1]],[[5740,9000],[0,0],[-2,0],[-1,0],[-1,0],[-2,-1],[-1,1],[1,-2],[0,-1]],[[5734,8997],[-1,0],[-1,0],[0,1],[-4,-1],[-1,1],[-2,-2],[-1,0]],[[5724,8996],[1,2],[0,2],[1,1],[1,1],[1,3],[1,3],[1,1],[-2,1],[0,-1],[0,2],[-2,1],[1,1],[-1,0],[-2,0],[-1,1],[-1,-1],[-1,2],[1,2]],[[5722,9017],[0,3],[1,2],[1,1],[0,2],[1,3],[-1,2],[0,1],[-2,-1],[-1,0],[0,1],[0,4],[0,2]],[[5721,9037],[0,0],[1,1],[2,1],[0,1],[1,2]],[[5725,9042],[0,-3],[0,-3],[1,1],[2,0],[0,1],[0,0],[1,1],[1,3],[0,0],[2,0]],[[5732,9042],[1,0],[2,0],[1,-1]],[[5736,9041],[1,0],[1,0],[0,-1],[1,0],[1,-1]],[[5740,9039],[0,-2],[0,-3],[-1,-2],[0,0],[0,-1],[-1,0],[-1,0],[0,1],[0,0],[-1,-2],[0,-1]],[[5756,9038],[1,0],[1,1],[3,1],[1,-1],[1,2],[1,-1],[2,1],[2,0]],[[5768,9041],[1,-2],[1,-2]],[[5765,9028],[-1,0],[-1,0],[-1,-1],[-1,0],[-1,-1],[0,-1],[-2,-3],[-1,0],[0,-2],[-1,-2]],[[5756,9018],[-2,2],[0,1],[-1,0],[1,3],[0,1],[-1,2],[1,0],[1,2],[2,0],[0,0],[0,1],[1,1],[-1,1],[-1,1],[-2,1],[-1,3]],[[5753,9037],[2,0],[1,1]],[[5753,9037],[-1,0],[-3,0],[-2,1],[-2,0],[0,0],[-2,0],[-1,1],[-2,0]],[[5736,9041],[0,3],[-2,0],[-1,0],[0,1],[1,2],[0,0],[1,0],[1,0]],[[5736,9047],[1,0],[2,1],[0,1],[2,0],[0,0],[1,1],[2,-1],[1,1],[1,1],[1,-1],[2,-1],[1,0],[1,-1],[1,0],[2,0],[1,-1],[0,0],[1,2],[-3,1],[0,1],[-1,1],[0,1],[-1,1],[0,1],[-1,1],[-2,1],[0,2],[0,0],[1,2],[0,1],[1,1],[2,-1],[1,-1],[0,-2],[0,-1],[3,-3]],[[5782,9054],[-1,0],[-1,-2],[0,1],[-3,0],[0,-1],[-1,0],[0,1],[-2,0],[-1,-1],[-1,-1],[0,-1],[0,-1],[-1,-3],[0,-1],[-1,-2],[-1,-2],[-1,0]],[[5725,9042],[2,-1],[1,2],[-2,2],[0,1],[1,1],[2,0],[0,0],[1,0],[1,-1],[1,-1],[1,-1],[-1,-1],[0,-1]],[[5785,9078],[0,1],[-1,3],[0,1],[-1,2],[0,0]],[[5783,9085],[1,0],[2,0],[0,1],[2,1],[1,-1],[1,-1],[1,0],[0,1],[1,0],[0,1],[0,1],[1,2],[-2,1],[1,1],[1,0],[1,1],[0,0],[1,-2],[1,-1],[1,-1]],[[5797,9089],[1,-2],[0,-1],[1,0],[1,0],[1,-1],[1,0],[1,0],[0,-2],[1,1],[3,-1],[1,0],[0,0],[1,0],[2,0],[1,0],[1,0],[0,-1],[1,1],[1,0],[2,0],[0,1],[0,1],[1,3],[1,1],[0,0],[1,1],[0,1],[0,1],[1,2],[0,2]],[[5821,9096],[1,0],[2,0],[1,1],[1,1],[1,0],[0,2],[2,0],[0,1],[-1,1],[2,1],[0,0],[1,1],[1,0],[1,1],[1,0],[1,0],[1,1],[0,2],[1,0],[1,0],[1,2],[1,0],[0,2],[1,0],[1,-1],[1,0],[1,0]],[[5844,9111],[0,-1],[0,-1],[1,-2],[0,0],[-1,0],[0,-2],[-1,-1],[-1,-1],[0,-3],[-1,0],[0,-2],[-3,-1],[-1,-2],[-1,-1],[0,-2],[0,-2],[1,-1],[1,-1],[0,0],[1,-2],[1,0],[1,-3],[0,0],[1,-1],[2,-2],[-2,-1],[-1,1],[-1,-1],[-1,0],[0,-2],[0,-1],[0,-3],[0,-1],[0,-1]],[[5839,9071],[-2,-1],[0,-1],[-2,0],[-2,-2],[-1,0],[0,-2],[-1,0],[0,-1],[0,-2],[-1,-1],[0,-2]],[[5830,9059],[-1,0],[-1,0],[0,0],[0,-2],[-2,0],[0,-1],[-1,0]],[[5777,9028],[1,-1],[1,0],[1,0],[1,-1],[2,1]],[[5783,9027],[1,0],[1,-1],[-1,-1],[0,-2],[2,-1],[0,0],[1,-1],[1,1],[-1,2],[0,2],[1,0],[1,0],[1,0]],[[5790,9026],[1,3],[0,1],[1,2],[0,2]],[[5795,8985],[-1,0],[0,0],[-1,0],[-1,0],[-1,1],[-1,2],[-1,0],[-1,1],[-1,1],[-1,0],[-1,1],[0,2],[-1,1],[-1,-1],[-1,0],[-1,0],[-1,-1],[-1,-2]],[[5760,9005],[0,3],[0,1],[0,1],[0,1],[0,1],[0,2],[1,1],[1,5],[1,0],[1,0],[0,1],[2,2]],[[5756,9018],[-1,-4],[0,-1],[-1,-1],[1,-1],[-1,-2],[-1,1],[0,0],[-1,0],[-2,0],[-1,0],[-1,0],[0,-1]],[[5789,9034],[-2,-1],[0,1],[0,1],[-1,1],[-2,1],[-1,2],[0,1],[0,1],[-1,0],[-2,2],[-1,0],[0,-1],[0,-1],[-1,-2],[-1,-1]],[[5783,9027],[1,2],[1,0],[0,1],[1,1],[0,0],[1,-2],[1,-1],[0,0],[2,-2]],[[5743,8984],[-1,1],[-3,2],[0,4]],[[5739,8991],[0,1],[1,0],[1,-1],[1,2],[0,0],[1,1],[1,0]],[[5744,8994],[2,-2],[1,-2]],[[5745,8987],[-2,-3]],[[5745,9004],[0,-1],[2,-1],[1,1],[0,-1],[2,-3],[1,-1]],[[5744,8994],[-1,1],[-1,2],[-1,1],[-1,0],[0,2]],[[5740,9001],[1,-1],[0,2],[1,-1],[0,1],[1,2],[0,0]],[[5751,9000],[0,1],[0,3],[-1,0],[0,1],[-1,2],[-2,0]],[[5739,8991],[-1,0],[-1,0],[-1,1],[-1,2],[0,1],[-1,1],[0,1]],[[5821,9096],[0,0],[-2,2],[0,0],[-1,2],[0,1],[0,1],[-1,1],[-2,0],[-1,0],[-2,1],[0,1],[-1,2],[0,1],[0,2],[-1,2],[-2,0],[-1,2],[-1,1],[-1,0],[0,2],[-1,1]],[[5804,9118],[2,0],[1,-1],[2,0],[1,1],[1,-1],[1,2],[1,0],[0,1],[1,0],[1,1],[0,2],[1,1],[3,2],[1,0],[1,2],[0,0],[-1,1],[0,2]],[[5820,9131],[0,0],[1,2],[1,1],[3,0],[0,0],[1,0],[1,-1],[1,0],[2,1],[1,0],[1,-1],[2,0],[1,2],[1,0],[1,0],[1,1],[0,2]],[[5838,9138],[2,0],[1,0],[1,0],[0,2],[1,0],[2,-2],[2,0],[2,-1],[0,-2],[1,0],[0,-2],[-1,-1],[0,-1],[-1,-1],[1,-1],[1,-1],[0,-2],[0,-1],[0,-1],[0,-1],[1,-1],[1,-2],[1,0],[1,-1],[0,-1],[1,-2],[0,-1],[-2,0],[-1,0],[-1,1],[-3,0],[0,0],[-1,0],[-1,-2],[-1,1],[0,-2],[0,-1],[-1,-1]],[[5778,9103],[0,1],[0,1],[-2,1],[-1,0]],[[5775,9106],[-1,0],[-2,0],[-1,1],[0,1],[-1,0],[-1,-1],[-1,0],[-1,2],[0,1],[-1,2],[-1,1],[0,-1],[-2,1],[-1,0]],[[5762,9113],[0,1],[-1,1],[2,3],[-1,1],[-1,0],[-1,1],[-1,2],[0,2],[0,2]],[[5759,9126],[0,1],[2,2],[0,1],[-2,1],[0,1],[2,2],[2,0],[1,0],[0,2],[1,0],[1,1],[1,-3],[1,0],[3,3],[2,0],[0,2],[1,1],[1,-1],[2,0],[1,0],[1,0],[1,1]],[[5780,9140],[2,-1],[2,0],[1,1],[1,1],[1,0],[1,1],[1,-1],[0,-1],[1,0],[1,-1],[1,-1]],[[5792,9138],[-1,-1],[1,-2],[1,0],[-1,-4],[0,0],[0,-2],[1,-1],[1,-2],[-1,-2],[-1,0],[2,-2],[1,0],[1,0],[1,-2],[0,0],[1,-1],[0,-2],[1,-1],[2,0],[0,-1]],[[5801,9115],[-1,0],[0,-1],[0,-2],[-1,-1],[-1,-1],[-1,-1]],[[5797,9109],[-1,1],[-1,1],[0,1],[-1,1],[-1,-1],[-1,-1],[0,-1],[-1,-1],[-1,-1],[-1,-1],[-1,-1],[0,-2],[-2,0],[-1,0],[-2,-1],[-2,0],[-2,-1],[-1,1],[0,0]],[[5792,9138],[1,1],[0,1],[0,3],[1,1],[-1,1],[1,1],[-1,3],[1,1],[0,1]],[[5794,9151],[0,0],[2,2],[0,0],[2,-1],[1,0],[1,-2],[1,-1],[1,1],[1,1],[2,-1],[1,0],[0,0],[1,-2],[1,-2],[-1,-2],[1,0],[1,0],[1,0],[3,-3],[1,-1],[2,-3],[0,-1],[1,-1],[0,-1],[1,-2],[0,-1],[1,-1],[1,1]],[[5804,9118],[-1,-1],[-1,-2],[-1,0]],[[5746,9108],[1,0],[0,-1],[0,-2],[0,-2],[-1,-3],[0,-3],[-1,-1],[0,-3],[1,-1],[2,1],[1,-1],[1,0],[1,-1],[1,-2],[0,0]],[[5752,9089],[0,-2],[1,0],[-1,-3],[1,-1],[-1,0],[-1,-2],[-1,0],[0,-1]],[[5750,9080],[0,-1],[0,-2],[-1,-2],[2,-1],[0,-1],[-1,0],[0,0],[-2,0],[-2,0],[0,-1],[0,-2],[-1,-2],[0,-1],[0,-2],[2,-1],[-1,-1],[-1,0],[-1,-1],[-2,0],[0,0],[-3,-1],[-3,-2]],[[5736,9059],[-2,0],[-1,-1],[0,1],[-1,1],[0,1],[1,1],[-1,1],[-1,0],[0,1],[-1,-1],[1,2],[1,1],[-1,1],[0,0],[-3,0]],[[5728,9067],[-1,0],[-1,0],[-1,0],[-1,0],[0,1],[-1,0],[-1,1],[-1,-1],[-1,0],[-1,1],[-1,1],[-1,2],[-1,0],[-1,0],[0,1],[1,0],[0,2],[-1,3],[-1,0],[0,2],[1,1],[0,0],[3,-1],[1,-1],[0,1],[1,0],[0,2],[-1,0],[-1,1],[0,0],[-1,3],[1,0],[-1,2]],[[5717,9088],[0,2],[1,0],[1,-1],[3,0],[3,-1],[0,-1],[1,0],[1,0],[0,-1],[2,-1],[2,1],[0,4],[1,0],[1,0],[0,0],[2,0],[-2,3],[-2,2],[-1,0],[-1,1],[0,2],[1,1]],[[5730,9099],[1,1],[0,2],[0,0],[1,1],[0,1],[1,1],[0,1],[0,1],[0,3],[0,1],[1,0],[1,-1],[1,1],[1,-1],[2,0],[0,-1],[2,0],[1,2],[0,1],[0,1],[1,-1],[1,-1],[1,0]],[[5745,9111],[1,-1],[0,-2]],[[5759,9076],[-1,1],[-1,1],[-1,0],[0,-1],[-3,2],[-1,0],[-1,1],[-1,0]],[[5752,9089],[1,-1],[2,1],[1,-1],[0,0],[1,-1],[1,1],[0,2],[1,0],[1,1],[0,1],[0,1],[1,0],[2,2],[-1,1],[2,0],[0,1],[0,0]],[[5764,9097],[1,0],[1,-1],[0,-1],[-1,0],[0,-1],[0,0],[1,-1],[0,0],[1,-2],[1,-1],[0,-1],[1,1],[1,0],[0,1],[1,1],[0,2],[2,1],[-1,1],[1,1],[0,1],[2,1],[-1,0],[0,1]],[[5774,9100],[3,0],[0,-1],[1,0],[0,0],[3,-1],[0,-2],[1,-1],[0,-2],[0,-2],[-1,0],[-2,0],[-1,-3],[-1,0]],[[5777,9088],[-3,-2]],[[5797,9089],[2,-1],[1,2],[-1,3],[0,1],[0,1],[1,1],[2,0],[1,0],[-1,1],[-1,5],[-1,0],[0,1],[0,1],[0,1],[-1,1],[-1,0],[-1,1],[0,2]],[[5736,9047],[1,1],[-1,2],[0,3],[-1,1],[0,1],[0,1],[2,2],[-1,1]],[[5774,9100],[1,3],[0,3]],[[5815,9141],[0,2],[1,0],[1,2],[-1,0],[-1,1],[0,1],[-1,0],[1,1],[1,-1],[0,2],[1,0],[1,0]],[[5818,9149],[0,-1],[2,0],[0,-1],[1,-1],[1,-1],[1,-1],[0,0]],[[5823,9144],[-1,-1],[-1,-1],[-1,1],[0,-2],[-1,1],[-1,1],[-2,0],[0,-1],[-1,-1]],[[5794,9151],[-3,1],[0,1],[0,1],[0,1],[-1,1],[0,3],[0,1],[-1,0],[-2,-1],[-2,0],[-4,2],[-1,0],[0,1],[1,1],[0,2],[0,1],[1,2],[2,1],[0,0],[-1,3],[0,0],[0,2],[1,1],[0,1],[1,0],[0,0]],[[5785,9176],[2,-2],[2,0],[1,0],[1,1],[1,1]],[[5792,9176],[2,-3],[1,-3],[-1,-1],[1,-1],[2,-1],[0,1],[2,-1],[1,1],[1,-1],[1,-1],[1,1],[2,0]],[[5805,9167],[1,-1],[0,-2],[-1,-1],[1,-2],[1,-1],[1,0],[1,0],[0,-1],[1,-2],[2,0],[1,2],[1,1],[1,0],[1,-2],[0,-1],[-1,-1],[-1,0],[0,-1],[1,-1],[1,0],[1,-2],[1,-1],[0,-2]],[[5823,9144],[1,0],[1,0],[1,2],[1,0]],[[5827,9146],[1,0],[1,0],[0,-1],[1,-1],[1,0],[0,-1],[1,-1],[2,-1],[1,-1],[1,-1],[1,-1],[1,0],[0,0]],[[5745,9111],[1,1],[0,1],[0,1],[2,2],[1,0],[-1,2],[-1,0],[-1,1]],[[5746,9119],[1,0],[1,3],[1,1],[-1,3],[1,0],[1,-1],[2,0],[1,-1],[2,2],[1,0],[0,-1],[1,1],[1,0],[1,0]],[[5762,9113],[0,-3],[0,-1],[0,-1],[1,-1],[2,1],[1,-1],[1,-1],[0,-2],[0,-1],[0,-1],[-1,-1],[-1,-1],[-1,0],[0,-1],[0,-2]],[[5805,9167],[0,1],[-1,3],[0,1],[3,2],[1,-1],[1,0],[2,1],[0,1],[1,1],[2,-1],[1,1],[2,-2]],[[5817,9174],[-1,-1],[1,-1],[1,-1],[0,-2],[1,0],[0,0],[1,-2],[-1,-1],[1,-1],[0,-1],[0,-1],[0,-1],[5,0],[1,-1],[1,-1],[0,-2],[-1,0],[0,0],[1,-1],[0,-1],[1,-1],[0,-2],[0,-1],[-1,-1],[1,-1],[-1,-2],[0,0],[0,-2]],[[5830,9059],[1,-2],[0,-1],[1,-1],[0,-2],[0,-1],[1,-1],[1,-2],[0,-1],[1,0],[1,-1],[1,-1],[1,-1],[0,1],[2,1],[1,0],[1,0],[2,1],[0,-1],[1,-2],[0,-2],[1,0]],[[5846,9043],[2,-2],[0,-2],[1,-1],[0,-1],[1,-1],[1,0],[-1,-2],[0,-1],[0,-1],[0,-2],[1,0],[1,-1],[1,-1],[-1,0],[1,-1],[0,-2],[0,-1],[1,-3],[1,-1],[1,0],[1,2],[1,0],[1,1],[1,-2],[0,-2],[0,-2],[1,-1],[2,1],[1,1],[0,1],[1,1],[1,1],[1,1],[1,-2],[0,-3],[1,-2],[-2,-1],[0,-1],[-1,-1],[-1,-1],[-1,0],[0,-1],[0,-1],[1,-1],[-1,-1],[0,-1],[0,-2],[1,-1],[0,-1],[0,-2]],[[5865,9000],[-1,-2],[0,-1]],[[5864,8997],[-1,2],[-1,1],[-1,0],[-1,-1],[0,-1],[0,0],[1,-2],[1,0],[-2,-2],[-1,0],[0,0],[0,-2]],[[5859,8992],[1,-2],[1,-2],[0,-1],[1,0],[1,0],[1,-1]],[[5864,8986],[0,-1]],[[5864,8985],[-1,0],[-1,0],[-1,0],[-1,-1],[0,-1],[0,-1],[0,-2]],[[5860,8980],[0,-2]],[[5860,8978],[0,1],[-1,1],[0,1],[-2,0],[-1,-1],[0,0],[-1,0]],[[5855,8980],[0,3],[-1,1],[0,1],[-1,1],[0,0],[0,1],[-2,2],[-2,1],[0,-1],[-1,0],[-1,0],[1,2],[0,1],[0,3],[-1,2],[-1,1],[-1,0],[-2,0],[-1,0],[-1,0]],[[5841,8998],[0,1],[0,1],[-1,2],[0,0],[-1,1],[0,0],[0,1],[0,2]],[[5841,8998],[-5,-2],[0,-5],[0,-1],[0,-1],[1,-3],[0,-2],[0,-1],[1,-1],[2,-1],[0,-2]],[[5840,8979],[1,-1],[0,-1],[-1,0],[-1,-1],[0,0],[-1,-1],[1,-1],[0,-2],[0,-2],[1,-1]],[[5840,8969],[-1,-2]],[[5839,8967],[-1,0],[-1,0],[0,-1],[-1,1],[-1,0],[-1,1],[0,1],[-1,0],[-1,1],[-1,0],[0,0],[-1,2],[-1,2],[-1,0],[0,1],[0,2],[0,1],[1,1],[0,1],[-1,1],[0,2],[-1,0],[0,2],[0,0],[-1,0],[-2,0],[0,0],[0,1],[-1,1],[-2,1],[-1,-1],[-1,-1]],[[5819,8986],[0,3],[-1,0],[0,1],[-1,1],[0,1]],[[5854,8967],[0,1]],[[5854,8968],[1,-1],[2,1],[1,0],[0,1]],[[5858,8969],[1,-1]],[[5859,8968],[0,-3],[0,-2],[0,-1],[0,0],[1,0],[0,-2],[0,-1],[0,-1],[-1,0],[0,2],[-1,1],[-1,1],[-1,0]],[[5856,8962],[-1,1],[-1,1],[0,1],[0,2]],[[5839,9071],[1,-1],[1,0],[1,0],[-1,-1],[1,-2],[1,-1],[0,-1],[1,0],[1,-1],[0,-2],[1,-1],[0,-1],[1,1],[1,-1],[0,-3],[0,-1],[1,-3],[1,0],[1,0],[0,-1],[2,1],[0,-1],[1,1],[2,0],[0,-1],[2,-1],[2,-2],[1,0],[1,1],[0,-1],[1,-1],[1,1],[1,-2],[0,0],[1,-1],[1,-2],[1,0],[0,1],[1,0],[0,-2],[1,-1],[0,-1],[1,0],[1,-1],[3,1],[0,0],[2,0],[1,-1],[1,-3],[0,0],[2,1],[1,0],[1,0],[1,-1],[0,0]],[[5884,9037],[1,-2],[-1,-1],[1,-1],[-1,-1],[0,-2],[1,-2],[-1,0],[0,-1],[0,-1],[0,-1],[-1,-1],[1,-1],[1,-2],[-1,0],[-1,-1],[-2,-2],[0,-1],[-1,-1],[0,-1],[0,-1],[0,-1],[-1,0],[-1,0],[-1,1],[-1,-1],[-1,0],[-1,0],[-1,0],[0,-1],[1,-2],[0,-3],[1,0],[-1,-1],[0,-1],[-1,0],[-1,-1],[-1,-1],[0,-3],[0,-2],[1,-1],[-1,0],[0,-1],[1,-2],[0,-2],[1,-2],[1,0],[-1,-1],[0,-1]],[[5873,8988],[0,-1]],[[5873,8987],[-1,0],[0,-1],[0,0]],[[5872,8986],[-1,0],[-1,-1],[-1,2]],[[5869,8987],[-2,-2],[0,1],[-1,1],[-1,1]],[[5865,8988],[0,1],[1,1],[1,1],[-1,2],[-1,0],[0,1],[-1,1],[0,2]],[[5841,8966],[-1,1],[-1,0]],[[5840,8969],[1,0],[1,-1],[1,0]],[[5843,8968],[0,-1],[0,-2],[1,1]],[[5844,8966],[1,-1],[0,-3]],[[5845,8962],[-2,0],[1,-1],[0,-3],[1,0],[-1,-1]],[[5844,8957],[-1,-3],[0,-1],[1,0],[0,-1],[0,-1],[0,-1],[-1,-1]],[[5843,8949],[-2,1],[0,1],[-1,0],[-1,1],[-1,0]],[[5838,8952],[1,3],[0,1],[0,0],[-1,1]],[[5838,8957],[1,2],[1,2],[0,1],[0,1],[1,3]],[[5855,8980],[-1,-2],[-1,1],[-2,1],[-1,-1],[0,-1],[1,-3],[1,-1],[0,-1],[1,-1]],[[5853,8972],[0,-4],[1,0]],[[5854,8967],[-1,-1]],[[5853,8966],[-1,1],[-2,1],[-2,0]],[[5848,8968],[0,2],[-1,1],[0,0],[0,1]],[[5847,8972],[-1,1],[0,0],[-1,1],[0,2],[1,1],[-1,1],[-3,1],[-2,0]],[[5877,8982],[0,-1],[-1,-1]],[[5876,8980],[1,-1],[0,-2],[-1,-1],[-1,2],[1,2]],[[5876,8980],[-1,0],[-1,-1],[0,0]],[[5874,8979],[0,1],[0,1],[2,2],[-1,0]],[[5875,8983],[1,1],[1,1],[2,0],[1,0],[0,1],[1,1],[0,1]],[[5881,8988],[1,0],[1,-1],[0,0],[1,1]],[[5884,8988],[1,-1]],[[5885,8987],[0,-1],[-2,-2]],[[5883,8984],[0,-1],[0,-1],[-1,0],[-1,1],[-1,-1],[-1,1],[-1,-1],[-1,0]],[[5881,8988],[-2,0],[0,-1],[-1,0],[-1,0],[-1,-1],[-1,0],[0,2],[-1,-1]],[[5874,8987],[-1,1]],[[5884,9037],[0,1],[1,1],[1,0],[1,-1],[1,1],[1,0],[1,2],[1,0],[1,-1],[1,0],[0,1],[2,0],[1,1],[1,0],[1,0],[3,0],[1,2],[0,1],[1,1],[3,-1],[0,-1],[-1,-1],[0,-1],[1,-1],[-1,-2],[0,-2],[2,-1],[1,-2],[1,-1],[0,-1],[0,-1],[0,-1],[-1,-2],[0,-1],[-1,0],[-1,-1],[-1,-1],[-1,0],[1,-2],[0,-2],[-1,-2],[0,-1],[-1,-1],[-1,-1],[-2,-1],[-1,0],[-1,0],[0,-1],[-1,0],[-1,-1],[1,-1],[-1,-2],[0,0],[0,-1],[0,-2],[-2,-1],[-1,-1],[-2,0],[0,-1],[-1,-2],[0,-2]],[[5890,9000],[-1,0],[-2,0],[-1,-1],[-1,0],[1,-1],[0,-1],[0,-2],[0,-1],[0,-1],[-2,0],[0,-2],[1,-1],[0,-2],[-1,0]],[[5853,8972],[2,0],[2,0],[1,-1],[0,-2]],[[5865,8988],[-1,-2]],[[5862,8979],[1,0],[0,-2],[0,-1],[0,-1],[0,-1]],[[5863,8974],[-1,0],[-1,-1],[-1,-1]],[[5860,8972],[-1,1],[1,1],[-2,2],[1,0],[0,1],[1,1],[0,0]],[[5860,8980],[1,0],[1,-1],[0,0]],[[5845,8962],[1,-1]],[[5846,8961],[-1,-1],[1,1],[1,0],[2,0],[1,0],[1,1]],[[5851,8962],[1,-1],[0,-1],[1,-1]],[[5853,8959],[-2,-2],[0,1],[-2,1],[-2,0],[-2,-1],[-1,-1]],[[5851,8955],[1,0],[1,-1],[-1,0],[-1,0],[0,1]],[[5846,8961],[0,1],[2,1],[1,0],[1,1],[1,-1],[0,0]],[[5851,8963],[0,0],[0,-1]],[[5890,9000],[1,0],[0,-1],[1,-2],[0,-3],[1,-2],[0,-1],[-1,0],[-1,-1],[0,0],[-1,-1],[-1,-2],[-2,1],[0,0],[-1,-1],[-1,0]],[[5860,8972],[-1,-4]],[[5864,8985],[0,-3],[0,-3],[1,-4]],[[5865,8975],[0,-1],[-2,0]],[[5847,8972],[-1,-1],[-1,-1],[0,-1],[-1,1],[-1,-1],[0,-1]],[[5848,8968],[-2,0],[0,0],[-2,-2]],[[5853,8966],[-1,-1],[-1,-2]],[[5872,8986],[0,-2],[2,1],[-1,1],[0,1]],[[5874,8987],[1,-1],[-1,-1],[0,-1],[1,-1]],[[5874,8979],[0,-1],[-2,1],[-2,0],[-1,-1],[-1,-1],[0,-2],[-1,-1],[-1,-2],[-1,0],[0,2],[0,1]],[[5856,8962],[-2,-1],[-1,-2]],[[5635,9128],[0,-2],[-3,0],[0,-1],[-1,0]],[[5631,9125],[-2,1],[-1,1],[-1,1],[-1,0]],[[5626,9128],[-1,1],[0,1],[0,0],[-1,2],[1,2],[1,2],[-1,1],[-1,0],[0,-2],[-1,0],[0,1],[-1,0],[-1,1],[-1,-3],[-2,0],[0,-1],[-2,1],[-2,0]],[[5614,9134],[-1,1],[0,1],[-1,1],[-1,1],[0,0],[-1,3],[-1,0],[-1,2]],[[5608,9143],[1,3],[0,1],[3,3],[0,2],[0,1],[0,1],[1,1],[1,-1],[1,-1],[2,2],[1,-1],[1,1],[1,0],[-1,2],[-1,1],[0,1],[0,1],[0,1],[1,1],[0,1],[1,0],[1,0],[1,0],[1,0],[0,1],[2,0],[1,1],[-1,2],[-1,-1],[-1,2],[0,0],[0,1]],[[5623,9169],[1,1],[-1,1],[1,1],[0,1],[1,0],[1,0],[0,1],[1,-1],[0,2],[-1,1],[-1,0],[0,1],[0,1],[0,1],[3,-1],[1,0],[1,-1],[-1,-2],[1,-1],[1,0],[0,1],[1,0]],[[5632,9175],[1,-2],[1,-1],[0,1],[0,0],[1,1],[2,-1],[0,-1],[-1,-2],[-1,0],[0,-3],[1,-1],[-2,-2],[0,-1],[-1,0],[-2,0],[1,-1],[-1,-2],[0,-1],[1,0],[-1,-2],[-1,-1]],[[5630,9156],[2,-1],[1,0],[1,-1],[0,-1],[-1,-1],[0,-1],[2,0],[0,-1],[1,-1],[3,0],[1,0]],[[5640,9149],[0,-2],[-1,0],[-2,-2],[1,-1],[0,-1],[1,2],[1,0],[1,-1],[2,-1],[0,-2],[1,0],[0,-1],[0,-1],[1,-1],[0,1],[1,-1],[1,1],[1,-1],[1,1],[1,-1],[0,-2],[0,-1],[-1,-1],[-1,0],[1,-2],[0,-1],[1,-1],[-2,-2],[1,0]],[[5649,9128],[0,-2]],[[5649,9126],[-1,2],[-1,-1]],[[5647,9127],[-2,2],[-1,2],[0,2],[-1,0],[-2,-1],[0,0],[-1,-1],[-1,-1],[-2,-1],[-1,-1],[-1,0]],[[5620,9102],[0,1],[0,1],[-1,0],[-1,1],[-1,-1],[-2,0],[0,1]],[[5615,9105],[1,1],[1,0],[1,0],[1,0],[2,1]],[[5621,9107],[0,2],[1,1]],[[5622,9110],[1,-1],[1,0],[1,0],[0,-1]],[[5625,9108],[-1,-1],[0,-1],[1,-1],[1,-1],[0,0],[1,-1],[1,-2]],[[5628,9101],[-1,-1],[0,0],[0,-2],[-1,1],[0,-2],[1,0],[1,0],[0,-1],[-1,-2],[-1,-1],[0,-1],[-1,1],[0,1],[-2,2],[0,-1],[-1,-2],[-1,0],[0,1],[0,1],[-1,0],[0,1],[1,1],[-1,1],[0,0],[0,2],[0,1],[1,1],[-1,0]],[[5628,9107],[-1,2],[2,0],[0,1],[0,2],[0,1],[0,1],[1,1],[0,1],[-1,0],[-1,1],[1,2],[1,0]],[[5630,9119],[2,0],[1,2],[1,0],[1,-1],[0,-1]],[[5635,9119],[1,-3],[-1,-1],[-1,1],[-1,-1],[0,-1],[0,-1],[-1,-2],[1,-2],[-1,0],[-1,-2],[-1,-1],[0,-2],[-1,0]],[[5629,9104],[-1,0],[0,1],[0,2]],[[5625,9109],[0,-1]],[[5622,9110],[-1,0],[-1,1],[0,1],[0,1],[-1,1],[1,1],[0,1],[-1,2],[-2,-1],[0,1],[0,1],[1,1],[0,1],[-1,3],[0,1],[0,2],[1,1],[0,2],[-2,1],[-1,0],[0,2],[-1,1]],[[5631,9125],[-1,-1],[0,-2],[0,-3]],[[5628,9107],[-1,0],[-1,1],[0,1],[-1,0]],[[5649,9126],[1,1],[2,-2],[0,-1],[0,-1],[0,-3],[0,-1],[0,-1],[0,-3],[-2,1],[-1,-1],[-1,-1],[-1,-1],[-1,0],[-2,-1]],[[5644,9112],[0,1],[-1,2],[-1,-1],[-1,1],[-1,-1],[-1,0],[0,0],[-2,2],[0,1],[-1,2],[-1,0]],[[5629,9101],[0,2],[0,1]],[[5644,9112],[-1,-2],[1,-1]],[[5644,9109],[1,0],[2,-3],[1,0],[1,-1],[0,-2],[0,-2],[0,0],[0,-2],[2,0],[1,0],[0,0]],[[5652,9099],[0,-2],[1,-2]],[[5653,9095],[0,-1],[0,-1]],[[5653,9093],[-1,0],[0,0],[-2,0],[-1,-1],[-1,1],[0,-1],[0,-1],[-1,-1],[1,-1],[-1,-3],[-1,0],[-1,0],[-1,1],[-1,0],[-2,0],[0,-1],[-2,2],[-1,0],[-1,0],[-1,-1],[0,-1],[-1,0],[0,-1],[-1,0],[-1,-2],[0,-1],[0,0]],[[5633,9082],[-1,1],[0,1],[0,2],[0,1],[0,2],[1,1],[0,1],[1,1],[1,1],[0,1],[-2,0],[0,1],[-1,0],[-1,1],[0,0],[-2,1],[1,1],[-1,2],[0,1]],[[5656,9147],[-1,1],[-1,3],[-1,0],[-1,1],[0,-1],[-2,0],[-1,0],[-1,2],[-1,-2]],[[5647,9151],[-2,0],[-1,0],[-1,0],[-1,0],[-2,-1],[0,-1]],[[5632,9175],[0,2],[-1,0],[0,2]],[[5631,9179],[1,-1],[0,1],[2,-1],[1,2],[1,0],[1,0],[1,3],[1,0],[1,0],[1,1],[2,1],[0,0],[1,1],[1,1],[1,1],[1,0],[1,-1],[2,0],[0,0],[1,1],[2,0],[0,0],[3,-1],[1,0],[1,0],[2,1],[0,0]],[[5660,9188],[-1,-2],[-1,-1],[-2,0],[0,-1],[0,-1],[-1,-1],[-2,-1],[0,-1],[1,0],[1,1],[1,-1]],[[5656,9180],[-2,-3],[0,-1],[0,-1],[-1,-2],[1,0],[0,-1],[1,-1],[1,-1],[0,-1]],[[5656,9169],[0,-2],[-1,0],[-2,-1],[-1,-1],[-1,0],[0,-1],[-1,-1],[-1,0],[1,-1],[0,-1],[1,-1],[0,-1],[2,0],[1,-1],[1,1],[1,1],[1,0],[0,-1],[1,0],[2,-1]],[[5660,9158],[-1,-3],[0,0],[-1,-1],[1,-1],[2,0],[-1,-1],[0,0],[0,-2],[0,-1],[1,-1],[-1,0]],[[5660,9148],[-1,1],[-1,-1],[0,0],[-1,0],[-1,-1]],[[5662,9195],[-1,-3],[0,-2],[1,-3],[0,-1],[0,-1],[0,-1],[0,-1],[0,-1],[1,-1],[0,0],[1,0]],[[5664,9181],[0,-1],[-2,-3]],[[5662,9177],[-1,0],[-1,0],[0,1],[0,1],[-2,-1],[-2,2]],[[5660,9188],[0,-1],[1,2],[-1,2],[0,0],[-1,0],[0,1],[-2,1]],[[5657,9193],[1,2],[-2,0],[-1,1],[-1,-1],[-1,1],[0,2],[0,2],[0,1],[0,0],[-2,1]],[[5651,9202],[-2,1],[-1,0]],[[5648,9203],[-1,1],[2,2],[2,1],[2,0]],[[5653,9207],[2,1],[0,1],[2,0]],[[5657,9209],[2,-1],[0,-1],[-1,0],[0,-1],[0,-1],[0,-1],[1,-1],[1,-1],[1,-2]],[[5661,9200],[1,-1],[0,-3]],[[5662,9196],[0,-1]],[[5645,9195],[1,-1],[3,2],[1,0],[0,-1],[1,0],[1,-1],[0,-2],[1,-1]],[[5653,9191],[-1,0],[0,-1],[-1,0],[-1,1],[0,0],[-1,0],[-2,0],[-1,1],[0,-1],[-1,2],[-1,-1],[-1,0],[0,1]],[[5643,9193],[2,1],[0,1]],[[5602,9067],[-1,0],[-1,-1],[-1,1],[-1,-2]],[[5598,9065],[-1,0],[-1,2],[2,1],[-1,1],[1,2],[0,0],[-1,2],[1,0],[-1,1],[0,1],[0,1],[1,-1],[1,2],[-1,1],[-1,1],[-1,0],[1,2],[-1,2],[-1,0],[-1,1],[-1,0]],[[5593,9084],[-1,3],[0,2],[0,2],[-1,1],[0,1],[-1,2],[0,2]],[[5590,9097],[1,1],[1,2],[0,0],[2,2],[0,-1],[1,-1],[1,0],[-1,1],[1,2],[1,2],[2,0],[0,0],[1,1],[2,1],[0,0],[2,-2],[1,0],[1,1],[1,-1],[2,1],[0,-1],[1,-1],[1,0],[1,-1]],[[5612,9103],[0,-2],[1,-1],[0,-1],[0,-1],[1,-1],[-1,0],[-1,-1],[-2,0],[-1,0],[1,-3],[0,-1],[1,0],[0,-1],[2,2],[1,-1],[1,1],[1,0],[0,-2],[1,-1],[0,-1],[1,-1],[0,-1],[-1,-1],[0,-2],[0,-1],[-1,-1],[-1,0],[0,-2],[1,0],[-1,0],[0,-2],[1,-1],[-1,-1],[-1,-1],[1,-1],[0,-2],[1,0],[1,0],[1,-1],[0,0],[-1,-1],[0,-1],[0,-1],[0,0],[-1,-2],[2,-2]],[[5618,9064],[0,0],[0,-3],[-1,-1],[0,-1],[-2,-2],[-1,1],[-1,1],[-1,2],[-1,0],[-2,1],[-1,2],[0,1],[-1,-1],[-2,0],[0,2],[-1,2],[-1,-2],[-1,1]],[[5615,9105],[-1,0],[-2,-2]],[[5590,9097],[-1,3],[-1,0],[-1,0],[-1,1],[0,1],[-1,1],[0,0],[0,2]],[[5585,9105],[0,1],[-1,0],[0,1],[0,3],[0,1],[0,1],[-1,0],[0,1],[0,1],[-1,1],[1,1],[0,1],[0,0],[-1,0],[0,2],[-1,0],[0,1],[1,2],[1,0],[0,1],[-2,1]],[[5581,9124],[1,1],[1,1],[1,-1],[1,1],[1,1],[1,0]],[[5587,9127],[0,1],[0,3],[1,0],[0,1],[0,2],[1,1],[1,0],[0,-1],[2,-1],[0,1],[-1,1],[1,1],[0,0],[1,-2],[1,2],[1,-1],[1,1],[-1,2]],[[5595,9138],[0,0],[0,2],[1,1],[1,1],[0,-1],[1,0],[1,0],[1,0],[1,0],[1,1],[1,0],[1,0],[2,0],[1,0],[1,1]],[[5629,9101],[-1,0]],[[5649,9128],[1,0],[1,-1],[1,1],[1,1],[1,2],[1,0],[2,1],[1,0],[0,-1],[0,-1],[1,-1],[-1,-1]],[[5658,9128],[0,-1],[0,-2],[0,-1],[0,-2]],[[5658,9122],[0,-2],[1,-1],[0,-2],[1,-2],[-1,0],[0,-2],[0,-2],[0,-2],[-1,-1],[-1,-2],[-1,-2],[0,0],[0,-2]],[[5656,9102],[-1,0]],[[5655,9102],[-1,-1],[-1,0]],[[5653,9101],[0,-2],[-1,0]],[[5633,9082],[0,-1],[1,0],[2,-1],[0,-1],[1,0],[1,-1],[1,0],[0,0],[1,-3],[-1,0],[-1,-1],[-1,-4],[0,-1],[0,-2]],[[5637,9067],[-1,1],[-2,0],[0,0],[-1,0],[-1,0],[-1,-1],[0,-5],[1,0],[-1,-2],[-1,1],[-3,0],[0,1]],[[5627,9062],[-1,1],[1,3],[0,1],[0,1],[-1,1],[-2,-1],[-2,0],[-1,0],[0,-1],[0,-1],[-2,-2],[-1,0]],[[5660,9148],[0,0],[2,0],[1,1],[2,-2],[0,1],[1,0],[0,0],[1,-1]],[[5667,9147],[0,0],[-1,-1],[0,-1]],[[5666,9145],[0,-3],[0,-1]],[[5666,9141],[-1,-1],[0,-1],[0,-1],[-1,-1],[-1,0],[0,-1],[0,-2],[-1,-1],[-1,-1],[0,-1],[-1,-2],[-2,-1]],[[5640,9066],[-2,0],[0,1],[-1,-1],[0,1]],[[5653,9093],[-1,0],[0,-2],[0,-2],[1,-2],[0,-1]],[[5653,9086],[0,-2],[-1,-2],[-1,-1],[-1,-1],[0,-3],[0,-1]],[[5650,9076],[-1,-1],[-1,-2],[0,-4],[0,-2]],[[5648,9067],[0,-3],[1,-1],[0,-1],[0,-1],[-1,-3]],[[5648,9058],[0,1],[-1,1],[0,0],[-1,-1],[-1,2],[-1,0],[-1,1],[-1,0],[0,0],[-1,1],[-2,2],[1,1]],[[5662,9177],[0,-1],[0,-2],[1,-1],[1,-1],[0,-1],[0,-1],[0,-1],[1,-1],[1,0],[0,-1],[0,-2],[-1,-1],[0,-1],[0,-1],[0,-1],[-1,0],[1,-2]],[[5665,9159],[-1,-1],[-1,0],[-2,0],[0,-1],[-1,1]],[[5645,9195],[-1,1],[-1,1],[1,1],[0,1],[1,0],[0,3],[1,0],[1,0],[1,1]],[[5657,9193],[0,-2],[-2,0],[0,1],[-1,0],[0,1],[-1,0],[0,-2]],[[5665,9159],[1,-1],[0,-2]],[[5666,9156],[1,-2],[1,-1],[0,-2],[1,-1]],[[5669,9150],[-1,-1],[-1,-2]],[[5631,9179],[0,1],[0,1],[1,1],[0,1],[1,1],[1,2],[0,1],[0,1],[0,1],[1,1],[-1,2]],[[5634,9192],[1,-1],[1,0],[0,0],[1,1],[1,0],[0,-1],[1,0],[0,1],[2,1],[2,0]],[[5621,9776],[-1,0],[-1,1],[-1,0],[1,1],[-2,1],[0,2],[1,1],[-1,1],[1,1],[1,2]],[[5619,9786],[1,1],[1,0],[1,2]],[[5622,9789],[1,0],[1,0],[1,1],[1,1],[1,0],[0,-2],[1,0],[0,1],[1,0],[1,1],[1,1],[1,1],[1,1],[1,0]],[[5634,9794],[0,-2],[-1,-2],[0,-1],[-1,1],[1,-1],[0,-2],[-1,-2],[1,-1],[0,-1],[1,0],[1,1],[1,0],[1,0],[1,-1]],[[5638,9783],[-1,-2],[1,0],[-2,-1],[0,-2],[0,-1],[1,0],[-1,-1],[-2,-2],[0,-1],[-1,-1]],[[5633,9772],[-1,1],[-1,0],[-1,0],[-1,0],[0,1],[-2,-1],[0,1],[0,1],[-2,-1],[-2,3],[0,-1],[-2,0]],[[5658,9820],[0,1],[-1,1],[1,1],[2,-1],[-1,1],[1,1],[0,1],[1,0],[1,1]],[[5662,9826],[0,2],[2,0],[1,0],[1,0]],[[5666,9828],[0,-1],[1,0],[0,-3],[1,0],[-1,-1],[0,-2],[-1,-1],[0,0]],[[5666,9820],[0,-1],[-1,0],[0,-2],[0,-1],[0,-1],[0,-1],[0,0],[-1,-2],[1,-2]],[[5665,9810],[-2,-1],[0,1],[-1,0],[0,1],[-1,0],[0,-1],[-1,0],[0,1],[-1,0],[-1,1],[-2,-1]],[[5656,9811],[-1,1]],[[5655,9812],[1,1],[0,2],[2,0],[1,1],[1,1],[-1,1],[-2,-1],[0,0]],[[5657,9817],[1,3]],[[5603,9798],[0,-1],[2,1],[0,1],[2,1],[1,-1],[2,0],[0,0],[1,-2],[2,0],[-1,-1],[-1,-2],[-1,-1],[1,-1],[1,0],[1,0],[1,-1],[1,1],[-1,1],[2,0],[0,0],[1,0],[1,0],[1,0],[1,-3]],[[5620,9790],[0,0],[2,-1]],[[5633,9772],[0,-2],[0,0],[-1,-2],[0,-1],[0,-1],[1,-1],[0,-1],[-1,-1],[-1,-1],[-1,0],[-1,-1],[1,-2],[0,0],[1,-2],[-1,0],[-1,-1],[-2,1],[0,-1],[-2,0]],[[5625,9756],[-1,-1],[-1,-1],[0,1],[-2,1],[-2,0]],[[5619,9756],[-1,3]],[[5618,9759],[-1,0],[-1,1],[-1,1],[0,1],[-1,1],[0,1],[-2,0],[-1,0],[-1,0],[-1,2]],[[5609,9766],[-2,0],[-1,0],[-1,1],[-1,-1],[-1,0],[-1,0],[-2,0]],[[5600,9766],[-1,1],[-2,0]],[[5638,9783],[3,0],[0,2],[0,1],[1,1],[1,0],[-1,1],[1,2],[1,1],[0,1]],[[5644,9792],[1,1],[1,0],[1,-1],[0,-1],[2,-1],[2,0],[-1,-2],[1,-2],[1,2],[1,0],[2,0]],[[5655,9788],[0,0],[0,-3]],[[5655,9785],[-1,-1],[-1,-2],[-1,-1],[2,-2],[0,0],[2,1],[1,-1],[-2,-2],[-2,0],[1,-2],[-1,-1],[0,1],[-2,0],[0,-1],[0,-1],[-1,0],[-1,0],[0,-1],[0,-2],[0,-1],[1,-2],[-1,-1],[-1,-1],[0,-1],[1,-1],[1,1],[2,-1],[2,0],[0,2],[3,0],[1,1],[1,-1],[2,0],[0,1],[2,1],[0,-2],[1,0],[0,-2],[1,0],[0,2],[2,0],[0,-1],[2,0],[0,-1],[1,0],[1,-2],[1,0],[1,0],[1,0],[1,-1]],[[5675,9760],[1,-2],[1,-1],[2,0],[1,-1],[0,0],[1,0]],[[5681,9756],[0,-2],[0,-1],[1,-1],[1,-1]],[[5683,9751],[-1,-1],[0,-1],[-1,-1],[-1,1],[-1,-1],[-1,-1],[0,0],[-2,-1],[-1,-1],[0,-1],[-1,0]],[[5674,9744],[0,0],[-3,2],[2,1],[-2,0],[0,0],[-2,-1],[-1,1],[0,-1],[0,-1],[-1,-1],[0,-1],[0,-1],[0,1],[-4,0],[1,1],[-1,0],[-1,1],[-2,-1],[-1,1],[-2,-1],[-1,0],[-1,2],[-1,-1],[-1,1],[-1,0],[-1,0],[-1,-2],[-1,0],[-1,-1],[-2,1],[0,1],[-1,2],[0,1],[-1,0],[-1,1],[1,2],[-1,0],[-1,1],[-2,0],[-1,-2],[-2,0],[-2,0]],[[5635,9750],[-1,0],[-2,-1],[-1,-1],[0,1],[0,0],[-2,1],[0,1],[-1,-1],[0,1],[-1,0],[-2,4],[0,1]],[[5650,9838],[-2,0],[0,0],[-1,0],[-1,1]],[[5646,9839],[0,1],[0,1],[0,0],[-1,2],[-1,0],[-2,3]],[[5642,9846],[2,1],[3,0],[3,1],[2,0],[0,1],[0,1],[-1,2],[1,2],[1,2],[-1,1]],[[5652,9857],[0,1],[1,0],[1,0],[1,0],[0,-2],[0,-2],[1,-1],[0,-1],[1,-1],[0,0],[1,3],[1,0],[0,1],[0,1],[2,0],[0,1],[2,0]],[[5663,9857],[1,0],[-1,-1],[2,-1],[0,-1],[-1,-1],[-1,-1],[0,-1],[0,-1],[0,-1],[0,-1],[-2,-2],[-1,-1],[0,-2]],[[5660,9843],[0,-1],[-1,-1],[-1,0],[0,0],[-2,-1],[-1,-1],[1,-2],[0,-2],[-2,0],[-1,0],[0,2],[-1,0],[0,-1],[-1,0],[-1,2]],[[5674,9800],[1,0],[0,1],[0,2]],[[5675,9803],[2,-1],[1,0],[0,0]],[[5678,9802],[1,0],[1,-2],[0,-1],[0,-1],[-1,0],[-1,-1],[0,-1],[-1,-1],[0,-1],[1,-1],[1,0],[-1,-1],[-1,-2],[1,-1],[0,-1],[1,-1],[-1,-1],[0,0],[-2,-1],[0,-1],[2,-1],[2,-2],[-1,-1],[0,0],[2,-1],[0,1],[2,1]],[[5683,9781],[1,-3],[1,0],[0,0],[0,-2],[1,-2],[1,0]],[[5687,9774],[1,0],[-1,-1],[0,-1],[0,-2],[1,-1],[-1,-1],[-1,0],[-1,-2],[2,-1],[0,-1],[0,-1],[-1,-1]],[[5686,9762],[-3,0],[0,-1],[0,0],[-2,-3],[0,-1],[0,-1]],[[5655,9788],[0,0],[0,2],[2,-1],[0,-1],[2,1],[0,1],[1,-1],[1,0],[0,-1],[2,1],[2,1],[-1,1],[-1,1],[1,1],[0,2],[2,1],[-1,1],[-1,2],[1,1]],[[5665,9800],[1,0],[1,1],[1,0],[2,-2],[0,0]],[[5670,9799],[2,1],[1,-1],[1,1]],[[5614,9829],[1,-1],[1,0],[1,-1],[1,2],[1,0],[2,0],[1,0],[0,-1],[1,0],[1,1],[1,1],[1,1],[2,0],[0,-1],[1,-1],[1,0],[1,-2],[0,-1],[-1,-2],[0,-1],[1,-1],[0,-2]],[[5631,9820],[1,0],[1,1],[0,1],[0,2],[1,0],[0,1],[1,-1],[1,0],[1,-2],[0,-1],[1,0],[-1,-1],[0,-3],[2,0],[-1,-1],[3,0],[1,-2],[1,0],[-1,-1],[0,0],[0,-2],[0,-1],[0,-1]],[[5642,9809],[-1,-1],[1,0],[1,0],[1,1],[1,2],[1,0]],[[5646,9811],[0,-2],[-1,-1],[0,0],[-1,-1],[-1,0],[0,-2],[1,-1],[1,0],[0,-1],[-1,-2],[-1,-4],[1,0],[0,-1],[0,-1],[-1,-2],[1,-1]],[[5658,9820],[0,1],[-2,1],[-1,0]],[[5655,9822],[0,1],[0,1]],[[5655,9824],[1,0],[1,2],[1,-1],[2,-1],[0,2],[2,0]],[[5648,9824],[-1,0]],[[5647,9824],[1,1],[2,1],[1,-1],[1,0],[1,1],[-3,1],[0,1],[-2,0],[0,1],[-1,1],[0,0],[1,2],[0,0],[2,1],[0,-2],[1,-1],[2,-1],[0,-1],[0,-1],[2,-1],[-1,-2]],[[5654,9824],[-1,1],[0,-2],[-1,-2],[-1,-1]],[[5651,9820],[-1,-1],[-1,0],[-1,0],[1,1],[0,1],[0,1],[0,1],[-1,1]],[[5652,9857],[-1,0],[0,1],[2,4],[1,0],[0,1],[3,1],[0,2],[1,2],[1,0],[3,2],[1,1],[1,-1],[2,0],[2,0],[0,-1],[1,-1],[0,-1],[-2,-1],[0,-1],[0,-1],[0,-2],[1,0],[-1,-1],[-1,1],[0,1],[-1,0],[0,-2],[0,-1],[0,0],[-1,-2],[-1,0],[0,-1]],[[5704,9798],[0,-1],[1,-2],[1,1],[1,0],[1,2],[1,-1],[1,0],[2,-1]],[[5712,9796],[-1,-2],[-1,-1],[-1,0],[-1,-1],[-1,1],[-1,-2],[-1,-1],[0,-1],[-1,-1],[1,0],[-3,-1],[0,-1]],[[5702,9786],[-1,0],[-1,2],[-2,0],[0,1],[-2,1],[-1,-1],[-1,0],[-1,0],[-1,-1],[0,1],[-1,1],[0,2],[-1,0],[-2,1],[0,-1],[-1,-2],[1,0],[0,-2],[-1,-1],[-1,1],[0,-1],[0,-1],[0,-1],[0,0],[0,-2],[-1,0],[0,-2],[-2,0]],[[5678,9802],[1,1],[1,2],[1,0],[0,2],[1,-1],[1,0],[0,-1],[0,-1],[2,0],[0,-1],[2,-1],[1,0],[0,1],[-1,1],[0,1],[0,1],[0,1],[2,3]],[[5689,9810],[1,-1],[0,0],[1,1],[1,-1],[0,-2],[0,-1],[2,1],[1,-1],[1,1],[1,-1],[1,0],[1,0],[1,1],[1,0],[1,-2]],[[5702,9805],[1,0],[0,-1],[1,0],[1,-2],[1,-1],[-1,-1],[-1,-2]],[[5613,9843],[1,0],[2,1],[2,0],[1,1],[1,-1],[2,0],[1,-2],[2,0],[0,0],[1,0],[1,0],[2,-1],[2,-1],[3,2],[3,-1],[1,1],[1,3],[2,0],[1,0],[0,1]],[[5646,9839],[-1,0],[-1,-1],[0,-1],[-1,-1],[0,0],[0,-2],[0,-1],[0,-1],[1,-1],[-2,-1],[0,-1],[1,-1],[0,-1],[0,-2],[1,0]],[[5644,9825],[0,-1],[0,-1],[0,-1],[0,-2],[0,-1],[1,-1],[1,0],[0,-1],[1,-1],[0,-1],[-1,-1],[-1,-1],[0,-1],[0,-1],[-3,-2]],[[5655,9810],[1,1]],[[5665,9810],[1,-2],[-1,-1]],[[5665,9807],[0,-1],[0,-1],[0,-1],[-1,-1],[0,-1],[0,-1],[-1,-1],[2,0]],[[5646,9811],[1,0],[1,2],[1,1]],[[5649,9814],[1,-1],[2,0],[0,-1]],[[5652,9812],[-1,-3],[1,1],[1,0],[2,0]],[[5674,9804],[-1,2]],[[5673,9806],[2,2]],[[5675,9808],[2,0]],[[5677,9808],[0,1],[2,0],[1,3],[1,0],[0,0],[-1,2],[0,0],[2,2],[0,1]],[[5682,9817],[1,0],[1,-1],[2,0],[0,0],[2,-3],[1,-2],[0,-1]],[[5675,9803],[-1,1]],[[5651,9820],[1,-2],[-1,-1],[0,-2],[1,0],[1,1],[0,-3]],[[5653,9813],[-1,-1]],[[5644,9825],[1,0],[1,-2],[1,1],[0,0]],[[5660,9843],[2,-1],[2,0],[1,0],[1,-3],[2,-1],[0,-1],[1,-1],[0,-1],[-1,-1],[-2,-4],[0,-2],[0,0]],[[5655,9824],[-1,0],[0,0]],[[5675,9808],[1,0],[0,3],[-1,0],[-2,-2],[-1,0],[-1,-1],[-1,-1],[0,0]],[[5670,9807],[-1,1],[0,2],[0,2],[0,1],[1,1],[1,1],[1,-1],[0,2],[0,1],[0,1],[0,1]],[[5672,9819],[1,1],[1,1],[1,0],[1,0],[2,0],[0,-1],[1,-1],[0,-1],[2,-1],[1,0]],[[5655,9812],[-1,1],[-1,0]],[[5655,9822],[0,-3],[1,-2],[1,0]],[[5666,9820],[1,0],[1,0],[1,0],[1,0],[0,-1],[1,1],[1,-1]],[[5670,9807],[-2,-1],[0,-2],[2,0],[1,0],[0,1],[2,2],[0,-1]],[[5375,8890],[2,1],[0,0],[0,1]],[[5377,8892],[3,-2],[1,-1]],[[5381,8889],[0,-1],[1,-1],[1,-3],[-1,-1],[0,-1],[-2,0],[-1,-2],[-1,-1],[0,0],[-1,-1],[-2,0],[-1,-1],[0,-1],[-1,-1],[0,-3],[0,0],[2,-1],[0,0],[2,-1]],[[5377,8870],[0,-2],[-1,0],[1,-1],[-1,-2],[1,-2],[-1,-1],[0,-2],[0,0],[-2,-1],[0,-1],[-1,-1],[0,-2],[0,-1]],[[5373,8854],[-1,-2],[1,0],[-1,-1],[0,-2],[-1,-2],[0,-1],[-1,0],[-1,0],[0,-2]],[[5369,8844],[-2,0],[0,1],[-1,0],[-2,-1],[-1,0],[-1,0],[0,0],[-2,0],[-1,0],[-1,2],[-1,-2],[-1,1],[-3,-1],[-1,-1],[-2,3],[0,1],[-1,0],[0,2],[0,0],[-1,1],[0,1],[-1,1],[-1,0],[-1,2]],[[5345,8854],[0,1],[1,2],[0,1],[0,3],[0,0],[1,2],[1,2],[-1,0],[-1,3],[1,3],[1,0],[2,2],[0,1],[1,2],[1,0],[1,1],[0,0],[0,2],[2,0],[0,0]],[[5355,8879],[1,0],[1,0],[0,1],[-1,0],[0,3],[0,1],[1,2],[1,2],[1,0],[0,1]],[[5359,8889],[1,0],[2,0],[1,1],[2,-1],[0,-1],[1,0],[1,0],[2,2],[1,0],[1,-1],[1,2],[1,0],[0,-2],[2,1]],[[5402,8892],[0,3],[0,0]],[[5402,8895],[0,2],[-1,1],[0,0],[0,1],[-1,0],[0,1],[0,1]],[[5400,8901],[0,2],[0,1],[0,1],[3,1],[1,-1],[0,0]],[[5404,8905],[3,0],[1,-1],[0,-1],[1,0],[2,0],[-1,2],[1,0],[0,-2],[2,0],[0,0],[0,-2],[1,-1],[0,-1],[1,1],[0,1],[1,0],[1,0],[0,-1],[1,0],[1,0],[0,-2],[0,-1],[0,-2]],[[5419,8895],[0,-1],[0,0],[1,-2],[-1,0],[-1,0],[0,-2],[1,0],[1,0],[1,0],[0,-1],[0,-1],[1,-1],[0,-1],[-1,-2],[0,0],[1,-1],[0,-1],[0,-1],[0,-2],[0,0],[1,-1],[1,0],[-1,-1],[-1,0],[-1,0],[-1,1],[-1,-1],[-1,0],[0,-2]],[[5418,8875],[-3,1],[0,-1],[-1,-1],[0,1],[0,1],[-2,1],[-1,0],[-2,0],[-1,0],[1,1],[1,0],[0,1],[-2,2],[-1,0],[0,1],[-2,1],[0,0],[-1,-1],[-2,-1]],[[5402,8881],[0,1],[-1,2],[1,0],[-1,1],[1,2],[0,1],[1,0],[1,2],[0,1],[-1,0],[-1,1]],[[5403,8858],[0,0],[-2,1],[-1,1]],[[5400,8860],[-1,1],[0,2],[-1,1],[0,1],[0,1],[0,2],[-1,1],[1,2],[1,0],[1,1],[0,2],[-2,0],[-1,-1],[-1,0],[-1,0]],[[5395,8873],[-1,1],[0,2]],[[5394,8876],[2,0],[1,1],[1,0],[0,0],[1,1],[0,1],[1,0],[1,1],[1,1],[0,0]],[[5418,8875],[4,-2],[0,-1],[0,-1],[0,-1],[0,-1],[0,-1],[0,-2],[0,-1],[-2,-1]],[[5420,8864],[-1,-1],[-5,0],[-1,0],[0,-1],[-1,-2],[-1,-1],[0,-1]],[[5411,8858],[0,0],[-2,0],[-1,-1],[-1,1],[-1,0],[-1,0],[-1,0],[-1,0]],[[5411,8858],[1,0],[2,-1],[1,-1]],[[5415,8856],[0,-1],[1,-2],[1,-1],[-2,-1],[1,-1],[1,-1]],[[5417,8849],[2,-1],[0,-1],[1,0],[2,-1],[1,1],[1,-1],[1,1],[1,0],[0,1],[1,0],[1,1],[2,0],[1,0],[0,-2],[1,-1],[1,-1],[0,-1],[2,-1],[0,-1],[1,0],[1,0],[0,-1],[1,-2],[-1,-1],[0,-1]],[[5437,8837],[-1,-1],[-1,1],[-1,1],[-1,-1],[-2,0],[-2,0],[-1,-1],[-1,1],[0,-1],[-1,-1],[-1,0],[-2,1],[0,0],[-1,-2],[-1,-2],[0,-1],[-1,-1],[-1,1],[-1,-1],[0,-1],[0,0],[-1,0],[-1,0],[-1,1],[-1,-3],[-1,-1],[-1,1],[1,-2],[-1,0],[-1,1],[-1,0],[-1,0],[-1,-1],[-2,-1],[-1,0]],[[5405,8824],[0,1],[-1,0],[-2,0],[-1,1],[-1,0],[0,2],[1,1],[0,1],[-1,0],[-1,0],[-1,1],[-2,0],[-1,0],[-1,0],[0,1],[-1,0],[-1,0],[-3,-1],[0,1],[-1,1],[-1,1]],[[5387,8834],[1,1],[-1,1],[1,2],[1,2],[0,2],[-1,0],[0,2],[0,0],[2,0],[0,1],[1,3],[-1,0]],[[5390,8848],[1,1],[1,2],[0,1],[0,0],[-1,3],[0,1],[-1,1]],[[5390,8857],[0,2],[-1,0],[1,1],[0,1],[1,1],[2,-1],[1,-1],[2,-1],[0,-1],[2,1],[1,0],[1,1]],[[5387,8834],[-1,1],[-1,0],[0,1],[-1,-1],[-1,0],[-1,-1],[-1,0],[-1,1],[-1,0],[0,-2],[-1,0],[0,-2],[1,-1],[-1,-1],[-1,-1],[-2,0],[-1,3],[-1,3],[0,2],[-1,0],[0,1],[-1,0],[0,2],[0,1],[-1,1],[-1,0],[-1,1],[1,2]],[[5377,8870],[1,0],[2,0],[2,0]],[[5382,8870],[2,0],[0,0],[2,0],[0,1],[0,0],[2,2],[3,1],[1,0],[0,-2],[1,1],[2,0]],[[5345,8854],[-1,-1],[-2,0],[-1,1],[-2,0],[0,0],[-1,0],[-1,0],[-1,1],[-1,1],[-1,0],[-1,-2],[-1,0],[-2,1],[0,1],[-2,2],[-1,0],[-1,1]],[[5326,8859],[0,2],[-1,2],[0,2],[0,0],[-1,1],[1,2],[-1,1],[0,1],[0,2],[1,0],[0,1],[1,0],[1,0],[1,0],[0,1],[0,2],[0,1],[0,0],[1,0],[2,0],[1,1],[1,0],[1,0],[1,1],[1,1],[1,0],[1,2]],[[5338,8882],[1,0],[0,-1],[1,0],[1,-2],[2,0],[0,1],[1,0],[1,1],[1,1],[1,1],[1,-1],[-1,-1],[2,-1],[0,1],[0,1],[1,0],[1,1],[1,-1],[2,0],[1,-1],[0,-1],[0,-1]],[[5377,8892],[0,1],[0,1],[1,0],[1,1],[1,0],[1,1]],[[5381,8896],[2,1],[0,-2],[1,-1],[-1,-1],[0,-1],[1,-1]],[[5384,8891],[1,-1],[1,1],[0,0],[1,0],[1,0],[0,-2],[0,0],[1,0],[1,1],[1,1],[0,1],[0,1],[1,0],[0,3]],[[5392,8896],[1,0]],[[5393,8896],[2,0],[1,0],[1,0],[0,-1],[0,-1],[0,-1],[2,0],[0,-1],[-1,-1],[1,-1],[1,-1],[1,0],[1,3]],[[5394,8876],[-1,1],[-1,1],[-1,2],[1,2],[0,1],[-1,1],[-1,0],[0,-1],[0,-2],[0,-1],[-1,0],[-2,1],[0,1],[-2,1],[1,-1],[-1,-3],[-1,0]],[[5384,8879],[1,-1],[1,0],[-1,-1],[0,-1],[0,-1],[-1,-2],[-1,-1],[-1,-2]],[[5359,8889],[0,1],[-1,2],[1,2],[0,1]],[[5359,8895],[1,1],[0,1],[0,1],[2,0],[0,1],[1,1],[1,0],[-2,3],[-1,1],[0,-1],[-1,0],[-2,1],[-1,0],[-1,1],[1,1],[1,1],[0,2],[1,0],[0,-1],[1,0],[1,1]],[[5361,8909],[0,1],[2,-1],[1,1],[1,-1],[1,1],[0,0],[0,1],[0,0],[2,1],[0,0],[2,0],[0,2],[1,1],[-1,1],[-2,1],[-1,0],[-2,1],[1,1],[-2,1],[-1,0],[1,0],[-1,3],[1,0],[0,1],[1,0],[1,2],[0,0],[2,1],[1,-1],[1,0],[-1,-1],[1,-1],[0,-1],[1,0],[1,-1],[0,-1]],[[5372,8921],[1,-1],[2,-2],[-1,-2],[0,0],[0,-2],[1,-1],[1,0],[1,-1],[1,0],[1,1]],[[5379,8913],[0,-2],[1,0]],[[5380,8911],[0,-2],[-1,1],[-1,-1]],[[5378,8909],[-1,-2],[1,-3],[1,-1],[0,0],[0,-2],[1,-1]],[[5380,8900],[0,-2],[1,-2]],[[5378,8909],[1,-1],[2,-1],[1,1],[1,1],[2,-1],[0,-1],[1,-1],[2,0],[1,-1]],[[5389,8905],[0,-1],[0,-2],[-2,1],[-1,0],[1,-2],[1,-1],[-2,-2],[-1,1],[0,-1]],[[5385,8898],[2,0],[0,-2],[0,0],[2,-1],[1,0],[1,2],[1,-1]],[[5393,8896],[-1,1],[1,1],[0,1],[1,0],[1,0],[0,1],[1,2]],[[5396,8902],[0,1],[1,1],[1,1],[0,-1],[0,-1],[-1,-1],[2,-1],[0,-1],[1,1]],[[5338,8882],[0,2],[1,0],[1,0],[-1,0],[0,2],[-1,0],[-1,0],[0,3],[1,0]],[[5338,8889],[0,1],[-1,1],[0,1],[-1,1],[2,0],[0,1],[1,0],[-1,2],[0,1],[1,0],[-1,2],[1,0],[1,-2],[1,0],[2,3],[0,1],[-1,1],[1,1]],[[5343,8903],[1,-1],[0,0],[2,0],[0,0],[1,1],[1,1],[1,1],[1,-1],[1,-2],[1,-1],[1,2]],[[5353,8903],[2,-3],[1,-1],[0,-1],[1,-1],[0,-2],[2,0]],[[5396,8902],[-1,0],[0,1],[0,0],[-3,0],[-1,0],[0,2],[0,1],[0,1],[-1,-1],[-1,-1]],[[5379,8913],[0,1],[1,0],[1,0]],[[5381,8914],[0,1],[-1,1],[1,0],[0,1],[-1,1],[0,1],[0,1],[0,1],[0,1],[0,2],[1,-1],[1,-1],[0,-2],[1,1],[1,0]],[[5384,8921],[1,0],[1,-2],[0,-1],[1,1],[-1,1],[1,1]],[[5387,8921],[1,-1],[1,0],[1,-1],[2,-1],[0,-2],[1,0],[1,1],[-1,2],[2,3],[2,-1]],[[5397,8921],[1,-2],[0,-1],[0,-1],[0,-1],[2,-2],[-1,-1],[1,-1],[-1,-1],[-1,-1],[1,-1],[0,0],[1,0],[1,-1],[0,-1],[3,-2]],[[5647,9607],[-1,0],[0,1]],[[5646,9608],[0,1],[1,2],[0,1],[0,0],[0,1],[-1,1],[0,2],[0,0],[0,1],[0,1],[-1,0]],[[5645,9618],[0,1],[-3,-1],[-1,2],[-1,-1],[0,1],[0,1],[0,1],[1,0],[0,1],[1,1],[1,0],[1,0],[-1,2],[0,1],[0,2],[0,1],[-1,2],[2,0],[4,-1],[0,0],[1,1],[0,1],[2,0]],[[5651,9633],[0,0],[1,-1],[-1,-2],[1,0],[1,-2],[0,-1],[1,0],[3,0],[1,-1]],[[5658,9626],[-1,-3],[2,-1],[2,0],[2,-2],[1,1],[1,-1],[-1,-1],[-2,-2],[1,-1],[0,-1],[2,-1]],[[5665,9614],[0,-2],[0,-1],[1,-1],[0,-1],[-1,-1],[0,-1]],[[5665,9607],[1,-2],[0,-1],[-2,0],[1,-2],[1,0],[1,-2],[-1,-1]],[[5666,9599],[-1,-1],[0,-1],[-1,-1],[1,-1],[-1,-1],[2,-1],[-1,-1],[0,-1],[-1,0],[0,-2],[0,-2],[-1,0],[-1,0],[-2,1],[-2,1],[-1,0],[-2,0],[0,-1],[-2,-2],[0,-1],[-1,0]],[[5652,9585],[-1,0],[0,2],[-2,0],[-1,0],[-2,2],[1,1],[-1,1],[0,1],[-1,1],[-2,3],[-1,1],[-3,1]],[[5639,9598],[0,1],[2,0],[0,1],[0,1],[1,2],[0,1]],[[5642,9604],[1,1],[1,0],[1,1],[2,0],[0,1]],[[5572,9596],[-3,1],[0,-1],[0,-1],[1,-1],[-2,-1],[-1,1],[0,-1],[-2,-1],[-1,3],[-1,1],[0,2],[-2,1],[-2,-1],[-2,1],[2,2],[1,1],[0,1],[1,1],[-1,1],[0,0],[-1,1],[2,3],[-1,1]],[[5560,9610],[2,1],[0,1],[2,1]],[[5564,9613],[2,1],[0,1],[2,0],[1,0],[1,0],[1,-1],[1,-1],[1,1],[-1,-2],[1,0],[1,1],[1,1],[3,-2],[0,-1],[1,1],[1,0]],[[5580,9612],[1,2],[1,1],[1,0],[2,-3],[1,-1],[2,0]],[[5588,9611],[1,-2],[1,-1],[0,-1]],[[5590,9607],[0,-1],[-1,-1],[-1,-2],[1,0],[0,-2],[-1,-1],[1,-1],[0,-2],[-1,-1],[-1,0],[1,-1],[-1,-1],[2,-1],[2,0],[0,0],[2,1],[1,-1],[0,0],[1,-2],[0,0],[0,-1],[2,-3],[0,-2],[1,-2],[-2,-1],[-1,0],[0,-2],[0,1],[-1,2],[-1,0],[-2,-2],[1,-2],[-1,-1],[0,-1],[0,-1],[1,-1],[-1,-2],[-2,1],[0,-2],[-1,-2],[0,0],[-1,-3],[0,-2],[0,-1]],[[5587,9564],[-1,-1],[-1,0],[-1,0]],[[5584,9563],[1,1],[0,1],[0,3],[1,2],[-1,2],[0,0],[-2,1],[0,-1],[0,-2],[-2,0]],[[5581,9570],[1,1],[-2,0],[0,2],[1,0],[1,1],[0,-1],[0,2],[-1,1],[-1,2],[-1,0],[-1,1],[1,0],[-1,1],[1,1],[-1,1],[-2,3],[0,1],[1,1],[-1,1],[-1,1],[0,0],[-1,2],[-1,-1],[-2,1],[0,1]],[[5571,9592],[1,2],[0,1],[0,1]],[[5599,9654],[1,2],[-1,1],[0,1],[1,2],[-1,0],[-1,0],[1,4],[-2,0],[0,0]],[[5597,9664],[1,1],[1,2],[0,0],[1,3],[1,-1]],[[5601,9669],[3,-1],[1,1],[2,1],[1,1],[2,-1],[2,0],[1,0],[1,2],[1,-1],[1,-1],[0,1],[1,0],[2,0],[1,0],[1,-2]],[[5621,9669],[0,-2],[0,0],[0,-2],[0,-1],[0,-1],[-1,0],[1,-1],[0,-1]],[[5621,9661],[1,-1],[-2,-2],[1,-2],[2,-1],[0,0],[3,-3],[0,0],[2,-2],[1,-1]],[[5629,9649],[0,-1],[-1,-1],[-1,0],[-1,0],[-1,-1],[0,-1],[-1,-1],[1,-1],[0,-1],[-1,0],[1,-2],[1,0],[1,-1],[0,-1],[-2,-1],[-1,0],[0,-1],[0,0],[1,-2],[-1,-2],[-1,-1],[-2,0],[0,1],[-1,-1],[0,-1],[-1,-1],[-2,2],[-1,0],[-1,-1],[-2,1],[-1,-2],[2,-1],[-2,-2],[0,0],[-1,-2],[-2,-1],[-1,-1]],[[5608,9622],[-1,0],[-1,0],[0,2]],[[5606,9624],[-1,3],[-3,-2],[0,0],[0,2],[-1,-1],[-1,1],[0,1],[0,1]],[[5600,9629],[-1,3],[-1,1],[2,1],[0,1],[-1,1],[1,1],[-1,0],[0,1],[-1,1],[-1,1],[2,3],[-1,0],[-1,1],[-1,1],[1,5]],[[5597,9650],[2,2],[-1,1],[1,1]],[[5633,9615],[1,0],[0,-1],[1,0],[1,0],[0,1],[1,1],[1,0],[0,-1],[1,-1],[1,0],[2,1],[0,1],[1,1],[1,-1],[0,1],[1,1]],[[5639,9598],[0,-2],[0,-1],[-2,0],[-1,0],[-1,0],[-1,0],[-1,-1],[-1,0],[-1,1],[0,1],[-1,2],[1,1],[1,1],[1,1],[-1,0],[-1,1],[0,1],[-2,-1],[0,1],[-2,0],[-1,1],[0,-1],[-1,2],[-2,0],[-1,-2],[-1,0],[0,-1]],[[5621,9602],[-2,0],[-1,-1],[-1,1],[0,-1],[-2,0],[0,0],[-1,0],[-1,-1],[-1,-1],[-1,0],[0,-1],[-2,1],[-1,0],[-1,-1],[-1,-1],[0,-1]],[[5606,9596],[-1,2],[0,1],[-1,1],[-1,0],[0,1],[-1,0]],[[5602,9601],[-1,1],[-1,0],[-2,1],[1,1],[-1,1],[-1,2]],[[5597,9607],[2,1],[0,0],[2,1]],[[5601,9609],[1,0],[1,1],[1,1],[0,1],[1,0],[1,-1],[2,0],[0,1],[-1,1],[-1,1]],[[5606,9614],[1,0],[0,3],[0,1],[1,1]],[[5608,9619],[2,-1],[1,-1],[1,1],[1,-2],[2,-1],[1,-1],[2,-2],[1,1],[1,-1],[0,-1],[2,1],[0,-1],[1,-1],[1,-1],[1,1],[1,1],[3,2],[-1,1],[1,1],[1,0],[0,-1],[3,1]],[[5620,9582],[1,-1],[-1,0],[0,-1],[0,-1],[2,0],[1,1],[2,-1],[1,0],[-1,-2],[0,-1],[2,-1],[0,-1],[2,-3],[-1,-1],[1,-1],[2,-1],[-1,-1]],[[5630,9567],[-1,1],[0,1],[-2,-1],[-2,0],[-1,-1],[-4,0],[0,1],[-1,-1],[0,-1],[0,-2],[-1,-1]],[[5618,9563],[0,0],[-2,-1],[-2,2],[-1,1],[-1,1],[1,2],[-1,1],[-2,0],[0,-1],[0,0],[1,-3],[-1,0],[-1,0],[0,2],[-2,0],[-1,0],[-1,-2],[0,-1],[0,0],[-1,-1],[-3,0],[0,2],[-3,0],[0,0],[0,-2],[-1,0],[-1,1],[-1,-1],[0,0],[-1,1],[0,1],[-2,-2]],[[5592,9563],[-2,1],[-1,-1],[-2,1]],[[5590,9607],[2,0],[1,-1],[1,1],[0,-1],[1,-1],[1,0],[0,1],[1,1]],[[5606,9596],[3,-1],[0,-2],[-2,0],[0,-3],[-1,-1],[-1,-1],[0,-1],[1,0],[1,-1],[1,-1],[2,-1],[0,0],[1,4],[0,1],[2,-1],[0,-2],[1,-1],[1,-1]],[[5615,9584],[0,-1],[1,-1],[1,0],[1,1],[0,0],[1,-1],[1,0]],[[5608,9619],[0,1],[1,0]],[[5609,9620],[-1,2],[0,0]],[[5629,9649],[1,0],[1,0],[2,-1],[1,0],[1,-1],[2,1]],[[5637,9648],[1,-1],[0,-1],[2,-1],[0,2],[1,1],[1,1],[1,0],[1,0],[3,0],[1,0]],[[5648,9649],[-1,0],[0,-1],[2,-1],[1,0],[0,-1]],[[5650,9646],[1,-2],[-1,-1],[-1,0],[0,-2],[0,-2],[0,-1],[-2,-1],[-1,0],[1,-1],[3,-2],[1,-1]],[[5560,9610],[-2,1],[-1,1],[1,1],[0,1],[-2,1],[0,2],[-2,0],[1,2],[-1,1],[-1,1],[-1,2],[-2,1],[-1,0]],[[5549,9624],[-1,1]],[[5548,9625],[1,1],[0,0],[3,1],[1,-1],[2,2],[0,0],[0,1],[-1,2],[-1,-1],[-1,2],[0,2],[2,1],[0,1],[2,0],[2,0],[0,-1],[1,-3],[2,2],[0,3],[1,1]],[[5562,9638],[1,-1],[1,0],[0,-1],[1,1],[1,0],[2,1],[0,-1],[1,-1]],[[5569,9636],[2,1],[2,0],[0,3],[4,-1]],[[5577,9639],[0,-1],[1,-1],[1,1],[0,-1],[1,0],[1,0],[-1,-1],[1,-2],[0,-1],[-1,-2],[0,-1],[2,-2],[0,-1],[1,0],[1,1],[1,-2],[2,-1],[2,2],[1,1],[1,0],[1,-2],[1,-1],[2,-1],[0,-1],[1,-1],[0,-1],[1,-1],[1,-1]],[[5598,9619],[-1,-1],[-2,-1],[-3,-2],[0,-1]],[[5592,9614],[-2,-1],[-1,-1],[-1,-1]],[[5548,9625],[-2,-1],[-1,-2],[-1,2],[-1,1],[0,2]],[[5543,9627],[1,2],[-1,1],[0,1],[-1,0],[0,2],[1,0],[0,2],[-1,2],[-1,2],[0,0],[1,1],[2,0],[1,1],[0,0],[-1,3],[-1,2]],[[5543,9646],[1,0],[1,0],[2,0],[0,0],[1,1],[1,1],[0,2],[-1,2]],[[5548,9652],[1,1],[1,1],[2,0],[-1,2],[3,1],[0,1],[1,0]],[[5555,9658],[1,-1],[0,-1],[1,0],[1,-2],[0,0],[1,-1],[1,-1]],[[5560,9652],[0,1]],[[5560,9653],[1,0],[1,-1],[0,-1],[0,-3],[0,-1],[1,0]],[[5563,9647],[-2,-1],[-1,-4],[1,-1],[-1,-1],[1,-2],[1,0],[0,0]],[[5652,9585],[-1,-1],[-1,0],[-1,0]],[[5649,9584],[3,-1],[1,-1],[1,-2],[1,-1],[-1,-1],[-1,-2]],[[5653,9576],[0,0],[-3,-1],[0,1],[-1,-1],[-1,1],[-2,0],[0,1],[-4,0],[-1,-2],[-1,0],[0,-2],[-1,1],[0,-1],[1,-2],[0,0],[1,-2],[-1,-1],[-2,1],[-1,-1],[-2,0],[-2,-1],[-1,0],[-1,0],[-1,0]],[[5606,9614],[-1,0],[-1,1],[0,0],[-2,1]],[[5602,9616],[1,0],[0,2],[-1,0],[-1,0],[-1,-2]],[[5600,9616],[0,1]],[[5600,9617],[-1,1],[-1,1]],[[5577,9639],[0,0],[1,5]],[[5578,9644],[1,0],[2,1],[1,2],[0,1],[-1,0],[0,2],[0,0],[0,2],[0,0],[0,1],[1,0],[1,0]],[[5583,9653],[2,-1],[0,4],[1,0],[0,1],[3,-1],[0,2],[1,2],[2,0],[-1,0],[1,3],[1,1],[0,0],[2,0],[1,0],[1,0]],[[5600,9617],[-3,-2]],[[5597,9615],[-1,0],[-2,0],[-2,-1]],[[5563,9647],[1,0],[1,0],[1,0],[1,0],[1,-1],[0,1],[2,0],[2,-1],[1,0],[1,0],[1,0],[1,0],[2,-2]],[[5597,9615],[0,-1],[1,0],[1,-1]],[[5599,9613],[-2,0],[0,0],[-1,0],[-4,0],[0,1]],[[5601,9609],[0,1]],[[5601,9610],[-1,1],[1,1],[1,0],[1,1],[-1,1],[0,2]],[[5602,9616],[-1,0],[-1,0]],[[5599,9613],[0,-1],[0,-1],[2,-1]],[[5471,8915],[-3,-2],[0,0],[-1,2],[-1,0],[0,1],[-1,1],[0,-2],[0,-1],[0,-2],[0,-1],[-1,0],[-1,1],[0,2],[-1,1],[1,0],[0,1]],[[5463,8916],[0,0],[0,3],[-2,0],[0,0],[0,1],[-2,0],[0,1],[0,0],[0,2],[0,0],[-1,2],[-1,0],[-1,0],[0,1]],[[5456,8926],[1,0],[-1,2],[0,1],[1,1],[0,0],[2,1],[1,1],[0,1],[1,0],[-1,2],[1,0],[1,3],[1,0],[-1,1],[1,1],[0,1],[0,1],[0,1]],[[5463,8943],[2,0],[1,-1],[1,0],[0,0],[2,0],[2,-1]],[[5471,8941],[1,0],[0,-1],[2,0],[0,-1],[-1,-1],[-1,0],[-1,0],[-1,-1],[0,-2],[0,-2],[0,0],[-1,-2],[0,0],[1,-2],[0,1],[3,-1],[0,-2],[1,-1],[0,-2],[1,0],[1,-1],[0,-1],[0,1],[1,1],[1,0],[1,-1],[1,1],[0,1],[1,1],[1,1],[0,1],[1,-2],[0,0],[0,-1],[0,-1],[0,-2],[0,-1]],[[5483,8921],[1,-2],[-2,-1]],[[5482,8918],[-2,-2],[-1,-2]],[[5479,8914],[-1,0],[-1,0],[0,0],[-1,-2],[0,0],[0,-1],[-1,0],[0,2],[-1,1],[-3,1]],[[5410,8927],[0,2],[-1,1],[-2,0]],[[5407,8930],[1,1],[-1,1],[0,1],[-1,2],[1,1],[-1,0],[1,1],[1,1]],[[5408,8938],[0,2],[0,1],[2,0],[0,2],[1,0],[0,1],[2,-1],[-1,-1],[2,0],[0,-2],[1,0],[-1,-2],[1,-1],[1,1]],[[5416,8938],[1,3],[1,1],[1,-1],[1,1],[0,-1],[0,-1]],[[5420,8940],[1,-1],[-1,-1],[2,-1],[1,-1],[1,-1],[2,0],[1,0],[1,-2],[0,-1],[1,-1],[1,0],[0,-1],[1,-1],[-1,-1],[1,-2],[0,-1]],[[5431,8925],[-1,-2],[-1,0],[0,-1],[-2,0],[-1,0],[-1,0],[0,1],[-1,-1],[-1,0],[-1,1],[-1,-1],[0,-2],[-1,0],[-1,-1],[-1,-1],[-1,0],[0,1],[-1,0],[-1,0],[0,2],[-2,2],[0,0],[0,1],[-2,-2],[-1,0],[0,1],[0,2],[1,1],[-1,1]],[[5432,8893],[2,0],[0,1],[1,-1],[1,1],[-1,1],[1,1],[1,-1],[2,0],[1,1],[0,2],[0,0],[1,1],[-1,1],[1,1],[1,-1]],[[5442,8900],[1,-1],[0,1],[2,0],[0,-1],[2,0],[1,0],[1,1]],[[5449,8900],[1,-1],[0,-1],[2,0],[0,0],[1,2],[1,1],[1,-2],[1,0],[0,-2],[1,1],[2,1],[2,0]],[[5461,8899],[1,-2],[-2,-1],[-1,0],[-1,-1],[1,-1],[1,-2],[1,-1],[0,-1],[2,0],[0,-1],[0,-1],[0,-1]],[[5463,8887],[-1,0],[0,-1],[-2,0],[0,-2],[-1,-1],[-1,-1]],[[5458,8882],[-1,0],[0,2],[-2,1],[0,0],[-1,0],[-1,-1],[-2,0],[0,-3],[0,-1],[0,0],[-1,-1],[-1,1],[-1,-1],[-1,1],[0,-1],[-2,0],[0,0],[-1,-2],[0,1],[-1,2],[0,0],[-1,1],[1,2],[0,2],[-1,0],[-1,-1],[-2,1],[-1,-1],[0,-1],[1,-1],[0,-1],[-2,-2],[-1,0],[0,-2],[-2,-1],[0,0],[-1,0],[-3,-1],[0,1],[0,0],[0,1],[0,1],[0,1],[1,0],[0,2],[0,1],[0,2],[1,0],[-2,2],[0,1],[0,1],[-1,0],[0,1]],[[5429,8889],[1,3],[-1,1],[1,2],[1,-1],[0,-1],[1,0]],[[5397,8921],[1,1],[0,1],[1,1],[-1,1],[2,1],[1,0],[0,2],[-1,1]],[[5400,8929],[0,1],[1,0],[1,1],[0,0],[2,-1],[0,0],[1,1],[1,-1],[1,0]],[[5431,8925],[1,0],[1,-1],[0,-1],[1,0],[0,-2],[1,-1],[-1,-1],[1,-1],[0,-2],[0,0],[-1,-1],[-1,0],[-1,-2],[-2,0],[0,-1],[1,-1],[1,-2]],[[5432,8909],[0,-1],[0,-1],[1,0],[1,0],[0,1],[1,-2],[1,0],[0,-1],[1,-1],[2,0],[2,0],[0,2]],[[5441,8906],[1,-1],[1,1],[-1,-2],[0,-1],[0,-3]],[[5429,8889],[-1,1],[-2,1],[1,1],[-1,1],[0,0]],[[5426,8893],[-1,1],[-1,0],[-1,2],[0,0],[0,-1],[-2,0],[-2,0]],[[5444,8912],[1,0],[1,0]],[[5446,8912],[0,-1],[1,-1],[0,-2],[1,0]],[[5448,8908],[0,-2],[-1,0],[0,-1],[-1,0],[2,0],[1,-3],[0,-1],[0,-1]],[[5441,8906],[0,1],[0,2],[1,0],[0,2],[1,0],[1,1]],[[5459,8874],[-1,0],[0,1],[0,2],[0,1],[-2,1],[1,1],[1,2]],[[5463,8887],[1,1],[0,1],[1,1]],[[5465,8890],[1,-1],[-1,-1],[2,0],[0,0],[3,0],[1,2],[1,0],[0,2],[1,0],[-1,2],[0,0],[-2,1],[-1,0],[0,1],[1,1],[1,-1],[1,1],[2,3],[1,2],[1,1]],[[5476,8903],[3,1],[1,0]],[[5480,8904],[-1,2],[1,2],[0,1]],[[5480,8909],[1,-1],[1,-1],[1,0],[1,0],[0,-1],[1,0],[1,-1],[0,0],[2,0],[1,0],[-1,1],[0,1],[1,2],[1,0],[1,0],[1,0],[1,-1],[0,-1],[1,0],[-1,-2],[0,-1],[1,0],[0,0]],[[5494,8904],[0,-2],[1,-1],[1,0],[0,-2],[0,-1],[1,-2],[1,0]],[[5498,8896],[1,0]],[[5499,8896],[0,-2],[-2,-1],[0,-2],[-1,-1],[1,0],[0,-1],[0,-1],[3,-2],[-2,-4],[2,-5],[-1,0],[-1,-2],[0,0],[-1,-3]],[[5497,8872],[-1,-1],[-2,0],[-2,-2]],[[5492,8869],[-2,0],[-2,-3],[-1,-3],[-1,-3],[-2,0],[0,0],[-2,0],[-1,0],[-1,1],[-3,-1],[-1,1],[-1,-1],[-3,1],[-1,1],[-1,0],[-2,-1],[-1,1],[-1,0],[0,0]],[[5466,8862],[-2,3],[-1,3],[1,1],[0,1],[-1,0],[0,1],[-1,3],[-2,0],[-1,0]],[[5420,8940],[2,0],[0,-1],[1,1],[1,0],[1,1],[1,0],[1,1],[-1,1]],[[5426,8943],[1,0],[1,-1],[1,-4],[2,0],[0,-1],[0,1],[1,-1],[1,1],[1,0],[1,1],[1,1],[1,0],[1,1],[1,-3],[2,-2],[2,3],[0,1],[-1,1],[0,1],[1,2],[1,0],[0,1],[1,1],[0,1],[1,-1],[1,-2]],[[5447,8944],[1,-2],[0,-1],[-2,-1],[1,-1],[2,-3],[-1,-2],[1,0],[0,-1],[0,-3],[-2,1],[0,0],[0,-1],[1,-2],[0,-2],[-2,1],[-1,0],[1,-2],[0,-1],[0,-2],[0,-1],[0,-1],[0,-1],[1,0],[0,-1],[0,-1]],[[5447,8917],[-1,-1],[-1,-1],[2,0],[-1,-1],[-1,-1],[1,-1]],[[5466,8862],[-2,0],[0,-1],[-2,0]],[[5462,8861],[-5,1],[-1,0],[-1,0],[-3,-1],[-1,-1],[1,-3],[0,-1],[0,0],[0,-3],[0,-1],[1,-1],[0,-1],[0,-1],[0,-1],[1,-2],[-1,-1],[0,0],[-2,-2]],[[5451,8843],[-2,0],[-1,-1],[-2,0],[0,1],[0,-1],[-1,-1],[-1,-2],[-1,-1],[-1,0],[-2,-1],[0,-1],[0,-1],[-2,0]],[[5438,8835],[-1,2]],[[5447,8944],[2,1]],[[5449,8945],[1,-1],[1,0],[1,-1],[1,0],[1,-2],[1,0],[1,0],[1,0],[1,0],[0,1],[1,0],[1,1],[2,0],[1,0]],[[5463,8916],[-1,0],[-1,1],[-1,0],[0,-1],[-1,0],[-1,0],[0,0]],[[5458,8916],[-1,0],[-3,0],[-1,-1],[-1,0],[-1,0],[-1,1],[-1,-2],[-2,3]],[[5499,8928],[2,-1],[0,1],[2,-1],[1,-1],[1,0],[2,1],[2,0],[-1,-1],[1,-2],[0,-2],[0,0]],[[5509,8922],[-1,-2],[-1,1],[-1,-1],[-1,-2],[2,-1],[-1,-1],[2,0],[0,-1]],[[5508,8915],[-1,-1],[-1,0],[-1,-2],[-1,0],[-1,0],[-2,1],[0,-1]],[[5501,8912],[-1,1],[0,1],[-1,0],[0,-1],[-2,0],[-1,1],[-1,-3]],[[5495,8911],[-2,2],[-1,0],[-1,1],[1,2],[-2,0],[-1,2],[0,1]],[[5489,8919],[0,1],[1,1],[0,2],[1,1],[1,1],[1,1],[-1,1],[0,0],[1,1],[1,-1],[1,1],[2,1],[0,1],[0,3],[-1,2],[1,1]],[[5497,8936],[0,-1],[2,-1],[0,-2]],[[5499,8932],[0,-2],[-1,-1],[1,-1]],[[5487,8918],[2,1]],[[5495,8911],[0,-1],[2,-1],[-1,-1],[-1,-1],[-1,-2],[1,0],[-1,-1]],[[5480,8909],[-1,0],[0,1]],[[5479,8910],[1,2],[0,1],[-1,1]],[[5483,8921],[1,0],[2,-1],[1,-2]],[[5519,8910],[-1,-3],[-3,0],[-1,1],[-1,1],[0,2],[1,0],[0,1],[-1,1],[-2,2],[0,1],[-2,-1],[-1,0]],[[5509,8922],[2,0],[2,0]],[[5513,8922],[2,-3],[0,0],[1,0],[2,-1],[0,1],[2,0]],[[5520,8919],[1,-1],[-1,-1],[2,-1],[1,1],[1,0],[1,1],[0,-1],[1,-1],[3,-4]],[[5529,8912],[-1,0],[-3,-4],[-1,-2],[0,1]],[[5524,8907],[-1,0],[-2,1],[0,2],[-1,1],[-1,1],[0,-2]],[[5461,8899],[-1,2],[1,1],[0,0],[-1,1],[-2,0]],[[5458,8903],[0,1],[0,1],[1,2]],[[5459,8907],[0,1],[0,1],[1,1]],[[5460,8910],[-2,1],[0,1],[0,0],[-1,1],[1,1],[0,1],[0,1]],[[5509,8895],[-2,0],[0,1],[-1,1],[-1,1],[0,0],[-2,1]],[[5503,8899],[-1,0],[1,2],[1,1],[1,-1],[1,2],[2,0],[1,-8]],[[5515,8891],[0,0],[-2,-1],[-1,1],[-1,1]],[[5511,8892],[-1,1],[1,3],[0,2],[1,1],[1,1],[1,1],[1,0],[2,4],[2,-1],[1,-1],[1,-1]],[[5521,8902],[0,0],[-2,-3],[0,-1],[-2,-3],[-2,-4]],[[5501,8912],[0,-1],[2,0],[1,0],[0,-2],[0,-1],[0,-3],[-1,0],[-2,1],[-1,-1],[0,-1],[0,-1],[-2,-1],[1,-2],[-1,-1],[1,-2],[-1,-1]],[[5459,8907],[-1,0],[-2,2],[0,0],[-1,0],[-2,0],[-1,-2],[0,0],[0,1],[-1,1],[-1,-1],[-1,0],[0,-1],[-1,1]],[[5509,8895],[1,-3],[1,0]],[[5515,8891],[-1,-5],[-2,-6],[0,-2],[-1,-4],[1,-1],[1,0],[0,-1],[0,-5],[-1,-2],[0,-4]],[[5512,8861],[-3,2]],[[5509,8863],[-2,2],[-1,0],[-2,1],[-3,1],[-1,2],[-1,0],[-1,1],[0,1],[-1,1]],[[5499,8896],[0,2],[1,1],[3,0]],[[5524,8907],[-1,-1],[-1,-2],[-1,-2]],[[5485,9068],[-2,0],[0,-1],[-2,-1],[-1,0]],[[5480,9066],[-1,2],[-1,1],[0,0],[0,2],[0,1]],[[5478,9072],[1,1],[-1,0],[-1,0],[-2,1],[0,3],[-1,-2],[-1,1],[-2,1]],[[5471,9077],[0,2],[-1,0],[0,1],[1,0],[1,1],[0,0],[1,0],[1,3],[0,2],[-1,1],[0,1],[0,2],[0,0],[1,3]],[[5474,9093],[-1,1],[1,1],[1,0],[1,0],[1,-1],[0,0],[0,-2],[1,-1],[0,2],[2,-2],[0,2],[1,1],[1,-1],[1,0],[1,0],[1,-1],[-2,0],[1,-1],[0,-2],[1,-1],[1,0],[1,-1],[1,-1],[1,1],[0,2],[2,0]],[[5491,9089],[0,-1],[1,1],[1,-2],[1,-1],[1,-2],[-1,-1],[1,-1],[-2,-1],[0,0],[-1,1],[-2,-1],[-1,1],[-2,0],[0,-1],[1,-2],[0,-1],[0,-1],[-1,-1],[0,-3],[0,-1],[0,-2],[0,-3]],[[5487,9067],[-1,1],[-1,-1],[0,1]],[[5517,9039],[-2,0],[-1,1],[0,2],[-1,0],[-2,1]],[[5511,9043],[0,2],[1,1],[2,0],[1,0],[1,1],[0,0],[1,1],[2,-1],[0,-1],[0,-1],[-1,-1],[1,-1]],[[5519,9043],[-1,-2],[1,0],[-1,-1],[0,-1],[-1,0]],[[5528,9019],[0,3],[-1,2],[1,2]],[[5528,9026],[0,0],[1,1],[0,1]],[[5529,9028],[0,2],[-1,1],[0,1],[1,0],[2,2]],[[5531,9034],[1,-1],[1,-3],[1,1],[1,1],[1,0]],[[5536,9032],[0,-1],[1,-2],[1,-1],[0,0],[1,1],[1,-1],[1,1],[0,0],[1,-1],[1,-1],[1,0],[2,-3]],[[5546,9024],[-1,-1],[-1,0],[-1,-1],[-1,0],[-1,-1],[-1,-1],[-1,0],[0,2],[-1,0],[0,-1],[0,-1],[-2,-1],[0,-2],[1,0],[0,-2],[-1,-1],[-1,0],[-1,0],[1,1],[0,2],[-1,-1],[-3,1],[0,0],[-1,-1],[-1,0],[-1,3],[0,0]],[[5440,9100],[0,-1],[1,-1],[0,-2],[-1,0]],[[5440,9096],[0,-1],[1,-1],[0,0],[1,-1],[0,0],[1,-1],[1,-1],[0,0],[1,-1],[1,0],[0,-1],[1,-1],[0,0],[0,-1],[0,-1],[0,-1],[0,-1],[0,0],[0,-1],[1,-1],[0,-1],[-1,0],[-1,-1],[-1,0],[0,2],[-1,0],[0,0],[-1,-1],[-1,0]],[[5442,9081],[-1,1],[0,1],[1,1],[-2,0],[-1,1],[-1,2],[-1,0],[0,-1],[-1,1],[-1,-1],[-1,0],[-1,1],[0,-1],[-1,-1],[-1,0],[0,-1],[-2,1],[0,1],[0,1],[0,1],[0,1],[0,1],[-2,-1],[0,-1],[-1,1],[-2,1],[0,0],[0,-1],[0,-1],[-1,1],[-1,1],[-1,0],[-1,0],[0,1],[-1,1]],[[5419,9092],[1,1],[1,1],[0,2],[1,1]],[[5422,9097],[0,0],[2,1],[1,0],[1,0]],[[5426,9098],[0,1],[0,1],[0,0],[2,2],[1,-1],[-1,-2],[1,0],[0,2],[1,1],[1,-1],[1,-1],[1,0],[1,1],[0,-1],[2,0],[2,3]],[[5438,9103],[1,0]],[[5439,9103],[-1,-2],[2,0],[0,-1]],[[5439,9103],[0,-1],[1,1],[0,1],[1,0],[0,2]],[[5441,9106],[1,1],[-1,1],[0,2],[1,1],[1,0],[2,0],[1,1],[0,0],[2,1],[1,-1],[2,1]],[[5451,9113],[1,-1],[0,-1],[1,-2],[1,1],[2,1],[1,-1],[1,0],[1,0],[0,0],[1,-1],[1,2],[2,-1]],[[5463,9110],[1,0],[0,-2],[2,-1],[0,-2],[0,-1],[0,-2],[1,0],[1,0],[0,-1],[0,-1],[1,0],[1,-1],[1,-2]],[[5471,9097],[-2,0],[-1,-1],[0,0],[-1,1],[0,-1],[-2,1],[0,0],[-2,0]],[[5463,9097],[-1,-1],[-1,-1],[-2,1],[0,-1],[-1,0],[0,-1],[-1,-1],[0,-2],[-1,-1],[-1,0]],[[5455,9090],[0,2],[-1,2],[0,2],[0,2],[-1,0],[-1,2],[-1,0],[-1,1],[-1,0],[-1,0],[-1,-2],[1,0],[-1,0],[0,-1],[0,-2],[-1,0],[-2,1],[0,0],[-1,-1],[-2,0],[0,-1],[-1,1]],[[5487,9067],[1,1],[1,0],[1,0]],[[5490,9068],[3,-1],[2,0],[2,1],[2,0],[0,-1],[1,-1]],[[5500,9066],[2,-1],[1,-1],[1,-1],[1,-1],[1,-1],[1,0],[1,-1],[1,0],[0,-1],[-1,-1],[1,-1],[1,0],[0,-2],[-1,1],[-1,0],[0,-2],[0,0],[1,-2],[1,0],[1,-2],[-1,-1],[-1,-2],[-2,0],[0,0],[0,-1],[-2,0],[0,1],[-2,0],[-1,1],[-1,0],[-1,0],[1,-2],[0,0],[-2,1],[-1,-3],[0,-1],[-1,0],[1,-1],[-1,-1],[-1,-2],[0,0],[0,-2],[-1,-2],[-1,1],[0,1],[-1,0],[-2,1],[0,-1],[-1,-2],[0,-1],[1,-1],[0,0],[-1,-2],[1,-2],[1,1],[2,0],[1,0],[1,0],[1,-1],[2,0],[0,1],[1,1],[1,-1],[0,1]],[[5501,9031],[1,-1],[0,-1],[1,-1],[0,-1],[0,-1],[1,0]],[[5504,9026],[-1,0],[1,-1],[-1,0],[0,-2],[0,-1],[-1,-1],[-2,0],[-1,1],[-1,0],[-1,-1],[0,1],[-1,0],[-1,-1],[0,0],[-1,1],[0,-1],[-3,1],[-1,0],[-1,-1],[-1,0],[-1,-1],[1,-1],[-1,1],[0,1],[0,1],[-1,-1],[-1,-1],[-1,0],[-1,-1],[-2,2],[-1,-1],[-2,0],[0,-1]],[[5478,9019],[-2,1],[-1,2]],[[5475,9022],[1,2],[-1,1],[0,1],[0,1],[-1,0],[-1,0],[-1,1],[1,1],[2,0],[0,1],[2,1],[2,1],[0,0],[1,3],[-1,0],[0,1],[-1,1],[1,1],[-1,1],[0,0],[0,1],[-1,2],[2,1],[0,1],[0,1],[1,-1],[1,0],[2,0],[1,2],[1,1],[1,-1],[1,0],[-1,3],[-1,1],[-2,1],[-2,1],[-2,-1],[-1,0],[0,-1],[-1,2],[-1,1],[-1,-1],[-1,1],[0,1],[-1,1],[-1,2]],[[5472,9057],[1,0],[1,0],[1,-1],[2,1],[1,0],[1,1],[1,2],[0,1],[1,0],[2,4],[-3,0],[0,1]],[[5442,9081],[-1,0],[-1,0],[1,-4],[1,1],[0,-1],[1,-2]],[[5443,9075],[-1,0],[-1,0],[0,-1],[0,-3],[-1,0],[0,-1],[0,-1],[-1,1],[-1,0],[0,1],[0,1],[-1,0],[-1,-1],[-2,1],[-1,0],[0,-1],[-1,-1],[-1,1],[-1,0]],[[5430,9071],[0,1],[-1,1],[-1,1],[1,1],[-1,0],[-1,-1],[-2,0],[0,-1],[-2,-1],[-1,-1],[0,-1],[0,-1],[-1,-1],[0,1],[-1,-1],[0,-1],[-1,1],[-1,0],[-1,-1],[0,0],[-1,-1],[-1,0],[-2,1]],[[5413,9067],[0,1]],[[5413,9068],[1,1],[1,1],[0,-1],[1,1],[-1,1],[-1,1],[0,1],[-1,2]],[[5413,9075],[-1,1],[1,1],[-1,2],[0,1]],[[5412,9080],[0,0],[-2,1],[0,1],[0,3],[0,1],[0,1],[0,1],[1,0],[2,0],[0,0],[0,2],[1,1],[1,0],[0,-1],[0,-2],[1,0],[0,1],[0,1],[0,1],[1,0],[1,1],[1,0]],[[5455,9090],[-2,-1],[1,-1],[1,-1],[0,-1],[0,-1],[1,0],[1,-1],[1,-1],[1,-1],[-1,-1],[-1,-2],[-1,1],[-1,-1],[-1,0],[0,-1],[1,1],[0,-2],[1,-1],[1,-1],[-1,-2],[1,-2]],[[5457,9071],[-1,0],[-1,1],[-1,0],[0,0],[-1,1],[-2,1],[-1,-1],[0,0],[-1,0],[0,-1],[-1,1],[0,-1]],[[5448,9072],[-1,0],[-2,0],[0,1],[0,0],[-2,0],[1,1],[-1,1]],[[5503,8979],[-1,1],[0,2],[0,1],[-1,1],[1,1],[-2,0],[-3,0],[-1,1],[-1,1],[-2,0],[0,1],[0,0],[-3,-1],[0,-2],[-3,-1],[-1,0],[-1,1],[-2,1],[-1,0],[-1,0],[-2,2],[0,0],[-2,3],[-1,1],[-1,1],[0,2],[-1,0],[0,1]],[[5474,8996],[-1,0],[0,1],[-1,2],[-1,0],[0,1]],[[5471,9000],[0,2],[0,1],[1,1],[0,1],[-1,1],[-1,0],[0,1],[0,1],[0,2],[0,1],[-1,0],[0,1],[-1,0],[-2,1]],[[5466,9013],[0,2],[1,0],[0,1],[1,1]],[[5468,9017],[1,1],[1,1],[0,1],[1,-1],[1,2],[1,1],[1,0],[0,0],[1,0]],[[5478,9019],[1,-1],[1,0],[-1,-2],[1,-1],[1,-1],[1,0],[1,-2],[2,0],[1,-1],[0,-2],[1,0],[1,-1],[1,0],[1,0],[2,-1],[2,0],[2,1],[1,0],[1,1],[0,-1],[1,-2],[1,0],[0,-1],[2,0],[2,-2],[0,-3],[1,0],[1,0],[0,-1],[1,2],[2,1],[0,2],[0,1],[0,1],[1,0],[1,1],[-1,1],[-1,1],[0,1],[-2,0],[-1,-1],[-1,1],[1,1],[-1,0],[-1,0],[0,1],[2,0],[1,1],[1,2],[0,-1],[2,1],[1,-1],[1,0],[0,1],[0,1],[-1,0],[0,2],[1,0],[1,0],[1,0],[0,2],[1,1],[0,0],[0,2],[0,1],[0,1]],[[5515,9025],[0,0],[1,1],[0,1],[1,0]],[[5517,9027],[0,-1],[2,-1],[2,-1],[1,0],[2,3],[0,1],[2,-1],[1,-1],[1,0]],[[5546,9024],[0,-1],[0,-2],[-2,-1],[-1,-3],[-2,-1],[-1,1],[0,-2],[-1,-1],[-1,-2],[0,0],[1,-2],[0,-1]],[[5539,9009],[-2,-1],[0,-1],[0,-1],[-2,0],[0,0],[-2,1],[-1,-1],[0,1],[-1,0],[-1,-1],[0,-2],[-1,0],[-1,-1],[0,-2],[1,-1],[1,-1],[-1,-1],[-1,-1],[0,0],[-1,-1],[-1,-1],[-1,0],[-1,0],[-2,1],[-1,-1]],[[5521,8995],[-2,1],[-1,1],[-2,1],[-2,0],[-1,0],[0,-2],[0,-1],[-1,-1],[1,-2],[0,-1],[1,-2],[1,0],[-1,-1],[-1,-1],[0,-2],[0,0],[0,-1],[0,-1],[0,-1],[1,-1],[-1,-1],[0,-1],[-1,0],[-1,0],[-1,0],[-2,1],[-1,1],[-1,-1]],[[5506,8980],[-1,0],[-1,-1],[-1,-1],[0,1]],[[5468,9017],[0,2],[-2,0],[-1,1],[0,2],[0,1],[-1,2],[-1,0],[-1,1],[0,2],[-1,1],[-1,-1],[-2,1],[0,2],[-1,1],[0,1],[-1,1],[0,0]],[[5456,9034],[1,1],[0,1],[-1,1],[0,1],[2,-1],[0,-1],[1,0],[1,0],[0,0],[1,1],[0,1],[1,1],[-1,1],[1,1],[-1,1],[1,0],[2,0],[0,0],[1,1],[0,1],[-1,0],[0,2],[1,0],[0,0],[-1,1],[0,1],[0,2],[-2,0],[0,-1],[0,1],[1,3],[0,0],[2,1],[2,3],[-1,1],[0,3],[-1,1],[0,1],[0,0]],[[5465,9063],[1,-1],[1,-1],[2,0],[1,-2],[1,0],[0,-2],[0,-1],[1,1]],[[5448,9072],[-1,-2],[0,-2],[-1,-1],[0,-1],[0,-1],[-1,-1],[1,-1],[-1,-1],[0,-1],[-1,-3],[0,-1],[0,-2],[0,-2],[0,-1],[1,1],[0,-2],[1,-1],[1,-1],[-1,-2],[0,-1],[1,-1],[1,1],[1,-1],[0,-1],[0,-1],[-1,-2],[-1,0]],[[5447,9041],[-1,0],[-3,-1],[-1,0],[-1,0],[-1,0],[-1,0],[0,1],[1,0],[1,0],[0,1],[2,0],[0,1],[-1,1],[-1,1],[-1,-2],[-1,2],[0,1],[-1,0],[-1,0],[0,1],[-1,0],[0,2],[-1,0],[-1,-1],[-1,0],[-1,0],[0,-2]],[[5432,9046],[0,0],[-1,1],[-1,-1],[-1,0],[0,1],[-1,0],[0,-2],[0,0],[-1,-1],[-1,0],[0,-1],[-2,-1],[-2,0]],[[5422,9042],[1,1],[-2,0],[0,2],[1,0],[-1,1],[-2,1],[-1,-1],[0,-2],[-1,2],[1,1],[-1,0],[-1,0],[0,0],[-1,1],[0,1],[-1,1],[0,0],[1,0],[1,1],[2,4],[0,0],[1,-1],[1,0],[0,1],[0,1],[0,2],[1,1]],[[5421,9059],[0,1],[1,1],[1,1],[0,0],[1,0],[1,1],[1,0],[1,1],[0,1],[0,1],[0,1],[0,0],[2,0],[1,0],[-1,1],[1,2],[0,1]],[[5504,9026],[2,0],[2,-1],[3,-1],[1,1],[0,0],[1,2],[1,0],[1,-1],[0,-1]],[[5491,9089],[0,1],[-1,2],[1,2],[0,1],[0,2],[0,1]],[[5491,9098],[1,1],[1,1],[1,-2],[1,0],[1,-1],[0,1],[1,1],[0,1],[1,-1],[1,1],[1,-1],[0,-2],[1,-1],[0,-1],[1,0],[0,1],[1,0],[1,2],[1,0],[1,0],[1,2],[1,1],[0,1],[1,-1],[0,2],[1,1],[1,0]],[[5511,9104],[0,-1],[1,0],[1,-2],[2,-1],[0,-2],[0,-4],[0,-1],[-1,-3],[1,-1],[0,0],[2,-2]],[[5517,9087],[0,0],[-1,-2],[0,0],[-1,0],[-1,1],[-2,0],[-2,0],[-1,-1],[0,-1],[-1,1],[-1,-3],[1,-1],[-1,-1],[-1,1],[0,2],[-1,0],[0,-1],[-1,-1],[-1,-1],[1,-1],[2,-3],[-1,-1],[-1,-2],[-2,1],[-1,-1],[1,-1],[1,0],[1,0],[0,-2],[-1,0],[-1,-2],[0,-1],[-1,0],[-1,-1]],[[5474,9093],[-1,-1],[-1,1],[-1,0],[0,1],[0,1],[0,2]],[[5463,9110],[0,1],[1,0],[1,1],[0,2],[0,1],[1,1],[1,1],[0,0],[1,1],[1,1],[1,1],[1,1],[-1,1]],[[5470,9122],[1,1],[1,1],[1,1],[1,-1],[0,2],[1,1],[1,0],[1,-1],[0,-1],[0,-1],[0,-1],[-1,-1],[0,-1],[-1,1],[0,-2],[-1,-2],[-1,0],[0,-1],[-1,0],[0,-1],[0,-2],[0,-1],[1,-1],[1,0],[1,1],[0,1],[0,1],[1,-1],[0,-1],[0,-1],[1,-1],[0,-2],[-1,1],[-1,0],[-1,-2],[-2,0],[1,-2],[0,0],[1,-1],[1,-1],[1,1],[0,1],[2,0],[1,1],[1,1],[2,0],[0,0],[1,0],[3,-1],[0,-1],[2,1],[0,-1],[-1,-1],[0,-2],[0,0],[1,1],[1,1],[1,0],[1,0],[0,1],[1,-1],[-1,-1],[0,-1],[2,0],[0,-2],[-1,0],[0,-1],[-1,-1],[0,-1]],[[5457,9071],[1,0],[0,1],[1,-1],[0,-1],[2,1],[0,-1],[1,-1],[0,-1],[2,0],[0,-1],[1,0]],[[5465,9067],[1,-2],[0,-1],[-1,-1]],[[5456,9034],[-2,1],[-1,1],[-1,0],[-1,2],[-1,0],[-1,-1],[-1,1],[0,2],[-1,1]],[[5470,9122],[0,1],[0,2],[0,1],[1,-1],[0,3],[0,0]],[[5471,9128],[1,1],[1,0],[1,1],[0,3],[0,1],[1,1],[0,1],[-1,1],[1,1],[2,3],[2,0],[0,0],[0,2],[1,1],[1,2],[0,0],[1,0],[1,0],[1,3]],[[5484,9149],[2,2]],[[5486,9151],[0,-2],[1,1],[1,-1],[0,0],[1,-1],[0,-1],[0,-2],[0,-2],[0,-1],[-1,-2],[1,-1],[1,0],[0,2],[2,1],[1,-1],[2,0],[1,1]],[[5496,9142],[0,-4],[1,0],[-1,-1],[0,-1],[1,-1],[0,-1],[1,-2],[1,-2],[0,0],[1,-1],[1,2],[2,-2],[0,-1],[-1,-2],[-1,1],[0,-1],[0,-1],[1,1],[1,-2],[-1,-1],[0,-1],[0,-3],[1,-1],[0,-1],[0,-1],[0,-1],[0,-1],[1,-1],[0,-1],[1,-1],[1,0],[1,-1]],[[5507,9110],[1,-2],[2,-2],[0,-1],[1,-1]],[[5511,9043],[-1,1],[-1,2],[0,-3],[0,-1],[1,-1],[-1,-1],[-2,-1],[0,-1],[1,-2]],[[5508,9036],[-2,0],[0,-1],[-1,1],[-2,-3],[-1,-2],[-1,0]],[[5517,9087],[1,-1],[1,-2],[1,0],[0,-1]],[[5520,9083],[0,-1],[0,-2],[-1,-1],[0,-1],[1,-1],[0,-2],[-2,0],[1,-2],[0,-1],[-1,-1],[1,-1],[0,-1],[1,-2],[1,0],[0,-2],[0,-1],[0,-1],[-1,-2],[-1,-1],[0,-1],[-1,-1],[1,-1],[1,0],[1,2],[0,0],[1,-2],[0,-1],[0,-1],[2,0],[2,-2],[2,0]],[[5528,9053],[-1,-1],[0,-2],[0,-1],[-1,-1],[0,0],[0,-1],[1,0],[2,0],[1,1],[1,1],[2,0],[0,0],[1,1],[1,-1],[2,0],[1,0],[1,0],[0,-1],[0,-1],[1,-1],[0,-1]],[[5540,9045],[-1,-1],[-1,-1],[-1,0],[-1,-2],[-1,-1],[1,-1],[0,-3],[-2,-1],[-1,0],[-1,-1],[-1,1],[0,-1]],[[5529,9028],[-2,1],[-1,2],[0,2],[0,2],[-1,1],[-1,2],[0,2],[-1,1],[-1,0],[-1,1],[-2,1]],[[5471,9077],[-1,0],[-1,-1],[-2,0],[-2,1],[-1,-1],[0,-1],[0,-1],[-1,-1],[0,-1],[2,1],[0,-1],[2,1],[1,1],[1,-1]],[[5469,9073],[0,-1],[0,-1]],[[5469,9071],[0,0],[-1,-1],[0,-1],[0,-1],[0,-1],[-2,0],[-1,0]],[[5508,9036],[0,-1],[1,0],[1,-2],[0,0],[0,0],[1,1],[1,0],[1,-1],[1,1],[1,-2],[1,-2],[1,-2],[0,-1]],[[5469,9071],[1,-1],[1,-2],[1,0]],[[5472,9068],[0,-1],[0,-2],[1,0],[1,1],[1,0],[-1,0],[0,1],[0,2]],[[5474,9069],[1,0],[-1,1]],[[5474,9070],[1,0],[2,2],[1,0]],[[5472,9068],[1,1],[1,0]],[[5474,9070],[-2,1],[0,1],[-2,0],[-1,1]],[[5421,9059],[-1,1],[-2,0],[0,0],[-1,0],[-1,0],[-1,0],[-3,1],[1,2],[-2,2],[1,1],[1,1],[0,0]],[[5721,8956],[0,0],[-2,-1],[0,0],[0,-1],[-1,-1],[0,-1],[0,-1]],[[5718,8951],[-1,-2],[-1,-1]],[[5716,8948],[-1,0],[-1,0],[-1,0],[-2,-1],[-1,1],[-1,0],[0,1],[-2,1],[0,1],[-2,-1],[0,-1],[1,-2],[-2,-2],[0,0],[-1,1],[0,2],[0,1],[-1,1],[-1,0]],[[5701,8950],[0,1],[1,1],[0,1],[1,1],[0,1],[1,-1],[1,1],[2,0],[0,1],[1,1]],[[5708,8957],[2,0],[0,2],[0,1],[1,1],[-1,1],[-1,1],[0,1],[-2,1],[0,1],[1,0],[1,3],[0,0],[2,0],[1,0],[1,0]],[[5713,8969],[1,0],[2,0],[1,-1],[1,0],[0,-4],[0,-2],[1,0],[1,-1],[1,-1],[-1,-1],[0,-1],[-1,-1],[2,-1]],[[5725,8929],[-1,0],[-1,-2]],[[5723,8927],[-1,0],[-1,0],[-2,-1],[-1,2],[-1,1],[-1,1],[1,1],[1,2],[-1,1],[-1,2]],[[5716,8936],[1,1],[1,-1],[1,1],[0,-1],[1,0],[1,1],[0,1],[2,2],[0,1],[1,1],[-1,0],[0,2]],[[5723,8944],[2,0],[1,-1],[1,1],[1,0],[1,0],[1,-1],[0,-3],[2,0],[0,-1],[1,-1],[2,0],[1,0]],[[5736,8938],[1,-1],[0,-1],[0,-3],[1,-1],[-1,-2],[0,-1],[-1,-1],[-1,-1]],[[5735,8927],[-1,0],[-1,1]],[[5733,8928],[0,1],[-1,0],[-1,3],[-1,2],[-1,0],[-1,0],[-2,-2],[0,0],[0,-1],[-1,0],[0,-2]],[[5708,8957],[-1,1],[0,1],[-1,1],[-1,0],[-1,1],[-2,1],[-1,0],[-1,1],[0,2],[-2,0],[-2,1],[-1,0],[-3,1],[-2,1],[0,0],[-1,1]],[[5689,8969],[0,1],[0,2],[1,1],[0,1],[0,1],[-1,0],[-1,3]],[[5688,8978],[1,0],[0,2],[-1,1],[1,0],[0,2],[0,1],[0,4]],[[5689,8988],[1,-1],[3,-2],[1,-1],[4,2],[0,0],[1,0],[2,0],[2,-1],[2,0],[1,-1],[1,-2],[3,-1],[1,-1]],[[5711,8980],[2,-1]],[[5713,8979],[0,-2],[-1,-1],[0,-1],[0,-1],[0,-1],[1,-2],[0,-1],[0,-1]],[[5658,8979],[0,0],[1,-2]],[[5659,8977],[-1,-2],[0,-2],[0,-2],[-1,-1],[0,-1],[0,-1],[1,-1],[0,-2],[0,-2],[1,-1],[2,-2],[2,-2],[5,-7]],[[5668,8951],[-1,-1],[-1,-3],[-2,0],[0,-1],[1,-1],[-1,-1],[-1,-2],[0,-2],[2,-1]],[[5665,8939],[-1,-1],[2,-1],[-1,-2],[1,-1],[1,0],[1,-2],[0,0],[-1,-2],[-1,-1],[0,0],[-1,0],[-1,-1],[-1,1],[-1,1],[-2,1],[-4,0],[-2,1],[-1,-1],[0,0],[-2,0],[-2,0],[-1,0],[-3,1],[-1,0],[-1,1],[-2,2],[-1,1],[0,1],[1,1],[2,0],[1,1],[-1,2],[0,2],[-2,1],[-2,1],[-2,1],[-2,0],[-3,0],[-3,-1],[-1,0],[-2,1],[-3,0],[-10,1]],[[5613,8947],[0,2],[1,2],[-1,1],[1,0],[1,1],[2,0],[1,1],[2,2],[1,0],[-1,1],[-1,1],[1,2]],[[5620,8960],[1,-1],[-1,-1],[2,-1],[1,1],[0,1]],[[5623,8959],[1,0],[2,0],[0,2],[1,-1],[1,0],[1,2],[-2,0],[2,2],[2,0],[1,1],[1,1],[0,1],[0,1],[-2,-1],[-1,1],[-1,1],[1,2],[1,2],[0,2],[1,0],[2,1],[0,1],[0,1],[0,1]],[[5634,8979],[1,1],[3,0],[1,1],[2,-1],[2,-1],[0,-1],[1,0],[2,0],[0,0],[0,1],[-1,2],[0,2],[0,1],[1,2],[1,2]],[[5647,8988],[1,0],[0,-2],[1,-1],[2,-1]],[[5651,8984],[-1,-1],[-1,-2],[0,0],[1,0],[0,-2],[1,0],[1,1],[2,-1],[3,0],[1,0]],[[5733,8928],[-1,0],[-1,0],[-1,0],[0,-1],[0,-3],[0,-3],[0,-1],[-1,0],[-1,0],[0,1],[-1,-1],[-1,-1],[-2,-1],[1,-1],[-3,0]],[[5722,8917],[0,2],[0,1],[-1,1],[1,2],[1,1],[0,2],[0,1]],[[5688,8978],[-1,-1],[-2,1],[-1,-1],[-1,-1],[-2,-2],[-3,-2],[-2,2]],[[5676,8974],[0,2],[1,1],[0,2],[-1,3],[-1,0],[0,-6],[0,-2],[-2,1],[-1,3],[0,0],[0,-2],[-2,0],[-2,1],[-1,0],[-2,0],[-2,0],[-2,0],[-2,0]],[[5651,8984],[1,0],[2,0],[1,2],[1,1],[-3,1],[0,2],[-1,0],[2,3],[0,3],[1,0],[1,0],[1,0],[1,-3],[1,1],[1,1],[1,-1],[1,2],[1,1],[0,-1],[2,1],[2,0],[0,1],[1,-2],[2,0],[0,-1],[0,-1],[2,-1],[1,0],[1,-1],[1,0]],[[5675,8992],[4,2],[1,1],[1,1]],[[5681,8996],[1,-2]],[[5682,8994],[0,-1],[0,-1],[4,-2],[3,-2]],[[5647,8988],[0,1],[2,2],[0,4],[0,1],[-1,1],[0,1],[1,1],[1,1],[0,1],[-1,0],[-1,2],[1,1],[0,-1],[1,1],[2,1],[1,2],[2,1],[1,2]],[[5656,9010],[0,1]],[[5656,9011],[3,-1],[3,-1],[4,0],[2,-2],[2,-1],[2,-1]],[[5672,9005],[3,-2],[1,0],[2,-3]],[[5678,9000],[3,-3],[0,-1]],[[5713,8979],[1,-1],[2,-1],[0,0],[4,-2],[1,0],[2,-1],[2,0],[2,0],[3,0],[1,1],[2,1],[1,2],[1,1],[1,0],[2,-1],[1,1],[2,3],[1,1]],[[5742,8983],[2,0],[1,-1],[0,-1],[1,-2],[1,0],[0,-1],[-1,-1],[0,-3],[-2,0],[-3,0],[-2,-1],[-1,-2],[0,0],[-1,-1],[-1,-3],[0,-1],[1,-2],[-3,-1],[1,-2],[2,0],[1,-1],[1,-1],[1,0],[-1,-2],[0,-2],[0,-1],[0,-1],[0,-1],[-1,0],[0,-2],[0,0],[2,-2],[2,-5],[1,-1],[1,-1],[1,0]],[[5745,8941],[0,-1],[-2,-1],[-1,-1],[-2,1],[-3,0],[-1,-1]],[[5723,8944],[0,0],[-3,3],[-1,1],[0,1],[0,1],[-1,1]],[[5701,8950],[-1,0],[-1,-1],[-2,0]],[[5697,8949],[0,1],[-2,1],[-1,-1],[0,-1],[-2,-1],[-1,-2],[-1,1],[-1,3],[-1,2],[0,1],[0,1],[0,1],[-1,1],[-1,0],[-3,0],[-1,-1],[0,1],[-1,1],[0,1],[-1,2]],[[5680,8960],[1,0],[0,2],[1,0],[0,-1],[1,-1],[0,2],[-1,1],[0,2],[2,0],[1,1],[1,-1],[0,1]],[[5686,8966],[1,0],[1,1],[1,0],[0,0],[0,2]],[[5716,8948],[0,0],[0,-1],[0,-2],[-1,-1],[-1,-1],[0,-1],[-2,-1],[-2,-1],[0,1],[-1,0],[-1,0],[-1,0],[-1,1],[-1,1],[-1,0],[-1,-2],[-1,0],[-1,-2],[0,-1]],[[5701,8938],[0,1],[-1,1],[-2,0],[-1,1],[1,0],[-1,4]],[[5697,8945],[0,1],[1,1],[-1,2]],[[5694,8929],[-1,0],[0,-1],[-3,0],[0,0],[-4,0],[0,1]],[[5686,8929],[1,2],[0,2],[0,1],[0,1],[0,1],[0,1],[-1,1]],[[5686,8938],[2,1],[1,-1],[1,1],[3,2],[1,2],[3,2]],[[5701,8938],[0,-1],[1,-1]],[[5702,8936],[0,-1],[0,-2],[0,-1]],[[5702,8932],[-2,-2],[-2,-1],[-1,-1],[0,1],[-3,0]],[[5735,8927],[1,0],[1,-1],[2,1],[1,0],[1,-2],[1,-3],[1,0],[0,-2],[-1,0],[-3,-2],[-1,-1],[0,-1],[0,0],[-2,0],[0,-3],[0,-4],[-1,-1]],[[5735,8908],[-1,0],[-1,1],[0,0],[-2,0],[-1,-1],[0,-3],[-3,2],[-2,2],[0,1],[0,2],[-2,0],[-1,-1],[0,-1]],[[5722,8910],[0,2],[0,1],[-1,1],[0,1],[2,0],[-1,2]],[[5668,8951],[0,1],[3,1],[1,1],[-4,4],[1,1],[0,1],[-1,3],[1,2],[2,3],[2,1],[1,-1],[2,0],[0,-2],[-1,0],[3,-3],[-1,0],[2,-2],[-1,-2],[1,1]],[[5679,8960],[0,-2],[0,-2],[-1,-3],[0,-1],[0,-2],[0,-1],[1,-1],[1,0],[1,0],[2,-1],[0,-1],[0,-2]],[[5683,8944],[-1,0],[-1,-1],[-1,0],[-1,0],[-2,1],[-1,-1],[1,0],[-1,-2]],[[5676,8941],[-1,1],[-3,1],[-1,-1],[-1,-1],[-1,-1],[-2,3],[0,0],[-1,3],[-1,-1],[1,-1],[2,-4],[-1,-1],[-3,3],[-1,0],[3,-4],[0,0],[-1,1],[0,0]],[[5716,8936],[-1,1],[-1,-1],[-1,-1],[0,0],[-2,-1],[0,0],[-1,3],[-1,0],[-1,-1],[0,-1],[-1,0],[-1,-1],[-1,0],[0,1],[-2,2],[-1,-1]],[[5676,8974],[-2,-3],[3,-3],[1,1],[1,1],[0,2],[4,-2],[3,-1],[0,-1],[0,-2],[0,0]],[[5680,8960],[-1,0]],[[5722,8910],[-1,0],[-1,1],[-1,0],[-2,1],[-1,0],[0,-1],[-1,1],[-2,0],[-1,1],[-1,-1],[-2,0],[-1,0],[0,2],[0,1],[0,0],[2,2],[0,2],[-1,1],[-1,2],[0,2],[2,0],[0,0],[-1,0],[0,2],[0,2],[-2,1],[0,1],[0,1],[-1,1],[-1,1],[-1,0],[-1,-1],[-1,0]],[[5702,8920],[1,0],[1,1],[-1,1],[2,1],[0,-2],[-1,0],[-1,-2],[-1,1]],[[5686,8929],[-1,-1],[-2,1],[0,-1],[-1,0],[-2,2],[0,1],[0,1],[0,0],[-1,3],[-2,2],[0,0],[1,1],[0,1],[3,-1],[2,1],[1,-1],[2,0]],[[5683,8944],[0,-3],[0,-2],[-1,0],[-3,0],[-2,0],[-1,1],[0,1]],[[5278,9770],[0,-3],[1,-1],[0,-2],[0,-2]],[[5279,9762],[0,-2],[1,-2],[1,-1],[-2,-2]],[[5279,9755],[-2,2],[0,1],[-1,0],[-1,-1],[-1,-1],[1,-1],[-1,-1],[-1,0],[-1,-1],[-1,0],[-1,0],[0,1],[1,1],[0,1],[-2,0],[-1,-1],[-1,-1],[-1,1]],[[5266,9755],[1,1],[0,1],[-1,1],[-1,0],[-1,0],[-2,0],[-1,0],[0,1],[-2,-1],[0,1],[-1,1]],[[5258,9760],[1,1],[1,0],[0,1],[2,3],[1,0],[1,2],[2,0],[3,1],[3,2],[5,0]],[[5277,9770],[1,0]],[[5186,9742],[-1,1],[0,1],[-2,1],[1,0],[0,2],[1,0],[0,2],[2,0],[1,2],[1,0]],[[5189,9751],[-1,1],[1,1],[1,1],[0,-1],[1,0],[1,1],[-1,2],[-1,-1],[-2,1],[-1,0],[-1,1],[-1,0],[1,0],[0,2],[0,1]],[[5186,9760],[4,-1],[2,0],[4,0],[2,-1],[2,0]],[[5200,9758],[-1,-1],[2,-1],[0,0],[1,-3]],[[5202,9753],[0,-2],[2,0],[0,0]],[[5204,9751],[1,-1],[-3,-1]],[[5202,9749],[1,-1],[-1,-1],[-1,0],[-1,-2],[-1,1],[0,-2],[1,-1]],[[5200,9743],[0,-1],[0,-1]],[[5200,9741],[0,-1],[-1,-1],[-1,-1]],[[5198,9738],[-1,0],[-1,0],[-1,-1],[-1,-1],[-1,0],[-1,0]],[[5192,9736],[1,1],[0,1],[0,1],[-1,1],[-1,0],[-1,0],[-1,1],[0,1],[-1,1],[1,0],[-1,0],[-2,-1]],[[5232,9720],[0,1]],[[5232,9721],[0,1],[-1,1],[1,1],[0,1],[-1,0],[-1,0],[1,2],[-1,0],[1,2],[-1,1]],[[5230,9730],[0,1],[-1,1]],[[5229,9732],[0,1],[0,1],[1,-1],[0,1],[0,3]],[[5230,9737],[0,2]],[[5230,9739],[1,1],[2,1],[1,0]],[[5234,9741],[1,-1],[0,-1],[1,1],[2,0],[2,0],[-1,-2],[1,1],[1,-1],[1,-1]],[[5242,9737],[-1,-1],[2,0],[1,-1],[1,-2],[2,0],[1,-1],[-1,0],[0,-2],[-2,-2],[-1,0],[-1,0],[-1,-3],[2,0],[1,0],[1,-2],[-1,0],[-1,-3],[-1,1],[-1,0],[-1,0],[0,-1],[-1,-2],[-1,-1]],[[5239,9717],[-1,0],[-1,1],[-1,1],[0,2],[-2,-1],[-1,1],[-1,-1]],[[5232,9721],[-2,1],[-1,-2],[-1,1],[-1,0],[0,1],[-2,-1],[-2,0],[-1,1],[-1,-1],[-1,0],[0,0],[-1,-1],[-1,0],[0,1],[-1,2],[0,-1],[-1,-2],[-1,-1],[0,1],[-1,0],[0,-1],[-3,0],[0,-3],[-1,0],[0,-1],[-1,-1],[-1,1],[-1,0]],[[5207,9715],[0,2],[0,1],[2,0],[0,1]],[[5209,9719],[-2,2]],[[5207,9721],[0,2],[-1,0],[0,1],[1,1],[0,1],[2,1],[0,1],[-2,2],[-1,0]],[[5206,9730],[1,1],[0,0],[2,1],[1,0],[0,1]],[[5210,9733],[0,-2],[0,-2],[0,-1],[2,2],[0,1],[1,0],[2,1]],[[5215,9732],[0,0],[1,-3],[0,0],[2,2],[1,-1],[0,-2],[1,-1],[0,-1],[1,-1],[0,2],[1,0],[-1,2],[1,0]],[[5222,9729],[3,-1],[1,2],[1,0],[0,1],[-1,0],[1,1],[0,0],[2,0]],[[5189,9732],[0,1],[0,1],[2,2],[0,0],[1,-1],[0,1]],[[5198,9738],[0,-3],[0,0],[0,-1],[-1,-1],[2,0],[1,-1]],[[5200,9732],[-1,-1],[0,-1],[-1,-2]],[[5198,9728],[2,0],[1,2],[1,0],[1,-1],[1,2],[2,-1]],[[5207,9715],[-1,0],[-1,-2],[1,-1],[-1,0],[1,-2],[-1,0]],[[5205,9710],[-1,0],[-1,0],[-2,-1],[0,3],[1,1],[-1,1],[0,1],[0,1],[-1,1],[0,-1],[-1,0],[-1,0],[0,-1],[-1,0],[0,-2],[0,-2],[-3,0],[-2,0],[-2,-1],[0,-1],[1,0],[1,0],[0,-1],[1,-1],[0,-1]],[[5193,9706],[0,1],[-1,-1],[-1,0],[-2,1],[0,1],[-1,0],[-1,1],[-1,-1],[-2,1],[0,2],[2,1],[0,1],[1,1]],[[5187,9714],[0,1],[-1,0],[1,2]],[[5187,9717],[-1,-2],[-2,1],[-2,-1],[-1,1],[0,-2],[-1,0]],[[5180,9714],[0,2],[-1,0],[-1,0],[-1,1],[2,1],[0,2],[0,1],[0,1],[-1,1],[1,2]],[[5179,9725],[1,1],[0,0],[1,0],[1,-2],[1,0],[0,2],[1,1],[1,-1],[1,2],[1,0],[1,3],[1,1]],[[5230,9745],[1,1],[1,1]],[[5232,9747],[2,1],[0,1],[0,1],[5,0],[2,1],[3,1],[0,-2],[2,2],[0,1],[2,0],[2,1],[2,1]],[[5252,9755],[-1,-2],[1,-1],[1,1],[1,-2],[1,0],[0,-1],[1,-1],[1,1],[1,0],[1,-3],[1,-1]],[[5260,9746],[0,-1],[-1,-2]],[[5259,9743],[0,-1],[-3,1],[-1,-1],[-1,1],[0,-1],[0,-1],[-2,-2],[-2,1]],[[5250,9740],[-1,-1],[-3,0]],[[5246,9739],[-2,0],[-2,-2]],[[5230,9739],[-1,0],[-1,1],[1,1]],[[5229,9741],[0,1],[1,1],[0,2]],[[5218,9746],[-2,1],[0,1]],[[5216,9748],[-1,0],[1,0]],[[5216,9748],[0,1],[1,1],[1,1],[0,1],[-1,1],[-2,0],[0,1],[-2,0],[-1,-2]],[[5212,9752],[0,0],[-2,1],[-1,0],[0,1],[-1,-1],[-3,0],[-1,-2]],[[5200,9758],[1,0],[2,0],[2,0],[1,1],[4,-1],[4,-1],[2,0],[2,0],[1,0],[2,-1],[2,-1],[1,-1]],[[5224,9754],[-1,-2],[2,-1],[-2,-2]],[[5223,9749],[-2,0]],[[5221,9749],[0,-1]],[[5221,9748],[-1,-1],[1,-1],[-1,-2]],[[5220,9744],[-1,0],[-1,1],[-1,0]],[[5217,9745],[1,1]],[[5179,9725],[0,2],[-2,0],[-2,-2]],[[5175,9725],[1,2],[0,0],[1,1],[1,1],[-1,0],[-1,0],[0,1],[-1,0],[-2,2],[1,1],[-2,0],[0,1],[2,-1],[1,1],[0,1],[0,1],[0,1],[3,2],[-1,0],[-1,1],[-1,1],[0,1],[0,1],[-1,-1],[0,-1],[-1,0],[-1,-2],[-2,-2],[-1,1],[0,0],[-1,1],[-2,0],[0,1],[-1,1],[-1,0],[0,1],[-1,0],[-1,1],[-1,2],[-1,0],[0,1],[-1,0]],[[5159,9746],[-1,1],[0,0],[-1,1],[0,1],[-1,3],[0,1]],[[5156,9753],[3,3],[1,-1],[-1,1],[-1,3],[0,2],[3,2],[1,2],[3,0],[1,0],[1,0],[1,1],[1,-1],[2,1],[4,-1],[1,-1],[1,-1],[1,-1],[2,-1],[3,-1],[3,0]],[[5251,9703],[1,0],[0,-2],[2,0],[0,-3],[0,0],[2,0],[2,0]],[[5258,9698],[-1,-1],[-2,-1],[-3,-1],[1,-2]],[[5253,9693],[-1,1],[-1,0],[0,-1]],[[5251,9693],[-1,-1],[-2,-1],[0,-2],[-1,0]],[[5247,9689],[-1,0],[-1,0],[-1,0],[-1,0],[0,1],[0,-1],[-1,-1],[-1,0],[0,-1],[1,-1],[-1,0],[-1,0]],[[5240,9686],[-1,1],[-1,1],[-1,1],[0,0],[-1,1],[-1,-1],[-1,0],[-1,1],[-1,0],[-3,1],[0,0],[-1,-1],[-1,1],[-2,0],[0,-1],[0,-2],[-1,-1],[0,-1]],[[5224,9686],[-2,2],[0,1],[0,1]],[[5222,9690],[-1,0],[0,0],[-2,1],[0,2],[-2,-1],[-1,1],[-1,0],[-1,0]],[[5214,9693],[-2,1],[-1,0]],[[5211,9694],[0,1],[3,0],[1,0],[1,0],[1,0],[1,1],[1,0],[0,1],[0,1],[-1,2]],[[5218,9700],[2,1],[3,1],[1,-1],[0,2],[1,0],[1,0],[1,0],[0,1],[0,1],[0,3],[-1,1]],[[5226,9709],[2,0],[2,0],[0,1],[2,-1],[1,3],[2,0],[0,2],[1,0],[1,0],[2,0],[1,1]],[[5240,9715],[0,-1],[1,0],[2,0],[1,0]],[[5244,9714],[1,-1],[-1,-2],[-1,-1],[1,-1],[0,-1],[0,-1],[1,0],[1,0],[0,1],[1,0],[0,2],[2,-1],[1,0],[2,-1],[0,-1],[0,-2],[-1,0],[0,-2]],[[5217,9745],[0,-2],[1,-1],[-1,-1]],[[5217,9741],[-1,-1],[-1,0],[0,-2],[1,0]],[[5216,9738],[-2,0],[-1,-1],[0,-2]],[[5213,9735],[-1,-1],[-1,0],[0,-1],[-1,0]],[[5204,9707],[0,-1],[0,-3]],[[5204,9703],[-1,0],[-1,0],[-1,-1],[-1,0],[0,1],[-1,1],[1,1],[-2,1],[-1,-1],[0,-1],[-2,-1],[-1,0],[0,2],[0,0],[0,1],[-1,0]],[[5205,9710],[0,-1],[0,-2],[-1,0]],[[5220,9744],[0,-1],[0,-1],[1,-1]],[[5221,9741],[1,0]],[[5222,9741],[-2,-2],[-1,0],[-1,-1],[0,-1]],[[5218,9737],[-1,0],[-1,-1],[-1,-1],[-2,0]],[[5252,9755],[2,2],[2,1],[2,2]],[[5279,9755],[0,-1],[1,0],[0,-1],[1,-1],[-2,-2],[2,-1],[1,3],[2,0],[2,-2],[0,0],[0,-3],[-2,0],[-2,-1],[-1,0],[-1,-1],[2,-1],[0,-1],[2,-1],[0,-1],[2,0],[0,-1],[1,0],[-1,-2],[0,-1],[1,-2],[-1,-2],[0,-1]],[[5286,9732],[-2,1],[0,-2],[-2,0]],[[5282,9731],[-2,0],[-1,0],[-2,0],[0,1],[-2,0],[0,0],[-2,0],[0,2],[0,0],[-2,0],[0,-1]],[[5271,9733],[-1,1],[-1,0],[0,1],[0,1],[-1,2],[-1,1],[-1,0],[0,1],[-1,1],[-1,0],[-1,1],[1,1],[-1,1],[0,0],[1,1],[-1,1],[-1,1],[-1,-2],[-1,1]],[[5271,9733],[1,-1],[0,-1],[-1,0],[0,-1],[1,0],[0,-2],[-1,0],[-1,-1],[0,-1],[1,-1],[1,-1],[2,1],[0,0],[1,0],[1,-1],[0,0],[2,1]],[[5278,9725],[1,-2],[0,-2],[-1,0],[0,-2],[-1,-1],[-2,1],[-1,2],[-1,-1],[-2,-1],[0,0],[-1,0],[-1,0],[-1,-1],[-2,3],[-1,-2],[-1,-1],[-1,0],[1,-1],[-1,0],[0,-2],[-1,-1],[0,0],[-2,0],[-1,1],[1,1],[0,1],[1,1],[0,0],[-1,1],[-1,0],[-1,0],[-2,-1],[-1,-1],[-3,0],[1,2],[0,1],[-2,0],[0,-1],[-1,-1],[-2,0],[0,-1],[-2,0],[-2,0],[0,-1],[0,-1],[0,-1]],[[5240,9715],[-1,2]],[[5211,9694],[-1,0],[-1,0],[0,2],[-2,0],[1,1],[1,0],[0,1],[0,2],[-1,0],[0,0],[-2,1],[-1,-1],[0,3],[-1,0]],[[5172,9698],[1,0],[2,0],[1,-2],[-1,-1],[3,0],[0,-1],[2,1],[2,0],[1,0],[0,-2],[0,-1],[1,-2],[-1,-2],[1,0],[1,0],[1,-1],[-1,-1],[0,-1],[1,-1],[2,1],[0,-2],[0,0],[-2,-1],[1,-1]],[[5187,9681],[-1,0],[0,-1],[0,-1],[-2,-1],[-1,-1],[-1,0]],[[5182,9677],[0,1],[-1,0],[-2,-1],[-1,0],[0,1],[-1,1],[-2,0],[-2,1],[-1,2],[-1,-1],[0,0],[0,-2],[-2,1],[0,0]],[[5169,9680],[-1,0],[-1,-1],[-1,1],[-2,1],[-1,-1]],[[5163,9680],[-2,0],[-1,2],[0,1],[-1,2],[0,0],[-1,1],[-1,0],[-1,0],[-1,1],[0,1]],[[5155,9688],[1,0],[1,2],[1,0],[0,1],[0,1],[1,0],[1,2],[1,-1],[1,0],[1,1],[1,1],[0,1]],[[5164,9696],[2,1],[1,2],[0,1],[-1,1],[-1,-1],[-1,0],[-1,0],[1,1],[0,1],[3,1],[1,-1],[1,1]],[[5169,9703],[1,-1],[0,1],[1,0],[0,-2],[1,-3]],[[5229,9741],[-2,-1],[0,1],[-2,1],[-1,-1],[-1,1]],[[5223,9742],[-1,0],[-1,-1]],[[5224,9754],[3,-2],[2,-1],[1,0],[1,0],[1,0],[0,-1],[0,-1],[0,-2]],[[5214,9693],[-1,0],[0,-2],[-2,0],[0,-1],[-1,0]],[[5210,9690],[-1,0],[-3,0],[0,-2],[-1,-1],[-1,1],[-2,0]],[[5202,9688],[-2,-1],[-2,0],[0,2],[-1,-1],[-1,1],[0,0],[-1,0],[-1,1],[-1,-1],[1,-1],[1,-1],[0,-1]],[[5195,9686],[-2,-1],[-1,-2],[-1,0],[-1,-1],[-2,0],[-1,-1]],[[5169,9703],[0,1],[2,1],[1,1],[1,0],[1,2],[1,1],[1,1],[0,2],[1,0],[0,1],[1,1],[2,0]],[[5288,9728],[-1,-3],[1,-1],[0,-1],[1,0],[0,-2],[-3,1],[-1,-2]],[[5285,9720],[-1,2],[-2,2],[-1,0],[-2,2],[-1,-1]],[[5286,9732],[2,-1],[0,0],[1,0],[1,-1],[-1,-1],[-1,0],[0,-1]],[[5218,9737],[1,-2],[0,-1],[1,0]],[[5220,9734],[-3,-1],[-1,0],[-1,-1]],[[5222,9741],[1,-1]],[[5223,9740],[0,-1],[0,0],[1,-1],[1,-2]],[[5225,9736],[0,-1],[0,-1],[0,-1],[-1,-1],[0,1],[-1,0]],[[5223,9733],[-1,1],[-1,-1],[-1,1]],[[5285,9720],[0,-1],[-1,-1],[1,0],[0,0],[1,-2],[0,0],[2,-1],[2,0],[0,-1],[1,0],[0,-1]],[[5291,9713],[0,0],[-1,-2],[-1,-2],[1,-1],[0,-1],[-2,-3]],[[5288,9704],[-1,0],[1,2],[-2,0],[-1,1],[0,-1],[-1,-2],[-3,-1],[0,0],[-2,2],[-2,-1],[0,2],[-2,0],[-1,-1],[0,-1],[0,-1],[-1,-1],[-1,1],[-1,0],[-2,0],[-1,-2],[0,0],[-2,-1],[0,1],[-1,2],[-1,1]],[[5264,9704],[-2,-1],[0,-1],[-2,0],[-1,-1],[0,-2]],[[5259,9699],[-1,-1]],[[5230,9737],[-2,0],[-1,-1],[-1,0],[0,1],[-1,-1]],[[5223,9740],[0,2]],[[5222,9729],[0,1],[1,2],[0,1]],[[5509,9195],[2,-2],[-1,-1],[1,0],[2,1],[0,1],[1,0],[1,-2],[1,0],[1,-1],[0,-1],[0,-1],[-1,-2],[0,0],[0,-1]],[[5516,9186],[-2,-1],[-1,0],[-1,0],[-1,-1],[0,-2],[0,-1],[-1,-1],[0,-3],[0,-3],[-1,1],[0,0],[-2,0],[0,-2],[-2,0],[0,0],[1,-3],[0,0],[1,-1],[1,0],[-2,-2],[0,-1]],[[5506,9166],[-1,1],[-1,2],[-1,-1],[-1,1],[-1,0],[-1,1],[0,-1],[-2,0],[-1,0],[-2,-2],[-1,0],[1,-1],[-2,0],[-1,0],[-1,0],[-1,0],[-1,0],[-1,1]],[[5488,9167],[0,1],[-1,1],[0,1],[-2,1],[-1,0],[0,2],[0,1],[-2,-1],[-1,1]],[[5481,9174],[-1,1],[0,1],[0,2],[0,0],[0,2],[0,0],[-1,2],[0,1],[1,0],[1,2],[0,2],[1,0],[1,-1],[0,3],[2,1],[1,0],[0,1],[-1,0],[0,1],[0,1],[1,1],[1,-1],[0,-1],[0,0],[1,0],[1,1],[0,2],[0,-1],[1,1],[1,2],[1,0],[2,-1],[1,-1],[1,1],[-1,1],[1,1],[0,2],[1,1],[2,0],[2,1],[1,0],[1,0],[1,0]],[[5504,9202],[0,0],[2,-1],[2,-1],[0,-1],[2,0]],[[5510,9199],[0,-1],[-1,-1],[0,-1],[0,-1]],[[5496,9142],[2,-1],[1,0],[2,2],[1,1],[-2,0],[-1,1],[1,1],[0,1],[-1,1],[-1,0],[-1,1],[1,0],[2,2],[0,2],[0,1],[0,1],[1,-1],[2,0],[1,1],[0,1],[0,1],[2,0],[0,-2],[2,0],[2,3],[1,0],[2,-2],[1,-2],[0,1],[2,1],[0,1]],[[5516,9157],[1,0],[-1,2],[1,2],[1,0],[0,1],[-1,1],[1,4],[1,1]],[[5519,9168],[0,-2],[2,0],[1,-1],[1,2],[1,0],[1,0],[2,-1],[0,-1],[1,1],[0,1],[1,0],[1,1],[0,1],[-1,0],[0,1],[-1,0],[0,1],[0,1],[0,1],[0,2],[1,0],[0,2],[-1,0],[0,3],[2,-1],[1,1]],[[5531,9180],[1,0],[-1,-1],[1,-2],[1,-1],[1,0],[1,-1]],[[5535,9175],[2,-1],[1,0],[0,-1],[1,0],[-1,0],[-2,-1],[-2,1],[0,1],[-1,-2],[2,-1],[0,-1],[-1,-2],[0,-1],[0,-2],[-1,-1],[1,-2],[1,0],[1,1],[1,-1]],[[5537,9162],[-1,-2],[0,0],[2,1],[0,-2],[2,0],[-1,-1],[-1,-1],[0,-2],[1,0]],[[5539,9155],[-1,-2],[-1,0],[-2,-2],[-1,0],[-2,-2],[0,0],[-1,1],[-1,1],[-1,0],[0,-1],[0,-3]],[[5529,9147],[-2,0],[0,-2],[1,-1],[-1,-1]],[[5527,9143],[-1,-1],[-1,0],[0,-1],[0,-1],[-1,0],[-2,2],[-2,4],[-1,0],[-1,-2],[-1,-1],[0,-2],[-1,-2],[1,-2],[0,-1],[-1,0],[-1,0],[-1,1],[1,-2],[-1,-1],[-1,-1],[-1,-1],[0,-1],[0,-2],[0,-1],[0,-2],[0,0],[-1,0],[0,-2],[0,-2],[0,0],[1,-2],[-1,0],[-1,0],[-1,-2],[-1,-2],[0,-1],[0,-2],[-1,-1],[0,-1],[0,-1]],[[5460,9191],[1,-1],[0,-1],[2,0],[0,0],[2,0],[0,-1],[1,-1],[2,-1],[1,-2],[2,-1],[1,0],[1,-1],[0,-1]],[[5473,9181],[1,-1],[2,-2],[0,0],[1,-2],[1,-1],[0,-1]],[[5478,9174],[-1,0],[0,-2],[-2,0],[-1,0],[-1,1],[-1,-1],[-1,0],[-1,0],[-1,0],[-3,0],[0,0],[-1,0],[-1,0],[-1,0],[-2,2],[-1,0],[-2,-1],[-1,0],[-1,0],[-2,0],[0,2],[-1,-1],[-1,-2],[1,-1],[-1,-1],[-2,-1],[-1,0],[-1,0],[-2,0],[-1,0]],[[5445,9169],[0,0],[0,2],[0,0],[-1,0],[0,-1],[-1,0],[-2,-1],[0,2],[-1,-1],[-1,0],[-1,0]],[[5438,9170],[1,2],[0,3],[0,0],[0,2],[-1,1],[2,0],[1,1],[0,1],[0,1],[2,0],[0,1],[-1,1],[-2,1],[0,3],[-1,0],[1,2],[-1,1]],[[5439,9190],[1,0],[1,1],[1,1],[0,1],[2,0],[-1,2],[1,1],[1,0],[0,2]],[[5445,9198],[1,1],[1,0]],[[5447,9199],[0,-1],[0,-1],[1,-1],[2,1],[1,-2],[0,-1],[1,0],[0,0],[1,-1],[1,0],[1,1],[1,-1],[1,1]],[[5457,9194],[-1,-1],[1,0],[0,-1],[1,-1],[1,0],[1,0]],[[5510,9199],[0,1],[1,0],[1,0],[1,1],[1,1],[-1,2],[1,2],[2,0],[0,2],[1,0]],[[5517,9208],[1,-1],[0,-2],[0,-1],[-1,0],[-1,0],[1,-1],[1,-1],[-1,-1],[0,-1],[-1,0],[-1,-1],[2,0],[1,-1],[1,0],[1,1],[1,0],[1,1],[0,-2],[0,-1],[0,-1],[2,1],[0,1],[2,0],[1,-1]],[[5527,9197],[0,-2],[0,-1],[0,-1],[1,-1],[0,-1],[0,-2],[1,0],[1,0],[1,-1],[0,-3],[-1,-1],[0,-1],[1,-3]],[[5519,9168],[-2,0],[0,-2],[-2,1],[0,0],[-1,-3],[-1,-1],[-1,1],[-1,0],[-1,-2]],[[5510,9162],[0,1],[-2,1],[-1,0],[-1,1],[-1,0],[1,1]],[[5474,9209],[-1,-1],[0,-1],[-1,-1],[0,-1],[1,-1],[-1,-1],[-1,0],[-2,-2],[0,0],[-1,-1],[1,-1],[1,-1],[0,-1],[-1,-1],[-1,2],[0,-1],[-1,-1],[-2,2],[-1,1],[-1,1],[-2,0],[0,-1],[-2,0],[-1,1],[-2,0],[1,-2],[-1,0],[1,-2],[0,-2]],[[5447,9199],[1,0],[1,1],[0,2],[1,2],[2,0],[1,0],[1,2],[-1,1],[1,1],[0,0],[0,1],[0,2]],[[5454,9211],[1,1],[-1,2],[-1,0],[0,2],[0,0],[1,0],[2,0],[1,-1],[0,-1],[1,0],[1,0],[1,-2],[1,0],[1,0],[2,0],[0,-2],[0,1],[3,1],[1,0],[0,1],[0,2],[-1,-1],[-2,3],[0,2],[0,2],[1,2],[0,1],[0,1]],[[5466,9225],[1,1],[2,-1],[0,0],[0,-3],[1,1],[1,0],[1,-1],[1,-1],[2,0],[1,2],[0,0],[0,-3],[1,1],[2,-1],[0,-1],[1,0],[2,0],[0,-1],[-1,-1],[0,-2],[1,0],[0,-1],[1,0],[0,-1],[1,-1]],[[5484,9212],[-1,-1],[0,-2],[-1,-1],[-2,0]],[[5480,9208],[-1,1],[-1,0],[-1,1],[-1,-1],[-1,1],[-1,-1]],[[5484,9212],[1,1],[1,0],[1,0],[1,-1],[2,0]],[[5490,9212],[0,1],[1,0],[1,1],[1,0],[1,-1],[2,0],[0,-1],[1,-1],[0,1],[1,0],[1,-1]],[[5499,9211],[1,-1],[1,0],[1,0],[-1,-1],[1,-2]],[[5502,9207],[1,-3],[1,-1],[0,-1]],[[5481,9174],[-1,-1],[-1,0]],[[5479,9173],[-1,1]],[[5445,9169],[1,-2],[0,-1],[1,-1],[-1,-1],[1,0],[1,-1],[2,1],[0,-2],[2,0],[0,-2],[1,-1],[1,-1],[1,0],[1,0],[-2,-1],[-1,0],[0,-1],[-1,0],[-1,-2],[0,0],[0,-1],[0,-1],[1,-1],[1,0]],[[5453,9151],[-1,0],[-1,-1],[-1,-1],[0,-1],[-1,-1],[-1,-1]],[[5448,9146],[-1,0],[-1,-1],[2,-2],[1,-1],[-1,-1],[0,-1],[-1,0],[-1,1],[-1,-2],[0,0],[-1,-1],[0,-1],[0,-2],[0,-1],[-1,-1],[-1,0],[-1,0],[-1,0],[-2,-1],[1,-1],[-1,-1]],[[5438,9130],[-1,1],[0,2],[-2,2],[0,0],[-1,2],[-1,1]],[[5433,9138],[-1,3],[-1,1],[-1,1],[1,2],[1,1],[0,1],[0,1],[-2,2],[0,1],[0,2],[-1,1],[0,2]],[[5429,9156],[0,0],[2,1],[4,0],[0,2],[0,1],[-2,2],[0,1],[-1,2],[0,1],[-1,1],[1,1]],[[5432,9168],[0,0],[3,2],[0,1],[1,0],[2,-1]],[[5451,9113],[1,0],[2,2],[-1,1],[0,1],[1,0],[1,2],[1,0],[0,3],[0,1],[0,0],[0,1],[1,1],[1,2],[0,1],[-2,0],[0,2],[2,1],[0,0],[0,1]],[[5458,9132],[1,0],[1,4],[0,1],[-1,0],[1,2],[1,1],[-1,1],[-1,0],[-1,1]],[[5458,9142],[0,2],[0,1]],[[5458,9145],[1,-1],[1,1],[1,-1],[1,2],[1,2],[1,0]],[[5464,9148],[1,-1],[0,-1],[1,-1],[-1,-1],[1,-1],[1,-1],[0,-1],[-1,-2],[0,-2],[0,0],[0,-2],[1,-2],[0,-1],[2,0],[1,-1],[1,0],[0,-2],[0,-1]],[[5458,9145],[-1,0],[0,2],[1,0],[0,2],[0,1],[1,0]],[[5459,9150],[0,1],[1,0],[1,1],[0,1]],[[5461,9153],[1,-1],[1,2],[0,-2],[1,-1],[1,0],[-1,-1],[-1,-1],[1,-1]],[[5461,9153],[0,0],[1,2],[0,0],[0,2],[0,1],[1,-1],[1,0],[1,1],[0,0],[2,0],[1,-1],[0,1],[0,1],[0,1],[2,0],[1,2],[-1,1],[0,1],[0,1],[0,1],[2,2],[1,0],[1,1],[2,1],[0,0],[2,1],[0,1],[1,1]],[[5488,9167],[-1,-1],[0,-1],[-1,-1],[0,-1],[0,-1],[0,-1],[-2,-3],[1,-2],[0,-1],[-1,-1],[0,-2],[0,-3]],[[5441,9106],[-2,2],[-1,1]],[[5438,9109],[0,1],[0,1],[-1,1],[1,2],[0,0],[-2,4],[-1,-1],[-1,0]],[[5434,9117],[0,2],[2,2],[0,4],[0,1],[0,1]],[[5436,9127],[1,0],[1,2],[0,1]],[[5448,9146],[1,0],[1,-1],[0,1],[1,0],[1,1],[1,-1],[0,-1],[1,0],[1,-1],[0,-2],[1,0],[2,0]],[[5510,9162],[2,0],[1,0],[2,-2],[1,-3]],[[5459,9150],[-1,0],[-2,1],[0,1],[-1,0],[0,-1],[-1,0],[-1,0]],[[5312,9310],[-1,1],[0,1],[1,2],[2,1],[0,1]],[[5314,9316],[1,0],[1,0],[2,0],[0,0],[3,-1],[1,1],[1,-1]],[[5323,9315],[-1,0],[0,-2],[1,0],[1,-2],[0,-1],[0,-1],[-1,0],[0,-1],[1,-2],[-1,-1],[0,0],[0,-1],[1,-1],[1,-1],[1,0],[1,-3],[2,2],[0,0],[0,-1],[2,-1],[1,-1],[-1,-1],[2,-1]],[[5333,9296],[-1,-1],[1,-1],[1,-1],[-1,-1],[0,-1],[-1,0],[0,-1],[-1,-2],[-2,-1],[-1,-1],[-2,1],[-2,-1],[-1,2],[-1,-1],[0,-1],[1,0],[-1,-3],[2,-2],[-1,-1],[-1,-1],[1,0]],[[5323,9279],[0,-2],[-1,-1],[-1,-2],[-1,-2],[0,-2],[-1,0],[0,-1],[1,-1],[-1,0],[0,0],[-1,1],[-1,0],[0,1],[-1,0],[-2,0],[0,0]],[[5314,9270],[-1,0],[-1,1],[0,2],[-1,-1],[-1,0],[-1,0],[0,2],[0,1]],[[5309,9275],[0,1],[-1,0],[-1,1],[0,2],[1,1],[-1,0],[1,2],[-1,0],[-2,1],[1,0],[-1,2],[0,3],[-2,2],[0,0],[-2,0],[-2,0]],[[5299,9290],[-1,0],[0,2],[-1,0],[-1,2],[0,0],[1,2],[0,0],[2,0],[1,0],[2,1],[1,1],[1,1],[-1,2],[-1,0],[-2,0],[-1,2],[-2,1],[0,1],[-1,-1],[-1,1],[-1,1]],[[5294,9306],[-1,1],[1,2],[-1,0],[-1,0],[-1,1],[0,1],[1,1],[0,0],[1,1],[0,2],[2,0],[0,1],[1,-1],[0,-2],[1,0],[1,-1],[1,-2],[0,-1],[1,0],[1,0],[1,-1],[0,0],[2,0],[0,-1],[1,1],[0,1],[1,1],[1,0],[1,0],[2,0],[2,0]],[[5270,9310],[2,0],[0,-1],[2,-1],[1,0],[0,-1],[2,-1],[0,-1],[1,0],[2,0],[0,1],[1,-1],[2,1]],[[5283,9306],[-1,-1],[1,-2],[1,-2],[0,-1],[-1,-1],[0,-2],[1,0],[2,-1],[0,-2],[-1,-1],[-1,-2],[-1,1],[-1,-2],[0,0],[0,-2]],[[5282,9288],[-2,-1],[-1,0],[0,-1],[-1,-1],[-1,0],[-1,1],[0,2],[-1,2],[-1,0],[-2,1],[-1,1],[-1,-3],[0,2],[-1,-1],[-2,-1],[-1,0]],[[5266,9289],[-1,0],[-1,-1],[-1,-1],[0,-2],[0,-2],[-2,0],[1,-1],[0,-1],[0,-1],[-1,-2],[-1,0],[-1,0],[-1,2],[-1,1]],[[5257,9281],[-1,0],[0,1],[-2,0],[0,-3],[-1,1],[-2,3],[0,0],[-2,-1],[0,1],[-1,0],[-1,-3],[0,0],[0,0],[-1,-2],[-1,0],[-2,1]],[[5243,9279],[0,0],[-1,0],[0,1],[0,2],[-1,0],[0,1],[0,1],[1,0],[-2,3],[1,1],[1,-1],[2,0],[0,0],[1,0],[0,1],[1,1],[0,1],[-1,1],[0,1],[-1,0],[0,1]],[[5244,9293],[3,1],[1,0],[0,1],[1,0],[1,1],[0,1],[-1,0],[0,2],[0,1],[2,0],[0,1],[-1,2],[0,1],[0,1],[3,0],[1,0],[1,-1],[1,1],[0,1],[2,1],[1,0],[-1,1],[1,1],[0,1],[2,0],[0,-1],[0,2],[1,0],[0,-1],[1,0],[2,1],[1,-1],[1,-1],[0,0],[1,-1],[1,2],[1,0]],[[5281,9270],[2,-1],[1,0],[1,-1],[1,0],[0,1],[1,1],[2,-1],[1,-1],[1,0],[1,0],[2,-1],[1,-1],[1,-1],[1,0],[0,-1],[-1,-1],[0,-1],[-1,-1],[-1,-2],[1,-1],[1,1],[1,-1],[0,0],[2,1],[0,2],[1,0],[2,0],[0,-1],[2,-1],[0,-2],[0,-1],[1,-1]],[[5305,9255],[-1,-3],[-1,-1],[0,-1],[-2,-1],[1,-2],[-1,-1]],[[5301,9246],[-1,1],[-1,-1],[0,1],[0,1],[-1,0],[-1,-2],[-1,-2],[0,0]],[[5296,9244],[1,-1],[0,-1],[0,-1],[0,-1],[-1,-2],[0,-1],[0,-1],[0,-2],[-2,-1],[-1,0]],[[5293,9233],[-1,-1],[-1,-1]],[[5291,9231],[-1,1],[-2,1],[-1,0],[0,1],[-1,1],[-2,2],[-2,1]],[[5282,9238],[2,0],[1,1],[0,2],[2,3],[-1,1],[-1,-1],[-2,0],[0,2],[-1,0],[-2,2],[-1,1]],[[5279,9249],[1,0],[1,1],[-2,1],[1,1],[-1,1],[1,0],[1,4],[-1,1],[-1,3],[0,1],[-1,1],[1,1],[-2,0],[1,2],[-1,2],[1,0],[-2,2],[0,0],[-2,0]],[[5274,9270],[1,1],[0,2],[1,1],[1,-1],[1,1],[1,-2],[0,0],[1,-1],[1,1]],[[5281,9272],[0,-2]],[[5281,9272],[1,0],[0,2],[1,0],[-1,0],[-1,0],[-1,0],[0,1],[1,2],[-1,1],[1,1]],[[5281,9279],[1,-1],[1,0],[1,0],[2,-1],[1,-1],[1,0],[1,1],[1,0],[1,1],[0,1],[-1,1],[0,2],[0,1],[0,1],[-1,0],[-2,1],[-1,0],[-2,1],[-1,0],[-1,1],[0,0],[0,1]],[[5283,9306],[2,0],[0,-1],[1,1],[1,0],[1,-2],[1,0],[1,0],[1,0],[1,1],[2,1]],[[5299,9290],[0,-1],[-1,-1],[0,-1],[-2,-2],[2,-1],[1,0],[1,0],[1,0],[0,-2],[-1,-1],[0,-2],[-1,-1],[0,0],[-1,-2],[1,-1],[0,-1],[1,-2],[3,2],[0,-2],[1,1],[1,1],[0,-1],[1,1],[2,0],[0,1],[1,0]],[[5314,9270],[-1,-1],[1,-2],[-1,-1],[1,-1],[0,-1],[-2,0],[-1,-1],[-1,-1],[0,-1],[-1,0],[-1,-1],[1,-1],[-1,-1],[-1,0],[0,0]],[[5307,9258],[0,-1],[-1,-2],[-1,0]],[[5257,9275],[-1,2],[1,1],[-1,1],[1,2]],[[5274,9270],[-2,0],[0,0],[-1,-2],[1,-3],[1,-2],[-1,0]],[[5272,9263],[-2,0],[0,-1],[-1,1],[-1,0],[-1,-1],[-1,-1],[0,0],[-1,-1]],[[5265,9260],[-1,1],[-3,-1],[0,1],[0,2],[1,1],[-1,1],[-1,0],[1,1],[-1,0],[-1,0],[0,1],[0,1],[1,2],[-1,1],[-1,1],[-2,0],[0,1],[-1,1],[2,1]],[[5239,9230],[-2,1],[-1,0],[-1,0],[-3,2],[-1,1],[-1,1],[-2,2]],[[5228,9237],[-1,1],[-1,1],[-1,1],[-1,0],[0,1],[-1,0],[-1,1],[-1,1],[0,1]],[[5221,9244],[1,2],[1,0],[0,1],[1,1],[0,2],[2,-1],[1,0],[1,3],[1,2]],[[5229,9254],[1,-2],[1,1]],[[5231,9253],[0,-1],[3,-4],[1,0],[4,-1],[0,-1],[0,-1],[2,-1],[2,2],[0,1],[0,2],[0,1],[1,0],[1,-1],[0,0],[1,2],[0,0]],[[5246,9251],[1,0],[1,-2],[1,-1],[1,0],[0,0],[1,1],[1,0],[0,-1],[0,-1],[0,-1],[1,0],[0,-1],[1,-2],[-1,-1]],[[5253,9242],[-1,0],[0,-1],[1,-1],[-1,-1],[-1,-1],[0,-2]],[[5251,9236],[-1,1],[-1,-3],[-1,0],[-1,-2],[0,0],[-1,-2],[-1,1],[-1,0],[0,0],[-4,-1],[-1,0]],[[5228,9213],[1,0],[1,1],[0,0],[2,0],[0,1],[1,1],[0,1],[-1,0],[0,1],[0,1],[0,1]],[[5232,9220],[-1,1],[0,1],[-1,0],[-1,0],[0,2],[2,0],[1,3],[1,0]],[[5233,9227],[-3,2],[2,2],[-1,0],[-2,0],[0,0],[0,1],[-2,0],[-1,1]],[[5226,9233],[0,1],[1,0],[0,2],[1,1]],[[5251,9236],[2,-1],[2,-1]],[[5255,9234],[0,-1],[1,0],[1,-1]],[[5257,9232],[0,-2],[1,1],[0,-1],[2,-1],[2,0],[0,-1],[-1,-1],[2,-3],[0,1]],[[5263,9225],[1,-1],[-1,-1],[-1,-2],[0,-2],[-1,0],[0,1],[-1,0],[-1,1],[-1,0],[0,-1],[-1,0],[-1,-1],[0,-2],[-1,0],[-1,1],[-1,1],[0,1],[0,2],[-1,0],[0,-1],[-1,-1],[0,-4],[-2,-1],[1,-1],[0,0],[0,-1],[3,-1],[1,0],[1,0],[1,-1],[-1,-2],[0,-2],[-2,2],[-1,1],[0,0],[-1,-1],[0,-1],[0,-1],[0,-1],[1,0],[1,-1],[-1,-1],[0,-1],[-1,-2],[-1,0],[-1,-1],[0,0],[-1,-1],[0,-3],[1,-1],[0,-2]],[[5249,9193],[-1,0],[-1,0],[-2,0],[-2,0],[1,1],[0,4],[0,1],[-1,1],[-1,0],[-1,-1],[0,1],[-1,1],[0,0],[-2,1],[-1,-1],[-1,1],[-1,0],[-1,1],[0,-1],[-1,0],[-2,-1],[0,-1],[-1,1],[-1,1],[0,2],[0,0],[0,2]],[[5229,9206],[1,1],[0,-1],[2,0],[0,1],[0,1],[-2,0],[-1,0],[0,1],[0,1],[-2,0]],[[5227,9210],[0,1],[0,1],[1,1]],[[5269,9246],[-2,0],[-1,-1],[-2,2],[-1,1],[-1,1]],[[5262,9249],[0,1],[0,1],[1,0]],[[5263,9251],[1,-1],[1,0],[0,1],[2,-1],[1,0],[0,1]],[[5268,9251],[1,-2]],[[5269,9249],[-1,-2],[1,-1]],[[5220,9245],[-1,-1]],[[5219,9244],[-1,0],[-2,1],[1,1],[1,4],[1,-1],[2,0],[0,1],[-3,3],[-1,1]],[[5217,9254],[1,1],[-1,2]],[[5217,9257],[2,0],[2,0]],[[5221,9257],[0,0],[2,0],[0,0]],[[5223,9257],[-1,-3],[0,0],[-1,-1],[2,0],[1,-1],[1,1],[1,1],[1,0],[1,1]],[[5228,9255],[1,-1],[0,0]],[[5221,9244],[-1,1]],[[5265,9260],[0,-1],[0,-1],[-1,0],[-2,-2],[0,0],[-1,0]],[[5261,9256],[-1,0],[0,-1],[0,-1],[-2,-2]],[[5258,9252],[1,0],[1,-2],[1,0],[0,-2]],[[5261,9248],[-2,-1],[-2,-1],[0,-1],[0,-1],[-1,-1]],[[5256,9243],[-1,-1],[-2,0]],[[5246,9251],[1,1],[0,1],[1,-1],[1,2],[2,0]],[[5251,9254],[-1,0],[0,2],[-1,1],[0,0],[-2,1],[0,1],[-2,0],[-1,0],[0,1],[-1,1]],[[5243,9261],[-1,1],[0,2],[-3,-1],[-2,0],[-1,1],[1,1],[-3,1]],[[5234,9266],[2,0],[1,2],[1,0],[1,0],[0,-1],[1,0],[1,1],[-1,1],[1,1],[1,2],[-1,1],[0,1],[1,2],[1,0],[0,1],[0,2]],[[5268,9195],[0,-1],[0,-2],[-1,-2],[-1,0],[0,-1],[-1,0],[-1,-1],[-1,1]],[[5263,9189],[-1,1],[-1,0],[-1,-1],[-1,0],[-1,1],[-2,-1],[0,-1],[-1,-1],[-1,0],[0,-2]],[[5254,9185],[-1,1],[0,1],[1,3],[-1,1],[-1,0],[-2,1],[0,1],[-1,0]],[[5263,9225],[0,2],[0,1],[1,1],[2,3],[1,0],[0,0],[0,2],[-1,0],[0,1],[2,0],[0,2],[1,-1],[1,-1],[0,-1],[3,-1],[0,0],[1,-1]],[[5274,9232],[1,1],[2,-1],[0,1],[2,-1],[1,1],[0,0],[0,2],[1,0],[0,1],[1,1],[0,1]],[[5291,9231],[1,0],[-2,-3],[0,-2],[-1,0],[-1,1],[-2,-1],[-1,0],[0,-1],[-1,0],[0,-2],[-2,0],[0,-1]],[[5282,9222],[0,-1],[-1,0],[-2,2],[0,-1],[0,-2],[1,0],[0,-1],[-1,0],[-1,0],[-1,-1],[-1,-1],[0,-2],[0,-1],[-1,-2],[-1,-2],[0,-1],[1,-1],[1,-3]],[[5276,9205],[0,-2],[0,-2],[0,-1],[-1,-1],[-1,0],[-1,0],[-1,0],[-1,-1],[0,-1],[0,-2]],[[5271,9195],[-2,0],[-1,0]],[[5272,9263],[-1,-2],[1,-2],[2,-2],[2,-1],[-2,-1],[0,0],[-1,0],[-1,-1],[-1,0],[-2,-1],[1,-1]],[[5270,9252],[-2,-1]],[[5263,9251],[0,2],[-1,1],[-1,0],[0,2]],[[5231,9253],[2,-1],[0,1],[-1,1],[1,1],[-2,1],[-1,0],[0,1],[-2,1],[-1,2],[0,2],[1,0]],[[5228,9262],[0,1],[1,1],[1,2],[1,1],[1,0],[1,1],[0,1]],[[5233,9269],[0,0],[1,-1],[0,-2]],[[5269,9246],[1,-1],[2,0],[1,2]],[[5273,9247],[1,0],[1,1],[2,0],[2,1]],[[5256,9243],[1,0],[1,-1],[1,1],[1,0],[0,-3],[1,-1],[3,0],[1,1],[0,3],[1,0],[0,1],[2,-1],[0,-2],[0,0],[0,1],[1,0],[1,1],[-1,1],[0,2]],[[5228,9255],[-2,3],[0,0],[-2,0],[-1,-1]],[[5217,9257],[1,2],[0,0],[1,2],[-1,0],[-4,0],[0,2],[1,1],[0,1],[1,0],[1,0],[1,0],[1,0],[0,2],[3,0]],[[5222,9267],[2,1]],[[5224,9268],[2,-1],[1,0],[1,2],[0,1],[1,0],[1,0],[2,0],[1,0],[0,-1]],[[5273,9247],[0,1],[-1,2]],[[5272,9250],[0,2],[-2,0]],[[5261,9248],[1,1]],[[5272,9250],[-1,0],[-1,-1],[-1,0]],[[5227,9210],[0,-1],[-1,1],[0,-1],[-1,1],[-1,-1],[2,-2],[0,0],[-1,-1],[-1,-1],[-1,2],[-1,0],[0,1],[0,1],[-2,0],[-1,0],[-1,1],[-2,-1],[0,-1],[-1,1],[-1,0]],[[5214,9209],[-1,1],[-2,-1],[-1,1],[-2,1],[1,3],[-2,-1],[-1,1],[-1,-1],[-2,0],[0,1],[2,1],[-2,0],[-1,0],[-1,0],[0,3],[1,0],[1,1],[0,-1],[2,0],[0,2],[0,1],[2,1],[0,1],[0,1],[0,1],[1,0],[0,1],[1,1],[1,1],[1,0],[1,1],[1,0],[0,-1],[1,1],[1,0],[1,1],[0,1],[1,0],[1,2],[-1,1],[0,0],[-2,1],[0,2],[1,1],[2,1],[0,2]],[[5218,9241],[1,2],[-1,0],[1,1]],[[5170,9311],[0,1],[-1,0],[1,2],[2,1],[1,0],[2,0],[1,1],[0,1],[0,1],[0,1],[1,0],[0,-2],[1,0],[2,0],[1,2],[0,0],[1,1],[1,0],[1,1]],[[5184,9321],[1,-1],[2,0],[1,1],[0,0],[0,2],[1,-1],[2,-1],[1,1],[-1,1],[0,1],[1,0],[0,1],[2,-1]],[[5194,9324],[1,-1],[0,-1],[2,0],[0,-2],[1,0],[1,0],[1,-1],[1,0],[1,-1],[-2,0],[-1,0],[1,-1],[1,-1],[0,0],[1,1],[2,-1]],[[5204,9316],[0,-2],[1,-1],[0,-1],[-1,-1],[-1,1],[0,0],[-3,0],[0,-1],[-2,-1],[-1,1],[1,-2],[-1,0],[-1,-2],[2,-1],[-1,0],[-1,-1],[1,-1],[-1,-1],[-2,1],[0,0],[-3,1],[0,0],[0,2],[-3,-1],[-2,-1]],[[5186,9305],[-1,-1],[-1,-1],[0,-1],[-2,3],[-1,-1],[-1,-1],[-1,-1],[0,-1],[-2,-2],[-1,-1],[-3,2],[-2,0],[-1,1],[-2,-1]],[[5168,9300],[0,2],[1,3]],[[5169,9305],[1,-1],[1,1],[-1,1],[0,0],[0,1],[1,1],[0,1],[-1,2]],[[5153,9299],[0,1],[1,0],[0,-1],[-1,0]],[[5159,9313],[2,-1],[3,0],[0,2],[3,-1],[0,-2],[-1,0],[-2,-1],[0,-1],[1,0],[1,-1],[-1,-2],[2,-1],[1,-1],[1,1]],[[5168,9300],[1,-2],[0,-1],[0,-2],[-1,-1],[0,-1],[-1,0],[0,-1],[-2,-1],[-2,0],[0,-1],[-1,1]],[[5162,9291],[-1,1],[0,2],[-1,1],[0,1],[1,0],[2,0],[1,1],[0,2],[-1,1],[0,1],[0,2],[0,1],[-2,0],[0,0],[-1,2],[0,2],[-1,2],[-1,1],[-1,0],[0,1],[1,1]],[[5158,9313],[0,1],[1,-1]],[[5159,9313],[0,1],[2,1],[0,0],[0,1],[1,2],[2,0],[1,1]],[[5165,9319],[1,1],[-1,1],[-1,2],[0,1],[0,2]],[[5164,9326],[0,1]],[[5164,9327],[4,1]],[[5168,9328],[1,0],[1,-1],[1,-2],[2,-3],[2,0],[-1,1],[0,1],[3,-1],[1,-1],[1,-1],[0,1],[2,0],[3,-1]],[[5164,9327],[0,1],[-2,0],[0,-1],[-1,0],[-2,2]],[[5159,9329],[1,2],[0,1],[-1,1]],[[5159,9333],[0,0],[-1,2],[-1,4],[1,2],[1,-1]],[[5159,9340],[2,1],[1,1],[2,3],[0,-1],[2,1],[1,1],[1,0],[1,-1],[1,0],[1,2]],[[5171,9347],[1,0],[2,1],[0,-1],[-1,-4],[-2,-2],[3,-1],[2,0],[1,1],[1,1]],[[5178,9342],[2,-1],[1,0],[0,1],[0,1],[1,1],[1,0],[0,-1],[2,1],[0,-2],[1,0],[0,-1],[1,0],[1,-1],[1,0],[0,-1]],[[5189,9339],[0,-1],[1,-2],[1,-2],[-2,-2],[0,-1],[4,-3],[1,-1],[1,-1],[0,-1],[0,-1],[-1,0]],[[5203,9277],[1,-1],[-1,-1],[-1,-1],[0,-1],[1,-1],[-1,0],[-1,1],[0,-1],[-2,0]],[[5199,9272],[-1,2],[-2,1],[-1,0]],[[5195,9275],[0,1],[-2,1],[-1,1],[-2,1],[0,2]],[[5190,9281],[-3,0],[0,0],[-1,-1],[-1,1],[-1,1],[-1,1],[0,1]],[[5183,9284],[0,1],[0,1],[2,1],[1,-1],[1,2],[1,2],[0,2],[0,1],[0,1],[-1,1],[0,1],[1,1],[1,1],[0,1],[3,0],[0,1],[-1,1],[-1,1],[-2,0],[-1,1],[-1,2]],[[5204,9316],[0,1],[1,0],[1,0],[2,-1],[0,-1],[1,-1],[1,-1],[-1,-1],[2,0],[0,0],[4,-1],[1,-1]],[[5216,9310],[-1,0],[0,-2],[-1,0],[-2,1],[-1,0],[0,-2],[0,-2],[1,-1],[1,0],[0,-1],[1,-2],[-1,-1],[-1,-1],[0,1],[-1,0],[0,1],[-1,0],[0,-1],[1,-1],[-1,-2],[1,-1],[-1,-1],[1,-1],[0,-2],[-1,0],[1,-1],[0,-1],[1,-1],[-2,-1],[0,-1],[0,-1],[1,-1],[0,-1],[-1,1],[-2,0],[-1,-2],[0,-2]],[[5207,9281],[-1,0],[-1,0],[0,-1],[-1,-1],[-1,0],[-1,-1],[1,-1],[0,0]],[[5224,9268],[1,1],[-1,1],[-3,0],[0,2],[-1,1],[1,2],[0,1],[0,2],[0,3],[-1,1],[0,1],[-1,1],[-2,0],[-1,-2]],[[5216,9282],[-2,0],[-2,-1],[0,-1],[-1,0],[-3,0],[-1,1]],[[5216,9310],[0,1],[1,2],[0,-3],[2,-1],[1,1],[1,0],[1,-1],[0,-2],[3,1],[0,0],[2,0],[1,1],[1,-1],[1,-2],[0,-1],[2,-1],[1,0]],[[5233,9304],[1,0],[1,-1],[1,1],[1,-1]],[[5237,9303],[0,-2],[3,1],[-1,-2],[0,0],[0,-2],[1,0],[1,0],[1,-3],[0,-1],[1,0],[1,-1]],[[5172,9231],[-1,1],[-1,2],[-1,1],[-2,1]],[[5167,9236],[3,3],[0,0],[1,2],[1,0]],[[5172,9241],[2,-1],[2,-2],[1,0],[2,1],[0,1],[-1,0],[1,3],[1,1],[1,0],[1,0],[0,1],[1,1],[-1,1],[-1,1],[-1,1],[-1,0],[0,1],[1,1],[3,2],[1,-1]],[[5184,9252],[1,-1],[0,-1],[1,-1],[2,1],[0,-1],[3,1],[1,-2],[0,-1],[-1,-1],[-1,-1],[0,-2],[1,0],[1,2],[2,-1],[0,1],[1,0],[1,-1],[2,0],[1,0],[1,2],[1,-1]],[[5201,9245],[1,-3],[1,0],[0,-1],[1,0],[-1,-2],[-1,0],[0,-1],[-1,0],[1,-1],[1,-1],[-1,-1],[0,-1],[-1,0],[-1,1],[-2,-1]],[[5198,9234],[-1,-1],[-1,-1],[-1,1],[-2,-2],[-1,-1],[0,-1],[1,-1],[0,0],[-2,-4],[-1,0],[-1,-2],[1,0],[-1,-1],[0,-1],[-1,0],[-4,-4]],[[5184,9216],[-2,3],[-2,3],[-3,2],[-3,3],[0,1],[-2,3]],[[5128,9325],[-1,0],[-2,-1],[-1,1],[-1,0],[-1,2],[-2,3],[0,1],[2,0],[2,1],[1,1],[1,0],[1,-2],[0,-1],[1,-1],[-1,0],[-1,0],[0,0],[-1,-1],[-1,1]],[[5124,9329],[1,-2],[0,0],[1,-1],[1,-1],[1,1]],[[5128,9326],[1,1],[0,1],[0,0],[4,1],[0,-2],[-2,0],[1,-2],[2,0],[2,0],[2,0],[1,0],[1,-2],[1,0],[1,0],[1,0],[1,-2],[0,-1],[2,-2],[-1,-1],[-1,0],[-2,0],[-1,0],[-1,1],[-2,0],[-1,1],[0,1],[-2,1],[-2,1],[-1,1],[-3,2],[-1,0]],[[5161,9264],[1,0],[0,-1],[2,-2]],[[5164,9261],[1,-2],[3,-1]],[[5168,9258],[1,-3],[-1,0],[-1,0],[0,-1],[-3,-3],[0,0]],[[5164,9251],[-1,0],[0,-1],[-1,-2],[0,-1]],[[5162,9247],[-2,0],[0,1],[-2,0],[-2,3],[-2,1],[0,0],[-1,1],[-2,2],[-1,0],[-1,0],[0,-2],[0,-1],[-1,3],[0,2],[0,6],[0,4],[0,0],[3,1],[1,0],[3,2],[1,-1],[0,0]],[[5156,9269],[2,-2],[1,-2],[2,-1]],[[5217,9254],[-1,-1],[-1,0],[-1,0],[-1,1],[-1,0],[0,1],[-1,1],[-2,0],[0,1],[-2,-1],[-1,1],[-2,2],[-1,0],[0,0],[-1,0],[0,1]],[[5202,9260],[0,0],[1,1],[0,2],[-1,0],[-1,1],[-1,0],[0,1],[0,1],[-1,1],[-1,1]],[[5198,9268],[1,1],[0,2],[0,0],[0,1]],[[5214,9209],[0,-2],[-1,-1],[0,-1],[0,-1]],[[5213,9204],[-1,-2],[0,-1],[0,-2]],[[5212,9199],[-2,-1],[-1,1],[-3,1],[-1,0],[-1,2],[1,3],[-1,0],[-1,1],[0,-1],[0,-2],[-1,1],[-1,0],[-1,-1],[-1,0],[-1,0],[-5,1],[0,0],[-1,0],[-3,-1]],[[5189,9203],[-1,5],[-1,2],[-1,2],[-1,2],[-1,2]],[[5201,9245],[2,0],[1,2],[1,-1],[0,0],[1,0],[1,0],[1,-1],[2,1],[1,-1],[0,0],[1,-1],[0,-1],[1,0],[1,1],[0,-2],[1,1],[1,-1],[2,-1]],[[5158,9313],[-1,1],[-1,0],[0,1]],[[5156,9315],[0,1],[0,0],[1,2],[2,-1],[-1,3],[0,0],[-2,2]],[[5156,9322],[1,1],[0,2],[1,0],[2,-1],[1,1],[1,0],[2,1],[0,0]],[[5182,9267],[1,-5],[0,-1],[1,-1],[-1,-1]],[[5183,9259],[-2,0],[-1,2],[-2,0],[0,0]],[[5178,9261],[-1,1],[0,0],[-1,-1],[-1,1],[-1,-2],[0,1],[-2,0],[1,2],[0,1],[1,1],[1,0],[1,1],[-2,1],[1,1],[1,2],[1,1],[0,2],[-1,1],[1,0],[0,2],[-1,1],[0,2],[-1,1],[0,2],[0,1],[-1,0]],[[5174,9283],[0,0],[0,2],[3,-1],[-1,-2],[1,-1],[1,0],[1,1],[0,2],[0,1],[1,-1],[1,0],[1,0],[1,0]],[[5198,9268],[-1,0],[-1,-1],[0,-1],[1,-2],[-1,-2],[-1,1],[-1,-1],[-1,-1]],[[5193,9261],[-1,0],[-1,-1],[0,-1],[-1,2],[-1,1],[0,0],[-2,-1],[0,1],[-2,2],[0,2],[-1,0],[0,2],[-1,0],[0,1],[-1,-2]],[[5254,9185],[-1,-1],[-1,-2],[0,-1],[1,0],[0,-1],[-1,-1],[-1,0],[-1,-1],[1,-1],[-1,-2],[0,-2]],[[5250,9173],[-1,-1],[-1,1],[0,0],[-1,1],[0,0],[-1,2],[-1,0],[-1,-1]],[[5244,9175],[-2,-2],[0,-1],[-1,-1],[-1,0],[-1,1],[-2,0],[-2,1],[-1,1],[-2,0],[0,1],[-2,3],[-2,1],[-1,1],[0,-2]],[[5227,9178],[-1,1],[0,2],[-2,1],[-2,0],[0,-1],[-1,0],[0,-2],[-2,3],[0,2],[0,1],[-1,2],[0,3],[0,0],[1,2],[0,1],[-2,0],[1,2],[0,1],[-1,1],[-1,1]],[[5216,9198],[-2,1],[-1,1],[-1,-1]],[[5156,9269],[1,1],[-1,2],[-1,2],[0,1],[-1,1],[1,2],[1,0],[2,-1],[1,2],[1,1],[0,1],[1,2],[1,2],[0,2]],[[5162,9287],[1,0],[0,0],[2,-1],[1,-1],[0,-1],[1,-1],[0,-1],[2,-1],[1,2],[2,-3],[1,0],[1,2],[0,1]],[[5178,9261],[-2,-1],[-1,-1],[-1,-1],[0,-1],[1,-1],[-1,-1],[-1,0],[0,0],[-1,0],[-1,1],[-1,1],[-2,1]],[[5184,9252],[0,1],[0,1],[0,2],[-1,1],[-1,1],[1,1]],[[5193,9261],[1,0],[1,-1],[0,-1],[-1,0],[-1,0],[1,-2],[2,-1],[1,1],[1,0],[1,0],[1,2],[1,1],[1,0]],[[5162,9287],[0,1],[-2,1],[0,1],[2,0],[0,1]],[[5173,9291],[-1,3],[-1,-1],[-1,-1],[0,-1],[-1,0],[-1,-1],[0,-1],[-1,-1],[3,-3],[2,1],[1,1],[-1,1],[0,1],[1,1]],[[5173,9290],[0,1]],[[5158,9292],[1,0],[0,-1],[-1,-1],[0,2]],[[5150,9284],[1,-1],[1,-1],[0,-1],[0,-1],[0,-1],[-1,-3],[1,-3],[-1,0],[-3,-3],[0,1],[-1,5],[-1,3],[-1,2],[-1,0],[-1,2],[0,0],[-2,2],[-2,1],[-3,3],[-1,1],[0,3],[0,1],[0,3],[-1,2],[-1,4],[1,1],[1,-1],[2,-1],[0,-1],[1,-1],[1,-1],[1,0],[1,-2],[1,-1],[2,-1],[3,1],[1,-2],[0,-1],[-1,-1],[1,-1],[1,-2],[-1,-2],[2,-3]],[[5172,9241],[0,2],[1,1],[-1,1],[-1,0],[0,0],[-2,1],[1,0],[-2,1],[1,2],[-1,0],[-1,0],[-3,1],[0,1]],[[5156,9322],[-1,-1],[-1,-1],[-1,2],[-1,0],[-1,1]],[[5151,9323],[0,2],[0,1],[2,1],[1,1],[1,1],[1,1],[0,2],[1,0],[1,1],[1,0]],[[5156,9315],[-2,2],[1,1],[-1,0],[-2,0],[-1,-1],[-2,0],[0,2],[0,1],[1,1],[0,1],[1,0],[0,1]],[[5167,9236],[-1,2]],[[5166,9238],[3,1],[0,0],[0,3],[-2,0],[0,1],[-1,2],[-1,-1],[-1,2],[-1,0],[-1,1]],[[5461,9473],[0,3],[0,1],[2,0],[1,-1]],[[5464,9476],[0,-1],[1,0],[1,-2],[1,-1],[1,-2],[0,-2],[-1,0],[-1,-1],[1,-2],[1,-1],[0,-2],[-2,0],[-1,-1],[0,-3],[-2,-2],[0,0],[-2,-1],[1,-1],[-1,-2]],[[5461,9452],[-1,0],[-2,0],[-1,1],[-1,-1]],[[5456,9452],[-1,1],[-1,1],[-3,0]],[[5451,9454],[0,1],[0,1],[-2,1],[-1,1],[-1,0],[0,0],[-1,1],[2,1],[0,1],[-1,1],[0,2],[-2,0],[0,0]],[[5445,9464],[-1,-1],[-1,0],[-1,-1],[-1,-1],[0,1],[-2,-1],[1,-1],[-1,-1],[-2,3],[-2,1],[0,0],[-1,0]],[[5434,9463],[2,3],[-1,3],[-1,0],[-1,1],[0,0],[0,3],[0,0]],[[5433,9473],[2,1],[0,1],[2,1]],[[5437,9476],[2,1],[1,0],[1,0],[1,-1],[2,-2],[2,0],[1,0],[1,-1],[1,1],[1,-1],[1,-1],[1,-1],[0,-2],[2,0],[0,0],[1,0],[0,1],[1,1],[1,2],[0,1],[4,-1]],[[5447,9355],[-2,1],[-2,-1],[-2,0],[-1,1],[-1,-1],[-2,0]],[[5437,9355],[-1,2],[1,1],[-1,1],[0,1],[1,1],[2,1],[1,1],[1,2],[-1,2],[-1,0],[0,1],[0,2],[-1,0],[-1,3],[0,1],[1,1],[-1,3],[1,1],[1,1],[0,0],[0,1],[0,1],[-1,2],[1,0],[0,2],[-1,0],[0,1],[-1,-1],[0,1],[-1,1],[-1,1],[0,1],[0,1],[1,0],[0,1],[-1,1],[-1,1],[-1,1],[-1,0],[-1,0],[0,2],[-2,1],[0,1],[0,2],[2,0],[1,1],[0,0],[1,2],[0,1],[-1,1],[-2,2],[-1,1],[-1,2],[-1,1],[2,0],[0,1]],[[5429,9413],[1,-1],[1,3],[-1,2],[2,0],[1,1],[1,0]],[[5434,9418],[1,-1],[0,-2],[0,-1],[1,-1],[0,0],[1,1],[2,2],[1,3],[1,-1],[3,-1]],[[5444,9417],[-1,0],[1,-2],[0,-2]],[[5444,9413],[1,-1],[1,-2],[1,-1],[0,-1],[1,-1],[2,-1],[0,-1],[1,-4],[0,0],[1,1],[2,-1],[0,-1]],[[5454,9400],[-1,-1],[0,-1],[-1,-2],[0,-1],[-2,-3],[0,-1],[0,-3],[2,0],[1,2],[2,0]],[[5455,9390],[1,2],[0,0],[1,0],[1,0],[1,1],[1,0],[1,1],[1,-1],[2,1],[1,1],[1,-1]],[[5466,9394],[-1,-1],[2,-2],[0,-1],[1,2],[1,-1],[2,0]],[[5471,9391],[1,-1],[-1,-1],[1,-1]],[[5464,9476],[1,0],[1,2],[2,2],[1,0],[1,-1],[1,-1],[0,0],[1,-1],[0,-1],[0,1],[0,2],[0,0],[0,2],[-1,1],[0,2],[2,1],[0,0],[1,1]],[[5474,9486],[2,-1],[1,-1],[0,-1],[0,-1],[1,-1],[0,0],[2,-2],[1,0],[2,-1],[1,-2],[0,0],[1,-1],[1,-1],[-1,-1],[-2,-2],[0,0],[2,-3],[1,-1],[-1,-2],[1,-1],[2,-1],[0,-1]],[[5488,9462],[-2,-3],[-3,-1],[-1,0],[-3,1],[-1,-2],[1,-1],[1,0],[2,-1],[-1,-1],[0,-1],[-1,0],[-1,-2],[0,-1],[-1,-2],[0,0],[-2,0],[-2,1],[-1,2],[-1,0],[-1,0],[-1,-1],[-2,2],[-1,-2],[-1,-1],[0,-1],[-1,-1],[0,0],[-1,0],[-1,0]],[[5463,9447],[-1,0],[-1,0],[0,2],[-1,1],[2,2],[-1,0]],[[5451,9454],[0,-1],[0,-2],[1,-1],[-1,-1],[-1,-1],[-1,1],[-1,1],[-2,0],[-1,0],[-1,1],[-1,2],[-2,-2],[1,-1],[0,-1],[1,-1],[1,-3],[1,-2],[0,0]],[[5445,9443],[-1,0],[0,0],[-3,0],[-2,-2],[0,1],[0,1],[-2,1],[0,1],[-1,0],[0,-1],[0,-1],[-2,0],[0,-1],[0,-1],[-1,-1],[-1,1],[-1,0],[-2,0],[-1,-1]],[[5428,9440],[0,1],[-2,0]],[[5426,9441],[0,2],[1,1],[1,1],[0,1],[0,1],[-1,1],[1,1],[-1,1],[-2,-1],[1,-1],[-1,0],[-2,0],[1,2],[-1,1],[0,1],[-2,-1],[-1,1],[-1,-1]],[[5419,9451],[-1,2],[-1,0],[0,2],[1,2],[0,1],[2,1],[0,1],[0,1],[0,1],[1,-1],[2,-1],[3,1],[0,1],[0,1]],[[5426,9463],[1,1],[1,-1],[1,-2],[1,-1],[1,1],[1,1],[1,0],[1,1]],[[5470,9432],[0,0],[1,-2],[1,0],[-1,-2]],[[5471,9428],[-2,-1],[-1,2],[0,1],[-1,1],[1,1],[-1,-1],[-3,-1],[1,-2],[1,0],[0,-2],[-1,-2],[-1,0],[-1,-1],[-1,0],[-1,0],[0,1],[0,0],[-1,0],[-3,-3],[1,-1],[1,0],[1,0],[1,-2],[-1,-1],[0,-1],[0,-1],[0,-1],[1,0],[1,1],[1,-1],[0,0],[1,0],[1,-1],[1,-1],[0,1],[2,-1]],[[5468,9412],[0,0],[-3,-1],[-1,-3],[0,-1],[-1,0],[-1,-1],[-1,0],[-1,0],[0,2],[-1,0],[0,1],[-1,0],[-2,-1],[2,-1],[-1,-1],[2,-1],[0,-1],[0,0],[-1,0],[-1,-1],[-1,-1],[1,-1],[-1,-1],[0,-1],[0,-2],[-1,0],[-1,3]],[[5444,9417],[1,1],[0,1],[-1,1],[1,1]],[[5445,9421],[0,1],[1,1],[1,0],[0,2],[1,1],[1,1],[0,2],[-2,2],[-2,-1],[0,1],[1,1],[2,2],[0,-1],[2,0],[0,1],[1,0],[-1,1],[1,0],[0,2],[1,2]],[[5452,9439],[1,0],[1,0],[1,5],[1,0],[0,-4],[2,2],[2,-2],[1,0],[0,-2],[0,1],[2,1],[-1,1],[-1,1],[1,1]],[[5462,9443],[1,-1],[4,-2],[1,-2],[0,-1],[0,-1],[-1,-1],[1,-2],[0,1],[2,1],[0,-1],[0,-1],[0,-1]],[[5514,9426],[-1,-1],[0,-1],[-1,-2],[1,-1]],[[5513,9421],[0,-1],[-2,0],[-2,0],[-1,-2],[0,1],[-1,0],[0,-2],[-1,0],[-1,0],[-2,3],[-2,0],[-1,0],[0,0],[-2,0],[-1,1],[-1,0],[0,-1],[-2,-1],[-1,0]],[[5493,9419],[0,-1],[-1,0],[-1,-1],[-1,0],[0,0],[0,-1],[-1,-2],[-1,0],[-1,0],[0,1],[-1,0],[-1,2],[-1,1],[-1,-1],[-2,2],[1,0],[-2,1],[1,1],[1,2]],[[5482,9423],[0,1],[2,0],[1,2],[-1,0],[-1,1],[-1,1],[0,1]],[[5482,9429],[1,-1],[0,2],[0,1]],[[5483,9431],[2,0],[0,1],[2,0],[1,-1],[1,-1],[0,2],[1,1],[-1,1],[0,1],[0,1],[0,1],[2,0],[1,1],[2,0],[2,1],[1,0],[1,-2],[0,2],[-2,1],[0,1],[-1,2],[1,1],[-1,1],[0,1],[1,-1],[2,-1],[0,0],[1,0],[2,0],[0,1],[1,-1],[1,1],[1,0],[0,-1],[2,-1],[2,0],[1,0],[0,0],[1,1]],[[5510,9444],[0,-1],[3,-1],[1,-1],[1,-2],[-1,-2],[0,-2],[-1,-3],[1,-2],[1,-1]],[[5515,9429],[0,0],[-1,-3]],[[5437,9476],[-1,2],[-2,2],[0,0],[-1,1],[1,1],[-1,4],[-2,0]],[[5431,9486],[1,3],[1,2],[0,2],[2,-2],[0,0],[4,4],[2,-4],[2,0],[1,1],[0,4],[-1,1],[1,2],[-1,1],[1,1],[0,1],[0,1],[-1,0],[-1,0],[-2,-1],[0,2],[1,2],[0,1],[0,1],[-1,3],[-3,0],[-1,0],[-2,0],[0,1],[0,1],[-1,2],[1,0],[1,1],[1,2],[1,0],[3,1],[1,0],[2,1],[0,1]],[[5443,9521],[5,1],[0,-1],[1,-1],[2,-1],[1,-1],[1,-1],[2,-1],[1,1],[0,-1],[1,2],[3,1],[1,-1],[1,-1],[2,-2],[1,-1],[0,-1],[1,0],[4,1],[1,0],[0,-1]],[[5471,9513],[1,-1],[2,0],[1,-1],[1,-1],[-1,-2]],[[5475,9508],[0,-2],[-3,-1],[0,-1],[-2,0],[0,0],[0,-1],[0,-1],[0,-1],[-1,-1],[1,-1],[-1,-2],[1,-2],[1,-2],[-1,-1],[-1,-1],[1,-1],[2,0],[1,-2],[1,0],[0,-2],[0,0]],[[5462,9443],[1,1],[0,1],[0,2]],[[5488,9462],[1,0],[1,1],[2,2],[1,2],[1,-1],[1,-2],[1,0],[0,-1],[1,0],[1,-2],[1,1],[1,1],[-1,0],[1,3],[-1,1],[0,2],[1,1],[1,0],[1,1],[2,1],[2,0]],[[5506,9472],[1,-1],[0,-1],[-1,-3],[1,-1],[1,-3]],[[5508,9463],[1,-3],[1,-3],[0,-1],[0,-2],[0,-1],[1,0],[0,-3]],[[5511,9450],[0,-2],[-1,-2],[0,-2],[0,0]],[[5483,9431],[1,2],[-2,0],[-2,-1],[0,-2]],[[5480,9430],[-2,-2],[-1,1],[-1,-2]],[[5476,9427],[-1,-1],[-1,1],[-2,-1],[-1,2]],[[5471,9391],[1,1],[0,1],[1,0],[0,1],[-2,2],[-1,1],[1,0],[-1,2],[0,1],[0,-1],[-1,0],[1,2],[-1,4],[-1,1],[-1,2],[1,0],[-1,1],[2,3],[0,0],[-1,1],[0,-1]],[[5476,9427],[-1,-1],[0,-1],[1,0],[1,0],[2,-1],[1,0],[2,-1]],[[5513,9421],[1,-1]],[[5514,9420],[0,-2],[0,-2],[0,-1],[0,-1],[-1,-1],[0,-1],[0,-1],[-1,-2],[-1,-2]],[[5482,9429],[-2,1]],[[5475,9508],[2,-2],[1,0],[1,-1],[0,-3],[1,0],[2,0],[1,0],[1,0],[1,2],[0,1],[0,2],[0,1],[0,1]],[[5485,9509],[1,-1],[1,-1],[1,0],[1,-1],[1,0],[0,-1],[1,0],[0,-1],[1,-1],[1,1],[1,1],[1,1],[3,1]],[[5498,9507],[1,-2],[0,-1]],[[5499,9504],[0,-2],[1,-1],[1,-1],[0,-2]],[[5501,9498],[1,-2],[0,-1],[-1,-2],[0,-1],[0,-1],[-1,-2],[-1,-4]],[[5499,9485],[-1,-1],[-1,-2],[0,-2],[1,-1],[1,-1],[1,0],[1,-1],[1,-1],[1,-2],[3,-2]],[[5452,9439],[0,2],[-1,1]],[[5451,9442],[1,1],[1,1],[-1,1],[-1,0],[1,2],[-1,0],[2,0],[1,0],[1,0],[1,1],[1,0],[0,2],[-1,2]],[[5451,9442],[-2,-1],[0,-1],[0,2],[0,2],[-2,-1],[-2,0]],[[5434,9418],[1,2],[1,3],[0,1],[-2,-1],[-1,0],[-2,1],[-2,2],[0,3],[1,0]],[[5430,9429],[1,2],[0,0],[0,1],[0,1],[1,2],[-1,2],[-1,0],[0,1],[-1,1],[-1,1],[0,0]],[[5419,9451],[-1,-1],[-1,0],[-2,0],[-1,-1],[0,0],[-1,0],[-3,1],[-2,2],[-1,0],[-1,0],[-1,1],[-1,0]],[[5404,9453],[3,3],[0,1],[0,1],[1,1],[2,0],[-1,3],[1,2],[-1,1]],[[5409,9465],[2,1],[1,-2],[0,-1],[3,2],[0,0],[1,2],[-1,2],[-1,0],[0,1],[1,0],[2,1],[-1,1],[2,3],[3,-2],[2,-2],[1,1],[1,-1]],[[5425,9471],[0,-2],[-1,-3],[-1,0],[1,-2],[1,0],[1,-1]],[[5425,9471],[0,1],[2,1],[3,1],[1,0],[1,0],[1,-1]],[[5404,9208],[-1,-1],[-2,0],[-1,0],[0,-2],[-1,0],[0,-3],[-1,0],[0,-1],[-1,1],[-1,0],[0,-1],[-1,1],[-1,-2],[0,1],[-1,0],[-1,-2],[-2,0],[-1,-1],[0,1]],[[5389,9199],[0,0],[0,2],[0,1],[0,1],[0,1]],[[5389,9204],[-1,1],[1,1],[-1,0],[0,1],[-1,3]],[[5387,9210],[0,1],[2,0],[0,1],[1,3],[1,1],[0,1],[-1,1],[2,1],[0,0],[1,0],[1,2],[0,1],[0,1],[1,1],[1,2],[1,0],[-1,2],[-1,1],[0,0],[0,1],[1,2],[-1,0],[1,2],[0,0],[0,2],[0,1],[-1,0],[-1,1],[0,2],[-1,0]],[[5393,9240],[1,1],[1,2],[1,2],[1,1],[2,2],[0,-1],[1,0],[2,1],[0,1],[1,0],[1,1],[1,3],[1,-1],[2,1],[0,-1],[0,-1],[2,-1],[1,2],[2,-1]],[[5413,9251],[-1,-1],[0,-1],[0,-2],[-1,-1],[-1,-1],[1,-1],[0,-1],[0,-1],[2,0],[0,-1],[0,-1],[-1,-1],[-1,-1],[-1,1],[-1,0],[0,-1],[1,-1],[1,-1],[-1,-1],[0,-1],[0,-2],[0,-1],[1,-1],[1,0],[1,-2],[-1,0],[0,-1],[0,-1]],[[5412,9226],[-1,-1]],[[5411,9225],[-2,0],[-1,-1],[0,0],[-2,-3],[0,-1],[1,-2],[0,0],[0,-1],[0,-1],[0,-1],[0,-1],[-1,0],[0,-1],[-2,-2],[1,-2],[-1,-1]],[[5461,9243],[0,-2],[-2,-1],[-2,-2],[-1,1],[0,1],[-2,-1],[-1,0],[0,-3],[-1,0],[1,-2],[-1,-2],[-1,0],[-1,-2],[0,-1],[-3,0]],[[5447,9229],[0,0],[-1,0],[-1,0],[1,1],[-1,2],[0,-1],[-1,1],[-1,0],[1,1],[1,0],[1,1],[0,1],[-1,0],[2,1],[0,2],[1,0],[0,1],[1,1],[0,1],[1,1],[0,2],[0,2],[1,0],[0,2],[0,0],[-1,2],[-1,2]],[[5449,9252],[0,0],[2,0],[1,1],[1,2],[0,1],[0,1],[1,0],[1,0],[1,0],[2,0],[2,-2],[1,1],[1,1],[1,1],[0,1],[1,1],[1,1]],[[5465,9261],[1,-1],[1,-2],[0,-1],[1,0],[-1,-2],[1,0],[0,-1],[0,-1],[-1,-1],[0,-1],[1,-1],[-1,-2],[0,-1],[-1,0],[-1,1],[-1,-1],[0,-2],[0,-2],[-1,-1]],[[5463,9242],[-1,1],[-1,0]],[[5394,9178],[0,2],[1,1],[1,1]],[[5396,9182],[-1,1],[-1,1]],[[5394,9184],[0,2],[0,0],[1,2]],[[5395,9188],[1,-1],[0,-1],[1,0],[1,0],[2,-1],[0,-2],[-1,-1],[0,-1],[1,0],[1,0],[1,1],[0,-1]],[[5402,9181],[1,-1],[1,-1],[0,-2],[0,-1],[1,-1],[1,1],[1,-3],[0,-1]],[[5407,9172],[1,-2],[1,-1],[0,-1],[1,-1],[2,-1],[-1,-1],[0,-2],[-1,-1],[1,-2],[0,0],[-2,-1],[0,-2],[1,-1],[1,-3],[0,-1]],[[5411,9152],[-1,-2],[-1,0],[-1,-1],[-1,0],[-1,-1]],[[5406,9148],[0,1],[-1,1],[0,0],[-1,-2],[0,1]],[[5404,9149],[-1,1],[-1,0],[0,1],[0,2],[-1,1],[-1,1],[-1,0],[0,-1],[-1,1],[0,2],[-1,1],[-1,1],[-1,1],[0,1],[-1,0],[0,1],[-2,1],[-2,0],[0,0],[0,1]],[[5390,9164],[-1,1],[0,2],[0,1],[-1,1],[1,2],[0,1],[1,1],[-1,1]],[[5389,9174],[0,2],[1,2],[1,0],[0,-1],[1,1],[1,0]],[[5393,9178],[1,0]],[[5429,9156],[-1,0],[-1,1],[-1,0],[-1,-1],[-1,0],[-2,0],[-2,-2],[-1,-1],[0,0],[-1,0],[0,2],[-1,1],[-2,0],[-1,-2],[0,-1],[-2,-1],[0,0],[-1,0]],[[5402,9181],[2,1],[0,0],[1,0],[1,0],[1,-1],[1,1],[2,-1],[0,2],[1,1],[0,-1],[0,1],[1,1],[1,-1],[2,1],[1,1],[0,-1],[0,-1],[1,-1],[2,-1],[1,1],[1,-2],[0,-1],[-1,-1],[0,0],[1,-1],[1,0],[0,-1],[1,-1],[0,2],[1,1],[0,2],[0,0],[1,3],[0,0],[1,1],[0,2],[0,0],[1,1]],[[5427,9188],[2,1],[0,1],[1,0],[0,0],[1,-1],[1,0],[1,2],[2,-1],[1,0],[1,2],[1,-2],[0,0],[1,0]],[[5373,9192],[2,2],[0,0],[0,2],[1,0],[0,-1],[1,0],[0,1],[1,2],[0,2],[0,1],[0,2],[-1,1],[-1,-2],[-1,1],[0,1],[0,1]],[[5375,9205],[1,2],[0,1],[1,2],[-1,1],[-1,1],[-1,0],[-1,3],[1,0],[0,1],[1,1],[1,0],[0,-1],[1,-1],[2,1],[0,-1],[2,0],[-1,2],[1,0],[0,-1],[2,-1],[1,0],[1,-1],[2,0],[0,-1],[0,-2],[0,-1]],[[5389,9199],[0,-2],[-1,-1]],[[5388,9196],[0,-1],[3,-2],[1,0],[0,-1],[-1,-1],[0,-1],[0,-1],[-1,-2]],[[5390,9187],[-1,-1],[0,-1],[-1,1],[-1,-1],[-1,1],[0,1],[-1,1],[0,0],[-2,-1],[-1,0],[-1,1],[0,1],[-1,0],[-1,-1],[0,-2],[-1,-2],[0,-1],[0,1],[-1,2],[-1,1],[-1,2],[-1,0]],[[5374,9189],[-1,1],[1,1],[0,0],[-1,1]],[[5424,9226],[-2,1],[0,1],[-1,0],[-1,-1],[0,-1],[-1,-1],[0,0],[-2,-1],[1,-1],[-1,-1],[-2,2],[-1,1],[-1,1],[-1,0]],[[5413,9251],[0,1],[1,1],[1,0],[0,0],[0,1],[0,1]],[[5415,9255],[1,2],[1,0],[0,-1],[2,3],[1,0],[1,0],[1,-1],[1,2],[0,1],[0,1],[2,1],[1,0],[1,1],[1,0],[0,-1],[1,-1],[1,0],[0,-1],[0,-2],[2,1],[1,-1],[2,1],[0,0],[1,-1],[0,0],[1,2]],[[5437,9261],[1,-1],[1,-2],[1,0],[0,-2],[1,-1],[0,1],[0,1],[1,-1],[0,-1],[1,1],[0,-1],[1,0],[1,-1],[1,0],[0,-1],[0,-2],[0,0],[2,0],[1,1]],[[5447,9229],[1,-1],[-1,-1],[-1,-1],[0,-2],[-2,-1],[0,-1],[-2,0],[-1,-1],[0,1],[-3,-1],[-1,-2],[-1,0],[0,0],[-1,-2],[1,-1],[-1,0],[1,-2],[-1,-1],[-1,0]],[[5434,9213],[0,0],[0,2],[-1,1],[0,-2],[-1,1],[-1,-1],[-2,2],[0,1],[-1,0],[-1,0],[-1,0],[0,0],[0,2],[0,2],[-1,1],[-1,0],[-1,0],[0,1],[0,2],[1,1]],[[5394,9184],[0,-1],[-1,1],[-1,0],[-1,-1],[0,2],[1,2],[0,0],[-2,0]],[[5411,9225],[-1,-1],[0,0],[-1,-1],[0,-2],[2,0],[0,-1],[1,-1],[1,-1],[0,-1],[1,1],[0,-1],[0,-1],[0,-1],[0,-1],[0,-2],[0,-1],[3,0],[-2,-2],[0,-1],[0,0],[0,-2]],[[5415,9206],[-2,0],[0,-1],[-1,-1],[1,-1],[-2,-3],[1,-1],[1,0],[-1,-1],[1,0],[-1,-1],[0,1],[-1,1],[-1,-1],[-1,1],[-2,0],[0,-1]],[[5407,9198],[-1,2],[-1,-1],[-2,1],[-1,-1],[-2,1],[0,-1],[1,-2],[-1,-1],[1,0],[0,-1],[-1,-1],[0,-1],[1,-1]],[[5401,9192],[-1,-1],[-1,0],[-1,-2],[-1,1],[-2,2],[-1,-1],[0,-1],[1,-2]],[[5379,9237],[1,-1],[0,-1],[1,0],[1,1],[1,1],[0,-1],[2,-1],[1,0],[0,0],[2,1],[1,2],[0,1],[2,0],[2,1]],[[5375,9205],[0,1],[-1,1],[-1,0],[-1,0],[0,1]],[[5372,9208],[-1,0],[-1,0],[0,0],[-1,-1],[-1,2],[-1,3],[1,1],[-2,-1]],[[5366,9212],[-1,0],[-1,1],[-1,0],[0,-1],[-1,0],[-1,1],[0,1],[-1,0],[0,0],[0,3],[2,-1],[1,1],[0,1],[-2,1],[-1,1],[0,0]],[[5360,9220],[0,1],[1,1],[0,2],[0,1],[1,0],[1,0],[-1,2]],[[5362,9227],[3,-1],[1,-2],[2,-1],[1,3],[1,1],[1,0],[0,2],[2,2],[1,1],[1,0],[1,-1],[0,1],[1,1],[0,2],[1,0],[1,1],[0,1]],[[5374,9189],[-1,-2],[0,-2]],[[5373,9185],[-2,0],[0,-1],[-1,0],[-1,0],[-1,0],[1,-2],[0,-2],[-1,0],[-2,1],[-1,2],[-1,1],[-1,0],[-1,-1]],[[5362,9183],[1,2],[0,0],[-2,2],[-3,-1],[0,1],[0,2],[0,1],[2,0],[2,2],[0,0],[0,2],[-2,0],[-1,1],[0,1],[-1,0],[-1,0],[1,3],[1,2],[-1,0]],[[5358,9201],[1,0],[-1,2],[2,0],[1,1],[1,2],[0,2],[2,0],[0,0],[1,1],[1,2],[0,1]],[[5445,9198],[-1,0],[0,1],[-1,-1],[-2,1],[0,1],[1,0],[-1,1],[0,1],[-1,-1],[-1,-1],[-1,2],[0,0],[-1,2],[-1,0],[1,1],[-1,2],[-1,2],[-1,1],[1,1],[-1,1],[0,1]],[[5463,9242],[0,-1],[1,-2],[0,0],[0,-1],[1,-1],[0,-1],[0,0],[1,-1],[1,0]],[[5467,9235],[0,-1],[0,-1],[0,-2],[0,0],[0,-1],[-1,-2],[1,-1],[-1,-1],[0,-1]],[[5385,9174],[-2,1],[-1,1],[-1,-1],[0,-1],[-1,1],[0,1],[-1,0],[-1,-1],[0,2],[-1,0],[1,1],[0,1],[1,2]],[[5379,9181],[0,0],[1,2],[1,-1],[0,1],[2,1],[1,1],[1,-2],[0,0],[1,-2],[1,-1]],[[5387,9180],[0,0],[0,-1],[-1,-2],[-1,0],[0,-1],[1,-2]],[[5386,9174],[-1,0]],[[5427,9188],[-1,2],[-1,0],[-1,1],[-2,1],[0,1],[1,0],[0,2],[0,1],[0,1],[-1,1],[0,0],[-1,2],[-1,0],[-1,1],[-1,-1],[1,1],[-1,1],[0,1],[2,-1],[1,0],[0,1],[0,1],[1,1],[2,0],[-3,1],[0,1],[0,1],[-1,0]],[[5420,9208],[-1,-1],[-1,-1],[-2,0],[-1,0]],[[5401,9192],[0,0],[1,2],[1,0],[0,-1],[2,2],[1,1],[0,1],[1,1]],[[5387,9180],[1,1],[1,0],[1,-1],[2,0],[1,-2]],[[5389,9174],[0,0],[0,-1],[-2,0],[-1,1]],[[5373,9185],[0,-2],[2,-2],[2,1],[1,0],[1,-1]],[[5390,9164],[-1,0],[-2,1],[0,-1],[-2,-1],[-1,0],[0,2],[-1,0],[-1,0],[-1,0],[-2,-2],[0,0]],[[5379,9163],[0,-2],[-2,0],[-1,1]],[[5376,9162],[-1,1],[-1,1],[0,2],[-1,0],[-1,1],[1,2],[-1,0],[-1,2],[1,1],[-2,2],[2,0],[1,1],[0,1],[-1,1]],[[5372,9177],[-1,1],[-2,-1],[-1,0],[0,1],[-2,0],[0,1],[-2,-1],[-1,0],[-1,2],[-2,0],[0,1]],[[5360,9181],[0,1],[1,0],[1,1]],[[5662,9456],[0,1],[4,-2],[1,1],[1,0],[0,0]],[[5668,9456],[2,1],[0,1],[0,1],[1,0],[0,2],[0,-1],[2,0],[0,-1],[1,0],[1,1],[0,1],[1,0],[2,1],[1,-1],[-1,2],[1,0],[1,2],[0,0],[0,-2],[2,0],[0,2],[0,1],[-1,0],[0,1],[1,1],[1,-1],[1,-1],[0,-1],[1,2],[2,-2]],[[5687,9465],[1,-1],[0,-1],[0,-1],[-1,-1],[1,0],[0,-1],[-1,-2],[-1,-2],[1,-1],[0,-1],[1,0],[1,0],[0,-2]],[[5689,9452],[0,-1],[0,-1],[-1,-1],[0,0],[-2,1],[-1,0],[-1,-2],[1,-1],[1,-2]],[[5686,9445],[-2,0],[0,-1],[0,0],[-1,-2],[-2,0],[1,-1],[0,0],[-1,-1],[0,-1],[1,-1],[0,0]],[[5682,9438],[-1,-1],[-3,1],[-1,0],[-1,0],[0,0],[-2,1],[-1,2],[2,0],[0,2],[0,0],[-2,2],[-1,0],[-1,0],[-1,1],[-1,1],[0,1],[-1,-1],[-1,-1],[0,1],[-1,1],[0,1],[1,0],[-1,1],[-1,1],[-1,0],[-1,0],[-2,1],[0,3]],[[5661,9455],[1,1]],[[5662,9485],[1,2],[1,1],[0,1],[1,1],[1,1],[1,-1],[1,0],[0,0],[0,-2],[0,-2],[0,-1],[1,-1],[1,0],[1,-1],[1,0],[1,1],[1,0],[1,-1],[1,0],[1,1],[1,-2],[1,1],[1,-1]],[[5680,9482],[-1,-2],[-1,1],[-1,-1],[-1,0],[-1,0],[0,-1]],[[5675,9479],[-1,0],[-1,1],[0,0],[-1,-2],[-1,0],[0,-2],[0,0],[-1,-3],[-1,0]],[[5669,9473],[0,0],[-1,-1],[-2,0],[0,2],[-1,-1],[-1,0],[-1,-2],[0,-1],[1,-2],[0,-1],[-1,-1],[-1,-2],[-1,1],[-1,-2],[-1,-1],[-1,0]],[[5658,9462],[-2,0],[0,2],[0,1],[-1,0],[-1,1],[-1,2],[0,3],[-1,0],[-1,0],[0,-1],[-1,0],[-2,1],[-1,3],[-1,0],[1,1],[-1,2],[-2,0],[-1,0]],[[5643,9477],[-1,2],[0,1],[0,1],[1,0],[2,1],[1,-2],[1,0],[0,1],[2,-1],[2,1],[1,-1]],[[5652,9480],[-1,2],[0,2],[0,3]],[[5651,9487],[-1,0],[1,0]],[[5651,9487],[1,1],[2,1]],[[5654,9489],[1,0],[2,-1],[2,-1],[0,-1],[2,-1],[1,0]],[[5682,9486],[-1,0],[1,-2],[-1,0],[1,-3],[-2,1]],[[5654,9489],[-1,1],[0,0],[-1,1]],[[5652,9491],[-1,1],[1,1]],[[5652,9493],[-1,1],[2,2],[1,0],[0,1],[0,2],[1,1],[0,1]],[[5655,9501],[0,0],[1,0],[1,-1],[1,0],[2,0],[0,-3],[2,-1],[1,0],[1,-1],[0,0],[1,1],[1,0],[0,-2],[1,-1],[1,0],[1,3],[0,1],[2,1],[1,3],[2,1],[0,-2],[1,0],[1,0],[1,1],[2,-2],[0,-2],[2,-1],[1,1],[1,-1],[1,-1],[0,0],[0,-2],[3,-1],[0,2],[1,2],[1,1],[1,0],[1,-2],[0,0],[1,0],[0,-1]],[[5692,9494],[1,-1],[1,1]],[[5694,9494],[-1,-2],[1,-1],[-1,-1],[0,-1],[0,-1],[-1,-1],[0,-1],[0,-2],[-1,-1]],[[5691,9483],[0,1],[-1,1],[0,1],[-2,1]],[[5688,9487],[-1,-3],[0,0],[-2,-1]],[[5685,9483],[-1,1],[-1,1],[0,1],[0,1],[-1,-1]],[[5653,9576],[1,-2],[3,-1],[3,1],[1,-2],[1,-1],[-1,0],[-1,-2],[0,-1],[1,0],[1,-1],[1,1],[2,0],[1,-2],[1,-1],[-1,-2],[-1,0],[-1,-2],[0,0],[0,-1],[2,-2],[0,1],[2,3],[1,0],[1,-1],[1,-3],[1,-1],[0,-2],[2,-1],[0,0]],[[5674,9554],[1,-2],[0,0],[1,-2],[1,-1]],[[5677,9549],[1,-1],[-1,-2],[0,-1],[-2,0],[-1,-1],[-1,-1],[-2,-1],[0,-1],[2,-1],[2,0],[0,-1],[0,-2],[0,-1],[1,0],[-1,-1],[0,-1],[0,-1],[-1,-1],[2,-2],[-1,0]],[[5675,9530],[0,-1],[-1,0],[-1,-2],[-1,0],[0,-1],[-1,1],[-1,-2],[0,0],[-1,0],[-1,0],[2,-4],[-1,0],[-1,1],[0,2],[-1,-1],[-1,0],[0,-1],[0,-2],[1,-1],[0,-3],[0,-1],[-1,-1],[-2,0],[-1,1],[1,2],[-1,1],[0,-1],[-3,1],[-3,-1],[1,-1],[-1,-2],[1,-1],[2,-1],[0,-1],[0,-1],[-1,0],[-2,-1],[-1,1],[-1,-1],[-2,-1],[-1,1]],[[5652,9509],[-3,2],[-1,1],[0,0],[-2,1],[0,2],[1,0],[-1,1],[-1,-1],[-1,1],[-1,0],[-2,-1],[0,2],[-2,1],[0,1],[1,1],[0,1],[-2,1],[-2,0],[0,2],[0,1],[-1,1],[-1,0],[0,1],[-1,2],[0,0],[1,2],[-1,0],[-1,3],[-2,1],[0,-1],[-2,-1],[0,-2],[0,1],[-2,0],[-1,1],[0,2],[0,1],[1,0],[1,2],[-1,2],[-1,-1],[-1,-1],[0,2],[-1,0],[0,1],[1,0],[1,1],[1,0],[1,-3],[3,0],[0,0],[2,1],[0,1],[-1,0],[2,2],[-1,1],[0,2],[0,0],[-2,-1],[-1,1],[-1,-2],[-2,0],[-1,2],[-1,-1],[-1,1],[-1,-1]],[[5622,9545],[-2,2],[1,1],[-1,2],[1,1],[0,1],[-2,0],[-1,0],[-1,-1],[-2,0],[1,1],[-1,2],[1,1],[-1,1],[-1,0],[2,1],[0,2],[1,0],[2,0],[1,1],[-1,0],[0,2],[-1,1]],[[5695,9458],[-1,-1],[-1,-1],[0,-1],[-1,-1],[-1,-1],[-2,-1]],[[5687,9465],[1,2],[1,1],[-2,2],[0,0],[0,1]],[[5687,9471],[1,0],[1,0],[1,2],[0,1]],[[5690,9474],[2,0],[0,-1],[0,-2],[1,0],[-1,-2],[2,1],[1,-1],[0,2],[-1,2],[-1,1],[0,2],[3,0]],[[5696,9476],[0,0],[2,1],[1,-1],[1,-1],[1,1]],[[5701,9476],[2,-2],[3,0],[0,-1],[-1,-1],[1,-2],[-1,-1],[0,-1],[1,-1],[0,-1],[-1,-1],[-2,0],[-1,-1],[0,-1],[-2,-3],[0,-1]],[[5700,9459],[-1,0]],[[5699,9459],[-1,0],[-1,0],[-1,-1],[0,-1],[-1,1]],[[5634,9496],[1,2],[0,2],[1,0],[2,-1],[0,-1],[1,0],[1,-2],[1,3],[1,0],[0,-3],[1,0],[1,1],[2,1],[1,-1],[0,-1],[1,-1],[0,-1],[1,-3],[2,1],[1,-1]],[[5643,9477],[-4,2],[-2,-1],[0,0],[-1,0],[0,0],[-2,-1],[-1,1],[0,1],[-1,0],[-1,-2],[-1,0],[-1,1],[-1,1],[-1,0],[0,-1],[-2,-2],[0,-1],[-1,0],[0,0],[1,-2],[1,-1],[-1,-2],[0,-3],[-2,1],[-1,-1],[-1,0],[0,1],[-2,-1],[0,1],[0,1],[-1,1],[-2,-1]],[[5616,9469],[-2,2],[-1,0],[-1,-1],[-2,1],[0,-1],[-1,-1]],[[5609,9469],[-2,0],[-2,-1],[0,0],[-1,1],[0,2],[-1,3],[0,1],[1,2],[0,0],[0,0],[-1,0],[1,1],[0,1],[0,1],[0,1],[1,2],[0,1],[-1,0],[0,-2],[-1,-1],[-1,1]],[[5602,9482],[0,1],[-1,1],[1,1],[0,2],[0,-1],[-2,1],[0,1],[0,1],[0,1],[-1,0],[0,1],[1,2],[0,2],[1,1],[1,-2],[0,1],[0,1],[0,1],[1,-1],[1,2],[0,1],[0,1],[-1,1]],[[5603,9501],[0,1],[1,1],[-1,1]],[[5603,9504],[0,2],[1,0],[1,0],[0,1],[1,1],[0,1],[0,1],[0,1],[1,0],[1,0],[1,3]],[[5609,9514],[2,0],[0,0],[0,-2],[1,-1],[2,1],[1,-2],[1,0],[3,-1],[1,1],[0,-1],[1,1],[1,0],[1,0],[1,1],[1,1],[1,0],[0,-1],[1,0],[1,-1],[0,-1]],[[5628,9509],[0,-2],[1,0],[1,-2],[-1,-1],[0,-1],[1,1],[0,-1],[1,-1],[3,0],[0,-1],[-1,0],[-2,-2],[-1,0],[-1,-1],[-1,0],[-1,-2],[1,0],[0,1],[1,-2],[1,0],[1,0],[0,-1],[0,1],[2,1],[1,0]],[[5652,9509],[0,-1],[0,-1],[0,-1],[1,0],[1,-2],[0,1],[1,-1],[-1,-1],[1,-2]],[[5609,9514],[0,1],[1,3],[2,0],[-1,0],[0,4]],[[5611,9522],[1,0],[0,1],[2,3],[-2,2],[1,1],[1,-1],[1,1],[1,0],[1,0],[-1,1],[-1,1],[1,1],[-1,0],[0,2],[-1,0],[0,1],[1,0],[0,1],[0,1],[2,0],[1,-1],[1,1],[0,2],[1,-1],[1,1],[0,2],[1,1],[-1,1],[1,2]],[[5658,9462],[0,-3],[0,-2],[0,0]],[[5658,9457],[0,-1],[-1,1],[-1,-2],[1,-1],[0,-1],[0,-3],[1,0],[1,0],[-1,-2],[-1,0],[1,-1],[-1,-1],[1,-1],[-1,0],[-1,0],[-2,1],[-1,0],[0,-1],[1,-2],[0,-1],[-1,0],[-1,0],[0,-1],[-1,0],[0,-1],[-1,0],[0,-1],[0,-2],[0,-1],[2,0],[1,-3],[-1,-1],[1,-1],[1,0],[-1,-1],[0,-1],[-1,-1],[-1,0],[0,-1],[1,-1],[-1,-1]],[[5651,9425],[0,0],[-2,1],[0,0],[-1,1],[-3,0]],[[5645,9427],[0,1],[-1,0],[-1,1],[1,1],[-2,1],[-1,1],[0,2],[-1,0],[1,3],[-1,1],[-2,-1],[-1,0],[-1,0],[0,1],[-1,1],[-2,0],[-1,2],[-2,-1],[-1,1],[-1,1],[-1,0],[1,2],[0,1],[1,1],[-2,0],[-2,0],[0,0],[-1,-3],[-2,2],[1,3],[0,1],[-4,1]],[[5619,9450],[-2,0],[-2,1],[0,0],[0,1],[0,1],[-2,2],[1,0],[-1,0],[-1,0],[0,0],[-1,1]],[[5611,9456],[0,2],[0,1],[1,1],[1,2],[0,1],[-1,2],[-1,1],[-1,1],[0,0],[-1,2]],[[5607,9451],[0,1],[-1,-1],[-1,1],[-1,1],[-1,-1]],[[5603,9452],[-1,1],[1,1],[0,1],[1,0],[2,0],[3,1]],[[5609,9456],[0,-2],[0,-1],[-2,-2]],[[5658,9457],[2,0],[1,-2]],[[5682,9438],[1,-1],[-1,-1],[-1,-1],[1,-1],[0,-2]],[[5682,9432],[-2,0],[0,-1],[-2,0],[0,-1],[1,-1]],[[5679,9429],[-2,0],[-2,1],[-1,0]],[[5674,9430],[-2,0],[-1,0],[-2,0],[0,-1],[0,-1],[-1,0],[-1,0],[-4,-2],[-1,-1]],[[5662,9425],[-2,1],[0,-1],[-1,-1]],[[5659,9424],[-2,0],[-1,1],[-1,-1],[-1,0],[1,-1],[-1,-1],[-3,-1],[-1,2],[0,1],[1,1]],[[5664,9435],[0,0],[2,0],[0,1],[3,-2],[0,1],[0,1],[0,1],[-2,1],[-1,0],[2,3],[-3,0],[-2,1],[-1,0],[-2,1],[1,-1],[-1,-2],[1,-2],[1,-1],[1,-2],[1,0]],[[5694,9494],[2,1],[1,3],[1,1],[0,0],[1,3],[1,0],[-1,3],[1,1],[1,2],[0,1],[1,0],[2,0],[0,-1],[2,1],[-1,1],[-1,0],[1,1],[0,2],[0,-2],[2,1],[1,1],[-1,2],[1,1],[0,-1],[0,2]],[[5708,9517],[2,1]],[[5710,9518],[1,0],[0,-1],[1,0],[1,2],[0,1],[1,1],[0,1],[2,0],[0,-1],[2,-2],[0,0],[1,0],[1,-4],[0,-2],[0,0],[0,-1],[0,-2],[0,-2],[-2,0],[0,-1],[-1,-2],[-1,-2],[-1,0],[-1,1],[-2,0],[-1,-2],[0,-1],[2,0],[-2,-1],[-1,-1],[0,-2],[1,0],[2,2],[0,-1],[1,-1],[1,0],[0,-1],[0,-1],[0,-2],[1,-2]],[[5716,9491],[-1,0],[0,-2],[0,0],[2,-1]],[[5717,9488],[-2,-1],[-1,0],[0,-1],[-1,1],[-1,0],[-1,-1],[-1,0],[0,1],[-1,-2],[-1,-1],[-1,0],[0,1],[-1,0],[1,-1],[-1,-2],[-2,0],[0,-1],[-1,1],[-1,1],[-2,0],[-1,-1],[-1,-2],[0,-1],[1,0],[0,-1],[1,-1],[1,0],[0,-1]],[[5696,9476],[-1,3],[-1,0],[-1,0],[-1,-1],[-2,1],[0,1],[-1,1],[-1,0],[0,-1],[-2,-1]],[[5686,9479],[-2,0],[1,1],[-1,2],[1,1]],[[5717,9488],[1,1],[2,0],[0,-3],[0,0],[0,-2]],[[5720,9484],[0,-2],[0,-2],[-1,0],[-1,0],[0,-1],[2,-1],[1,-1],[1,0]],[[5722,9477],[-1,-2],[0,-1],[-1,0]],[[5720,9474],[0,-2],[-1,-1],[0,-1],[1,-1],[-1,-1]],[[5719,9468],[-1,-1],[1,-2],[-1,-1],[0,-1],[-2,0],[1,-1],[0,-1],[0,-3],[-1,-1],[-1,-1],[0,-2],[0,0]],[[5715,9454],[-2,-1],[0,-1],[0,-1],[0,0],[-1,-1]],[[5712,9450],[-1,0],[1,1],[-2,3],[0,0],[-1,-1],[-1,-1],[-1,0],[-2,-2],[0,0],[-1,2],[0,0],[-1,2],[0,2],[-1,2],[0,0],[-2,1]],[[5712,9450],[0,-2],[-1,-1],[0,-1],[-1,0]],[[5710,9446],[-1,0]],[[5709,9446],[-1,-1],[-2,1],[0,-1],[-1,-1],[-1,-1]],[[5704,9443],[-1,-1],[-1,0],[0,-3],[3,-2],[0,0],[-1,-2],[-2,0],[-1,-2],[-1,-1]],[[5700,9432],[-3,1],[-1,-1]],[[5696,9432],[-1,1],[0,-1],[-1,-1],[-1,0],[-1,-1],[-1,0],[-1,0],[-2,0],[-1,-1],[0,-1],[-1,-1],[0,2],[-2,0],[0,1],[-1,1],[-1,1]],[[5675,9530],[1,0],[2,0],[1,2],[2,1],[0,-1],[0,-2],[2,1],[-1,-2],[0,-1],[1,-1],[0,0],[2,0],[0,-2],[2,1],[0,-1],[1,0]],[[5688,9525],[1,-1],[1,1],[1,2],[1,1],[1,1],[0,-2],[0,-2],[1,0]],[[5694,9525],[1,-1],[1,-1],[2,-3],[1,0],[1,1],[-2,-4],[1,-1],[1,-2],[1,1],[1,0],[0,1],[1,1],[1,2],[1,0],[1,0],[1,0],[1,-1],[-1,-1],[1,0]],[[5669,9473],[1,-2],[0,1],[2,0],[1,0],[0,1]],[[5673,9473],[1,0],[0,0],[4,-2],[0,2],[2,0],[1,-2],[0,1],[-1,1],[1,1],[0,2]],[[5681,9476],[1,0],[0,0],[1,1],[1,-1],[1,-1],[1,-1]],[[5686,9474],[-1,-2],[2,-1]],[[5686,9474],[0,1],[0,2],[1,0],[-2,0],[0,1],[1,1]],[[5676,9476],[0,1]],[[5676,9477],[3,-1],[0,1],[2,-1]],[[5673,9473],[2,3],[1,0]],[[5675,9479],[1,-2],[0,0]],[[5007,9619],[1,1],[1,-1],[1,2],[1,-2],[-1,-1],[2,-1],[1,-1],[0,-3]],[[5013,9613],[1,1],[1,-1],[0,-1],[1,-1],[2,1],[-1,1],[-1,1],[1,0],[0,2],[1,1],[0,-1],[2,0],[1,0],[1,0],[0,0],[1,0],[1,-1],[1,1],[1,0],[1,0],[1,0]],[[5028,9616],[1,0],[0,-1],[1,-3],[0,-1],[-1,0],[-1,-1],[1,-3],[-1,-1],[2,-2],[-1,-1]],[[5029,9603],[0,-1],[-1,0],[-1,0],[0,-1],[0,0],[-2,0],[-1,0],[0,1],[-2,-1],[0,1],[-3,0],[0,2],[-1,-1],[0,-2],[-1,1],[-1,-1],[0,0],[-1,-1],[-1,0],[-1,-1],[-1,0],[0,-1],[1,-1],[0,-1],[1,0],[0,-2],[1,0],[-1,-1]],[[5014,9593],[0,0],[-2,-1],[-1,0],[-2,2]],[[5009,9594],[-2,2],[-1,-1],[-3,2],[-2,-1],[-1,-1],[-2,0],[1,1],[-2,0],[0,3],[0,0],[0,1],[-1,0],[-1,1],[-1,0],[0,0],[-2,0],[0,1]],[[4992,9602],[0,2],[1,0],[1,1],[-1,1],[0,0],[-1,1],[-1,0],[-1,2],[1,1],[-1,1],[1,1],[-2,2],[1,1],[1,0],[1,1],[-1,2],[0,1],[1,1],[2,1],[0,1],[2,1],[-1,1]],[[4995,9624],[1,0],[2,0],[0,-1],[1,-2],[1,-3],[1,-1],[2,1]],[[5003,9618],[0,-2],[2,-1],[1,0],[0,2],[1,1],[0,1],[0,0]],[[5033,9642],[1,1],[1,0],[1,-1],[2,0],[1,1],[0,-2],[0,-2],[-3,0],[-1,1],[-1,-2],[-1,0],[-1,0],[-1,-1],[1,-1],[1,-2],[-2,-1]],[[5031,9633],[-2,0],[-1,3]],[[5028,9636],[0,2],[2,0],[1,1],[0,1],[1,0],[-1,2]],[[5031,9642],[2,0]],[[5044,9651],[3,1],[0,-1],[2,-2],[-1,-1],[1,-1],[-1,-1],[1,-2],[0,-1]],[[5049,9643],[-1,-1],[-1,-1]],[[5047,9641],[-1,0],[0,2],[-1,0],[-2,-1],[0,1],[0,1],[-1,1],[-1,1]],[[5041,9646],[1,1],[1,0],[0,1],[0,1],[1,2]],[[5035,9631],[-1,0],[0,1]],[[5034,9632],[1,1],[2,1],[1,-1],[1,-1],[0,-2],[0,-1]],[[5039,9629],[-1,0],[0,-1],[-1,0],[0,1],[-1,1],[-1,1]],[[5046,9636],[1,-1],[0,0]],[[5047,9635],[2,-1],[0,-1],[-1,-1],[-1,1],[-2,1],[-1,-1],[-2,1]],[[5042,9634],[0,1],[1,1],[0,1],[3,0],[0,-1]],[[5040,9628],[0,0],[1,1],[2,1]],[[5043,9630],[-1,-3],[0,-1]],[[5042,9626],[-1,0],[-1,0],[0,2]],[[5071,9635],[0,1],[0,1],[2,0],[1,-1],[1,2],[-1,0],[1,1],[1,2]],[[5076,9641],[0,-1],[2,-2],[0,-2],[2,1],[0,-1]],[[5080,9636],[0,-1],[0,-2],[0,-1],[0,0],[-1,0],[-1,1],[-1,0],[0,-1],[-1,-1],[-1,1],[-1,-1],[-1,-1],[-1,-1]],[[5072,9629],[0,1],[-2,1],[-1,1],[1,1],[-2,1],[0,1],[1,0],[1,0],[1,0]],[[4970,9656],[0,0],[-1,2],[-2,0],[-1,-1]],[[4966,9657],[0,1],[-2,1],[-1,0],[0,1],[-1,3],[0,1],[1,3],[-1,2],[1,1]],[[4963,9670],[0,1],[2,0]],[[4965,9671],[1,0],[2,1],[0,1]],[[4968,9673],[0,2],[1,0],[1,-1],[2,0],[0,-1],[-1,-2],[0,-1],[1,1],[1,1],[2,-1]],[[4975,9671],[2,-2],[1,-1],[1,1],[0,1],[1,2],[0,2],[1,0],[1,2],[1,-1],[1,0],[1,0],[1,0]],[[4986,9675],[0,-1],[1,0],[0,-2],[-1,-1],[1,1],[0,0],[2,1],[1,-1],[1,0]],[[4991,9672],[1,-1],[0,-1],[1,-1],[0,1],[1,-1],[-1,0]],[[4993,9669],[-1,-1],[-1,0],[-1,-1],[0,-1],[0,-1],[-2,-2]],[[4988,9663],[-1,0],[0,-1],[-1,0],[0,-2],[0,-1],[0,0],[0,-2],[0,-1],[-1,0],[-2,1],[-1,0],[-3,-1],[0,-1],[0,-2],[0,-1]],[[4979,9652],[-1,0],[-1,-1],[-1,0],[0,2],[-3,-3],[-1,1],[0,2],[-1,1],[0,0],[-1,1],[0,1]],[[4979,9652],[2,-2],[-2,-2],[1,0],[0,-1],[1,0],[0,-1],[1,-1],[2,1],[0,0],[0,-1],[1,0],[1,-1],[2,-2]],[[4988,9642],[0,-2],[1,-1],[0,0],[1,-1],[0,-1],[1,-1]],[[4991,9636],[2,-2],[1,0],[2,0],[-1,-2],[1,-1],[-1,0]],[[4995,9631],[0,0],[-3,0],[0,-1],[-1,2],[-2,-1],[-1,0],[1,-1],[0,-1],[-1,-2],[0,-3],[0,0],[0,-2],[-2,1],[-1,1],[0,0],[-1,2],[0,0],[-2,0],[0,0],[-1,1],[-1,-1],[-1,1],[-2,-1],[0,1],[-1,0],[-1,-3],[-1,-1],[-1,1],[-1,0],[-1,0],[-1,0],[0,-1],[1,-2],[1,1],[1,-1],[0,-1],[-1,0],[-1,-1],[-1,0],[-2,0],[0,1],[-1,1],[-1,-1],[-1,0],[-2,1],[-2,0],[-2,0],[-2,0],[0,-1],[-1,0],[-1,-3],[-1,0]],[[4954,9617],[0,1],[-2,-2],[-1,0],[0,4],[-1,1],[1,2],[0,1],[0,1],[-3,1],[0,0],[-1,0],[0,1],[0,1]],[[4947,9628],[0,3],[1,2],[3,1],[0,1],[0,0],[-1,0],[-1,1],[0,1]],[[4949,9637],[1,0],[2,2],[0,-1],[2,1],[1,-1],[0,1],[1,0],[1,0],[1,1],[1,0],[1,0],[2,2],[0,0],[0,1],[0,1],[1,1],[1,0],[1,1],[0,1],[-1,1],[1,2],[-1,1],[1,1],[1,2],[0,3],[0,0]],[[5080,9636],[1,2],[1,0],[1,1]],[[5083,9639],[0,0],[2,0],[1,0],[0,2],[-1,1]],[[5085,9642],[0,1],[1,1],[0,1],[0,1],[1,-1],[0,1],[1,1]],[[5088,9647],[1,2],[1,-1],[0,-2],[1,-2],[0,-1],[-1,0],[0,-2],[1,0],[0,-2]],[[5091,9639],[-2,0],[0,-1],[1,-1],[-1,-2],[-1,0],[0,-1],[-1,-2],[1,-1],[1,0],[-1,-1],[0,-2],[1,-1],[-1,-1],[0,-1],[0,-1],[1,-2],[0,-1],[-1,-1],[-2,0],[1,-3],[0,-2],[-1,0],[1,-1],[0,-1]],[[5087,9613],[-1,0],[-1,1],[-1,0],[-1,-1],[0,-1],[-1,-1],[-1,1],[-2,1],[0,1]],[[5079,9614],[-1,2],[0,1],[0,1],[1,1],[1,1],[-2,1],[-1,-1],[-2,1],[0,1],[1,0],[0,2],[-1,0],[0,0],[-1,1],[-1,1],[-2,1]],[[5071,9627],[-1,2],[2,0]],[[5003,9618],[1,1],[0,2],[1,0],[2,-1],[1,0],[1,2],[0,1],[1,1],[1,-1],[2,-1],[0,2],[0,1],[-1,1],[1,1],[0,2],[-1,0],[0,2],[0,2]],[[5012,9633],[1,0],[1,0],[1,1],[1,0],[1,-1],[-1,-1],[1,-2],[0,0],[1,1],[1,0],[3,0],[0,-1],[1,0],[0,1],[0,2],[1,2],[1,0]],[[5025,9635],[2,0],[1,1]],[[5031,9633],[0,-1],[1,-1],[-1,-1]],[[5031,9630],[0,-1],[0,-1],[-1,-1],[0,-2],[0,-1],[1,0],[2,-1],[1,-1],[0,-2],[0,-2],[-1,0],[-3,0],[0,-1],[-1,0],[-1,-1]],[[4995,9624],[-1,1],[0,0],[-1,1],[1,2],[1,2],[0,1]],[[4988,9642],[1,1],[2,-1],[0,2],[1,0],[1,2],[1,2],[-1,1],[0,1],[1,0],[0,1],[0,1],[1,0],[0,1],[2,1],[1,-1],[1,1],[0,1]],[[4999,9655],[1,-1],[0,1],[1,0],[1,0],[0,-1],[1,0],[1,0],[0,0],[2,1],[1,-2],[2,1],[1,0]],[[5010,9654],[0,-1],[-1,-2],[0,-2],[0,-1],[1,-1],[-1,-1],[0,-1],[1,-1]],[[5010,9644],[0,-1],[0,-2],[1,-1],[-1,1],[-2,-1],[0,0],[-2,-1],[0,-1],[-1,0],[0,-2],[-1,-2],[1,-1],[1,0],[1,1],[1,0],[1,1],[0,1],[2,1],[1,1],[0,-2],[1,0],[-1,-2],[0,-1]],[[5041,9646],[-1,-1],[-2,1],[-1,1],[-1,3],[-1,1],[0,1],[-1,0]],[[5034,9652],[2,3],[0,1],[2,-1],[3,2],[1,1],[1,1],[0,2],[-1,0],[1,1],[0,1],[2,-1],[1,1],[1,-1],[1,-2],[0,1],[2,1],[0,1],[1,0],[2,0],[0,1],[1,1],[1,1],[1,1],[1,0],[-1,-1],[1,-1],[2,0],[-1,-2],[-1,-1],[0,-2],[-1,-1],[-1,-1],[1,0],[0,0],[0,-1],[2,2],[1,0],[0,1],[1,1],[1,1],[1,0],[1,-1],[-2,0],[1,-1],[1,-1],[-1,-1],[2,-1],[0,-1],[0,-1],[1,0],[0,-1],[0,-2],[-1,0]],[[5064,9652],[-1,0],[-1,-1],[-1,-1],[-1,-2],[-1,-1],[-2,1],[-1,-1],[0,-1],[-2,0]],[[5054,9646],[-1,-2],[1,-1]],[[5054,9643],[-2,0],[-1,0],[-2,0]],[[5071,9627],[-1,0],[-1,-1],[-1,0],[-1,-1],[-1,0],[-1,1],[-1,0],[-1,2],[0,1],[-1,0],[-1,1],[-1,0]],[[5060,9630],[0,1],[-2,1],[0,1],[-1,0],[-2,1],[1,2],[0,1],[1,2],[-2,-1],[-1,1],[-1,0],[1,1],[1,1],[0,2],[-1,0]],[[5064,9652],[1,-1],[-1,-1],[1,-1],[-1,-1],[0,-1],[1,1],[-1,0],[1,1],[0,2],[1,1]],[[5066,9652],[0,1],[1,2],[0,0],[1,1],[0,-1],[-1,-2]],[[5067,9653],[-1,0],[0,-1]],[[5066,9652],[0,-1],[0,-1],[1,-1],[1,1],[1,-3],[1,-1],[1,0],[3,0],[0,-2],[1,-1],[0,0],[0,-1],[0,-1],[1,0]],[[5060,9630],[-1,-1],[-1,-1],[-2,0],[1,-2],[1,-1],[-2,-2],[0,-1],[-1,1],[-1,1],[0,-1],[-2,-2],[0,-1],[-1,-1],[0,-1],[-1,0],[0,-1],[-1,0],[0,-1],[1,-2],[0,0],[0,-1],[1,-1],[0,-2],[-1,0],[-2,-1],[0,-1],[-1,0],[-1,3],[-1,0],[-1,-1],[-1,-1],[-3,-1],[-1,-1],[-2,-2],[-2,-2]],[[5035,9603],[-1,1],[-2,-1],[-1,-1],[-2,1]],[[5031,9630],[2,0],[0,2],[1,0]],[[5039,9629],[0,-1],[1,0]],[[5043,9630],[0,2],[-1,2]],[[5047,9635],[1,1],[0,1],[-1,3],[0,1]],[[4997,9690],[1,0],[0,0],[0,-1],[-1,0],[0,1]],[[4997,9691],[1,1],[1,-1],[-2,0],[0,0]],[[4994,9667],[-1,1],[0,1]],[[4991,9672],[-1,0],[-2,1],[-1,0],[0,1],[-1,1],[0,1],[1,0],[1,1],[0,1],[1,1],[1,0],[0,1],[0,1],[0,2],[1,1],[0,1],[1,1],[1,0],[1,-1],[1,1],[2,0],[1,0],[-1,-1],[0,-1],[-1,-1],[0,-1],[-2,0],[1,-1],[1,0],[0,-1],[1,-1],[2,-1],[2,0],[1,0],[1,-1],[1,0],[-1,-1],[1,-1],[-1,-2],[0,0]],[[5003,9673],[-1,0],[-1,-1],[1,0],[0,-2],[-2,0],[0,-1],[0,0],[-1,-2],[0,-1],[-3,0],[-1,1],[-1,0]],[[5079,9614],[-1,-1],[-2,0],[1,-1],[-1,-1],[-2,0],[-1,-1],[2,0],[-1,-2],[-1,1],[-3,0],[0,0],[-1,-1],[-1,0],[-1,-1],[0,-2],[0,-1],[1,-1],[0,-1],[-2,0],[-1,0],[-1,0],[0,0],[0,-3],[0,-3],[0,0],[-2,-1],[0,-1],[1,-1],[0,0],[-2,0],[0,1],[-2,-1],[0,-2]],[[5059,9591],[-1,0],[-1,1],[-1,-1],[0,-1],[-1,-1],[0,1],[-2,0],[0,-2],[-1,1],[-1,1],[0,1],[0,1],[-2,2],[0,2],[-2,1],[-2,0],[0,-2],[-2,0],[-1,1],[0,0],[0,-2],[-2,1],[-2,0]],[[5038,9595],[-1,1],[0,1],[-1,2],[-1,4]],[[5027,9577],[0,1],[0,1],[-1,1],[1,1],[-1,1],[1,0],[0,2],[1,1],[0,1],[-1,1],[1,1],[0,1],[-2,2],[0,0],[-2,-2],[-1,-1],[-1,1],[-2,0],[-1,0],[0,-1],[0,-1],[-1,-2],[-1,0]],[[5017,9585],[0,1],[0,1],[0,1],[0,2],[-1,1],[-1,1],[-1,1]],[[5038,9595],[0,-1],[1,-2],[1,-1],[-1,-1],[-2,-3],[0,0],[-1,-1],[1,-1],[0,-2],[-1,0],[-1,-1],[-1,1],[0,-1],[-1,-1],[-2,-2],[-1,-1],[-2,0],[-1,-1]],[[4968,9673],[-2,1],[0,2],[1,0],[-1,2]],[[4966,9678],[1,0],[1,0],[0,1],[1,1],[0,1],[0,1],[1,1],[-1,1],[2,0],[-1,3]],[[4970,9687],[1,1],[1,0],[1,0],[1,1],[1,-1],[2,1],[-1,1],[1,1],[2,2],[1,-1],[0,-2],[0,-2],[1,0],[0,-1],[-1,-3],[-1,-2],[-1,-1],[-1,1],[0,-1]],[[4977,9681],[2,1],[0,-1],[0,-1],[-1,-1],[0,-1],[-1,-1],[-1,-1],[1,1],[1,0],[0,1],[1,1],[1,-1],[1,1],[-1,0],[-1,1],[1,1],[-1,2],[2,2],[0,1],[0,0],[1,2],[1,1],[0,0],[1,2],[1,-1],[2,1],[0,1],[4,0],[-1,-1],[1,-1],[0,-2],[-1,0],[0,0],[1,-1],[0,-2],[-1,-1],[0,-2],[-1,-1],[-1,-1],[0,-1],[0,-1],[-1,-1],[-1,-1],[0,-1]],[[4992,9602],[-2,-1],[0,0],[-2,0],[0,0],[-1,-1],[0,-1],[0,-1],[0,-1],[-1,-1],[-1,-1],[-1,0],[-1,0],[-1,1],[-2,-2],[0,-1],[-1,0],[-1,1],[-1,-1],[-1,0],[-1,-1],[-1,0],[-1,2],[-2,0],[0,-1],[0,1],[0,1],[-1,1],[0,1],[-2,-1],[0,0],[-2,-1],[-1,-1],[-1,0],[0,-1],[-1,0],[-2,1],[0,1],[1,1],[0,1],[-2,2],[0,-1],[-1,0],[-1,0],[-1,1],[-1,-1],[-3,-1],[-2,1],[-1,1]],[[4950,9599],[2,1],[2,-1],[0,1],[0,1],[-2,0],[-1,2],[0,1],[0,1],[0,1],[1,0],[0,2],[2,0],[0,3],[0,1],[-1,0],[-1,0],[-1,2],[1,0],[1,2],[1,1]],[[4999,9655],[0,2],[0,1],[0,0],[-2,1],[0,1],[0,1],[-1,-1],[0,-1],[-2,-1],[0,0],[-3,4],[-1,0],[-1,-1],[-1,1],[0,1]],[[5003,9673],[0,-1],[1,0],[0,-1],[3,-2],[0,0],[1,-1],[0,-1],[0,-1],[3,-1],[1,-1],[0,-1],[1,0],[0,-1],[0,-1],[0,-1],[0,-1],[1,-1],[-1,-3],[2,0]],[[5015,9655],[-2,-1],[-1,0],[0,2],[-1,0],[-1,0],[0,-2]],[[5025,9635],[1,2],[-2,-1],[0,-1],[-2,0],[0,1],[-1,2],[-1,0],[0,-1],[-1,1],[-1,-1],[-3,-1],[0,0],[1,1],[1,1],[0,0],[0,2],[0,0],[1,1],[1,0]],[[5019,9641],[0,-1],[2,2],[0,0],[1,2],[1,1]],[[5023,9645],[0,-1],[1,-2],[1,-2],[1,0],[0,1],[-1,1],[1,1],[-1,3],[1,1],[2,-2],[1,0],[1,0],[0,0]],[[5030,9645],[1,-2],[0,-1]],[[4966,9678],[-1,0],[-1,0],[0,-1],[-1,1],[0,1],[-2,0],[-2,1],[0,1],[-2,-1],[0,-2],[0,-1],[-1,0],[-2,0],[-1,0],[-1,-1]],[[4952,9676],[-2,2],[-1,0],[-1,1],[1,2],[0,0],[1,1],[0,1],[1,-1],[2,1],[0,1],[-1,1],[0,1],[1,1],[0,-1],[2,2],[0,-1],[1,0],[0,-1],[1,2],[1,0],[0,-2],[2,-1],[1,1],[1,0],[-1,-1],[0,-1],[0,-1],[2,0],[2,1],[1,1],[1,1],[1,0],[0,1],[2,0]],[[4948,9683],[2,1],[0,0],[0,-1],[-2,0],[0,0]],[[5030,9645],[-1,1],[1,2],[2,1],[0,1],[2,2]],[[5067,9653],[1,-1],[2,2],[0,0],[-1,1],[0,1],[2,1],[2,-1]],[[5073,9656],[0,-1]],[[5073,9655],[0,-1],[2,-2],[0,0],[1,-1],[2,1],[1,-1],[0,-1],[0,-1],[0,-1],[1,0],[0,1],[2,1],[1,1]],[[5083,9651],[1,-1],[0,-1],[0,0],[1,-1],[0,0],[1,-1],[-1,-1],[-1,-2],[1,-2],[-1,0],[-1,-1],[2,1]],[[4963,9670],[-1,2],[-1,0],[-2,1],[0,-1],[0,0],[-1,-1],[-1,0],[0,-1],[-2,-1],[-1,1],[0,2],[0,1],[-1,0]],[[4953,9673],[3,1],[-2,0],[-1,0],[-1,0],[0,2]],[[4949,9637],[-1,0],[-1,1]],[[4947,9638],[0,3],[0,1],[2,0],[0,2],[1,1],[1,1],[1,1],[-1,0],[0,1],[-1,1],[-1,0],[-1,0],[-1,1],[1,1],[1,1],[-1,2],[-1,0],[-1,0],[-1,0],[-1,1]],[[4944,9655],[0,2],[-1,0],[0,1],[-1,2],[0,3]],[[4942,9663],[1,2],[1,1],[0,1],[2,0],[0,-2],[2,0],[1,0],[0,1],[1,1],[0,1],[-1,0],[0,1],[0,3],[2,1],[2,0]],[[5010,9644],[1,0],[1,0],[1,0],[0,2]],[[5013,9646],[1,-1],[1,-1],[1,-2],[1,0],[1,0],[1,-1]],[[5015,9655],[1,-2],[1,1],[1,-2],[0,-1],[2,-1],[1,0],[2,-1],[-1,-1],[0,-1],[-1,-1],[-1,0]],[[5020,9646],[-1,-1],[-1,0],[-2,1],[-1,0],[-1,0],[-1,0]],[[5020,9646],[2,0],[1,-1]],[[5424,9315],[1,-1],[1,0],[0,-1],[2,1],[0,-2],[2,0],[0,-1],[0,0],[0,-2],[0,0],[0,-1],[0,-1],[1,-1],[1,-1]],[[5432,9305],[1,-2],[0,-1],[-1,0],[0,0],[-1,-1],[1,-2],[-1,0],[1,-1],[0,-1],[0,-1],[1,0],[0,-2]],[[5433,9294],[-2,-1],[-2,0],[0,1],[-1,1],[0,-1],[-1,0],[-1,1],[0,2],[1,0],[0,1],[-1,1],[0,-1],[-1,0],[-1,2],[-1,0],[-1,-1],[1,-3],[0,-2],[0,-1],[-1,-1]],[[5422,9292],[2,-1],[1,2],[2,0],[0,1],[2,-2],[0,-1],[1,0],[0,-2],[0,0],[0,-2],[0,0]],[[5430,9287],[-1,0],[0,1],[-3,1],[0,0],[-1,-1],[-1,-1],[0,-1],[0,-1],[-1,-1],[-1,1],[-2,1],[-1,1],[1,1],[-1,0],[-1,0],[-1,0]],[[5417,9288],[-1,1],[-1,0],[-1,-1],[-1,0],[-1,-1],[0,2],[-1,2],[1,1],[0,1],[-1,0],[2,1],[-1,1],[-1,0],[-2,0],[-1,0],[-1,0],[0,-1],[-1,-1],[-2,2],[0,0],[-1,1],[1,1],[0,1],[1,1],[-1,0],[0,2],[0,0],[-1,1],[-1,0],[-2,1],[0,1]],[[5400,9304],[1,3],[1,0],[3,0]],[[5405,9307],[0,-1],[1,-1],[2,1],[1,-1],[1,2],[1,-1],[1,2],[1,1],[0,1]],[[5413,9310],[2,0],[0,2],[0,1],[1,0],[1,1],[0,-2],[1,1],[1,0],[0,1],[1,0],[0,1],[0,1],[1,2],[2,0]],[[5423,9318],[1,-2],[0,-1]],[[5422,9330],[1,1]],[[5423,9331],[1,-1],[1,0],[1,-1],[1,-1],[1,0],[0,-2],[-1,-1],[-1,1],[-1,-1],[-1,0],[-1,-1],[0,-1],[-1,-2],[-1,0]],[[5421,9321],[-1,0],[-1,2],[-1,0],[0,1],[-1,1],[-1,-1],[0,-1],[-1,-1]],[[5415,9322],[-1,2],[0,1],[-2,-1],[-1,1],[0,-3],[-1,-1],[1,-1],[-1,-1],[-1,-1],[1,-1]],[[5410,9317],[-1,-1],[-1,-1],[0,0],[-1,1],[-1,-1],[-1,1],[0,1]],[[5405,9317],[-1,1],[-1,1],[-1,1],[0,0],[0,-2],[-1,-1],[0,0],[-2,-1],[-1,-1]],[[5398,9315],[0,3],[1,2],[0,0],[0,1],[-1,1],[-1,1],[0,1],[1,0],[1,2],[0,1],[0,1],[-1,2],[-1,1]],[[5397,9331],[1,1],[1,0],[0,2],[1,2],[1,0],[1,0],[1,-1],[1,1],[1,0],[2,-1],[1,0],[0,1]],[[5408,9336],[2,-1],[1,2],[1,-1],[-1,-2],[2,0],[0,-1],[1,0],[1,1],[1,1],[0,1],[0,0],[0,1],[1,1],[1,-1],[1,-1],[1,0],[1,-1],[0,0],[1,-3],[0,-2]],[[5435,9297],[1,0],[1,0],[1,1],[1,0],[1,0],[1,-1],[0,1],[0,1],[1,1],[1,1],[1,1],[0,1],[1,1],[2,2],[0,0],[1,1],[1,1],[0,-1],[0,1]],[[5449,9308],[1,0],[1,-1],[1,0],[0,-1],[1,0],[1,0],[1,3],[1,0],[1,-1],[1,1],[0,1],[1,-1],[-1,-2],[0,-1],[0,-1],[0,-2],[0,-2],[1,0]],[[5459,9301],[0,-1],[-1,-1],[0,0],[-1,-1],[-1,0],[0,-1],[1,-1],[0,-2],[0,0],[-1,-1],[-1,-1],[0,-2],[2,0],[2,0],[1,0],[-1,-1],[1,-1],[-1,-2],[0,0],[-1,1],[-1,-1],[0,1],[-1,-1],[-1,-1],[-1,0],[0,1],[-1,0],[0,2],[0,1],[0,2],[-1,1],[0,-1],[0,-1],[-1,0],[-1,-1],[0,-1],[0,-2],[1,0],[-1,-2],[-1,-2],[-1,0],[-1,-1]],[[5447,9281],[-1,-1]],[[5446,9280],[-1,1],[0,1],[0,1],[-1,0],[0,1],[-1,1],[0,1],[-1,0],[-1,1],[0,1],[0,1],[-1,1],[-3,-1],[0,-1],[-1,0],[-1,-2],[0,-1],[0,-2],[0,0],[-1,-3],[-1,1],[0,1],[-1,1],[-1,1],[-1,1],[0,2]],[[5433,9294],[1,1],[0,1],[1,1]],[[5471,9317],[0,-1],[-1,-2],[0,-1],[0,-1],[0,-1]],[[5470,9311],[-1,-2],[-1,0],[-1,0],[-1,1],[-1,0],[-1,0],[-1,-2],[0,-1],[-2,-1],[1,-1],[0,-2],[-1,-2],[-1,0],[-1,1],[0,-1]],[[5449,9308],[0,1],[1,1],[2,0],[1,1],[0,1],[1,1],[0,0],[-2,1],[-2,0],[0,1],[0,0],[0,2],[0,0],[0,1],[-1,1],[-1,1],[-2,0],[1,2],[1,0],[0,2],[0,1],[0,1]],[[5448,9326],[1,0],[0,2],[1,0],[-1,2],[1,2],[1,0],[0,1],[0,0],[-1,1],[1,1],[1,0],[1,1],[2,1],[0,-1],[1,1],[0,3],[-1,0]],[[5384,9304],[0,2],[0,0],[0,1],[0,1],[-1,0],[0,1],[-1,1],[-1,0],[0,2],[-1,-1],[0,2],[1,0],[0,1],[0,1],[-1,1],[-1,0],[-1,2],[-1,0],[1,2],[-1,0],[0,2]],[[5377,9322],[1,1],[0,1],[0,0],[2,-1],[1,0],[1,1],[1,-2],[-1,-2],[2,-1],[1,1],[0,1],[2,-1],[0,1],[0,1],[-1,1],[-1,2],[0,0],[0,2],[-1,2],[0,1],[1,0],[1,-1],[1,-1],[1,0],[2,-1],[1,1]],[[5391,9328],[1,-1],[1,1],[1,1],[1,1],[-1,1],[1,1],[1,-1],[1,0]],[[5398,9315],[-1,0],[0,-2],[1,-1],[1,0],[1,-1],[1,0],[1,-1],[1,1],[1,0],[1,-1],[1,-1],[-1,-2]],[[5400,9304],[-1,0],[0,2],[-1,1],[0,-1],[-1,0],[-1,-1],[-1,0],[-1,-1],[0,-2],[0,-1],[0,-2],[1,-1],[1,-1],[1,0],[-1,-1],[0,-2],[0,0],[-1,0],[-1,-1],[-1,1],[-1,0],[-3,1],[-2,0],[0,0]],[[5387,9295],[-1,2],[0,0],[-1,-1],[-1,1],[-1,1],[1,2],[1,2],[-1,1],[0,1]],[[5417,9288],[-1,-1],[1,-1],[1,-1],[1,-1],[-2,-2],[-1,-1],[0,-1],[-1,0],[-1,1],[0,1],[-2,-1],[0,0],[-1,-1],[0,-2],[-1,0],[0,2],[-2,-1],[-1,2],[0,-1],[-1,1],[0,-1],[-1,0],[-1,-1],[0,0]],[[5404,9279],[-1,0],[-1,-2],[-1,-1],[0,-1],[-2,0],[-2,1],[-1,-1],[-2,-1],[0,2],[-1,0],[-1,0]],[[5392,9276],[-3,1],[1,2],[0,0],[0,1],[-2,1],[1,1],[2,0],[0,0],[1,0],[1,0],[0,1],[0,1],[-1,1],[-1,1],[1,1],[-1,1],[-1,0],[-1,0],[-2,-1],[0,-1],[-1,-1],[-1,1],[0,-1],[-1,1],[-1,2],[-1,-1],[-1,2]],[[5381,9289],[1,0],[0,1],[1,0],[1,1],[0,0],[1,1],[1,0],[1,2],[0,1]],[[5437,9261],[-2,0],[0,1],[1,1],[0,0],[-1,1],[0,1],[0,1],[0,1],[0,2],[1,0],[1,-1],[1,1],[0,0],[1,1],[2,1],[0,-1],[-1,-2],[1,-2],[1,0],[0,1],[0,1],[2,2],[1,1],[0,2],[-1,0],[-1,1],[0,2],[1,1],[1,2],[1,0],[0,1]],[[5470,9311],[0,-1],[0,-1],[1,-3],[0,-1],[1,-2],[1,0],[1,-2],[0,-1],[0,-1],[0,-1],[0,-1],[0,-2],[1,-1],[0,-1],[0,-1]],[[5475,9292],[-2,0],[-1,-1],[-1,-1],[-1,-1],[0,-1],[-1,0],[0,-3],[2,0],[-1,0],[-1,-2],[-1,0],[-1,-2],[-2,-3],[-1,0],[0,1],[-1,0],[-1,0],[-1,-1],[0,-1],[0,0],[0,-1],[-1,0],[0,-1],[-1,-1],[-2,1],[-1,-2],[0,0],[2,-3],[0,0],[1,-1],[1,-1],[0,-3],[1,-1],[1,0],[1,-1],[0,-1],[1,0],[1,-1]],[[5391,9328],[0,2],[0,2],[-1,-1],[-2,2],[1,2],[-1,4]],[[5388,9339],[-2,-2],[0,1],[-2,1],[-1,0],[0,2],[-1,0],[-1,0],[-1,0],[-1,0],[-1,1],[-2,1]],[[5376,9343],[-3,1],[1,1]],[[5374,9345],[0,0],[2,1],[0,1],[0,2],[2,0],[1,2],[1,1],[0,-1],[1,2],[0,1],[1,1],[1,1]],[[5383,9356],[1,-1],[1,-4],[0,0],[1,1],[1,1],[2,0],[0,2],[1,0]],[[5390,9355],[1,0],[0,-1],[-1,-1],[1,-2],[2,-1],[1,1],[1,2],[1,2],[1,-2],[1,0],[0,-1],[1,-1],[1,0],[1,1],[1,1]],[[5402,9353],[0,-1],[1,-2],[-1,-1],[0,-1],[1,-1],[-1,-1],[0,-1],[2,-1],[1,-1],[3,-2],[0,-1],[-1,-1],[0,-1],[1,-2]],[[5448,9326],[-1,0],[0,2],[-1,1],[-1,0],[0,2],[-1,1],[0,0],[-3,1],[0,-1],[0,2],[-1,1],[-1,1],[-1,1],[-1,-2],[-2,0],[0,-1],[-2,1],[0,0],[-1,-2],[0,-2]],[[5432,9331],[-1,0],[0,1],[-1,3],[-1,0],[-1,1]],[[5428,9336],[1,2],[0,1],[0,1],[1,0],[0,2],[0,1],[-2,0],[0,1],[0,2],[-2,0],[0,1],[-1,0],[0,1],[1,2],[0,0],[0,1],[1,0],[-2,2],[1,1],[0,2]],[[5426,9356],[1,-1],[2,0],[0,0],[1,-1],[1,0],[1,-1],[1,2],[1,0],[1,0],[2,0]],[[5423,9318],[-1,1],[-1,1],[0,1]],[[5423,9331],[0,1],[2,1],[0,0],[0,2],[2,0],[1,1]],[[5402,9353],[0,1],[1,2],[-1,2],[0,1],[0,0],[4,1],[1,-1],[1,-1],[0,-2],[2,0],[0,1],[1,0],[2,0],[0,1],[2,-1]],[[5415,9357],[0,1],[2,0],[0,-1],[2,0],[0,0],[2,1]],[[5421,9358],[1,-1],[1,-1],[2,0],[1,0]],[[5410,9317],[1,0],[0,-1],[0,-2],[1,-1]],[[5412,9313],[0,-2],[0,0],[1,-1]],[[5415,9255],[-2,2],[0,0],[1,1],[-1,1],[-1,0],[1,1],[1,2],[-1,1],[0,1],[1,0],[1,1],[-1,0],[-1,4],[-1,0],[-1,1],[0,0],[-1,1],[0,1],[-1,1],[0,-1],[0,-1],[-2,1],[-1,1],[0,1],[-2,0],[0,2],[1,1],[-1,0],[0,2]],[[5415,9322],[-1,-1],[0,-2],[0,0],[-2,-2],[0,-1],[2,-1],[0,0],[-1,-1],[0,0],[-1,-1]],[[5377,9322],[-1,0],[-1,0],[-1,-1],[-1,1]],[[5373,9322],[-1,1],[0,1],[-1,1],[-1,2],[1,1],[1,1],[0,1],[2,0],[0,1],[-1,1],[0,1],[0,0],[0,1],[1,0],[1,1],[-2,1],[1,0],[0,2],[2,1],[0,1],[0,2],[0,1]],[[5307,9258],[1,-3],[1,0],[0,-1],[1,0],[1,0],[1,0],[1,0],[1,1],[2,-1],[0,0],[1,-1],[0,-1],[1,-1],[1,0]],[[5319,9251],[0,-2],[-1,-1],[0,-2],[-1,-2],[1,-1],[0,0],[1,-2],[2,0],[1,-3],[1,1],[2,1],[0,1]],[[5325,9241],[1,0],[1,-2],[0,-1],[0,-1],[1,-1],[-1,-1],[1,-1],[0,-1],[0,-2],[0,-1],[-1,-2],[0,0],[-1,-2],[-1,0],[0,-1],[-1,0],[0,-2],[-1,-1],[1,-1],[-3,-1]],[[5321,9220],[-1,0],[-2,1],[-1,0],[-1,-1],[-2,0],[-1,1],[0,0],[-1,2],[-2,-1],[0,-1],[-1,1],[-1,2],[-1,-1],[0,0],[-1,-2],[-2,-1],[1,1],[0,5],[0,1],[-1,0],[-1,0],[-1,0],[-1,1],[0,1],[-1,1],[-1,-1],[-1,-1],[-1,0],[0,1],[0,2],[-1,0],[-2,0],[-1,2],[0,0]],[[5312,9200],[2,2],[0,-1],[1,1],[1,-1],[1,1],[1,0]],[[5318,9202],[1,-1],[0,-1],[2,-1],[0,-1],[-1,-2],[2,-1],[0,-1],[1,1],[1,0],[2,0],[1,0]],[[5327,9195],[1,-1],[0,-1],[0,-2],[1,-2]],[[5329,9189],[-2,-1],[-1,-1],[-1,-1],[-2,0],[-1,1],[-1,0],[0,-2]],[[5321,9185],[-1,0],[-1,0],[-2,-1],[-1,1]],[[5316,9185],[0,1],[-2,0],[-1,2],[-1,-1],[0,1]],[[5312,9188],[0,1],[-1,1],[0,1],[-1,0],[-1,0]],[[5309,9191],[-1,2],[-1,2]],[[5307,9195],[1,0],[1,-1],[1,2],[-2,1],[1,1],[0,1],[1,0],[1,1],[1,0]],[[5360,9181],[0,-1],[0,-1],[0,-2],[0,-1],[0,-1],[-1,1],[-1,1],[0,-1],[-1,0]],[[5357,9176],[-1,1],[-1,1],[-1,-1],[-1,-1],[1,-1],[-1,-1],[-1,-1],[0,-1],[0,0],[0,-1],[-2,1],[0,1],[-1,0],[-2,-1]],[[5347,9172],[-1,-2],[-1,1],[-1,-1],[-1,1],[-2,-1],[0,-1],[-1,0],[-2,3],[-1,0],[-1,-1]],[[5336,9171],[-1,2],[0,1],[0,1],[-1,1],[0,1],[1,0],[0,1],[-1,1],[0,1],[-1,1],[0,1],[0,0],[0,3],[-1,1]],[[5332,9186],[3,1],[1,0],[0,-1],[1,-1],[0,1],[1,-1],[1,0],[1,-1],[0,2],[0,0],[0,3],[-1,0],[1,1],[-1,1],[0,2],[0,1],[-1,2],[0,1],[1,0],[2,2],[0,1],[1,1],[2,-1],[2,-1],[0,-2],[-1,-1],[1,0],[2,0],[0,1],[1,0],[1,0],[0,2],[1,0],[0,1],[1,0],[0,1],[1,-1],[1,1],[1,0],[1,0],[1,1],[1,-1]],[[5326,9139],[1,0],[0,3],[0,1],[2,0],[0,-1],[0,-1]],[[5329,9141],[0,-2],[0,0],[2,0]],[[5331,9139],[1,0],[1,-2],[1,-1],[0,-1],[1,-1],[0,-2],[1,-1]],[[5336,9131],[-2,-1],[-1,-2],[0,-1],[-1,-1],[0,-1],[1,0],[1,-2],[-1,-1],[1,-1],[-1,-1],[1,-1],[2,-1],[0,0],[1,-1],[0,-3],[0,-1],[-1,-3],[-1,0],[-2,1],[0,-2]],[[5333,9109],[-1,0],[-1,-2],[-1,0],[-1,-1],[-1,0],[-1,-3]],[[5327,9103],[-1,1],[-1,0],[-1,0],[1,1],[-1,1],[-1,1],[0,1],[1,1],[0,0],[0,2],[1,1],[0,1],[1,0],[-2,1],[-1,0],[1,1],[0,1],[-2,1],[-1,1],[-1,-2],[0,0],[0,-1],[-2,1],[0,-1],[-1,0],[-2,-1],[-1,1],[-2,-1]],[[5312,9114],[0,1],[0,1],[1,3],[-1,0],[2,0],[0,3],[0,0],[-1,0],[0,1],[-1,2],[-1,0],[0,2],[0,1],[0,1],[-1,1],[1,1],[-3,0],[0,1],[-1,0],[-1,0],[-1,2]],[[5305,9134],[1,0],[-1,2],[0,2],[0,0],[2,0],[0,1],[1,1],[-2,2]],[[5306,9142],[-1,1],[0,1],[1,2],[0,1]],[[5306,9147],[1,2],[2,0],[-1,1],[0,1],[2,1],[0,1],[1,0],[1,0],[1,-2],[1,0],[1,-1],[1,1],[0,0],[2,2],[1,0],[0,-1],[-1,-1],[2,-2],[0,-1],[1,1],[1,-1],[1,0],[1,-3],[-1,0],[-2,0],[0,0],[1,-2],[1,0],[0,0],[0,-3],[1,-1],[2,0]],[[5346,9136],[0,-1],[1,0],[2,2],[2,0],[0,-1],[0,-2],[1,-1],[1,2],[1,-1],[0,-1],[0,-1],[2,0],[1,0],[0,3],[0,0],[3,0],[0,0],[0,1],[0,1]],[[5360,9137],[1,0],[0,-2],[0,0],[1,0],[1,0],[2,-1],[1,-2]],[[5366,9132],[-2,-1],[-1,-1],[1,0],[0,-2],[0,-1],[1,0],[1,0],[-1,-4],[-1,1],[-1,-1],[1,-2],[-1,-1],[0,0],[-2,1],[0,-2],[-2,0],[0,-1],[0,-1],[-1,-1],[-1,0],[0,-1],[-1,0],[-1,0],[-1,0],[-1,0],[-1,-1],[-1,0],[0,-3],[0,0],[0,-2],[0,-1]],[[5351,9108],[-2,-2],[-2,-2],[-1,-1],[1,-1],[0,-1],[0,-1],[-1,0],[-1,1]],[[5345,9101],[0,1],[-1,1],[-1,1],[-1,1],[-1,0],[-2,1],[-1,2],[0,0],[-2,2],[-1,-1],[0,0],[-2,0]],[[5331,9139],[5,2],[0,1]],[[5336,9142],[-2,-1],[-1,0],[0,2],[-1,0],[0,1],[0,1]],[[5332,9145],[1,0],[0,-1],[1,0],[2,-2]],[[5336,9142],[2,0],[0,1],[0,1],[-1,1],[1,1],[0,1],[0,1],[1,-2],[1,-1],[0,1],[0,0],[2,2],[0,0],[1,1],[1,0],[1,0],[2,-2]],[[5347,9147],[0,-2],[1,-1],[1,-2],[-1,0],[0,-1],[-1,-1],[0,-1],[-1,-2],[0,-1]],[[5282,9222],[1,0],[1,-2],[0,0],[1,1],[2,-1],[1,-1],[1,-2],[1,-1],[1,0],[1,-1],[1,0],[1,0],[-1,-2],[1,-1],[0,0],[2,-2],[0,-2],[-1,0],[0,-1],[-1,0],[0,1],[-2,0],[0,0],[-1,-1],[1,0],[0,-2],[0,-1],[0,0],[-1,-1],[0,-1],[0,-1],[-1,-1],[1,-2],[0,0],[-1,-1],[-1,-3],[1,0],[0,-2],[0,0],[0,-2],[0,0],[1,-2],[-1,0],[-1,-2]],[[5289,9186],[1,0],[0,-2],[-1,-1],[-1,-1],[-1,0],[0,-2],[-1,-1],[-2,-1],[0,-1]],[[5284,9177],[-1,-1],[0,-1],[-2,0],[-2,0],[0,1],[-2,0],[0,1]],[[5277,9177],[-2,1],[-1,0],[-1,1],[-1,0],[0,0],[-1,1],[0,1],[2,1],[0,1],[-1,2],[1,1],[0,1],[2,-1],[0,2],[1,3],[-1,0],[1,1],[-3,0],[-1,1],[-1,2],[0,0]],[[5332,9186],[0,1],[-1,0],[0,1],[-1,2],[-1,-1]],[[5327,9195],[1,1],[0,2],[2,1],[-1,1],[1,2],[0,1],[1,1],[1,2],[0,1],[2,0],[0,2],[1,1],[1,0],[2,0],[-1,1],[1,1],[-1,1],[1,1],[1,2],[-1,0],[1,2],[-1,0],[-1,0],[-1,-1],[0,1],[0,1],[0,0],[1,1],[0,1],[1,0],[1,1],[1,1],[1,-1],[1,-1],[1,1],[1,1],[1,0],[1,1],[0,1],[2,1]],[[5348,9226],[0,-1],[1,-1],[2,0],[1,1],[1,-2],[0,-1],[1,0],[2,1],[2,-1],[0,-2],[1,-1],[1,1]],[[5306,9187],[0,-1],[0,-2],[-1,-1],[-1,0],[-1,-1],[0,-2],[2,-1],[0,-1],[2,2],[1,1],[1,0],[0,0],[0,-2],[1,0],[1,0]],[[5311,9179],[0,-1],[0,-1],[0,-1],[0,-1]],[[5311,9175],[-3,-2],[-1,0],[-1,0],[0,-1],[-1,-2],[1,-1],[0,-1],[-2,0],[-1,-1],[-1,0],[1,-2],[-3,0],[-1,0],[-1,2],[0,-1],[-1,0],[-1,1]],[[5296,9167],[1,0],[0,0],[1,1],[-1,2],[0,1],[0,1],[0,0],[-2,1],[-1,0],[0,1],[0,1],[-2,1],[1,2],[1,2],[-1,0],[0,1],[1,0],[1,2],[2,0],[1,2],[0,0],[0,1],[0,2],[-1,1]],[[5297,9189],[0,0],[1,1],[0,1],[0,2],[2,0],[2,0],[1,-1],[0,1]],[[5303,9193],[2,0],[0,0],[1,0],[0,1],[1,1]],[[5309,9191],[-1,-1],[-1,-1],[0,0],[-1,-2]],[[5376,9162],[-1,-2],[-2,0],[1,-3],[-1,-2],[1,0],[0,-2],[1,-1],[0,-2],[1,-3],[-2,1],[-1,-2],[1,0],[0,-1],[1,-1],[1,0],[0,-2],[-1,-1],[-2,0],[0,-1],[0,0],[-1,-2]],[[5372,9138],[-1,0],[-1,-1],[-1,1],[0,-1],[0,-2],[0,-2],[0,0],[-1,0]],[[5368,9133],[-1,-1],[-1,0]],[[5360,9137],[-1,2],[1,1],[0,1],[-1,2],[1,0],[1,-1],[0,-1],[1,0],[1,0]],[[5363,9141],[0,2],[0,2],[0,1],[1,1],[1,0],[0,1],[0,2],[-1,0],[-1,0],[-1,1],[-1,0],[-2,1],[-1,1],[1,1],[-1,1],[-2,0]],[[5356,9155],[0,0],[0,4],[0,1],[1,0],[-1,2],[1,2],[1,-1],[0,0],[1,1],[1,-2],[1,2],[1,0],[0,0],[1,1],[0,2],[-1,2],[0,1],[0,1],[0,1],[-1,1],[0,0],[-1,0],[-1,-1],[0,-1],[-1,0],[-1,0],[-2,1],[0,1],[2,3]],[[5329,9141],[0,0],[0,2],[2,1],[1,1]],[[5332,9145],[-2,2],[-2,0],[0,-1],[0,1],[-1,2],[-1,2],[-1,1],[-1,1],[1,1],[1,2],[-1,0],[2,1],[0,1],[-1,0],[0,4],[0,0],[1,0],[1,2],[0,0]],[[5328,9164],[2,0],[1,1],[0,1],[1,1],[0,0],[0,1],[0,2],[0,1],[1,0]],[[5333,9171],[3,0]],[[5356,9155],[-2,1],[0,1],[-1,1],[-1,1],[-2,0],[0,0],[0,-3],[-2,1],[-1,-1]],[[5347,9156],[-1,-2],[-1,-2],[2,-1],[1,-1],[0,-1],[-1,-1],[0,-1]],[[5312,9114],[-1,0],[-1,1],[-1,0]],[[5309,9115],[0,1],[0,1],[-1,1],[-1,1],[-1,-1],[0,-2],[-1,1],[-2,0],[0,0],[-1,-1],[0,-1],[-1,-1],[-2,-1],[0,1],[-1,1],[-1,0],[-1,-1],[-1,-1],[0,0],[-2,0],[0,-1],[-1,-1],[-1,0],[-2,0],[0,-1]],[[5289,9110],[-3,2],[-1,-1],[0,1],[-1,0],[-1,-1]],[[5283,9111],[0,1],[0,2],[1,2],[-1,1],[-1,1],[0,1],[1,0],[0,2],[-1,1],[-1,1],[-1,2],[-1,1],[-1,0]],[[5278,9126],[-1,2],[-1,1],[0,2],[1,0],[-1,2],[0,2],[1,0],[1,1],[1,-1]],[[5279,9135],[1,0],[2,0],[1,0],[0,-1],[0,-1],[1,1],[1,0],[2,-1],[1,0],[1,0],[2,0],[2,0],[1,0]],[[5294,9133],[1,1],[1,-1],[1,-1]],[[5297,9132],[1,-1],[0,-1],[1,1],[2,0],[0,-1],[2,0],[-1,0],[1,1],[1,0],[0,1],[0,1],[0,1],[1,0]],[[5333,9171],[-1,2],[-1,0],[-1,1],[1,2],[-1,1],[0,1],[-2,0],[-1,0],[-1,-1],[-1,1],[-1,0],[-1,0],[-1,0],[0,2],[-1,1],[-1,1],[1,1],[0,2],[0,0]],[[5279,9159],[0,-3],[0,0],[-1,-1],[0,-1],[0,-1]],[[5278,9153],[-2,1],[0,0]],[[5276,9154],[0,2],[-1,2],[0,1],[0,2],[0,1],[-1,1],[-1,0],[-1,0],[-1,0],[0,-1],[-1,1],[1,1],[-1,2],[1,1],[2,1],[0,0],[1,2],[0,0],[-1,1],[0,1],[1,2],[2,0],[0,2],[1,1]],[[5289,9186],[1,-1],[2,1],[0,2],[1,0],[2,0],[0,-1],[1,0],[1,2]],[[5296,9167],[-1,-1],[-1,-1],[-1,-1],[-1,0],[-1,0],[0,1],[-2,-1],[0,-1],[-1,-2],[0,-1],[0,-2],[0,-3],[0,-1],[1,-2],[0,-1]],[[5289,9151],[-1,0],[-1,1],[0,1],[0,1],[-2,0],[-1,2],[-1,0],[0,1],[-1,2],[-3,0]],[[5306,9147],[-1,1],[-3,0],[-1,0],[-1,0],[-1,2],[-2,0],[0,-1],[-1,-1],[0,-1],[-1,-2]],[[5295,9145],[-1,1],[-1,-1],[-1,1],[0,0],[-1,2],[-1,1],[-1,2]],[[5311,9175],[0,-1],[3,-3],[0,1],[1,2],[0,-1],[1,0],[1,-3],[0,-1],[-2,0],[1,-1],[-1,-1],[1,-1],[2,-2],[1,2],[0,1],[2,0],[0,1],[0,2],[1,1]],[[5322,9171],[2,-1],[1,-2],[0,-1],[1,-2],[1,0],[1,0],[0,-1]],[[5291,9137],[0,0],[0,3],[-1,3],[1,2],[1,-1],[1,0],[2,0],[0,1]],[[5295,9145],[1,-2],[0,-1],[2,1],[0,-1],[0,-2],[0,0],[0,-3],[2,-2],[-1,-1],[-1,0],[-1,-2]],[[5294,9133],[-1,1],[-1,2],[-1,1]],[[5321,9220],[0,-1],[1,-1],[0,-2],[-2,-1],[0,-2],[0,0],[0,-2],[-1,-1],[1,-2],[0,-1],[-1,0],[-1,-1],[0,-1],[0,-2],[0,-1],[0,0]],[[5278,9153],[-1,-2],[-1,0],[-2,0],[-1,-1],[0,0],[-1,-1],[0,-1],[0,-1],[1,-1],[0,-2],[-1,-1],[0,0],[0,-2],[1,-1],[1,0]],[[5274,9140],[0,-1],[-2,-1],[-1,-1],[-1,-3],[-1,1]],[[5269,9135],[-2,0],[-1,0],[-2,0],[-1,-1]],[[5263,9134],[-1,1],[0,1],[-1,0],[-1,0],[0,-2],[-1,1],[-1,0],[-1,0],[-1,0],[0,2],[-1,1],[-1,0],[-1,0],[-3,1],[0,0],[2,0],[1,2],[0,1]],[[5253,9142],[1,1],[1,1],[0,1],[0,1],[1,1],[-1,2]],[[5255,9149],[-1,2],[-1,1],[1,1],[0,1],[0,1],[0,1],[1,0],[1,0],[1,2]],[[5257,9158],[1,0],[0,0],[0,-1],[1,0],[1,-1],[0,1],[2,1],[1,-1],[2,-1],[1,-1],[1,0],[1,1],[1,0],[1,-1],[1,-1],[2,1],[0,-1],[1,0],[1,-1],[1,1]],[[5279,9135],[0,2],[1,0],[0,1],[0,0],[-2,2],[-1,1],[-2,0],[-1,0],[-1,0],[1,-1]],[[5322,9171],[-1,0],[1,3],[0,1],[-2,1],[0,-1],[-2,-1],[-1,0],[0,1],[-1,1],[0,1],[0,1],[-1,1],[0,2],[1,1],[-1,1]],[[5315,9183],[1,2]],[[5325,9241],[1,3],[1,1],[1,0],[0,-2],[1,-1],[1,1],[1,-1],[2,1],[2,0],[1,0],[0,-1]],[[5336,9242],[1,1],[1,0],[2,0],[1,-1],[0,0],[0,-1],[1,-1],[-1,-1],[0,-1],[1,-1],[0,-1],[1,-1],[0,1],[2,-2],[0,-2],[1,1],[1,0],[0,1],[2,0],[0,0],[3,-3],[-1,-1],[-1,-1],[-1,-2],[-1,-1]],[[5312,9188],[-1,-1],[-1,0],[1,-2],[1,2],[0,-1],[1,-2],[0,-1],[1,0]],[[5314,9183],[0,-1],[0,-1],[0,-2],[-1,-1],[-2,1]],[[5257,9158],[-1,3],[1,1]],[[5257,9162],[0,2],[1,0],[1,2],[0,1],[0,2]],[[5259,9169],[0,1],[-1,2],[-1,3],[-3,0],[-1,0],[-2,0],[-1,-2],[0,0]],[[5314,9183],[1,0]],[[5754,9455],[0,-1],[1,1],[0,-1]],[[5755,9454],[1,0],[1,1],[1,-1]],[[5758,9454],[1,3],[2,0]],[[5761,9457],[1,0],[1,-1],[1,0],[0,1]],[[5764,9457],[2,1],[0,0]],[[5766,9458],[1,-1],[1,-2],[1,-1],[0,-1],[-1,-1],[-1,0],[0,-2],[-1,0],[-1,-1],[0,-1],[0,0],[-1,-2],[0,-1]],[[5764,9445],[-1,-1],[-1,1],[1,-1],[-2,-2],[0,0],[0,-1],[-1,-1]],[[5760,9440],[0,-1],[0,-2],[0,-1],[-1,-1],[-1,-1],[1,-1]],[[5759,9433],[-2,-1],[-1,1],[0,3],[1,1],[-1,0],[0,-2],[-3,0],[0,1],[-2,0],[-1,-1]],[[5750,9435],[0,1],[0,1],[-1,0],[-2,0],[1,1],[-1,2],[1,1],[-1,0],[-1,0],[0,-2],[-1,-1],[-1,-1],[-1,0],[-1,0],[-1,1],[1,2],[-1,2],[1,1],[1,-2],[2,1],[-1,2],[0,1],[0,2],[0,1],[1,1],[2,2],[0,2],[2,1],[-2,2],[0,1],[0,1],[-1,1],[-1,-1],[0,3],[-1,1],[-1,0],[-1,0],[1,1],[-1,0],[-1,0]],[[5741,9463],[0,1],[-1,1],[-1,1],[0,1],[0,0],[0,1],[-1,2],[0,1]],[[5738,9471],[1,1],[2,-1],[0,0],[1,2],[1,0],[1,1],[1,1],[1,0],[1,1],[2,0],[1,0],[1,2],[1,1],[0,-1],[1,1]],[[5753,9479],[2,-1],[0,0],[-1,2],[1,1],[2,-1]],[[5757,9480],[-1,-1],[1,-1]],[[5757,9478],[0,-3]],[[5757,9475],[-1,0],[-1,0],[-1,1],[-1,0],[0,-2],[-1,1],[-1,-1],[-1,-1],[0,-1],[1,-1],[0,-1],[0,-1],[-1,-1],[1,-1],[1,0]],[[5752,9467],[0,-2],[-1,0],[-1,-3],[1,0],[1,0],[1,1],[0,-1],[1,-1]],[[5754,9461],[-1,0],[-1,-1],[-2,-1],[-1,-1],[1,0],[1,-1],[0,-1],[-1,-1],[-1,-2],[1,0],[1,0],[1,1],[2,1]],[[5800,9506],[1,0],[1,0],[0,0],[1,-1],[0,-3]],[[5803,9502],[0,-1],[1,-1],[1,0],[-1,-1],[0,-2],[-1,-1],[0,-1],[-1,-1],[0,-1],[-1,-1],[-1,0],[0,0],[0,-1],[1,-1],[0,-1],[2,0]],[[5803,9489],[0,-1],[-1,-1],[0,-1],[0,0],[0,-1],[-1,-1],[2,0],[-1,-2],[1,0],[0,-2]],[[5803,9480],[-1,-1],[-1,-1],[-1,0],[-1,-1],[0,-1],[-1,-3],[2,0]],[[5800,9473],[-2,-1],[0,-2],[-2,1],[-2,1],[-1,-1],[0,-1],[-1,-1],[-1,0],[0,1],[-1,-2],[1,0],[-1,-2],[0,-1],[1,0],[0,-1],[-1,-2],[-2,1],[-2,0],[-2,-2]],[[5784,9461],[-3,0],[-1,1]],[[5780,9462],[-1,2]],[[5779,9464],[0,2],[2,2],[-1,1],[1,1],[-1,1],[0,1],[-1,1],[1,1],[0,0],[1,1],[1,0],[0,1],[-1,1],[-1,0],[0,1],[-1,0],[-1,1],[-2,0]],[[5776,9479],[0,1],[1,2],[2,0]],[[5779,9482],[-1,1],[0,2],[-1,0],[-1,-1],[0,-1],[-2,0],[-1,-1],[0,-1],[-1,-1],[-1,-1],[-1,0]],[[5770,9479],[-1,-1],[0,1],[-1,-1],[-2,0]],[[5766,9478],[0,1],[-1,-1],[-2,1],[-1,1]],[[5762,9480],[1,-2],[-1,-1],[-1,0],[0,1],[-1,0],[-2,0],[-1,0]],[[5757,9480],[0,2],[1,0]],[[5758,9482],[2,-1],[1,0],[0,-1],[1,0]],[[5762,9480],[1,2],[1,-1],[1,0],[1,0],[0,2],[1,0],[1,1],[0,-1]],[[5768,9483],[1,0],[1,1],[0,1],[0,1],[1,0],[1,0],[0,-1]],[[5772,9485],[0,0],[1,1],[-1,1],[1,0],[0,2],[1,0],[0,-1],[2,0],[0,1],[2,0],[0,1],[1,1],[-1,0],[0,1],[0,0],[1,0],[1,1],[1,1]],[[5781,9494],[1,-1],[1,-1],[1,0],[0,1],[-1,1],[0,0],[1,0],[1,0],[0,1],[1,1],[1,0],[1,1],[-1,0],[1,1],[0,1],[1,1],[0,2],[0,1],[1,-1]],[[5790,9502],[1,1],[0,1],[2,1],[1,1]],[[5794,9506],[1,-1],[1,0],[1,1],[1,1],[0,0],[1,0],[1,-1]],[[5840,9497],[3,0]],[[5843,9497],[-1,-1],[1,-1]],[[5843,9495],[0,-3],[0,-1],[-2,0],[-1,-1],[1,-2],[-2,0],[-1,-2],[0,0],[0,-2],[2,0],[2,0],[1,0],[1,0],[2,1],[1,0],[2,1],[0,0],[2,0],[0,-1],[1,0],[1,-2],[0,-1],[0,-1],[-1,-1],[-1,0],[-2,0],[1,-2],[-1,-1],[-1,-1],[-2,0],[0,-1],[-2,0]],[[5844,9475],[-1,-1],[1,-2],[0,-3],[0,-1],[-1,0],[-2,-3],[-1,0],[-1,-1],[-1,-1],[-1,-2],[-1,-1],[-1,-2],[0,0],[1,0],[-1,-2],[-2,-1]],[[5833,9455],[-2,3],[-1,0],[0,1],[-2,5],[-1,0],[1,1],[-1,1],[0,1],[-1,0],[0,-1]],[[5826,9466],[-2,2],[0,1],[2,1],[-1,1],[1,0],[1,1],[1,0],[0,2],[-1,0],[-1,1],[-2,-2],[-1,1],[0,1]],[[5823,9475],[-1,0],[-2,1],[0,1],[2,0],[1,1],[0,0],[0,2]],[[5823,9480],[1,1],[1,1],[0,-1],[1,1],[2,1],[0,-2],[0,-1],[1,0],[0,0],[0,1],[-1,4],[1,0],[2,0],[-1,0],[0,2],[0,1],[-1,1],[1,2],[0,0],[1,1],[1,0],[1,1],[1,-1],[0,2],[0,1],[0,0],[0,1],[1,2]],[[5835,9498],[1,-1],[0,-2],[1,0],[0,-1],[0,-1],[1,0],[0,0],[2,1],[-1,1],[1,2]],[[5803,9502],[1,1],[0,1],[2,1],[0,-1],[2,0],[0,1],[2,-1],[0,-1],[1,1],[1,-1],[0,2],[1,0],[-1,3],[1,0],[-1,0],[-1,0],[2,1],[0,1],[1,0],[1,-1]],[[5815,9509],[1,-1],[0,0],[2,1],[1,1]],[[5819,9510],[1,2],[-1,2],[0,1],[1,-1],[2,0],[-1,-1],[1,-1],[2,-1],[1,1]],[[5825,9512],[1,0],[1,-1]],[[5827,9511],[1,-1]],[[5828,9510],[-2,0],[1,-1]],[[5827,9509],[0,-1],[1,0],[0,-2],[0,-1],[0,-1],[0,0],[-1,-1],[0,0]],[[5827,9503],[1,-1],[0,-1]],[[5828,9501],[-1,0],[0,-2],[1,-1],[-1,-1],[-1,-1],[0,1],[-2,-1]],[[5824,9496],[0,-4],[0,-2],[-1,0],[0,1],[-2,0],[-1,1],[0,-1],[-1,0]],[[5819,9491],[-1,-2],[2,0],[-1,-1],[-1,-1],[-1,-1],[1,-1],[-1,-1],[2,0],[1,-1],[2,1],[0,-2],[0,-1],[-1,0]],[[5821,9481],[-1,-1],[-1,0],[-1,-1],[0,-1],[0,0],[0,-2],[-1,1],[-1,-1],[1,-1],[-1,-1],[1,-1],[0,-1],[-1,-1],[-1,-1],[-1,0],[0,2],[-1,1],[-1,0],[-1,-1],[-1,0],[-2,0],[0,1],[0,1],[-1,0],[-1,-1],[-1,1],[-1,-1],[-3,-1]],[[5801,9472],[-1,1]],[[5821,9481],[1,-1],[1,0]],[[5826,9466],[-2,0],[-1,-1],[-1,-2],[-1,-1],[-1,1],[0,1],[-2,-1],[0,0],[-1,0],[-1,0],[-1,0],[0,-1],[0,-1],[0,-1],[-1,-2],[1,0],[0,-2],[1,0],[1,0],[0,-1],[-1,-1],[-1,-1],[1,-1],[-1,-2],[0,1],[0,-2],[-1,-1],[0,-1],[-1,0],[-1,0],[-1,-2],[-1,0],[0,-1],[-2,0],[-1,1]],[[5807,9445],[-2,0],[-1,0],[-1,-2],[-1,0],[0,0],[-1,1],[-1,0],[-1,1],[-1,0],[0,1],[-1,-1],[-3,-1],[0,-1],[-1,1],[-1,-1],[-1,-1],[-1,-1],[-1,-2],[-1,2],[-1,1],[1,2],[-1,0],[0,1],[0,1],[1,1],[-1,1],[-1,0],[-2,-1],[-1,1],[1,1],[1,1],[-1,0],[-1,2],[-1,1],[0,1],[-1,0],[-1,0],[0,0],[-1,0],[0,2],[1,2],[1,0],[1,0],[0,1],[2,2]],[[5840,9510],[1,-2],[-1,0],[2,-1]],[[5842,9507],[-1,0],[0,-1],[-1,-1],[-1,-2],[-1,0],[-1,-1],[0,2],[-1,0],[-1,0],[0,-1],[-2,0]],[[5833,9503],[0,2],[0,0],[0,1],[0,1],[-1,1],[-1,0],[0,-1],[-1,0],[0,2]],[[5830,9509],[0,1],[1,1],[0,2]],[[5831,9513],[1,0]],[[5832,9513],[1,-3],[1,0],[2,1],[0,-1],[2,2],[1,-1],[1,0],[0,-1]],[[5803,9429],[-1,-2],[-1,-1]],[[5801,9426],[-1,1],[-1,2],[0,-1],[-2,-2],[-1,1],[0,-1],[-2,0],[0,1],[-1,1],[0,3],[1,1],[-1,1]],[[5793,9433],[-2,-2],[-1,-1],[-1,-2],[-1,-2],[-1,-1],[-4,1],[-1,0]],[[5782,9426],[0,1],[-1,1],[-2,1],[-1,-1],[-1,1],[-2,2],[1,1],[-1,1],[1,1],[2,1],[1,1],[0,1],[-1,0],[0,-1],[-1,0],[0,-2],[-2,0],[-3,-2],[0,1],[-2,0],[-2,-1]],[[5768,9432],[1,-2],[0,-1],[0,0],[-3,-1],[-2,-1],[0,0],[-1,-1]],[[5763,9426],[-1,0],[-2,2],[-1,0],[2,2],[0,1],[0,1]],[[5761,9432],[-2,0],[-1,0]],[[5758,9432],[1,1]],[[5766,9458],[2,1],[1,1],[1,0],[1,2],[1,-1],[1,0],[0,-2],[2,0],[1,1],[0,0],[2,1],[0,0],[2,1]],[[5807,9445],[0,-2],[1,-1],[-1,-1],[0,-1],[-2,-2],[0,-1],[1,1],[1,1],[1,-2],[-1,-2],[0,0],[0,-2],[0,0],[-2,-2]],[[5805,9431],[-2,-2]],[[5772,9476],[0,1],[2,1],[2,1]],[[5764,9457],[0,2],[-1,1],[-1,2]],[[5762,9462],[1,1],[3,1],[0,0]],[[5766,9464],[1,1],[1,1],[0,1],[1,1]],[[5769,9468],[0,1],[4,1],[1,1],[-2,1],[0,0],[-1,1],[0,1],[1,1],[0,1]],[[5835,9498],[0,1],[-1,3],[-1,0],[-1,0],[-1,0]],[[5831,9502],[0,1],[2,0]],[[5842,9507],[1,-1]],[[5843,9506],[1,-4],[-1,0],[0,0],[0,1],[-1,1],[-2,-1],[1,-2],[-1,-1],[1,0],[1,-1],[0,-1],[1,-1]],[[5782,9426],[0,0],[-2,-1],[4,-2],[2,-3],[0,-1],[-1,-1],[-1,-1],[2,-2],[1,0],[1,1],[1,-1],[1,1],[0,0],[2,1],[0,-1],[2,1],[0,-1],[0,-1],[-1,-1],[1,0],[0,-1],[1,-3]],[[5795,9410],[1,3],[-1,0],[0,2],[1,0],[2,0],[0,1],[3,1],[1,-1]],[[5802,9416],[0,-2],[-1,-2],[0,-1],[0,-1],[-1,-1],[0,-1],[1,-1],[1,-1],[-1,-2],[-1,-1],[0,-1],[-1,-1],[-2,-1],[-1,-1],[0,-1],[-1,0],[0,-1],[-1,0],[0,-1],[-2,-1],[-1,-1],[-2,-1],[-2,-1],[-1,-1],[0,-1],[-1,-1],[-2,-2],[0,-1],[-2,-1],[-1,-1],[-2,-2],[0,0],[-1,-1],[-3,-3],[-1,-2],[2,-2]],[[5775,9374],[-1,-1],[-3,4],[-2,2],[-2,2]],[[5767,9381],[1,1],[0,1],[2,2],[2,1],[0,1],[-1,2],[-2,3],[1,1],[2,1],[1,1],[1,1]],[[5774,9396],[1,1],[1,1],[1,0],[1,1],[1,2],[0,0],[2,2],[-1,1],[0,1],[-2,2],[-1,1],[-1,1],[0,1]],[[5776,9410],[-1,1],[-2,1],[-1,2],[0,-1],[-1,0],[0,1],[-2,1],[0,1],[-1,-2],[-1,0],[0,0],[-2,1],[0,0]],[[5765,9415],[1,1]],[[5766,9416],[0,1],[-2,0],[0,2],[0,2],[-1,0],[-1,1],[0,2],[1,2]],[[5757,9475],[0,0],[1,-1],[1,1],[1,-2],[1,0],[1,1],[0,0],[1,0],[1,-1]],[[5764,9473],[-2,-2],[-2,-3],[0,-1],[-1,-1]],[[5759,9466],[-2,2],[-2,0],[0,1]],[[5755,9469],[-1,0],[-1,0],[-1,-2]],[[5766,9478],[0,-1],[-2,-1],[0,-2],[0,-1]],[[5758,9465],[1,-1],[1,0],[2,-1]],[[5762,9463],[0,-1]],[[5762,9462],[-1,-1],[-1,-1]],[[5760,9460],[-2,-1],[-1,0],[1,1],[-1,1],[0,1],[0,0],[0,2]],[[5757,9464],[-1,-1],[-2,-3]],[[5754,9460],[0,1]],[[5759,9466],[-1,-1]],[[5833,9455],[0,-1],[-1,-1],[-4,-1],[-2,-2],[0,-2],[-1,-1],[-1,0],[-1,-2],[-1,-1],[1,-1],[0,0],[1,-1],[-2,-2],[-1,0],[-2,-1],[-1,-3],[-1,-1],[-1,-1],[-2,0],[-1,-1],[-1,-1],[-3,-1],[-2,0],[-1,-1],[-1,1]],[[5828,9510],[1,-1]],[[5829,9509],[1,0]],[[5831,9502],[-1,0],[-1,0],[-1,-1]],[[5770,9479],[0,-3],[-1,-1],[-1,-3],[0,-1],[0,-1],[0,-2],[1,0]],[[5766,9464],[-2,1],[-1,-1],[-1,-1]],[[5801,9426],[-1,-1],[0,-1],[1,-1],[1,-2],[1,-1],[-1,-4]],[[5717,9088],[0,-1],[-2,1],[0,-2],[-1,0],[0,-2],[-2,0],[0,1]],[[5712,9085],[-1,1],[-1,0],[0,0],[-1,0],[-1,1],[-1,-1],[-1,1],[-2,1],[-2,-1],[0,1],[-2,0]],[[5700,9088],[-1,3],[0,0],[-1,2],[1,1],[-1,4],[0,2],[0,1],[-1,1],[0,2],[-1,1],[0,1],[-1,0],[0,3],[0,1],[0,1],[-2,0],[-1,1],[-2,0]],[[5690,9112],[0,3],[-1,0],[1,2]],[[5690,9117],[2,2],[1,0],[0,2],[1,2],[1,1],[0,1],[1,0],[0,2],[-1,1],[-1,1],[-1,0],[-1,1],[1,2],[1,1],[2,0],[0,2],[1,1],[1,1],[1,1],[1,1],[1,0],[0,1],[1,3],[1,1]],[[5703,9144],[1,2],[1,-2],[1,-2],[1,1],[0,-1],[0,-1],[0,-3],[-1,-2],[2,0],[1,-1],[1,0],[0,3],[2,0],[1,-2],[0,0],[1,-1],[2,1],[2,-1]],[[5718,9135],[1,0],[0,-1],[0,-2],[-2,-1],[1,-1],[1,0],[0,0],[0,-1],[2,0],[2,-1],[1,0],[1,-1],[0,2],[-1,1],[0,1],[2,-1],[0,-1],[2,-1],[0,-1],[2,-2],[1,0]],[[5731,9125],[1,-1],[0,-2],[1,0],[0,-1],[1,-1],[1,1],[3,0],[0,1],[0,-2],[1,-1],[2,1],[1,-2],[0,-1],[2,0],[2,2]],[[5661,9200],[1,0],[2,1],[2,1],[0,-2],[2,0],[1,1],[1,1]],[[5670,9202],[1,-2],[0,-3],[1,-1],[0,-2],[1,1],[0,-3],[-1,0],[0,-1],[1,-3],[0,0],[1,-1],[-1,0],[0,-2],[0,0],[0,-1],[2,-1],[0,-1],[1,-2],[-1,0],[0,-1],[-1,1],[-3,1],[0,-1],[-1,-1]],[[5670,9179],[-1,1],[-2,-2],[-1,0]],[[5666,9178],[0,1],[-1,2],[-1,0]],[[5672,9088],[0,1],[-1,0],[-1,2],[0,-1],[-2,0],[0,-1],[-1,0],[-2,0]],[[5665,9089],[0,2],[-1,1],[1,3],[-1,0],[-1,1],[1,0],[0,1],[1,0],[0,2],[-1,1],[-2,-1],[-1,0]],[[5661,9099],[0,1]],[[5661,9100],[1,2],[-1,1],[-1,2],[1,1],[1,1],[0,1],[0,1],[0,1],[1,2],[1,-1],[0,1]],[[5664,9112],[1,0],[1,0],[1,1],[1,2]],[[5668,9115],[1,0],[0,-1],[1,0]],[[5670,9114],[2,-1],[1,-2],[1,1],[1,0],[1,0],[0,-2],[0,1],[1,-2],[0,-2],[0,1],[0,1],[1,1],[2,1],[-1,1],[1,1],[-1,1],[2,1],[0,0],[1,0],[0,-1],[0,-1],[1,0],[1,0],[1,1],[2,-1],[1,-1],[2,0]],[[5700,9088],[-1,-1],[-1,1],[-1,2],[-1,-1],[-1,-2],[-1,-1]],[[5694,9086],[-1,-1],[0,-1],[1,-1],[0,-2],[-1,0],[-2,1],[0,-1],[0,-1],[-1,0]],[[5690,9080],[-1,1],[-2,1]],[[5687,9082],[0,2],[-1,1],[0,1],[-1,-1],[-2,-2],[-1,1],[-2,0],[-1,-2],[0,2],[0,4],[-1,1],[0,0],[-2,1],[0,0],[-1,-1],[-1,-1],[-1,1],[-1,-1]],[[5676,9153],[-1,0]],[[5675,9153],[2,2],[-1,2]],[[5676,9157],[1,2],[3,2],[0,-1],[2,3],[0,0]],[[5682,9163],[0,2],[2,0]],[[5684,9165],[0,-2],[1,-2],[-2,-2],[0,-1],[1,0],[0,-1],[-1,-1],[-1,-1],[0,-2]],[[5682,9153],[-1,0],[-1,0],[-2,1],[-1,-1],[-1,0]],[[5653,9095],[3,-1],[0,-1],[1,0],[1,0],[2,1],[1,0],[0,1],[-1,1],[1,3],[0,0]],[[5665,9089],[0,-1],[0,-2],[-3,0],[-1,-1],[-1,0],[-1,0],[0,2],[0,1],[-1,1],[-1,0],[-1,0],[-1,0],[0,-1],[0,-1],[-1,-1],[-1,0]],[[5666,9141],[1,-1],[0,-1],[2,0],[0,0],[0,-1],[2,0],[0,-1],[1,-1],[1,0]],[[5673,9136],[0,0],[1,-1],[-1,-1],[1,-1],[0,-1],[1,-2],[-1,-2],[0,-1],[0,-1],[-1,-3]],[[5673,9123],[-5,3],[-1,0],[-2,0],[1,-2],[-1,-2],[1,0],[0,-2],[2,0],[-1,-2],[1,-1],[0,-2]],[[5664,9112],[0,1],[-2,1],[0,0],[0,2],[0,1],[0,2],[-1,1],[1,1],[-2,1],[-1,1],[-1,-1]],[[5661,9100],[-1,1],[-3,1],[-1,0]],[[5655,9102],[0,-1],[-1,-1],[-1,1]],[[5673,9136],[0,1],[1,0],[1,1],[1,1],[0,1],[0,2],[0,0]],[[5676,9142],[0,1],[3,0],[2,0],[0,-1],[2,1],[1,0]],[[5684,9143],[-1,1],[0,1],[0,1],[0,2],[1,1]],[[5684,9149],[2,-1],[1,0],[0,1],[2,-1],[0,-1],[2,-1],[0,0],[0,-1],[0,-1],[-1,0],[1,0],[1,-1],[-1,0],[0,-1],[1,0],[0,-2],[0,-2],[0,0],[1,1],[1,1],[0,-1],[0,1],[0,2],[1,0],[1,-1],[0,2],[0,2],[2,0],[0,0],[2,1],[3,-2]],[[5721,9037],[-4,0],[-1,1],[0,2],[-1,0],[0,2],[-1,0],[0,0],[-2,0],[-1,0]],[[5711,9042],[0,3],[0,2],[0,1],[0,0],[0,1],[-1,0],[-2,2],[-1,-2],[-2,1],[-1,-1],[-1,2],[-1,0],[-2,2],[-1,0]],[[5699,9053],[-1,-3],[0,0],[-2,1],[0,0],[-2,0],[0,0],[-2,1],[-1,1],[0,1],[1,1],[0,3],[-1,0],[0,2],[1,1],[0,0],[1,1],[0,2],[0,0],[-1,0],[-1,0],[0,-1],[-4,-3],[-1,0],[-1,0],[-1,1],[0,2],[-1,1],[-1,-1],[-1,-1],[-1,-1],[-1,0],[-2,-1]],[[5677,9060],[0,1]],[[5677,9061],[0,3],[1,1],[1,1],[0,1],[1,2],[0,1],[0,1],[2,0],[1,0],[0,1],[1,1],[0,1]],[[5684,9074],[-1,3],[1,0],[0,2],[1,1],[1,-1],[1,1],[0,2]],[[5670,9202],[2,1],[2,1],[1,0],[0,1],[1,1],[1,0],[2,0],[1,-3],[1,0],[2,0],[0,-1]],[[5683,9202],[1,-2],[0,-2],[1,0],[0,0],[3,1],[0,0],[0,1],[2,0]],[[5690,9200],[-1,-1],[0,-3],[0,-1],[0,-2],[0,0],[2,1],[0,0],[1,-1],[1,0],[1,-1],[0,-1],[1,-2]],[[5695,9189],[-2,0],[-1,-1],[0,-1],[1,-1],[0,-2],[1,-1],[0,-1],[0,-1],[0,-2],[0,-1],[0,-1],[0,-1],[-1,-3],[-1,0]],[[5692,9173],[-1,-1],[-1,0],[0,1],[0,2],[-1,0],[-1,1],[0,-1],[-1,-1],[-1,-2],[0,1],[-1,2],[-1,1],[0,1],[-2,-1],[-1,-1],[-1,0],[-1,-1],[0,-1],[-1,0],[-1,0],[-1,1],[-2,0],[-1,-2]],[[5673,9172],[-1,0],[-1,0],[-1,2],[1,0],[0,1],[-1,4]],[[5684,9165],[2,0],[1,-1]],[[5687,9164],[1,0],[1,0],[1,2],[1,0],[1,1],[0,1]],[[5692,9168],[1,1],[0,0],[1,2],[2,-1],[1,0],[1,0],[0,-1],[1,-1],[0,-1],[1,0],[1,0],[1,0],[1,1],[1,-1],[0,0],[1,-1],[2,1],[0,0],[0,-1],[1,-1]],[[5708,9165],[2,0],[1,-1],[1,0],[0,1],[1,0],[1,2],[1,-1],[0,2],[1,1],[1,1],[1,1],[1,0],[1,-2]],[[5720,9169],[-1,0],[0,0],[-1,-3],[0,-1],[1,-1],[0,-2],[0,0],[0,-1],[1,-3],[0,0]],[[5720,9158],[-1,-4],[0,-6],[0,-3],[-1,-3],[1,-1],[-1,-4],[0,-2]],[[5684,9149],[0,0],[-1,2],[0,2],[-1,0]],[[5684,9074],[0,0],[-2,0],[0,0],[-3,1],[0,2],[1,0],[0,1],[-1,0],[-1,0],[-1,1],[-1,0],[0,1],[-1,-1],[-1,0],[0,-1],[-3,-1],[-1,-1],[1,-2],[-1,-1],[-1,-2],[-2,-2],[0,0],[1,0],[1,-1],[-1,-2],[1,-2],[0,-1],[3,1],[1,-1],[2,-1],[1,0],[1,-1]],[[5677,9060],[-1,0],[-1,-1],[-2,-1],[-1,-1]],[[5672,9057],[0,0],[-2,0],[0,0]],[[5670,9057],[0,2],[-2,2],[-2,1],[-1,1],[1,1],[0,2],[-2,1],[1,1],[0,2],[0,1],[-1,0],[-1,1],[1,2],[0,0],[0,1],[-1,0],[-1,1],[-1,0],[-1,1],[-1,1],[-2,0],[-2,0],[-2,-1],[-1,0],[-1,0],[-1,-1]],[[5666,9145],[2,-1],[0,-1],[2,0],[1,1],[0,1],[1,0],[1,0]],[[5673,9145],[1,-1],[1,-2],[1,0]],[[5673,9172],[0,-2],[0,-1],[0,-1],[0,-1],[1,-1]],[[5674,9166],[2,1],[2,0]],[[5678,9167],[0,-3],[0,-1],[1,1],[1,-1],[2,0]],[[5676,9157],[-1,1],[-1,-1],[-2,0],[0,0],[-1,1],[-2,-2],[-1,0],[-2,1],[0,-1]],[[5675,9153],[-2,-1],[0,1],[-1,0],[-1,-1],[-1,-1],[-1,-1]],[[5673,9145],[0,2],[0,1],[1,1],[0,1],[1,1],[1,-1],[0,1],[0,2],[0,0]],[[5692,9173],[-1,-3],[-1,0],[0,-1],[1,1],[1,-2]],[[5687,9164],[0,1],[0,1],[-1,2],[-1,1],[-1,-2],[-2,1],[0,0],[-1,1],[0,1],[-1,1],[-2,0],[0,1],[-1,-1],[1,-1],[0,-2],[0,-1]],[[5670,9057],[-2,0],[-1,-1],[0,-1],[-1,0],[-1,-1],[-2,-1],[-1,0],[0,1],[0,3],[0,1],[-1,1],[1,4],[-2,0],[-1,2],[0,0],[-1,1],[-3,0],[-1,-1],[-3,0],[-3,2]],[[5311,9742],[1,1],[0,-3],[2,1]],[[5314,9741],[0,1],[0,2],[-1,0],[1,2],[1,1],[1,-2],[1,0],[2,0],[0,0]],[[5319,9745],[1,0],[0,0],[3,-1],[0,0]],[[5323,9744],[1,-2],[-2,-1],[0,-1],[1,0],[1,-1],[1,0],[0,-3]],[[5325,9736],[1,-1],[0,0],[1,-2],[-1,0],[-1,0],[0,-2],[0,0],[0,-1]],[[5325,9730],[1,-3],[4,0],[0,-2],[1,-2]],[[5331,9723],[-1,-2],[-1,-1],[-1,0],[0,-2],[1,-2],[2,1]],[[5331,9717],[0,-2],[0,-2],[-1,1],[0,-1],[-1,1],[-2,-2],[-1,0],[0,-1],[-2,-1],[-1,1],[0,0],[-1,0],[0,-1],[-2,-2]],[[5320,9708],[1,1],[-1,3],[2,0],[-1,2],[0,0],[-2,0],[-2,-1],[0,1],[0,1],[-1,0],[-1,1],[0,2],[0,1],[-1,2],[-1,2],[1,1],[1,0],[1,1],[-1,2],[0,0],[0,1],[-1,0],[-1,1],[-2,-1],[-1,1],[-1,0],[0,2],[-1,0],[-1,0],[-1,2],[-2,-1]],[[5304,9732],[0,1],[0,2],[-2,0],[0,1],[1,1],[0,1],[-1,2],[1,2],[0,0],[1,0],[1,-1],[1,0],[1,0],[0,2],[2,1]],[[5309,9744],[1,-1],[1,-1]],[[5348,9676],[-2,0],[0,1],[-1,-1],[-1,2],[-2,-2],[0,-1],[-1,0],[0,-1],[0,-1],[-1,1],[0,-1],[-2,0],[-1,0],[-1,1]],[[5336,9674],[1,1],[-2,0],[0,2],[-1,0],[0,1],[0,0],[-3,0]],[[5331,9678],[0,3],[1,0],[1,1],[3,0],[1,-1],[1,1],[0,-1],[1,1],[0,0],[1,1],[2,0]],[[5342,9683],[1,-1],[0,0],[3,1],[2,1],[0,1],[1,1],[2,0],[0,1],[-1,1],[1,1],[0,2],[1,1]],[[5352,9692],[2,-1]],[[5354,9691],[2,-2],[1,0],[1,1],[0,0],[1,0],[1,-2],[1,0],[1,0],[2,1],[0,-2],[0,0],[0,-3],[1,0],[-1,0],[-1,-2],[-2,-1],[0,-2],[1,-1]],[[5362,9678],[-1,-1]],[[5361,9677],[-1,1],[0,1],[-1,0],[-2,0],[0,-2],[-1,2],[-2,1],[-2,-1],[-1,1],[0,1],[-1,0],[-1,1],[-1,-1],[1,-2],[-1,0],[0,-2],[0,-1]],[[5324,9667],[-2,-2]],[[5322,9665],[-2,1],[-1,-1],[0,0],[-1,1],[0,2],[0,1]],[[5318,9669],[-1,1],[-2,0],[0,0]],[[5315,9670],[1,2],[2,0],[0,1],[1,2]],[[5319,9675],[1,0],[0,1],[-1,3],[1,1],[1,1],[0,1],[0,1],[0,0]],[[5321,9683],[1,-1],[0,0],[1,-2],[1,-1],[2,1],[1,-2],[1,1],[1,-2],[-1,-2],[2,0],[0,-1],[-3,-1],[0,-1],[1,0]],[[5328,9672],[-1,-2],[0,-1],[-1,0],[1,-1],[-2,-1],[0,0],[-1,0]],[[5352,9693],[-1,0],[-2,-1],[-1,1],[-1,0],[-1,0],[-1,1],[0,1],[0,1],[0,2],[0,1],[-1,1],[-2,2]],[[5342,9702],[1,1],[0,0],[0,-1],[1,-1],[1,-2],[0,1],[0,1],[1,0],[1,0]],[[5347,9701],[1,-1],[1,0],[-1,1],[0,1],[2,0],[2,1]],[[5352,9703],[0,0],[0,-2],[1,-2],[1,0],[1,-1],[-1,-1],[-2,-1],[1,-2],[-1,-1]],[[5350,9730],[1,0],[-2,3],[-1,1],[-1,0],[-1,1],[-1,-1],[-1,1],[-1,1],[-1,2],[-1,1],[1,0],[0,1],[1,0],[0,2],[-1,0]],[[5342,9742],[0,2],[1,2],[0,0]],[[5343,9746],[1,1],[-1,1],[0,1],[1,0],[-2,3],[2,1],[2,1],[3,0],[1,0],[0,2]],[[5350,9756],[1,1],[0,0],[1,1],[1,-1],[0,1],[1,0],[0,-1]],[[5354,9757],[1,1],[0,1]],[[5355,9759],[1,0],[1,0],[2,0]],[[5359,9759],[-1,-1],[0,-1],[1,-2],[-1,-1]],[[5358,9754],[-1,0],[0,-1],[-1,0],[-1,0],[0,-1],[-3,-4]],[[5352,9748],[0,-1]],[[5352,9747],[-3,0],[-1,-1],[1,-1],[-1,-2],[0,-2],[-1,-1],[1,0],[1,-1],[1,0],[1,-2],[2,1],[0,0],[3,1],[0,-1],[0,-2],[1,-1]],[[5357,9735],[-1,-1],[0,-2],[-2,0],[0,-1],[-1,0],[-2,-2],[0,-1]],[[5351,9728],[0,-1],[-1,-2]],[[5350,9725],[-1,2],[0,0],[-2,1],[1,1],[2,1]],[[5365,9724],[1,0],[1,1],[1,0],[0,1],[1,1],[2,-1]],[[5371,9726],[1,-1],[1,0],[0,0],[1,3],[-1,1],[0,1],[1,0]],[[5374,9730],[1,0],[3,-3],[0,-1]],[[5378,9726],[0,-1],[-1,-1],[0,-1],[-1,-2],[-1,0],[-1,-1],[2,-2]],[[5376,9718],[0,-1],[1,-1],[0,-2],[1,-1],[0,-1],[1,0],[0,-1],[-2,-2],[1,-2],[1,1],[2,0],[0,1],[1,-1],[-2,-1],[1,-3],[1,0],[-1,-1]],[[5381,9703],[-1,-1],[-1,1],[-2,-1],[0,-1],[-1,-1]],[[5376,9700],[-1,0],[-3,-1],[0,1],[0,1],[2,1],[-1,1],[-1,0],[-1,0],[-1,-1],[-1,1],[0,1],[-1,1],[-2,-1],[-1,2],[-1,0],[-1,1],[-1,0]],[[5362,9707],[-1,1],[0,1],[1,2],[1,0],[0,1],[2,3]],[[5365,9715],[-2,0],[-1,0],[0,1],[-1,1],[-1,0],[0,1],[-1,0]],[[5359,9718],[0,1],[2,1],[1,2]],[[5362,9722],[1,0],[2,2],[0,0]],[[5357,9735],[1,1],[1,0],[1,2],[1,0],[0,1]],[[5361,9739],[0,0],[2,2],[2,1],[2,2],[0,1],[2,0],[1,0],[1,0],[1,-2],[0,-1],[-1,-1],[-1,-1],[-2,-1],[-1,-1]],[[5367,9738],[0,-1],[1,0],[1,1],[1,-1],[2,0],[-2,-2],[0,0],[1,-1],[3,-3],[0,-1]],[[5362,9722],[-1,1],[-2,-1],[0,2],[-1,-1],[-1,1],[0,1],[-1,1],[-1,0],[-1,0],[-1,0],[0,1],[-1,1],[-1,0]],[[5305,9770],[3,2],[0,0],[-1,-1],[0,-2],[1,1],[1,-2],[-1,-1],[1,0],[1,0],[2,0],[1,-1],[1,1],[0,1],[2,-1],[1,1],[1,0],[0,1],[2,-1],[1,0],[0,2]],[[5321,9770],[1,-3],[1,-1],[1,-1],[1,0],[1,0],[2,0],[0,0],[0,-1],[0,-2],[1,0],[0,1],[2,1]],[[5331,9764],[0,-1],[1,-3]],[[5332,9760],[0,-1],[0,-1],[-1,-1],[-3,2],[-1,-1],[0,1],[-1,-1],[-1,-1],[0,0]],[[5325,9757],[-1,0],[0,-1],[-1,0],[-1,0],[-1,0],[-1,1],[0,1],[0,0],[-2,1],[0,-1],[-2,0]],[[5316,9758],[-3,-1],[0,2],[0,1],[-1,0],[-2,0],[-1,-1]],[[5309,9759],[-1,-1],[-1,2],[-1,0],[-1,0],[0,0],[-1,1],[0,2],[1,0],[-1,0],[-1,2],[0,0],[-1,1],[0,2],[-1,-1],[-2,1],[-2,0],[-1,1],[0,0],[1,-4],[0,-1],[-2,0],[-1,-1],[-1,0]],[[5293,9763],[-1,1],[0,1],[-2,1],[0,1],[-1,2],[0,1],[-2,0],[-2,1],[0,1]],[[5285,9772],[1,1],[2,0],[1,1],[1,0]],[[5290,9774],[3,3],[1,0],[1,1],[1,0],[2,-1],[1,-2]],[[5299,9775],[2,-2],[2,-2],[1,-1],[1,0]],[[5291,9713],[0,2],[0,0],[0,2],[0,2],[0,1],[2,0],[1,1]],[[5294,9721],[1,-2],[1,-1],[3,2],[1,-1],[1,0]],[[5301,9719],[0,-1],[0,-1],[1,0],[1,-1],[1,-1],[-1,-1],[0,-1],[0,-1],[2,-1],[-1,-2],[-2,-1],[-1,-2],[-1,0],[0,-1],[1,-1],[0,-1],[-1,-2],[0,-1],[4,0],[2,0],[0,1],[3,-2],[1,2],[2,2],[1,0],[1,0],[1,0],[1,0],[1,2],[1,0],[-1,1],[2,0],[1,1]],[[5320,9707],[-1,-1],[-1,-1],[0,0],[-1,-2],[1,-1],[0,-1],[1,-1],[1,0],[-1,-2],[1,0],[3,3],[3,1],[0,0],[1,-2],[0,0],[2,1],[-1,-1],[1,0],[-2,-2],[1,-2],[1,-1],[1,0],[1,2],[1,1],[2,1],[1,0],[1,0],[0,-1],[1,-1]],[[5337,9697],[1,0],[2,-1],[1,0],[1,0],[-1,-2],[-1,-1],[0,-1],[-2,-1],[-1,0],[-1,1],[0,-1],[-2,-1],[0,1],[-1,-1],[0,-2],[-1,-2],[4,-2],[1,0],[1,0],[-1,1],[1,0],[1,1],[1,0],[1,0],[1,-3]],[[5331,9678],[-1,0],[-1,0],[-1,2],[-1,1],[0,1],[0,2],[0,0],[-1,0],[-1,2],[-1,0],[0,1],[-3,-1],[0,-1],[0,-2]],[[5319,9675],[-1,2],[-1,1],[1,1],[-1,0],[-1,1],[-1,1],[-1,1],[-1,0],[-1,1],[-3,2],[-1,0]],[[5308,9685],[-1,2],[-2,1],[1,1],[1,2],[-1,-1],[-2,2],[1,1],[-1,1],[-1,0],[1,1],[-2,1],[-1,-1],[-1,-1],[0,0],[-3,0],[-1,0],[-1,0],[-2,1],[-1,0],[0,-1],[-1,1],[0,1],[-1,-1],[-1,0],[0,1],[0,1],[-1,0],[-1,1],[-1,0]],[[5286,9698],[0,2],[1,1],[1,3]],[[5399,9763],[-1,1],[1,1]],[[5399,9765],[1,0],[1,-1],[1,-1],[0,-1],[1,0]],[[5403,9762],[0,-2],[1,-3],[0,-1]],[[5404,9756],[-1,-2],[1,0],[0,-2],[0,-1],[1,0],[0,0],[1,-2],[-1,-3],[0,-1]],[[5405,9745],[-2,1],[0,1],[-1,1],[-1,0],[-1,-1],[-1,0],[-1,-1],[0,0],[0,-2],[0,-1]],[[5398,9743],[-2,-3],[0,-1]],[[5396,9739],[-1,1],[-1,1],[0,-2],[-1,0],[-2,1],[-2,2],[0,1],[-1,1],[-1,0],[-1,0],[0,-1],[-2,0],[0,2],[-1,0],[-1,2],[1,1],[1,0],[-2,2],[-1,-1],[0,1],[2,3],[-1,0],[-2,1],[0,0],[0,1],[0,1],[0,0],[-1,1]],[[5379,9757],[-1,1],[1,0],[1,2],[0,1],[0,1],[0,1],[2,0],[0,-1],[1,1],[1,0],[0,1],[0,1],[1,1],[2,-1],[1,0],[1,0],[1,0],[1,-2],[0,0],[1,0],[1,0],[1,-1],[0,-1],[3,0],[2,2]],[[5333,9739],[0,-1],[-1,1],[-1,-1],[-1,1],[-1,0],[0,1],[-1,2],[-1,-1],[0,0],[-1,0],[1,1],[0,2],[-1,0],[-3,1],[0,-1]],[[5319,9745],[-1,2],[0,1],[-1,0],[0,1],[-1,0],[0,1],[1,1],[-1,2],[0,1],[0,1],[0,2],[0,1]],[[5325,9757],[1,-1],[3,-1],[0,-1],[0,-1],[1,-1],[1,0],[-1,1],[2,1],[1,1],[1,-2],[0,-2],[1,0],[0,-1],[-1,-1],[1,0],[1,1],[0,-1],[1,-1],[0,-1],[1,0],[0,-1],[2,0],[1,1],[0,0]],[[5341,9747],[0,-1],[2,0]],[[5342,9742],[0,1],[-2,-1]],[[5340,9742],[-2,0],[0,-1]],[[5338,9741],[-1,0],[-1,-1],[-2,-1],[0,0],[-1,0]],[[5379,9757],[-2,1],[-2,-3],[1,0],[-2,0],[-1,1],[-1,0],[0,-1],[0,-2]],[[5372,9753],[-1,-1],[-2,-1],[-1,-1],[-1,1],[-1,1],[0,0],[-2,0]],[[5364,9752],[-1,0],[-1,1],[-1,1],[-1,1],[-2,-1]],[[5359,9759],[2,0],[0,1],[1,0],[1,1],[0,2],[0,1],[0,1],[1,1],[1,2],[-1,2],[2,0],[1,0],[0,1],[1,0],[-1,1],[1,1],[1,0],[2,2]],[[5371,9775],[0,-2],[1,0],[0,1],[1,0],[2,0],[1,-1],[3,0],[1,-1],[1,-1],[1,0],[1,1],[1,-2],[1,2],[0,0],[2,0],[1,-2],[1,-1],[1,-1],[0,-1],[2,1],[0,0],[1,-2]],[[5393,9766],[1,0],[1,1],[1,-1],[1,-1],[1,2],[1,0]],[[5399,9767],[0,0],[2,0],[-2,-2]],[[5364,9752],[-1,-2],[-1,1],[-1,0],[0,-1],[0,-2],[1,0],[1,0],[0,-3]],[[5363,9745],[-2,-2]],[[5361,9743],[-1,1],[-1,0],[-1,-1],[-1,1],[0,1],[-1,1]],[[5356,9746],[0,-1],[0,-2],[0,-1],[-1,-1],[0,1],[-1,1],[0,1],[-1,0],[-1,-1],[0,2],[1,1],[0,1],[-1,0]],[[5361,9743],[-2,-2],[1,0],[-2,-1],[1,0],[0,-1],[2,0]],[[5396,9739],[-1,-2],[0,-1],[0,-1],[0,-3],[-1,-1],[0,-2],[-1,-2],[-1,-1],[-1,-1]],[[5391,9725],[-1,2],[0,1],[-2,-1],[-1,0],[0,-1],[0,-2],[-1,0],[0,-1],[-1,-1],[0,1],[-2,1],[0,1],[-1,0],[0,0],[2,2],[0,1],[0,1],[-1,0],[-1,-1],[-2,-1],[1,2],[-1,0],[-1,-2],[-1,-1]],[[5351,9707],[0,2],[-1,1]],[[5350,9710],[2,1],[0,1],[1,1],[1,0],[0,1],[0,2]],[[5354,9716],[0,2],[1,0],[0,1]],[[5355,9719],[1,-1],[2,1],[1,-1]],[[5362,9707],[0,-1],[-1,-1],[-1,1],[-1,-1],[-1,1],[-1,1],[-1,0],[-2,-1],[1,0],[-2,-1],[-1,0],[-1,0],[0,-2],[1,0]],[[5347,9701],[1,1],[-1,2],[-2,0],[0,2],[-1,0],[0,2]],[[5344,9708],[1,0],[1,1],[1,1],[2,-3],[2,0]],[[5309,9744],[0,1],[-1,0],[-1,1]],[[5307,9746],[0,2],[-1,1],[1,1],[0,2],[-1,0],[-1,-1],[-2,1],[0,1],[-2,-1],[-1,1],[-1,-1]],[[5299,9752],[-1,0],[-1,0],[-1,0],[0,-2],[-1,-1],[0,1],[-1,0],[0,1],[-2,1],[0,0],[-1,0],[0,2],[-2,0],[-1,0]],[[5288,9754],[1,1],[0,1],[1,2],[-1,1],[1,0],[0,2],[1,0],[2,2]],[[5344,9708],[-1,1],[1,1],[0,1],[-1,0],[-1,0],[0,1],[1,1],[-1,1],[2,1],[1,0],[0,-1],[1,0]],[[5346,9714],[1,0],[0,-2],[1,0],[-1,-1],[1,-2],[2,1]],[[5278,9770],[2,0],[2,1],[0,0],[0,1]],[[5282,9772],[3,0]],[[5304,9732],[-1,-1],[-2,-1],[0,-1],[-1,1],[0,2],[0,-1],[-2,0],[0,-1],[-1,0]],[[5297,9730],[0,-1],[1,-2],[-1,-1],[0,-1],[0,-2],[-2,1],[0,-2],[-1,0],[0,-1]],[[5342,9702],[-1,-3],[-1,0],[-2,-1],[-1,-1]],[[5320,9707],[0,1]],[[5331,9717],[1,0]],[[5332,9717],[-1,2],[2,1],[0,1],[1,1],[1,-1],[1,-1],[0,-1],[1,-1],[1,0],[-1,2],[2,1],[1,0],[1,0],[0,-1],[0,-1],[2,-1],[1,1],[2,0]],[[5346,9719],[1,-1],[1,-1]],[[5348,9717],[-1,-1],[1,-1],[-1,-1],[-1,0]],[[5376,9700],[1,-1],[0,-1],[0,-1],[1,0],[0,-2],[0,-1],[-1,-1],[-1,0],[0,-1],[-1,0],[-1,0],[-1,0],[-1,-1],[-1,-1],[-1,-1],[-1,-1],[-1,-2],[1,-2]],[[5369,9684],[1,-1],[0,-1],[0,-1],[-1,0],[-1,-1]],[[5368,9680],[-1,-1],[0,-1],[-2,0],[0,0]],[[5365,9678],[-2,1],[-1,-1]],[[5352,9692],[0,1]],[[5354,9716],[-1,0],[-2,0],[-1,1],[-2,-1],[0,1]],[[5346,9719],[0,1],[2,0],[1,0],[1,1],[-1,1],[-1,0],[1,1],[1,1],[1,0],[-1,1]],[[5391,9725],[0,-1],[0,-1],[-1,-1]],[[5390,9722],[-1,0],[0,0],[-2,-1],[-1,-1],[-1,1],[-1,0],[-1,-1],[-1,2],[0,0],[0,0],[0,-2],[-1,-1],[-2,-1],[-2,2],[-1,-2]],[[5336,9674],[-1,-1],[-1,-1],[0,-1],[-1,0],[-2,0],[-1,0],[-1,1],[-1,0]],[[5381,9703],[1,-1],[-1,-1],[1,-1],[0,1],[2,-1],[0,0],[0,-1],[0,-1],[2,-2],[0,0],[-1,-2],[0,-1],[1,-1],[1,0],[1,0],[-1,-3],[1,0],[1,0],[-1,-1],[0,-1],[0,-1],[-1,-2],[0,-1],[0,-1],[0,-1],[1,-1],[0,-1],[0,-1],[2,0],[1,-2],[0,-1],[0,-1],[-2,-2],[-1,-1]],[[5388,9671],[-1,1],[0,0],[-1,-2],[-1,0],[0,0],[-1,0]],[[5384,9670],[-2,1],[0,1],[-1,1],[0,0],[-1,-1],[-1,0],[-1,0],[0,2],[-1,0],[-1,1],[0,0]],[[5376,9675],[-2,0],[-2,1]],[[5372,9676],[1,1],[-1,0],[0,0],[-3,1],[-1,2]],[[5365,9678],[-1,-1],[1,-1],[1,-1],[1,0],[0,-1],[3,-1],[0,-1],[1,0]],[[5371,9672],[0,-1],[-1,-1],[0,0],[2,0],[1,0],[0,-3],[0,-1],[-1,-1],[0,-1],[-1,0],[-1,-1]],[[5370,9663],[0,0],[-2,-2],[-1,2],[0,-1],[-1,1],[0,-1],[-2,0],[-1,-1],[0,-1],[-1,1],[-1,0],[0,2],[-2,1],[-1,2],[2,1],[0,2],[0,1],[1,1],[0,1],[-1,0],[-1,0],[-1,2],[0,1],[2,-1],[1,1]],[[5361,9675],[-1,1],[1,1]],[[5392,9620],[1,1],[2,-1],[2,4]],[[5397,9624],[2,-2],[1,1],[0,0],[1,1],[2,1],[0,1],[4,-1]],[[5407,9625],[0,-2],[0,-1],[1,-1],[2,2],[2,-1],[-1,-3],[1,-1],[1,2],[2,1],[1,-1],[1,2],[0,1],[-2,0],[0,2],[2,0],[0,0],[1,0],[1,1],[1,-1],[0,0]],[[5420,9625],[1,0],[1,-1],[0,-1],[-1,-1],[0,-2],[0,0],[1,-2],[-1,-1],[0,0],[-1,-2]],[[5420,9615],[1,-2],[2,-1]],[[5423,9612],[0,0],[-1,-2],[0,-1],[-2,-1],[0,-1],[0,-2],[0,-1],[0,-1],[1,-2],[0,-2],[-1,1],[0,1],[0,0],[-1,-2],[1,0],[1,-2]],[[5421,9597],[-2,0],[-1,-1],[-1,1],[-2,-2],[0,-1],[0,-1],[1,0]],[[5416,9593],[0,-2],[-1,-1],[-1,-3],[-1,-1],[-1,1],[0,-1],[0,-2],[-3,1],[0,-1],[-2,1],[-1,0],[0,-1],[0,-1],[-2,1],[0,-1],[-1,0],[-1,-1],[0,0],[-2,1],[-1,-1],[-1,0],[-1,2],[-1,-2],[-2,1],[-2,-1],[-1,1],[0,-1],[0,-1],[0,-1],[-1,-1],[-1,0],[0,-2],[-1,0],[0,0],[-2,1],[-1,1]],[[5385,9579],[-1,1],[-1,1],[-2,0],[0,1],[1,1],[-1,2],[0,1],[0,1],[-1,0],[1,1],[-2,0],[0,0],[0,1],[1,2],[1,0],[0,2],[1,1],[1,-1],[1,1],[1,-1],[0,1],[-1,2],[-1,0],[-1,-1],[-2,0],[-1,1],[-2,0],[-1,1],[-2,0],[0,1],[-1,1],[2,1],[2,1],[-1,1],[2,2],[-1,1],[-1,1],[0,1],[-1,0],[0,1],[-1,0],[-1,0],[0,0],[-2,-1],[-1,-1],[-1,1],[-1,1],[-1,1],[0,1],[1,2]],[[5368,9612],[1,-1],[2,0],[2,1],[1,2]],[[5374,9614],[1,-1],[1,0],[1,1],[1,-1],[1,-1],[1,1],[1,0],[0,0],[-1,1],[0,3],[3,0],[1,0],[1,-1],[0,0],[0,2],[0,1],[0,2],[0,0],[2,0],[1,2],[0,-1],[2,1],[-1,-2],[1,-1],[1,1],[1,-1]],[[5385,9579],[-1,-1],[1,0],[0,-1],[-2,1],[-1,-1],[0,-3],[1,0],[-1,-2],[1,0],[-1,-2]],[[5382,9570],[-1,1],[-2,2],[-1,0],[-1,1],[-1,1],[-1,-1]],[[5375,9574],[-1,2],[-1,0],[0,-1],[-2,-1],[0,-2],[-1,-1],[-1,0],[-1,2],[-1,-1],[-2,2],[0,1],[0,1],[-2,1],[0,2],[1,0],[-1,1],[0,0],[-1,-1],[-1,0],[0,1],[-1,-1],[-2,2],[-3,0],[0,2],[-1,0],[0,1],[1,1],[0,1],[1,1],[1,1],[1,0],[0,2],[-1,1],[-1,3],[1,1],[1,-1],[0,0],[2,1],[-1,0],[1,1],[0,1],[-1,0],[-1,0],[0,2],[0,1],[1,1],[-1,1],[1,2],[-1,0],[-1,1],[-1,1]],[[5356,9606],[2,1],[1,1],[4,1]],[[5363,9609],[1,1],[2,0],[1,3],[1,-1]],[[5371,9637],[2,1],[1,0],[1,-1],[-1,-2],[1,-1],[2,0],[1,0]],[[5378,9634],[1,-1],[1,-1]],[[5380,9632],[-1,0],[0,-2]],[[5379,9630],[0,-3],[-1,1],[-1,0],[-2,0],[-1,-2]],[[5374,9626],[-1,0],[-2,2],[0,1],[1,1],[-1,1],[0,1],[-1,1],[-2,1]],[[5368,9634],[0,2],[1,-1],[2,1],[0,1]],[[5370,9663],[1,-3],[1,1],[1,0],[0,-2],[1,-2],[2,1],[1,0],[1,-2]],[[5378,9656],[0,-1],[0,-1],[-1,0],[1,-1],[1,-1],[-1,-1]],[[5378,9651],[-1,-1],[-1,1],[-1,1],[-1,-1],[-2,0],[-1,1],[-1,1],[-1,-1],[0,-2],[1,-1],[-1,-1],[0,2],[-1,-1],[0,-1]],[[5368,9648],[-2,0],[-2,-3],[-1,0],[0,-1],[-2,0],[-1,1],[0,0],[-1,-1],[-1,0],[-1,0],[-1,1],[-1,-3],[-1,1],[-2,-1],[-1,1],[-1,0],[-1,-1],[-2,1]],[[5347,9643],[0,1],[-1,0],[-1,0],[-1,1],[-3,-1],[-1,0],[0,1],[-1,2],[-1,-1],[-1,1],[-1,1],[0,1],[-1,1],[-1,-1],[-2,1]],[[5332,9650],[0,0],[-3,2],[-1,0],[-1,0],[-1,1],[-1,2],[0,2],[-2,0],[0,1],[1,2],[0,0],[-1,0],[0,2],[0,1],[0,1],[-1,1],[0,0]],[[5397,9624],[-1,0],[-5,3],[1,2],[1,0],[0,1],[0,2],[-1,0],[-1,2],[-1,1],[1,2],[-1,1]],[[5390,9638],[1,0],[0,1],[-1,2],[1,1],[1,1],[0,1],[-2,1]],[[5390,9645],[0,0],[-1,0],[-1,1],[2,0],[1,0],[-1,1],[0,1],[-1,2],[0,1],[2,-1],[0,-1],[1,0],[2,1],[1,-1],[1,0],[1,0],[0,0],[1,2],[0,2]],[[5398,9653],[2,-1],[2,0],[1,0],[0,-1],[0,0],[1,-2],[1,0],[-1,-3],[1,-4],[0,-1],[0,-1],[1,0],[-1,-1],[2,-2],[2,0],[1,-1],[0,-1],[1,-1],[1,0],[1,0]],[[5413,9634],[2,0],[0,0],[1,1],[1,1]],[[5417,9636],[0,-1],[0,-1],[1,0],[0,-1],[0,-2],[-1,0],[0,-1],[0,-1],[2,0],[1,0],[1,-1],[0,-1],[-1,-2]],[[5339,9610],[-2,-1],[-2,0],[-1,0],[-1,0],[-1,-1],[0,-1],[-1,0],[0,-1],[-1,1],[-1,0],[0,0],[-1,1],[-1,1],[-1,0],[-2,-2],[-1,0],[-1,2],[-2,0]],[[5320,9609],[0,1],[1,2],[1,1],[-1,0],[-2,2],[-1,-1],[1,3],[1,2]],[[5320,9619],[0,1]],[[5320,9620],[3,1],[1,-1],[2,1],[1,1],[1,0],[2,2],[0,0],[1,1],[1,1],[0,1],[1,1],[1,0],[-1,1],[1,2],[1,1],[1,1],[-1,1],[-2,2],[0,2]],[[5333,9638],[1,1],[0,2],[-1,1],[1,0],[1,3],[-1,1],[-2,1],[0,0],[1,2],[-1,1]],[[5347,9643],[-1,-1],[-1,1],[0,-1],[2,-2],[-1,-1],[-1,-1],[-1,-6],[1,0],[1,2],[1,0],[-1,-2],[0,0],[1,-2],[2,-1],[0,-1],[-2,-1],[0,-1],[1,0],[1,-1],[0,-1],[1,0],[1,0],[3,0],[1,0],[0,-1],[0,0],[-1,-2],[0,-1]],[[5354,9620],[0,-1],[0,-2],[1,-1],[-1,0],[-1,1],[-2,0],[0,-2]],[[5351,9615],[-1,0],[-2,0],[-1,1],[-1,0],[-1,0],[-1,0],[0,0],[0,-1],[0,-1],[2,0],[0,-1],[0,-1],[-1,-2],[-2,0],[-2,0],[-2,0]],[[5351,9615],[1,-1],[0,1],[0,-2],[1,-1],[1,0],[0,-1],[-1,-1],[1,0],[1,-2],[-1,-1],[1,-1],[0,-1],[1,1]],[[5375,9574],[0,-3],[1,0],[-1,-1],[0,-1],[-2,0],[-2,1],[-1,-2],[0,-2]],[[5370,9566],[-1,1],[-1,1],[-1,-1],[-1,0],[-2,0],[0,1],[-2,0],[-1,0],[-1,1],[0,0],[-1,1],[-1,0],[-2,-1],[0,0],[-1,-1],[0,1],[0,1],[-1,1],[0,2],[-1,1],[-1,1],[0,2],[0,0],[-2,0],[0,0],[-1,1],[-1,0],[0,2],[-1,2],[1,0],[0,2],[-1,0],[-3,-1],[0,1],[0,1],[-3,0],[-1,0],[-1,-1],[-1,2],[-1,0],[2,1],[2,2],[1,0],[0,1],[-1,1],[0,0],[-1,0],[-2,-1],[-1,-1],[-3,-2],[0,-1],[0,1],[-1,1],[-1,0],[-1,-1],[-2,0],[-1,0],[0,1],[-3,-1]],[[5325,9587],[1,3],[-1,1],[2,0],[1,0],[3,1],[0,0],[-1,1],[1,0],[0,0],[-2,2],[-3,1],[-1,0],[-1,0],[0,1]],[[5324,9597],[-2,1],[0,1],[-1,0],[0,1]],[[5321,9600],[1,0],[0,1],[2,1],[-1,2],[-1,2],[-1,1],[-1,2]],[[5374,9626],[0,-1],[-2,-2],[-1,-2],[1,0],[1,-1],[0,-1],[-1,0],[0,-1],[-1,-1],[1,-2],[1,1],[1,-2]],[[5368,9648],[2,-2],[0,-1],[0,-2]],[[5370,9643],[-2,-1],[1,0],[-1,-1]],[[5368,9641],[-1,-2],[-1,0],[0,-1],[-1,-2],[-1,0],[0,-1],[2,-1],[2,0]],[[5370,9643],[0,-1],[1,0],[1,1],[0,-1],[2,-1],[1,1],[1,-1],[1,0],[1,1],[1,-2],[0,-1],[1,-1],[0,-1]],[[5380,9637],[-2,0],[0,0],[-1,-1],[1,0],[1,-1],[-1,-1]],[[5378,9651],[3,-2],[0,-2],[1,-1],[0,-1],[0,1],[2,0],[2,0],[1,0],[0,-1],[-1,-1],[1,-1],[2,0],[0,1],[1,1]],[[5390,9638],[-1,-1],[-1,0],[-2,0],[-1,0],[-1,-1]],[[5384,9636],[-1,1],[-2,-1],[-1,1]],[[5380,9632],[2,0],[1,1],[1,0],[1,0],[-1,3]],[[5378,9656],[0,1],[2,0],[0,1],[0,1],[1,1],[0,0],[0,2],[1,1],[1,0],[0,1],[1,3],[-1,1],[-1,0],[0,1],[1,1],[1,0]],[[5388,9671],[1,0],[-2,-1],[1,-1],[2,-1]],[[5390,9668],[0,-1],[0,-1],[-1,-2],[1,0],[1,-2],[2,1],[-1,-1],[2,-1],[-1,-1],[1,0],[0,-1],[1,-1],[1,0],[1,0],[0,-1],[2,1],[0,-1],[-1,-3],[0,-1]],[[5371,9672],[0,1],[0,1],[1,1],[0,1]],[[4886,9601],[-1,0],[-3,0],[-1,2],[-2,0],[0,1],[-2,0],[-2,1],[-3,0],[-1,0],[-1,-1],[1,-1],[-1,-1],[-2,-4],[-1,0],[0,-2],[-1,0],[0,1],[0,1],[0,2],[0,2],[0,1],[-1,2],[1,1],[1,0],[0,1],[-1,2],[-1,-1],[-1,0],[-3,1],[0,1],[1,2],[1,-1],[1,0],[1,1],[0,1],[-1,3],[0,1],[1,1],[1,2],[2,0],[-1,-2],[0,-1],[-1,-2],[0,0],[0,-1],[1,-1],[1,-1],[1,1],[-1,0],[1,1],[1,2],[1,-1],[-2,-1],[1,-2],[2,0],[2,1],[3,0],[1,-2],[3,0],[1,0],[1,1],[1,0],[1,1],[2,1],[3,0],[0,-1],[-1,0],[0,-2],[0,0],[2,-1],[1,-2],[1,-1],[1,1],[1,0],[0,-2],[1,0],[0,1]],[[4896,9607],[1,0],[3,0],[1,-1],[1,0],[1,1],[1,0],[0,-1],[-1,-1],[0,-3],[1,-1],[1,1],[1,2],[1,0],[0,-1],[0,1],[1,1],[1,0]],[[4909,9605],[1,-1],[-1,-1],[1,0],[0,-2],[0,-2],[-1,-1],[1,-1],[-1,-2]],[[4909,9595],[-1,-2],[0,-1],[-1,-2]],[[4907,9590],[-1,-1],[-1,-2]],[[4905,9587],[-2,0],[-1,-1],[-1,1],[-3,0],[0,0],[0,0],[-2,1],[0,0],[-2,0],[-1,-2]],[[4893,9586],[0,0],[-1,1],[-1,1],[-2,0]],[[4889,9588],[0,1],[0,1],[1,1],[0,2],[0,1],[0,0],[-2,1],[0,1],[0,1],[0,1],[-1,2],[0,0],[-1,1]],[[4964,9561],[-1,0],[1,-2],[0,-2],[0,-2],[0,-1],[0,0],[-1,0],[0,1],[-1,0],[-2,-1],[0,-2],[-1,-2],[-1,0],[-1,-1],[-1,0],[-1,1],[-1,1],[0,1],[-1,0],[-1,-2],[0,-2],[1,-1],[1,0],[0,-1],[0,-1]],[[4954,9545],[-1,-1],[0,-1],[0,-1],[0,-1],[-1,-1],[-1,0],[-1,1],[-1,0],[-2,0],[-1,0]],[[4946,9541],[1,5],[2,2],[-1,1],[0,2],[-1,0],[-1,0],[0,1],[-2,-1],[1,2],[0,1],[1,1]],[[4946,9555],[0,2],[0,1],[0,1],[0,0],[0,3],[0,1],[-2,1],[0,0],[-1,1],[0,2],[1,1],[0,1],[-1,1],[1,1]],[[4944,9571],[1,0],[1,-1],[0,1],[0,0],[2,0],[3,1],[1,-1],[1,0],[1,-1],[1,-1],[1,1],[1,-2],[0,-2],[1,-1],[1,2],[1,0],[2,1],[1,1],[1,-1],[0,-1],[1,0],[0,-1]],[[4965,9566],[-1,-1],[0,-1],[1,-1],[0,-2],[-1,0]],[[4868,9576],[0,0],[-1,-2],[-1,0],[-1,-1],[-2,1],[-1,1],[-2,0],[-1,2],[0,-1],[-1,0],[-1,0],[-3,1],[-1,0],[-2,0],[0,1],[2,1],[0,0],[-1,3],[1,0],[1,-1],[2,0],[1,1],[2,0],[1,0],[2,1],[2,1],[1,0],[1,-1],[1,1],[0,1],[1,0],[2,0],[2,0],[1,1],[1,1],[0,-1],[2,0],[1,1],[1,1],[2,-1],[1,1],[1,0],[1,-1],[1,0],[2,-1],[1,-1],[1,1],[0,0],[1,2]],[[4893,9586],[0,-1],[1,-1],[-1,-1],[-2,0],[1,-1],[0,-1],[1,0],[0,-1],[0,-1],[0,-1]],[[4893,9578],[-2,1],[-1,-1],[-1,1],[-1,-2],[1,-1],[-1,-1],[-1,0],[-1,1],[-1,0],[-1,0],[-2,1],[0,1],[-1,0],[-1,-2],[0,-2],[0,0],[-2,-1],[0,1],[-1,0],[0,-1],[-2,-1],[-1,-1]],[[4874,9571],[-1,0],[-1,1],[-1,1],[-2,1],[0,0],[-1,1],[0,0],[0,1]],[[4839,9578],[0,1],[1,0],[-1,-1],[0,0]],[[4946,9541],[-1,0],[-2,1],[-2,1],[0,-1],[-1,0],[-3,3],[0,1],[1,1],[1,1],[1,0],[1,1],[2,-1],[-2,1],[-1,-1],[-1,0],[-1,-1],[-1,-1],[-1,0],[-1,1],[0,2],[-1,1],[1,2],[-1,-1],[0,-1],[1,-1],[0,-2],[0,-2],[-2,-1],[-2,0],[-1,0],[-1,0],[-1,1],[-1,0],[-1,-1],[0,2],[-2,1],[-2,3],[0,0],[0,2]],[[4922,9552],[1,1],[3,2],[0,1],[2,1],[1,-2],[0,-1],[2,1],[0,3],[1,2],[0,-1],[2,0],[0,1],[-1,2],[0,1],[1,1],[0,2],[-1,1],[0,1],[1,1],[0,2],[0,2],[-2,-1],[-1,1],[-2,-1],[0,3],[1,1],[0,2],[0,2],[1,1]],[[4931,9581],[0,0],[0,2],[2,1],[0,1],[2,0],[1,1]],[[4936,9586],[1,0],[0,1],[2,-1],[0,0],[-1,-1],[1,-2],[0,-1],[2,-1],[0,-2],[1,-1],[0,-3],[1,-1],[1,-2],[0,-1]],[[4907,9555],[-1,-1],[-1,0],[0,1],[-1,0],[-1,1],[1,0],[-1,1],[0,2],[-1,-1],[-1,1],[0,2],[1,1],[0,1],[0,0],[1,0],[1,0],[0,1],[0,1],[2,-1],[1,0]],[[4907,9564],[1,-1],[1,1],[0,1],[1,1],[0,2],[2,2],[0,1],[0,1],[-3,0],[-1,0],[-1,1],[1,0],[0,3],[1,1],[-1,1]],[[4908,9578],[1,-1],[1,1],[1,-1],[2,1],[0,0],[1,0],[1,0]],[[4915,9578],[2,0],[0,-3],[-1,-4],[-1,0],[0,-1],[-1,-1],[1,-2],[0,0],[0,-2],[0,1],[2,-1],[0,-1],[1,1],[1,-2],[-2,-1],[1,-2]],[[4918,9560],[0,-1],[-2,-1],[-1,1],[-1,0],[0,-2],[0,-1],[0,-1],[1,-2],[-4,-1],[-1,-1],[-2,3],[-1,0],[0,1]],[[4950,9599],[-1,-1],[-1,-1],[-3,-1],[0,0],[-2,-2],[-2,0],[-2,0]],[[4939,9594],[-2,0],[0,1],[-2,0],[-1,1],[-1,1],[1,1],[0,1],[-1,0],[1,3],[0,0],[-2,0],[-1,0],[-1,1],[-1,-1],[-2,0],[-2,0],[-1,-1],[-1,0],[0,0],[1,4],[0,1],[1,1],[-1,2],[0,1],[0,2],[0,0],[-1,2],[1,0],[0,1],[-2,1],[-1,-1],[-1,-1],[-1,0],[-3,-1],[0,-2],[-2,0],[-1,1],[-1,-1],[-1,-2],[-1,-1],[-1,0]],[[4909,9608],[-1,1],[0,2],[-1,1],[1,3],[-1,1],[1,0],[1,1],[0,4],[0,1]],[[4909,9622],[2,1],[2,0],[3,-1],[1,2],[1,2],[2,2]],[[4920,9628],[2,1],[2,1],[2,1],[1,1],[1,0]],[[4928,9632],[2,0],[0,1],[1,0],[1,1],[2,1],[2,0],[1,-1],[1,1],[1,0],[1,0],[1,2],[1,0],[1,1],[1,0],[1,0],[0,-1],[1,0],[0,0],[1,1]],[[4903,9641],[-2,-1]],[[4901,9640],[-2,0],[-2,-1],[-1,1],[1,1],[0,1],[-1,0],[-1,-1],[-1,1],[-1,1],[0,1],[-1,2]],[[4892,9646],[1,1],[0,1],[0,2],[-1,0],[0,1]],[[4892,9651],[1,0],[2,-1],[2,-1],[2,2],[0,2],[0,1],[0,1],[1,0],[0,1],[1,3],[0,-1],[1,-1],[1,-1],[0,3],[1,-1],[1,0],[2,0]],[[4907,9658],[1,-1],[0,-1]],[[4908,9656],[2,1],[0,1],[0,0],[1,-2],[0,0],[2,0],[0,-1],[1,0],[1,0],[1,-1],[0,0],[1,-1],[0,0],[2,2]],[[4919,9655],[1,-1],[-1,-1],[0,-3],[-2,-2],[0,-3],[-1,-1],[0,-1],[-1,-1],[0,-2],[1,-1],[0,-1],[-1,-1],[0,-1],[1,-1],[0,-1],[2,0],[1,-2],[1,-1],[0,-3]],[[4909,9622],[-1,-1],[0,1],[-1,1],[-1,2],[-1,1],[0,2],[0,1],[-1,1],[1,0],[-1,1],[0,1],[1,2],[1,1],[-1,0],[0,0],[-1,2],[-1,0],[1,2],[-1,2]],[[4869,9635],[1,-1],[0,-2],[-1,-1],[0,-1],[0,-1],[0,0],[-3,-1],[-1,0],[0,-1]],[[4865,9627],[-1,0],[0,1],[-1,1]],[[4863,9629],[-1,3],[2,1],[2,1],[0,0],[1,-1],[0,0],[2,1],[0,1]],[[4871,9636],[1,1],[1,1],[1,-1],[0,-1],[1,0],[2,0]],[[4877,9636],[0,-2],[-1,1],[-1,-2],[1,0],[-2,-2]],[[4874,9631],[-1,1],[-1,2],[-1,2]],[[4928,9632],[0,1],[-1,2],[1,0],[0,1],[1,1],[-1,1],[0,1],[0,1],[-1,4],[0,1],[0,1],[1,2],[-1,1],[0,2],[1,0],[0,1],[2,-1],[0,0]],[[4930,9651],[-1,1],[0,1],[2,0],[0,1],[1,1],[-1,2],[-2,3],[-3,0]],[[4926,9660],[0,0],[-1,4],[0,0],[0,1],[1,1],[0,-2],[0,0],[0,3],[0,1],[0,1],[1,0],[0,1],[1,1],[1,0],[0,0],[1,0],[1,-1],[1,0],[0,0],[3,1],[1,0],[2,-2],[1,-1],[1,0],[1,0],[1,1],[1,-1],[0,-1],[1,-1],[-1,-1],[-1,-2]],[[4871,9636],[-1,2],[-1,0],[0,1],[-1,0],[-1,0],[-1,1],[0,2],[-1,1],[-1,1],[0,-1],[-1,0],[-1,-1],[-1,0],[-1,0],[0,1],[-1,-1],[-1,0],[-1,1],[-1,1],[-1,1],[-1,1],[0,1],[-2,-2],[0,-1],[-1,0],[-2,0],[-1,1]],[[4848,9645],[0,1],[2,1],[-1,1],[2,1],[1,1],[1,-1],[0,0],[0,1],[1,1],[1,0],[2,1],[1,0],[1,0],[3,0],[1,-2],[0,-1],[1,0],[0,1],[4,-1],[1,0],[0,0],[1,0],[0,0],[0,0],[0,0],[-1,0],[-2,1],[0,0],[-1,0],[-3,0],[0,2],[-2,0],[1,2],[0,1],[0,2],[1,-1],[0,-1],[2,0],[2,0],[1,0],[1,-1]],[[4869,9654],[2,0],[1,-2],[1,0],[2,0]],[[4875,9652],[3,-2],[0,-1],[1,-1]],[[4879,9648],[0,0],[0,-1],[1,-2],[0,0],[1,-1],[1,0],[1,0],[1,-2]],[[4884,9642],[-1,-1],[0,-2],[1,-1],[0,0],[0,-1],[-2,-1]],[[4882,9636],[-1,-1],[0,2],[-1,-1],[-1,1],[0,-1],[-2,0]],[[4863,9629],[-1,0],[-1,1],[-2,0],[-1,-1],[1,0],[1,-3],[-1,0],[1,-2],[1,-2],[-1,-1],[0,-1]],[[4860,9620],[0,0],[-1,1],[-1,-1],[-1,1],[-1,1],[-2,0],[-1,-1],[1,-2],[-1,-1],[-2,0],[0,1],[-1,-1],[-2,0],[0,1],[0,2],[-1,1],[0,1],[1,0],[1,1],[0,1],[-2,2],[0,2],[-1,1],[0,1],[1,2],[0,1],[0,1],[2,1],[0,2],[2,0],[0,0],[1,0],[0,0],[0,0],[0,1],[-2,-1],[-1,0],[0,0],[-1,1],[-1,2],[0,2],[1,2]],[[4871,9636],[-2,-1]],[[4831,9628],[1,0],[0,-1],[-1,0],[0,1]],[[4816,9635],[1,1],[1,1],[1,0],[0,1],[1,0],[1,0],[2,1],[1,-2],[0,-1],[-1,-1],[-1,0],[-1,-1],[0,0],[-2,-1],[0,1],[1,1],[0,1],[-3,-1],[-1,0]],[[4874,9631],[0,-1],[1,0],[0,-1],[1,-2]],[[4876,9627],[0,-1],[0,-1],[-2,1],[-1,-1],[-1,1],[-1,-1],[0,0],[-3,-3],[-2,1]],[[4866,9623],[-1,1],[1,1],[-1,1],[0,1]],[[4939,9594],[0,-1],[-2,0],[1,-2],[-1,0],[0,-1],[0,0],[-1,-2],[0,-1],[0,-1]],[[4931,9581],[0,1],[-2,0],[0,-2],[-3,-2],[-1,0],[-1,1],[-1,0],[-2,0],[-1,1],[-2,0],[-1,-1],[-1,0],[-1,-1]],[[4908,9578],[0,2],[-1,2],[-3,0]],[[4904,9582],[1,2],[0,3],[0,0]],[[4909,9605],[1,0],[1,1],[-1,1],[-1,1]],[[4884,9666],[1,0],[0,-1],[1,0],[1,0],[1,0],[-2,-4],[1,0],[1,-1],[0,1]],[[4888,9661],[1,-1],[1,0],[0,-1],[0,-2],[1,-1],[1,0],[0,-1],[1,-3],[-1,-1]],[[4892,9646],[-1,-1],[0,-1],[-1,1],[-1,-2],[-1,0],[0,-1],[1,-1],[0,-2],[0,-1],[-1,0],[-2,1],[-1,1],[0,2],[-1,0]],[[4869,9654],[0,1],[-3,1],[0,0],[-1,1],[0,1],[0,1],[2,0],[0,1],[1,0],[1,0],[1,-1],[2,0],[1,0],[1,0],[1,2],[1,0],[1,0],[2,0],[-1,0],[-1,2],[3,0],[1,1],[3,2]],[[4919,9655],[-1,1],[0,2],[-1,1],[1,2],[-1,1]],[[4917,9662],[0,1],[1,0],[1,1],[1,1],[1,1],[0,-1],[0,-1],[1,-2],[1,-1],[2,0],[0,-1],[0,-2],[0,-1],[-1,-1],[1,1],[1,-1],[-1,2],[1,2]],[[4899,9668],[2,0],[1,1],[3,0],[0,-2],[0,1],[2,0],[1,-2],[0,-1],[0,1],[0,2],[1,-1],[1,1],[-2,0],[0,2],[2,0],[0,1],[1,0],[1,1]],[[4912,9672],[1,1],[0,-1],[1,0],[0,1],[1,0],[1,0],[0,-1],[0,-1],[-1,-1],[0,-1],[1,-1],[0,0],[0,-2],[1,0],[0,-3],[0,-1]],[[4888,9661],[2,1],[1,1],[1,-1],[1,1],[1,-1],[3,1],[-1,1],[-1,0],[0,1],[1,1],[2,2],[0,-1],[1,1]],[[4910,9676],[1,1],[2,0],[0,-1],[-2,-1],[-1,1]],[[4897,9563],[1,-1],[1,-1],[-1,-1]],[[4898,9560],[0,-1],[1,0],[1,-1],[1,0],[2,-1],[0,-3],[-2,-1],[-1,0],[-1,-1],[0,1],[-1,3],[0,0]],[[4898,9556],[-1,1],[-1,1],[-2,-1],[0,-1],[0,-1],[-3,0],[1,-1],[0,-2],[-1,-2],[1,-1],[-1,-1],[-1,0],[-1,0],[1,-2],[-2,0],[-1,1],[0,1],[-1,1],[-1,0],[-2,0]],[[4883,9549],[1,2],[0,1],[-1,2],[-1,4],[-1,2],[-1,2],[-1,2],[-1,2],[-1,2],[-2,1],[0,1],[-1,1]],[[4893,9578],[0,-1],[-1,-1],[0,-1],[-1,-1],[1,0],[0,-1],[2,0],[-1,-1],[0,-1],[0,-1],[1,-1],[1,0],[0,-2],[0,-1],[0,-1],[2,0],[0,-1],[0,-1]],[[4922,9552],[-1,0],[0,1],[0,1],[-2,1],[0,1],[-1,1],[-1,1],[1,2]],[[4896,9607],[0,1],[-1,1],[-1,0],[-1,-1],[-1,1],[-2,2],[1,0],[2,2],[1,0],[2,0],[1,0],[0,1],[-3,0],[-1,0],[0,1],[1,1],[-1,0],[-1,-1],[-1,1],[-1,-1],[0,2],[1,0],[1,1],[-2,-1],[0,0],[-2,-1],[-1,0],[-2,1],[2,2],[1,1],[2,0],[-1,1],[1,1],[0,0],[-1,0],[-1,0],[-1,-1],[-2,-1],[0,0],[1,3]],[[4886,9623],[-1,1],[1,1],[-2,1],[0,2]],[[4884,9628],[0,1],[2,1],[1,0],[2,3],[1,1]],[[4890,9634],[1,-2],[1,0],[1,0],[1,0],[1,-1]],[[4895,9631],[1,3],[0,0],[0,2],[1,0],[1,1],[1,0],[-1,1],[3,2]],[[4890,9634],[-3,-2],[0,-1],[-2,0]],[[4885,9631],[-1,0],[0,2],[0,1],[0,0],[0,1],[-2,1]],[[4904,9582],[0,-2],[0,0],[0,-1],[-2,-1],[-1,-1],[0,-1],[-1,-1],[-1,0],[0,1],[-1,0],[0,-1],[2,-1],[0,-1],[0,-2],[2,-1],[0,-2],[1,0]],[[4903,9568],[1,-1],[0,-2],[0,-1],[-1,-1],[-1,1],[0,-1],[0,0],[-1,0],[0,-2],[0,-2],[-1,-1],[-1,0],[0,1],[-1,1]],[[4898,9556],[-1,0],[0,-2],[-1,0],[1,-1],[0,-1],[1,-1],[0,-1],[1,0],[1,0],[-1,-2],[0,-1],[-1,0],[0,-1],[-1,-1],[-1,0],[-1,-1],[-1,0],[-4,0],[0,1],[0,0],[-2,-1],[0,1],[-2,0],[-2,0],[-2,0],[-1,0],[1,2],[-1,1],[1,1],[1,0],[0,0]],[[4885,9631],[-1,-1],[0,-1],[-1,0],[-1,0],[-1,-1],[-1,0],[-1,-1],[-2,1],[-1,-1]],[[4886,9623],[-2,-3],[-2,0],[0,-1],[-1,-1],[-1,0],[-1,0],[-1,0],[1,2],[-1,0],[-1,-1],[-2,-1],[0,1],[1,1],[-1,1],[1,1],[0,1],[2,1],[1,1],[1,1],[2,1],[1,1],[1,0]],[[4866,9623],[-1,-2],[-1,0],[-3,-1],[-1,0]],[[4907,9564],[-2,1],[-1,0],[0,1],[1,0],[0,3],[-1,-1],[-1,0]],[[6000,8739],[0,1],[0,1],[0,0],[-1,2],[0,1],[-2,0],[-1,0],[-2,0],[0,0],[-2,-1],[0,0],[-2,1]],[[5990,8744],[-1,0],[0,2]],[[5989,8746],[1,0],[1,0],[2,2],[1,0],[1,0],[2,0],[0,0],[3,0],[1,0],[1,1],[1,2],[1,-1],[1,1],[0,1],[2,0],[1,1],[1,1],[0,1],[2,0],[2,2],[1,0],[0,1],[0,1],[1,0],[1,1],[1,1],[0,0],[1,0],[1,0],[2,1],[0,1],[2,-1],[1,1],[0,0]],[[6024,8763],[1,-1],[1,-1],[2,0],[1,-1],[0,-1],[1,-1]],[[6030,8758],[0,-2],[-1,-2],[1,-1],[-1,0],[1,-1],[0,-1],[2,-2]],[[6032,8749],[-1,-1],[0,-1],[-1,-1],[-1,-1],[-1,-1],[-1,0],[-1,-2],[-1,0],[0,-1],[-1,-1],[0,0],[-1,0],[-1,-2],[-1,-1],[0,-1],[-1,-1],[-1,-1],[0,-1],[-2,0],[-1,-1],[-1,-1],[-1,1],[0,2],[0,2],[-1,0],[-1,0],[-1,0],[-1,0],[-1,-1],[-2,1],[0,-1]],[[6007,8735],[-1,1],[0,1],[1,1],[0,1],[-1,0],[-2,0],[-1,1],[0,-2]],[[6003,8738],[-1,0],[-2,1]],[[6003,8738],[0,0],[-1,-2],[0,-1],[1,-1],[-2,-1],[0,-1]],[[6001,8732],[-1,2],[0,1],[-1,0],[-1,0],[-1,1],[-1,0],[0,-3],[-1,0],[-1,-1],[-2,1],[-2,-1],[0,0],[-2,1],[-2,-2],[-1,2],[1,3],[0,1],[-1,0],[0,1],[-1,1],[0,1],[0,0],[2,1]],[[5986,8741],[1,-1],[1,0],[0,-1],[2,0],[0,-1],[2,0],[1,1],[0,-1],[1,1],[2,1],[2,-1],[1,1],[0,0],[1,-1]],[[5986,8741],[1,0],[1,0],[2,1],[0,1],[0,1]],[[6007,8735],[-3,-2],[0,0],[-1,-1],[-2,0]],[[6032,8749],[0,0],[2,0],[1,0],[2,0],[0,-3],[-1,-2],[1,0],[0,-2],[0,-1],[0,-3],[-1,-1],[1,-1],[1,0],[-2,-2],[1,-1],[1,1],[1,-1],[1,-2],[-2,-3],[0,0],[-1,-3]],[[6037,8725],[-1,0],[-1,-2],[-2,0],[-1,0],[-1,1],[-1,2],[-1,-1],[-1,0],[-1,-2],[0,0],[-1,-2],[-1,-1],[-1,0],[-1,-2],[-1,-2],[-1,-1],[0,-2],[-1,-1],[0,-1],[0,0],[-1,-2],[-2,-1],[-1,0],[-1,-1],[0,1],[-1,2],[0,-1],[-3,0],[-1,-1],[-1,-1],[0,1],[-2,-1],[-2,0],[-1,-1],[-1,-1]],[[6003,8705],[-1,1],[0,-1],[-2,0],[-1,1],[0,0],[1,1],[0,2],[-1,0],[-2,0],[-2,-2],[-2,0],[0,0],[0,2],[0,0],[-2,0],[-1,1],[-1,-1],[0,2],[1,0],[1,-1],[2,2],[2,2],[0,2],[-1,1],[-1,0],[1,1],[0,-1],[2,1],[1,1],[1,0],[1,0],[0,2],[1,1],[-2,1],[0,1],[2,0],[0,1],[0,2],[0,0],[0,1],[-1,1],[1,0],[1,1],[0,2]],[[6026,8707],[0,-1],[0,-1],[1,-2],[-1,-1],[1,-1],[-1,-1],[1,-2],[-2,-1],[0,-2],[0,-1],[-1,-1],[-2,-2],[1,-1],[0,-1],[1,-1],[1,0],[0,-1],[0,-1],[-1,0],[-2,0],[-1,-1],[-1,0],[-1,-2],[0,-1],[-1,-1],[-2,-2],[0,-1],[-1,-1],[-2,-2],[0,0]],[[6013,8675],[-1,1],[-1,0],[0,1],[-1,0],[-1,0],[-1,0],[0,2],[0,0],[-1,0],[-2,0],[0,1],[1,1],[-1,1],[0,1],[-2,-1],[-1,1],[0,1],[-1,0],[-1,1],[1,1],[-1,1],[0,1],[0,0],[-1,1],[1,1],[0,1],[0,1],[1,2],[0,1],[2,-1],[1,1],[1,0],[2,2],[0,-1],[1,1],[0,3],[1,0],[1,1],[1,0],[0,1],[-3,0],[0,1],[-3,0],[-1,1],[-1,1]],[[6037,8725],[1,-1],[2,0],[1,-1],[2,1],[1,0],[0,-1],[0,-1]],[[6044,8722],[-1,-2],[-1,-1],[-1,0],[-2,-3],[-1,-2],[0,1],[-1,2],[-1,-1],[0,0],[-1,-1],[-1,-1],[-2,-1],[-2,-4]],[[6030,8709],[-1,0],[-1,-1],[-1,0],[-1,-1]],[[5989,8746],[0,1],[1,1],[1,0],[1,1],[1,0],[2,1],[0,1],[1,0],[1,1],[-1,1]],[[5996,8753],[0,1],[-2,0],[0,2],[0,1],[0,1],[-1,2],[-1,1],[-1,-1],[-1,0],[-2,1],[0,1],[-1,0],[-1,0],[-1,2],[-1,-1],[-1,0],[0,1],[1,1],[-1,1],[-2,0],[2,1],[1,1],[-1,1],[-1,-1],[-1,1],[0,1],[2,0],[0,0],[-1,1],[1,2],[-1,0],[-1,2],[1,1],[0,1],[-2,0],[0,1],[0,0],[2,0],[0,1],[2,0],[0,0],[2,1],[1,0],[1,1],[2,0],[0,0],[2,0],[0,2],[0,1],[-1,0],[0,2],[-2,1],[-1,-1],[-2,2],[-1,0],[-1,1],[1,1],[1,1],[1,1],[-1,1],[-2,1],[-1,0],[-1,-2],[-1,-1],[-1,0],[1,2],[0,2],[-1,1],[-1,1],[2,-1],[1,1],[0,1]],[[5982,8798],[1,-1],[1,-1],[0,0],[1,1],[1,-1],[2,1],[0,-2],[2,0],[1,0],[0,-2],[3,0],[1,-1],[1,0],[1,0],[2,-2],[1,0],[0,0],[2,-1],[2,0],[2,2]],[[6006,8791],[0,-2],[0,-2],[2,-1],[0,-2],[0,-1],[2,-3],[2,1],[0,-1]],[[6012,8780],[0,0],[1,-2],[1,-1],[2,0],[0,-1],[1,0],[1,-1],[1,-1],[1,-1],[2,1],[0,-2],[0,-1],[0,-2],[0,0],[2,-1],[0,-1],[1,-3],[-1,-1]],[[6030,8709],[0,-3],[2,-2],[0,0],[2,-3]],[[6034,8701],[0,-1],[-1,-1],[-1,-1],[1,-2],[0,-4],[0,-1],[1,-1],[0,-1],[0,-2],[1,-1],[1,-1],[1,0],[1,-3],[1,0],[-1,-4],[0,-1],[1,-3],[1,1],[1,0],[0,-1],[2,0]],[[6043,8674],[-1,-2],[-2,-1],[-1,-2],[-2,-1],[0,-3],[0,-1],[0,-1],[2,2],[2,1],[-1,-2],[-1,0],[0,-2],[-1,-2],[-1,-1],[0,-1],[-2,0],[-2,0],[0,1],[-1,1],[-2,1],[-1,1],[-1,0],[-1,0],[0,-1],[-1,2],[1,1],[0,1],[0,1],[1,2],[0,0],[-1,0],[-1,1],[-1,-1],[-1,1],[0,0],[0,2],[1,2],[-1,-1],[-1,-1],[-1,0],[-1,1],[-1,-1],[-1,1],[-1,1],[0,1],[-1,-1],[-2,2],[-1,0],[-1,0]],[[6039,8658],[2,1],[0,-2],[-2,1]],[[6044,8722],[1,0],[1,1],[1,1],[1,0],[2,2],[1,1],[1,-1]],[[6052,8726],[0,-2],[0,-1],[1,-2],[-1,-4],[0,-1],[0,-2],[1,0],[0,-4],[-1,-1],[1,-2],[-1,-1],[0,-1],[0,-2],[-1,-1],[-1,0],[0,-1],[0,-1],[1,-1],[0,-1],[-1,-3],[-1,1],[-1,-1],[0,-3],[-1,0],[0,1],[-1,-1],[-1,0],[0,2]],[[6045,8694],[1,0],[0,2],[0,1],[-3,-1],[-1,-2],[-2,2],[0,0],[-1,2],[-1,1],[-1,-1],[-1,1],[0,2],[0,0],[-1,1],[-1,-1]],[[6045,8694],[-1,-1],[0,-1],[-1,-1],[0,-1],[-1,0],[0,-2],[1,0],[1,1],[1,1],[0,1],[2,-1],[0,-1],[2,0],[0,0],[-1,-2],[0,0],[0,-2],[-1,-1],[0,0],[-3,-2],[-1,-1],[-1,-1],[-1,0],[1,-1],[-1,-3],[1,0],[0,-1],[1,-1]],[[6051,8757],[0,3],[-2,-1],[0,1],[-1,1],[0,1],[-1,2],[0,1],[-2,1],[0,1],[0,1],[0,2],[0,1],[-2,1],[0,1],[-1,-1],[-2,0],[-1,3],[0,2]],[[6039,8777],[1,-1],[1,1],[1,1],[1,1],[2,0],[0,2],[1,-1],[0,2],[1,2]],[[6047,8784],[0,2],[0,2],[0,2],[1,1]],[[6048,8791],[0,-1],[1,-1],[2,-2],[-1,-1],[2,0],[1,0],[1,-1],[1,-1],[1,-2],[2,1],[1,-1],[1,-1],[3,-2],[1,-1],[1,0]],[[6065,8778],[0,-2],[0,-1],[0,-2],[1,-1],[-1,-2],[0,-3],[0,-2],[0,-3],[0,-3],[-2,-2],[-3,-5],[-2,-5],[-1,-2],[-1,-1]],[[6056,8744],[-2,1],[0,1],[-2,0],[-1,1],[-1,0],[-1,2],[0,1],[0,2],[0,2],[0,2],[0,1],[-1,1],[-1,0],[0,1],[2,-1],[2,-1]],[[6006,8791],[1,1],[1,0],[0,1],[1,2],[1,1],[1,1],[-1,1],[0,2],[1,2],[0,0],[0,2],[0,3],[0,2]],[[6011,8809],[2,-1],[2,0],[1,1],[0,0],[2,2],[2,2],[1,1],[0,-1],[2,1],[0,1],[2,0],[0,2],[0,2],[0,1],[0,2],[1,0],[0,1],[0,0],[2,0],[1,0],[1,1],[1,-1],[2,0],[2,1],[0,0],[1,1]],[[6036,8825],[0,-1],[0,-1],[1,-1],[0,-1],[1,0],[0,1],[2,0],[1,-1],[2,0]],[[6043,8821],[2,-1],[2,1],[0,0],[2,1],[1,0]],[[6050,8822],[0,-2],[0,-1],[1,-1],[0,-1],[1,0],[1,1],[1,-1],[0,0],[1,-1]],[[6055,8816],[1,2],[1,0]],[[6057,8818],[-1,-1],[0,-2],[-1,-1],[-1,-1],[-1,-1],[0,-2],[0,-1],[-1,-1],[-1,-1]],[[6051,8807],[-2,1],[0,-1],[-3,-1],[0,-1],[0,-2]],[[6046,8803],[0,-1],[0,-1]],[[6046,8801],[0,-1]],[[6046,8800],[0,-1],[-1,-1],[1,-1],[0,-2]],[[6046,8795],[1,-2],[0,-1]],[[6047,8792],[1,-1]],[[6039,8777],[-1,1],[0,2]],[[6038,8780],[-1,1],[1,2],[0,0],[0,0],[-1,2],[-1,0],[0,-1],[-1,1],[-1,1],[1,4],[-2,-1],[0,0],[0,1],[-1,1],[-1,1],[-1,1],[-2,-1],[0,-1],[-2,-1],[-1,-2],[0,0],[-4,-2],[0,0],[0,-2],[-1,-1],[0,0],[-3,-4],[-1,-1],[-1,1],[0,1],[-1,0],[-1,1],[-1,-1]],[[5982,8798],[2,0],[1,0],[0,1],[-1,1],[1,1],[0,2],[2,0],[2,-1],[0,2],[1,1],[-1,1],[-1,0],[2,1],[0,1],[1,2],[0,1],[-2,0],[0,1],[1,2],[0,2],[0,1],[1,-1],[2,2],[1,0],[0,1],[1,1],[-1,1],[1,1],[-1,1],[0,1],[0,1],[1,0],[0,-2],[2,1],[0,-1],[1,-1],[2,0],[1,1],[0,1],[1,1],[-1,1],[1,0],[0,2],[0,1],[2,-1],[1,1],[2,0],[1,1]],[[6008,8830],[0,-1],[1,-2],[1,0],[1,1],[0,-2],[1,-1],[-1,-1]],[[6011,8824],[-2,-3],[1,-1],[0,-1],[1,0],[0,-1],[1,-1],[1,-1],[-2,-2],[0,-1],[1,-1],[-1,-2],[0,0],[0,-1]],[[6052,8841],[-1,-2],[1,-1]],[[6052,8838],[-1,-1],[-1,-1],[1,-3],[1,0],[0,0],[2,0],[1,0],[3,0]],[[6058,8833],[1,-3]],[[6059,8830],[-1,-2],[-3,-1],[-2,-1],[-2,-2],[0,-2],[-1,0]],[[6036,8825],[0,1],[0,1],[-1,2],[-1,0],[0,1],[-1,0],[0,2],[-3,2],[0,0],[-2,2],[-1,0],[-1,0],[-1,3],[-1,1],[-1,1]],[[6023,8841],[1,0],[1,0],[0,1],[0,2],[2,0],[0,1],[2,1],[1,0],[0,0],[1,0],[1,1],[3,-2],[2,2],[1,-3],[1,0],[1,0],[0,-2],[1,0],[0,-1],[1,-1],[0,-1],[1,-1],[0,0],[1,1],[1,1],[0,1]],[[6045,8841],[1,0],[2,0],[0,0],[1,-1],[1,1],[2,0]],[[6045,8841],[1,3],[0,0],[1,1],[0,2],[0,0],[1,1],[-1,2],[0,5],[0,1],[-1,1],[-1,2],[-1,1],[3,5],[-1,0],[0,1],[0,2],[-1,0],[1,1],[2,3],[1,0],[-1,2],[1,1],[-1,2],[0,1],[0,1],[-1,1],[0,3],[2,1],[1,0],[1,0],[0,0],[2,0],[1,1],[1,-1],[0,0],[1,-1],[0,-1],[2,-1],[-1,-2],[0,-1],[0,-1],[0,-1],[1,-2],[0,0],[0,-1],[0,-2],[0,-2],[0,-2],[1,0],[-1,-1],[1,-1],[0,-1],[0,-1],[0,-2],[1,-2],[0,-1],[0,-2],[0,-1],[-1,-2],[-1,-2],[0,-1],[0,-1],[-1,-2],[0,0],[0,-3]],[[6057,8844],[-1,1],[-2,0],[0,0],[-2,1],[0,0],[0,-1],[1,-1],[0,-2]],[[6053,8842],[-1,-1]],[[6053,8842],[0,0],[1,1],[2,0],[1,0]],[[6057,8843],[0,-2],[-1,-1],[0,-2],[0,-2]],[[6056,8836],[0,0],[-3,1],[-1,1]],[[6008,8830],[0,2],[2,0],[1,0],[0,1],[1,0],[0,0],[2,0],[1,0],[1,0],[0,0],[2,1],[1,-1],[1,1],[1,1],[1,0],[1,1],[0,3],[0,0],[0,2]],[[6059,8830],[3,-4],[1,-2],[0,-1],[0,-3],[1,-3]],[[6064,8817],[-1,0],[-1,0],[0,2],[-1,0],[-1,0],[-1,0],[-1,-1],[-1,0]],[[6046,8800],[1,1],[1,0],[1,-1],[2,0]],[[6051,8800],[0,1],[2,-1],[1,-1],[1,1],[1,1],[1,0],[1,1],[1,-1],[0,0],[2,1],[2,0],[1,0]],[[6064,8802],[0,-3],[-1,-2],[1,-2],[0,-2],[0,-1],[0,-2],[1,-2],[0,-2],[1,-2],[0,-1],[-1,-3],[0,-2]],[[6064,8817],[-1,-4],[0,-1],[1,-2],[0,-2],[0,-2],[0,-2],[0,-2]],[[6039,8777],[-1,-1],[-1,0],[-1,0],[-1,0],[-1,0],[0,-2],[-1,-1],[1,-1],[1,-2],[2,-2]],[[6037,8768],[-2,-2],[-2,-1],[0,-1],[0,-1],[-2,-2],[0,-2],[-1,-1]],[[6056,8836],[2,-3]],[[6056,8744],[0,-1],[-1,-1],[-1,-2],[-1,-2],[0,-1],[1,-2],[-1,-3],[-1,-1],[0,-3],[0,-2]],[[6057,8844],[0,-1]],[[5616,9031],[0,1],[1,3],[3,-1],[2,-2],[1,-2],[1,0],[2,1],[1,1],[0,1],[-1,1],[-1,2],[0,2],[0,0],[2,0],[1,0],[1,1],[-1,1],[1,1]],[[5629,9041],[1,0],[0,-1],[1,0],[1,-1],[2,0],[1,-1]],[[5635,9038],[-1,0],[1,-1],[0,-1],[1,0],[2,-1],[0,-3],[-1,0],[2,-1],[1,0],[0,-1],[1,-1]],[[5641,9029],[0,-1],[-1,-3],[1,0],[0,-1],[-2,-1],[0,-1]],[[5639,9022],[-1,-1],[-3,0]],[[5635,9021],[-1,-1],[-1,-2],[-1,0],[0,-2],[-1,-1],[0,-1],[0,-3]],[[5631,9011],[-3,1],[-1,-2]],[[5627,9010],[-1,0],[1,-2],[-1,0],[-2,0],[-2,0],[0,-1],[-1,0],[-1,0],[-2,1],[-1,0],[-1,0],[0,-1],[-1,0]],[[5615,9007],[0,2],[-1,3],[1,1],[-1,1],[0,1],[1,0],[0,1],[0,1]],[[5615,9017],[0,2],[-1,0]],[[5614,9019],[1,2],[1,2],[0,1],[0,2],[-1,2],[0,1],[0,1],[-1,0],[1,2]],[[5615,9032],[1,-1]],[[5588,9027],[1,-1],[1,0],[1,0],[1,0],[2,0],[1,0],[1,-1],[2,-1],[0,1],[1,0],[1,0],[2,0],[0,0],[1,0],[1,0]],[[5604,9025],[1,0],[1,0],[0,1],[1,0],[1,0],[1,-2],[1,0]],[[5610,9024],[1,0],[1,-1],[1,-2],[-1,0],[1,-1],[1,-1]],[[5615,9017],[-2,-1],[-2,1]],[[5611,9017],[-1,0],[-1,-1],[0,-1]],[[5609,9015],[-1,-2],[0,-1]],[[5608,9012],[-1,-1],[0,-1]],[[5607,9010],[-1,-2],[-1,0],[-2,2],[-1,2],[0,-1],[-2,0],[-1,0]],[[5599,9011],[0,-2],[0,-3],[0,0],[1,-1],[2,-2],[0,0],[0,0],[0,-2],[-1,0],[-2,0],[-1,1],[-1,-1],[0,-1],[0,-2],[0,-1]],[[5597,8997],[-1,2],[-1,0],[-1,-1],[1,0],[-1,-2],[-1,-1]],[[5593,8995],[-2,-1]],[[5591,8994],[-1,0]],[[5590,8994],[0,2],[1,2],[0,1],[1,0],[-2,0],[0,2],[-2,0],[-1,0],[-1,2],[0,2]],[[5586,9005],[1,1],[0,1],[0,2],[0,0],[1,3],[-1,0],[1,4],[-1,0],[0,1],[-2,0],[-1,0],[-1,1],[-1,0],[-1,1],[0,0],[-1,-1],[-1,0],[-1,1],[-1,-1],[0,1],[-1,1],[1,1],[-1,2],[-1,1],[0,1],[0,1],[0,1]],[[5575,9027],[0,1],[2,0],[1,0],[0,-2],[0,0],[1,1],[1,-1],[0,-1],[0,-1],[2,-1]],[[5582,9023],[0,0],[1,1],[2,0],[0,3],[1,1],[2,-1],[0,0]],[[5613,8947],[-3,0],[-2,1],[-2,1],[-1,1],[-1,1],[-1,2],[1,1],[1,2],[-1,2],[-1,1],[-1,1]],[[5602,8960],[0,2],[-1,1],[-1,1],[0,0]],[[5600,8964],[0,1],[2,-1],[2,0],[2,0],[0,1],[1,2],[3,5],[0,1],[-1,2],[-2,3],[0,1],[0,1],[-1,2],[0,2],[-1,1],[-1,0],[0,0],[-1,0]],[[5603,8985],[0,1],[1,2],[1,1],[2,-1],[1,0]],[[5608,8988],[-1,-2],[0,-2],[2,-1],[1,0],[0,-2],[-1,-1],[2,1],[1,0],[1,0],[2,1]],[[5615,8982],[0,-2],[-1,-1],[0,-1],[1,0],[1,-4],[0,0],[-1,-3],[-1,-1],[0,-2],[1,1],[0,-1],[0,-1],[1,-3],[2,1],[0,-2],[0,-2],[1,1],[1,-1],[0,-1]],[[5608,8988],[1,0],[1,-1]],[[5610,8987],[2,0],[1,1],[1,0],[0,1],[0,1],[1,1]],[[5615,8991],[1,1],[1,1],[1,-2],[1,-1],[1,-1],[0,0],[1,-1],[1,-2],[0,0],[-1,-1],[1,-3],[0,-5],[1,-3],[1,-1],[-1,0],[0,-1],[0,-5],[1,-4],[0,-1],[1,-1],[-2,-2]],[[5648,9058],[1,-1],[0,-2],[2,-1],[0,-1],[-1,-2]],[[5650,9051],[1,-1],[1,1],[1,-1],[0,-1],[0,-1]],[[5653,9048],[-1,0],[0,-1],[-1,-1],[0,0],[0,-1],[-1,0],[-1,1],[-1,0],[-1,1],[-1,0],[-2,1],[0,-1],[0,-1],[-1,-1],[-1,0],[-1,1],[-1,0],[-1,1],[0,-2],[-1,0],[0,-1],[-1,-1],[-2,-2],[1,-2],[0,-1],[-1,0]],[[5629,9041],[-1,5],[0,0],[1,1],[1,0],[-1,1],[-3,1]],[[5626,9049],[1,2],[0,1],[1,1],[-1,1],[0,1],[0,2],[-1,1],[0,1],[0,2],[1,1]],[[5598,9040],[2,1],[0,1],[1,-1],[1,2],[0,-2],[1,0],[0,-1],[1,-2]],[[5604,9038],[0,-2],[-1,1],[-2,-1],[0,-1]],[[5601,9035],[-1,0],[0,-1],[-1,0],[0,2],[0,0],[-1,2],[0,2]],[[5626,9049],[-1,0],[-1,1],[-1,-1],[-1,0],[-1,0],[-1,-1],[-1,0],[0,-2],[0,-1],[-1,2],[-1,0],[0,-1],[-1,1],[-1,-1],[-1,-2],[1,-1],[0,-2],[-3,1],[0,1],[-1,2],[-1,1],[0,-1],[-1,1],[-1,0],[-2,0],[-2,-2],[-1,0]],[[5603,9044],[-3,1],[0,2]],[[5600,9047],[0,2],[0,1],[0,1],[0,0],[0,1],[1,1],[-1,0],[0,1],[-1,1],[-1,0],[1,1],[0,2],[-1,1]],[[5598,9059],[-2,1],[1,3],[1,2]],[[5540,9045],[2,-1],[0,-1],[1,0],[0,-1],[1,0],[1,-1],[0,-1],[0,-1],[1,0],[2,0],[1,-1],[2,0],[2,0],[0,0],[2,-1],[1,1],[1,0]],[[5557,9038],[1,0],[2,-1],[2,1],[0,2],[0,1],[1,0],[-1,1],[0,3],[0,0],[1,1],[1,-1],[2,1],[0,0],[1,-1],[1,-1],[2,0],[1,-1],[1,-1],[0,0],[1,-1],[1,0],[1,-1],[1,-1],[1,0],[1,0]],[[5578,9039],[1,-1],[0,-1],[1,0],[0,-1],[0,-1],[0,-2],[0,-1],[0,0],[1,-2],[2,-1],[0,-1],[0,-1],[-1,0],[-1,-2],[1,-1],[0,-1]],[[5586,9005],[0,0],[-2,-1],[-1,0],[-2,0],[-1,-1],[-1,0],[0,0],[-1,1],[-1,0],[-1,2],[2,3],[0,1],[1,1],[-1,0],[0,1],[0,1],[-2,0],[-1,1],[0,2],[-1,0],[0,1],[-3,-1],[-1,1],[-1,-1],[-1,0],[0,-1],[-2,-1],[1,-1],[-1,0],[0,-2],[0,0],[-1,-2],[0,0],[-2,0],[0,-1],[-1,-1],[0,0],[1,2],[-2,1],[-2,-3],[0,-2],[-1,0],[-1,-3],[1,0],[1,-1],[-2,-2],[-1,2],[0,0],[-1,0],[-1,0],[-1,0],[0,1],[0,3],[-1,1],[-1,1],[-1,-1],[-1,-1],[-2,-2],[-1,0],[-1,-1],[-1,1],[1,0],[0,2],[0,1],[0,1],[-1,2],[0,0],[-2,0],[0,0],[-1,0],[-1,1],[-1,-1]],[[5601,9035],[1,-2],[1,-2],[-1,-2],[1,-3],[1,-1]],[[5588,9027],[1,3],[2,1],[-1,1],[1,2],[2,-1],[1,1],[1,3],[-1,1],[0,0],[0,2],[4,0]],[[5656,9010],[-1,1],[0,0],[-3,1],[-1,-1]],[[5651,9011],[-1,1],[0,2],[0,2],[-1,0],[-2,4],[0,0],[-1,1],[0,1],[0,1],[1,0]],[[5647,9023],[0,-1],[1,0],[2,-1],[2,0],[2,-1],[1,0],[1,1],[0,1],[0,1],[2,1],[1,0],[1,-1],[1,1],[1,-1],[-1,-1],[0,-2],[2,0],[2,1]],[[5665,9021],[0,-2],[-1,0],[-1,0],[-1,0],[0,-1],[0,-2],[0,0],[-1,-1],[-1,-1],[-1,-2],[0,0],[-1,0],[-1,-1],[-1,0]],[[5634,8979],[-1,2],[-1,0],[-1,2],[0,1],[0,2]],[[5631,8986],[1,1],[0,1],[1,2]],[[5633,8990],[1,1],[2,0],[2,1],[1,1]],[[5639,8993],[0,2],[-1,2],[0,1],[0,1],[1,0],[0,2],[1,0]],[[5640,9001],[2,-1],[1,1],[2,1],[0,0],[1,3],[0,0],[2,1],[1,1],[-1,2],[2,1],[1,1]],[[5639,8993],[-1,1],[-2,2],[-2,1],[0,2],[1,1],[1,0],[0,1],[-2,0],[-1,0],[-1,2],[0,0],[-1,3],[0,1],[0,2],[0,2]],[[5641,9029],[1,0],[0,1],[1,-1],[0,-1],[2,0]],[[5645,9028],[0,-1],[0,-1],[1,-1],[1,-2]],[[5603,8985],[-1,1],[0,0]],[[5602,8986],[-1,1],[0,1],[-1,1],[-1,0],[0,1],[-1,0]],[[5598,8990],[0,1],[-2,2],[-1,1],[-2,1]],[[5615,9007],[-1,-1],[0,0],[-1,-2],[0,-2],[1,-1]],[[5614,9001],[-3,1],[0,-1],[-1,-1],[0,1],[-1,0],[0,-1],[-2,-2],[0,-2],[1,0],[2,-1],[1,-1],[0,-1],[0,0],[2,0],[2,-2]],[[5600,9047],[-1,0],[-1,-1],[-1,-1],[1,-1],[0,-1],[0,-1],[1,-1],[-1,-1]],[[5578,9039],[1,1],[1,0],[2,-1],[2,2],[0,0],[1,0],[1,2],[1,0],[0,1],[0,2],[0,0],[2,-1],[2,-1],[0,1],[-1,0],[0,1],[0,0],[0,1],[-2,1],[0,1],[1,2]],[[5589,9051],[0,1],[0,2],[0,1],[1,0],[1,1],[0,1],[0,1],[-1,0],[-1,0],[-1,1],[0,1],[0,2],[-1,1]],[[5587,9063],[1,2],[1,1],[0,1],[-1,0],[-1,2],[0,1],[-1,1],[0,1],[-1,1],[-1,0],[-1,2],[1,0],[1,0],[0,2],[1,0],[1,0],[1,-1],[1,2],[1,0],[1,2]],[[5591,9080],[0,1],[0,1],[1,0],[1,2]],[[5647,9039],[0,-1],[-2,-1],[-1,-2],[1,0],[1,0],[0,-1],[-1,0],[0,-1],[0,-3],[0,-2]],[[5653,9048],[0,0],[2,-1],[-1,-3]],[[5654,9044],[0,-1],[0,-1],[0,-1]],[[5654,9041],[-1,0],[-1,-1],[-1,-1],[0,-1],[-2,0],[-2,1]],[[5615,9032],[-2,1],[-2,-1],[0,0],[-1,2],[0,1],[-2,0],[-1,1],[0,0],[-1,1],[0,0],[-1,0],[-1,1]],[[5631,8986],[-2,4],[-1,-1]],[[5628,8989],[-2,2],[0,0],[-1,1],[-1,1],[2,1],[1,1],[1,2],[0,1],[3,0],[-1,1],[0,2],[-1,0],[0,1],[0,1],[0,1],[0,3],[-1,0],[0,1],[0,1],[-1,1]],[[5614,9001],[3,-1],[0,-1],[1,-1],[0,-1],[1,-2],[1,-2],[1,1],[0,-1],[0,-2],[1,-2],[0,-1],[1,0],[2,-1],[0,-1],[1,-1],[1,1],[1,2],[0,1]],[[5654,9041],[0,-2],[0,-2],[-1,-1],[1,-2],[0,-1],[1,-1],[2,1],[1,0],[0,-1],[0,-1],[2,-1],[0,0]],[[5660,9030],[0,-1],[1,-1],[1,-1],[1,-2],[0,-1],[2,-1],[0,-2]],[[5343,8903],[0,2],[-1,0],[-1,0],[-1,1],[0,-1],[-1,0],[0,2],[-1,1],[-2,0],[0,-2],[-1,-1],[0,1],[0,1],[-1,0],[-1,2],[1,0],[-1,2]],[[5333,8911],[-2,-1],[0,-1],[-1,0],[0,0],[-1,-1],[-1,0],[0,-1],[-1,-1],[-1,1],[-1,0],[0,-1],[-1,1],[-1,0],[0,-1],[-1,-1],[0,-1],[-2,0]],[[5320,8904],[0,1],[-3,0],[0,2]],[[5317,8907],[0,2],[1,0],[0,1],[1,0],[0,1],[0,1],[0,1],[-1,0],[1,0],[-1,2],[1,1],[-1,1],[0,1],[2,-1],[1,1],[-1,1],[1,1],[0,1],[0,1],[-1,0],[-2,1],[-3,1],[0,1],[0,0],[1,2],[0,0],[1,1],[1,1],[-1,0],[0,1],[-1,1],[-1,0],[0,1],[-2,1]],[[5313,8933],[1,2],[2,-1],[0,2]],[[5316,8936],[1,1],[0,1],[0,1],[0,1],[2,1],[3,-3]],[[5322,8938],[0,2],[1,1],[2,-1],[1,0],[1,0],[0,0],[1,0]],[[5328,8940],[2,-1],[1,0],[1,-1],[0,0],[1,-1],[0,-1],[1,0],[1,1],[1,-2],[-1,-1],[2,-1],[1,1],[0,1],[0,0],[1,0],[-1,1],[0,1],[0,2],[0,1],[2,0],[0,1],[0,1]],[[5340,8942],[0,1],[1,1],[0,1],[1,1],[0,1]],[[5342,8947],[0,0],[1,-1],[1,0],[1,-1],[0,1],[0,1],[1,0],[-1,2],[0,0],[2,1],[-1,0],[0,1],[1,1],[1,0],[0,1],[0,1],[3,-1],[2,0],[0,-1],[2,-2]],[[5355,8950],[-1,0],[0,-1],[1,-1],[-1,-2],[1,-1],[1,1],[1,1],[0,-2],[0,-1],[2,0],[0,1],[1,1],[1,-1],[-1,-3],[-1,0],[0,-1],[0,-2],[-1,0],[-1,-2],[-1,0],[0,-2]],[[5356,8935],[-3,-2],[0,0],[-1,-2],[-1,0],[0,1],[-1,-1],[-1,-1],[1,0],[1,-1],[1,0],[1,-1],[-1,0],[-1,-1],[-1,-1],[0,-1],[-1,-1],[2,-1],[1,-1],[-1,-3],[-1,2],[-1,-1],[-1,1],[-3,-3],[2,-2],[0,0],[2,-1],[1,-1],[-1,-1],[-1,0],[0,-1],[-1,0],[0,-1],[0,-1],[0,-1],[0,-2],[2,1],[1,0],[0,2],[2,-1],[0,-1],[0,-1],[1,-1],[0,0],[1,-1],[-1,-1],[0,-1],[0,0]],[[5387,8921],[0,2],[1,1],[1,1],[-2,2],[-1,1],[0,1],[-1,1],[0,0],[-1,1],[-2,0],[0,1],[1,1],[0,0],[-1,1],[-2,2],[-1,1],[0,1],[0,2]],[[5379,8940],[0,1]],[[5379,8941],[0,0],[1,-1],[0,3],[0,1],[-1,0],[0,2],[0,0]],[[5379,8946],[0,1],[-1,0],[1,2],[-1,0],[1,1],[1,0],[1,1]],[[5381,8951],[0,0],[1,1],[1,1],[1,1],[-1,1],[1,1],[1,1],[1,-1],[1,0],[1,0],[0,1],[-1,1],[0,1],[0,0],[-1,0],[-1,1],[1,1]],[[5386,8961],[1,1],[0,0],[1,1],[0,0],[1,-1],[0,0],[1,-1]],[[5390,8961],[1,0],[0,-1],[0,-2],[1,0],[-1,0],[1,-1],[1,-1],[1,-1]],[[5394,8955],[0,-1],[0,-2],[2,0],[0,-1],[1,0],[1,-2],[1,0],[0,-1],[-1,0],[-1,-1],[-1,0],[0,1],[-1,-1],[0,1],[-1,0],[1,-1],[-1,-2],[-1,-1],[-1,0],[0,0],[-1,0],[0,-1],[-2,-1],[0,-3],[0,-2],[1,0],[2,-2],[0,-1],[1,1]],[[5393,8935],[3,-1],[0,-1],[-1,-1],[1,-1],[-1,-1],[1,-1],[1,0],[1,0],[1,0],[1,0]],[[5390,8961],[0,1],[1,2],[0,1],[1,1]],[[5392,8966],[1,1],[1,-1],[1,1],[1,-1],[0,1],[-1,1],[0,1],[1,0],[1,1]],[[5397,8970],[0,-1],[1,-1],[1,1],[1,-1],[0,-1],[1,0],[0,-1],[1,0],[1,0]],[[5403,8966],[1,0],[0,-1],[0,-1],[2,0],[0,-1],[1,0],[1,0],[1,0],[1,-2],[1,-1],[-1,-1],[2,-1],[1,0],[-1,-1],[1,-1],[0,-1],[1,-1]],[[5414,8954],[0,0],[2,-2],[0,1],[1,-1],[2,-1]],[[5419,8951],[2,-1],[1,-1],[1,1],[1,-1],[0,1],[0,3],[2,0],[0,-1],[1,0],[-1,1],[1,1],[0,-2]],[[5427,8952],[0,-1],[0,-1],[-1,-1],[-1,0],[0,-1],[0,-2],[-1,-1],[1,-1],[1,-1]],[[5326,8859],[-1,1],[-1,-1],[-1,2],[-2,0],[-1,-1],[-1,0],[-1,1],[-2,1],[0,1],[-3,1],[-1,-1],[-1,0],[0,-1],[-1,-1],[-1,-1],[1,-2],[0,0],[0,-2],[-1,-1],[0,-1],[-1,-1],[2,-1],[-2,-1],[0,-1],[0,-1],[0,0],[1,0],[1,-2],[0,-1],[1,-1],[-1,-1],[1,-1],[-1,-1],[1,-2],[-1,0],[-2,1],[0,0],[-3,1],[-1,0]],[[5304,8842],[-1,-1],[-3,1],[-2,0]],[[5298,8842],[-1,-2],[-2,1],[-1,1]],[[5294,8842],[0,1],[-2,3],[1,1],[-1,1],[1,2],[-1,2],[0,1],[0,1],[1,0],[0,2],[-1,0],[0,2],[0,1],[1,2],[0,1],[-1,1],[1,1],[0,1],[1,1]],[[5294,8866],[1,0],[1,-1],[2,0],[1,-1],[1,0],[0,0],[1,0],[1,1],[0,1],[0,1],[1,1],[0,1],[1,1],[0,1],[0,1],[0,1],[1,1],[1,0],[0,1],[1,1],[1,1],[0,1],[0,0],[-1,1]],[[5307,8879],[-1,0],[-1,2]],[[5305,8881],[1,1],[0,1],[-1,2],[1,1]],[[5306,8886],[-1,2],[-1,0],[0,-1],[-1,-1]],[[5303,8886],[-2,0],[0,-1],[-1,0],[0,-1],[-1,-1],[-1,1],[0,0],[1,2],[0,2],[1,1],[1,-1],[0,0],[0,1],[0,1],[0,0],[0,2],[0,1]],[[5301,8893],[1,1],[1,0]],[[5303,8894],[1,0],[0,2],[0,0],[2,0],[1,1],[2,1],[0,-2],[0,-2],[0,-1],[0,-2],[1,0],[1,1],[2,0],[0,0]],[[5313,8892],[0,-2],[1,-1],[1,0]],[[5315,8889],[0,1],[1,1],[-1,0],[1,2]],[[5316,8893],[1,0],[1,-1],[0,-1],[1,0],[0,2],[1,0],[1,-1],[1,1],[1,1],[1,0],[0,2],[1,0],[0,1],[1,0],[0,1],[-1,1],[-1,1],[-1,0],[-1,1],[-1,1],[1,0],[-1,1],[-1,1]],[[5301,8893],[-1,1],[-2,1],[0,1],[0,0]],[[5298,8896],[-2,0],[0,2],[-1,0],[0,1],[-2,-1],[-1,1],[1,0],[-1,1],[-1,1]],[[5291,8901],[1,2],[0,1],[2,1],[1,1],[3,4],[-2,1]],[[5296,8911],[1,1],[2,0],[0,1],[1,-1],[2,1],[0,1],[0,1],[-2,1],[1,1],[0,1],[1,0],[0,1],[2,2],[1,0],[0,1],[1,1],[1,0],[0,2],[-2,1]],[[5305,8926],[0,1],[1,0],[2,-1],[1,1],[1,1],[1,1],[0,0],[1,2],[0,1],[1,1]],[[5376,8977],[0,-2]],[[5376,8975],[-1,0],[0,-1],[-2,1],[-1,0]],[[5372,8975],[-1,0],[0,2],[-1,-1],[-1,2],[1,1],[-1,1],[-1,1]],[[5368,8981],[-1,2],[-1,1],[0,1],[-1,1],[0,0],[2,0],[1,2],[0,1]],[[5368,8989],[1,0],[1,-2],[1,-2],[0,-1],[2,1],[1,2],[0,0],[0,-2],[1,-1],[1,0]],[[5376,8984],[1,-1],[-1,-1],[0,-1],[0,-1],[1,-1],[0,-1],[0,-1]],[[5377,8977],[0,1],[-1,-1]],[[5379,8946],[-1,-1],[-1,0],[-1,-1],[-1,1],[-1,0]],[[5374,8945],[-1,2],[1,1],[-1,2],[0,1]],[[5373,8951],[-1,2],[1,1],[1,-1],[1,0],[0,1],[-1,1],[1,1],[0,2]],[[5375,8958],[1,0],[1,-1]],[[5377,8957],[1,-1],[1,1],[2,1],[-1,1]],[[5380,8959],[1,1],[1,1],[0,2]],[[5382,8963],[2,0],[2,-2]],[[5356,8935],[0,1],[2,-1],[0,0],[1,-1],[1,-1],[1,2],[-1,0],[1,2],[1,-1],[0,1],[1,0],[0,-1],[2,0],[1,-1],[-1,2],[2,1],[0,1]],[[5367,8939],[2,1],[1,-1],[0,0],[1,-2],[1,0],[1,1],[0,1],[2,0],[1,0],[-1,1],[1,1],[0,1],[2,-1],[1,0]],[[5364,8979],[-1,0],[2,1],[2,1],[1,0]],[[5372,8975],[1,-1],[-1,-1],[1,-2],[-1,-2],[-1,0],[0,-1],[-1,1],[-1,0]],[[5369,8969],[-1,1],[-2,0],[-1,0],[-1,0],[-1,1],[-1,1],[-1,1],[-1,-1],[-2,1]],[[5358,8973],[3,2],[0,1],[3,1],[0,2]],[[5398,8982],[0,-1],[-2,0],[0,-1],[-2,0],[1,0],[0,-1],[2,0],[0,0],[2,-1]],[[5399,8978],[0,-2],[1,-1],[0,-1],[-2,-1],[-1,-1],[0,-2]],[[5392,8966],[-2,1],[1,0],[-2,1]],[[5389,8968],[-1,1],[-1,0],[0,0],[0,2],[0,3],[-1,1],[-1,-1],[0,0],[-1,-1],[-1,0]],[[5383,8973],[-2,2],[-1,2],[-1,-2],[-1,0]],[[5378,8975],[1,1],[-2,1]],[[5376,8984],[1,2],[1,0],[0,1],[1,1],[1,1],[1,0],[-1,1],[0,1],[2,2],[0,0],[1,1],[1,0],[1,0],[0,-1],[1,-1],[0,0],[1,0],[-1,-1],[0,-2],[1,-2],[1,-1],[1,0],[1,0],[2,0],[1,0],[0,1]],[[5393,8987],[1,-1],[1,-1],[2,-1],[1,-2]],[[5382,8963],[-1,0],[-1,0],[0,3],[0,0],[-1,4],[1,0]],[[5380,8970],[1,2]],[[5381,8972],[2,0],[0,1]],[[5358,8973],[-1,-1],[-1,-3]],[[5356,8969],[0,-1],[1,0],[1,-1],[1,0],[1,0],[1,-1],[0,0],[1,0]],[[5362,8966],[-1,-2],[2,-1],[-1,-1],[-1,-1],[-1,1],[-2,0],[-1,-1],[-2,1]],[[5355,8962],[0,3],[-1,2],[0,1],[-1,-1],[-1,0],[-1,1],[-1,1],[1,2],[-1,1],[-1,0],[-1,-1],[-2,1],[1,2],[-1,1],[-1,-1]],[[5345,8974],[-1,2],[-1,0],[0,1],[0,0],[1,3],[-1,0],[-2,1],[-1,0],[0,2],[-1,1],[-1,1],[-1,1],[1,0],[-2,2],[-1,0],[1,0],[-1,1],[-1,3]],[[5334,8992],[1,0],[1,-1],[1,1],[1,1],[0,0],[1,1],[2,0],[0,0],[1,-1],[1,0],[1,1],[1,2]],[[5345,8996],[1,-1],[1,-1],[1,-1],[1,2],[1,1],[0,1],[2,-1],[0,-1],[1,-1],[1,-1],[2,-1],[0,0],[1,0],[-1,-1],[0,-2],[1,1],[4,1],[1,1],[-1,0],[0,1],[1,0],[2,0]],[[5364,8993],[1,-1],[1,-2],[2,-1]],[[5388,8996],[0,-1],[2,0],[1,-1],[2,-1],[0,0],[0,-1],[0,-1],[1,-1]],[[5394,8990],[0,-1],[-1,-2]],[[5364,8993],[1,1],[1,1],[1,-1],[0,1],[1,1],[1,0],[0,2],[-1,1],[-2,0],[-1,-1],[-1,1],[-1,1],[1,1],[1,0],[1,-1],[1,1],[2,0],[0,0],[-1,2],[0,2],[1,1]],[[5369,9006],[1,-1],[2,0],[0,0],[1,0],[0,-1],[2,-1],[0,0],[1,0],[1,3],[1,1],[1,1],[1,0],[0,-3],[1,1],[0,1],[1,0],[0,1],[1,0],[0,1],[0,1],[2,0]],[[5385,9010],[0,-2],[0,-2],[1,-1],[-1,-1],[1,-1],[-1,0]],[[5385,9003],[2,-3],[1,-1],[1,0],[-1,-1],[1,-1],[-1,-1]],[[5342,8947],[-2,1],[0,1],[1,1]],[[5341,8950],[2,0],[0,2],[0,1],[1,0],[-1,1],[0,1],[0,1],[2,0],[-1,1],[-2,1]],[[5342,8958],[2,0],[0,0],[2,1],[0,-2],[0,0],[1,0],[1,1],[0,2],[1,0],[2,0],[1,1],[0,1],[1,0],[1,0],[1,0]],[[5362,8966],[2,-1]],[[5364,8965],[-1,-2],[1,-1],[1,0],[1,-1],[0,-1],[-1,0],[0,-3]],[[5365,8957],[-1,0],[-1,-1],[-1,-1],[-1,-1],[-1,0],[-1,1],[0,-2],[0,-1],[-1,-1],[0,1],[-2,-1],[-1,0],[0,-1]],[[5369,8969],[-1,0],[0,-3],[1,-1],[0,0]],[[5369,8965],[-2,0],[-3,0]],[[5369,8965],[1,-1],[0,-1],[-1,0],[1,-1],[-1,-2],[1,-1],[-1,0]],[[5369,8959],[0,-1],[1,-1],[0,-2],[-3,-1]],[[5367,8954],[0,1],[-2,2]],[[5367,8939],[0,1],[-1,0],[0,1],[2,2],[1,1],[0,1],[1,1],[0,0],[0,1],[-1,0],[-1,2],[-1,1],[1,1],[-1,0],[-1,0],[0,2],[1,1]],[[5369,8959],[2,-2],[2,2],[1,-1],[1,0]],[[5378,8975],[-1,-1]],[[5377,8974],[0,-1],[-1,0],[0,2]],[[5377,8957],[0,1],[1,1],[1,1],[0,-1],[1,0]],[[5380,8970],[1,2],[-2,0],[0,0],[-1,0],[0,1],[-1,1]],[[5263,8974],[-1,0],[-3,-2],[-1,1],[-1,-1],[-1,0],[-1,0],[0,0],[-1,1],[-1,0],[-1,2],[-2,0]],[[5250,8975],[1,-1],[0,-1],[1,-1],[0,-1],[1,-1],[0,-1],[0,-1],[-1,-1]],[[5252,8967],[-2,0]],[[5250,8967],[-1,1],[0,-1],[-2,0],[0,-2],[0,-1],[-2,0],[0,-1]],[[5245,8963],[-1,0],[-1,1],[-1,-1],[-2,1],[0,-1],[-1,0],[-1,2],[-1,-1],[-1,0],[-1,1],[-1,-1],[-1,-1],[0,1]],[[5233,8964],[-1,1],[0,2],[0,1],[-2,0],[-1,1],[0,3],[2,-1],[0,1],[0,1],[1,0],[1,2],[0,1],[-2,0],[0,1],[1,1],[1,1],[0,1],[-1,1],[1,0],[1,1],[0,0],[1,1],[2,2]],[[5237,8985],[1,-1],[0,1],[1,0],[1,-1],[-1,-1],[1,-1],[2,2],[0,-1],[2,1],[-1,-2],[1,-1],[1,0],[0,-1],[0,0],[1,-1],[2,0],[1,1],[1,0],[1,1],[-1,-1],[1,-1],[1,0],[1,1],[1,2],[1,-1],[1,0],[1,1],[0,1],[1,1],[0,1],[-1,2],[-1,1],[2,0],[-1,1],[0,2]],[[5257,8991],[2,0],[0,-1],[1,-1],[1,-1]],[[5261,8988],[0,0],[0,-1],[2,-2],[1,0],[1,0],[0,0],[1,-1],[1,0],[0,-1],[0,-1],[-1,0],[-1,-1],[0,-1],[1,-2],[1,-1],[1,-2],[-1,0],[-1,-1],[-1,0],[0,-2],[0,0]],[[5265,8972],[-2,2]],[[5317,8979],[1,0],[1,1]],[[5319,8980],[1,-1],[1,-1],[2,-1]],[[5323,8977],[1,-2],[1,-1],[-1,-2],[1,0],[-2,-1],[0,0],[0,-1],[2,-2],[1,0],[0,-1],[1,-1],[1,-1],[0,-1]],[[5328,8964],[-1,-1],[0,-1],[-1,0]],[[5326,8962],[-2,0],[0,2],[-1,-1],[-1,0],[-1,1],[-1,0],[-1,1],[-2,1],[0,0],[-3,2],[0,0]],[[5314,8968],[-1,2],[-1,0],[-1,1],[-2,-1],[-1,1]],[[5308,8971],[0,3],[0,0],[-1,1],[0,1],[-1,1],[0,1]],[[5306,8978],[2,-1],[1,0],[1,-1],[2,0],[1,2],[0,0],[-2,0],[0,2],[2,2],[0,-2],[1,1],[1,-1],[1,-1],[1,0]],[[5306,8978],[0,2],[-1,1],[0,-1],[0,-1],[-2,1],[-1,0],[-1,0],[0,-1],[0,-1],[0,-1],[2,-1],[0,-1],[-1,0],[-1,-1],[-1,1],[-1,1],[-1,0],[-1,0],[1,-2],[-1,0],[-1,-1],[0,1],[-1,-1],[0,-2]],[[5295,8971],[-1,1],[-1,1],[0,1],[-1,0],[0,0],[-2,-1],[0,0],[0,1],[0,1],[-1,1],[-1,-1],[-1,2],[-2,-1],[-1,0]],[[5284,8976],[-1,1],[0,2],[0,1],[3,1],[0,0],[-1,3],[2,-2],[1,0],[-1,2],[0,1],[-1,1],[-1,1],[1,1],[0,1],[0,2],[1,1],[-1,1],[1,0]],[[5287,8993],[1,0],[1,-2],[1,0],[0,0],[1,-1],[0,2],[1,-1],[1,1],[0,1]],[[5293,8993],[1,-1],[1,0],[1,0],[1,0],[1,1],[0,0],[0,-1],[1,0],[1,-1],[1,1],[0,-2],[0,-1],[1,0],[2,0],[1,-1],[1,2],[2,0],[0,0],[0,-2],[1,-1],[1,1],[1,-1],[1,1],[1,0],[1,0],[0,1],[1,2],[1,-1]],[[5316,8990],[1,-1],[-1,-1],[1,-1],[3,0],[0,-1],[1,-1]],[[5321,8985],[0,-1],[-1,-1],[0,-1],[-2,0],[1,-1],[0,-1]],[[5237,8985],[-1,1],[-1,0],[0,1],[1,0],[-1,4],[-1,1],[1,1],[-1,1],[0,1],[1,0]],[[5235,8995],[2,0],[0,0],[-1,2],[1,1],[0,1],[-1,1],[-1,1],[1,1],[1,0],[0,1],[0,2],[-1,0],[-1,1],[-2,0],[0,1],[0,0],[1,1],[0,1],[1,-1],[0,1]],[[5235,9009],[1,0],[1,2],[1,0],[0,1],[1,-1],[1,1],[0,1],[2,-1],[1,1],[1,-2],[1,0],[0,2],[1,1],[0,-1],[1,1],[0,0],[1,2],[1,0],[1,1],[0,2],[2,-2],[1,-1],[1,-1],[0,-2],[-1,0],[-2,-2],[1,0],[1,-1],[1,0],[1,-1],[1,-2]],[[5256,9007],[1,-1],[1,0],[0,-1],[-1,0],[0,-1],[1,0],[1,-2],[-1,-1],[-1,0],[2,-2],[1,-2],[1,-1],[2,1],[0,-1]],[[5263,8996],[1,-1],[-1,-2],[0,0],[0,-1],[1,-1],[0,-1],[0,-1],[-2,-1],[-1,0]],[[5345,8974],[-3,0],[-1,-1],[0,0],[1,-2],[-1,0],[-2,0],[-1,-1],[-1,1],[-2,1],[0,-1],[-1,-1],[0,-1],[-1,-1],[1,-1],[0,-1],[-1,-1],[-1,0],[1,0],[1,-2],[0,0],[-1,-1],[0,-1],[0,0]],[[5333,8961],[-3,1],[-1,1],[-1,1]],[[5316,8990],[1,0],[1,2],[-1,1],[0,1],[-1,2],[0,1]],[[5316,8997],[1,-1],[3,0],[2,-1],[1,1],[1,1],[1,0],[1,-1],[0,1],[2,-1],[0,2]],[[5328,8998],[1,1],[0,0]],[[5329,8999],[1,-1],[2,0],[-1,-2],[-1,-1],[0,-2],[-1,-1],[1,-1],[1,0],[1,1],[0,0],[2,0],[0,0]],[[5265,8972],[2,-2],[-1,-1],[-1,-1],[1,0],[0,-1],[1,0],[1,-1],[1,-1],[0,-1],[2,0],[2,0],[0,2],[0,1],[1,0],[1,0],[1,1]],[[5276,8968],[1,2],[0,1],[1,0],[1,0],[0,-2],[1,1],[1,-1],[-1,-2],[2,0],[1,1],[0,-1],[1,0],[0,-1],[1,1],[1,0],[1,1]],[[5287,8968],[0,-1],[1,-1],[0,-1],[2,1],[1,-1],[1,-1],[1,0],[1,0],[1,0],[-1,-1],[-1,0]],[[5293,8963],[-2,-1],[-1,0],[0,-1],[0,-1],[0,-1],[-1,0],[-1,0],[0,-1],[0,-1],[-2,0],[-1,0],[-1,0]],[[5284,8957],[0,-2],[-1,-2],[0,0],[-1,0],[-1,0],[0,-1],[-1,-1],[-2,1],[0,-1]],[[5278,8951],[-1,-1],[-1,0],[1,-1],[0,-2],[0,-1]],[[5277,8946],[-1,0],[-1,0],[0,0],[-2,0],[1,-2],[-1,-2],[-1,0],[-1,1],[0,1],[-1,0]],[[5270,8944],[-2,-1],[-1,1]],[[5267,8944],[-1,2]],[[5266,8946],[-1,1],[0,0],[-1,1],[0,3],[0,1],[-1,2],[-2,0],[-1,0],[0,1],[-1,0],[-1,0],[-1,2],[-1,1],[-1,0],[-1,2],[-1,1],[0,1],[0,1],[0,2],[-1,1],[0,1]],[[5305,8926],[-1,0],[-1,0],[0,1],[-1,0],[-1,0],[-1,2],[0,0],[-1,-1]],[[5299,8928],[-2,1],[-1,0],[-1,-1],[0,0],[-1,1],[-1,0],[-1,1],[-1,0]],[[5291,8930],[-2,1],[1,1],[1,0],[0,1],[2,0],[1,1],[1,2],[-1,0],[1,1],[0,0],[2,0],[0,3],[0,1],[-1,1],[0,1],[-1,1],[1,1],[0,1],[1,0],[1,0],[0,1],[1,0],[1,1],[0,1],[1,1],[0,0],[-2,1],[-1,0],[0,1],[0,1],[1,1],[0,1]],[[5299,8955],[1,0],[1,0],[0,-3],[1,1],[2,0],[2,-1],[1,1],[0,1],[-1,1],[0,2],[0,0],[1,0],[0,1],[0,1],[1,0],[0,-1],[2,0],[2,-1],[0,1],[-1,2],[0,0],[0,2],[0,2],[1,-1],[0,2],[0,2],[0,0],[-1,1],[0,1],[3,-1]],[[5326,8962],[-1,-2],[-1,-1],[-2,0],[0,0],[0,-2],[-1,0],[1,-1],[1,-1],[1,0],[0,0],[-1,-2],[-1,0],[-1,1],[-1,-1],[-1,0],[-2,0],[-1,-1],[1,-1],[0,-1],[-2,1],[0,0],[-2,-1],[1,0],[0,-1],[-1,-1],[-1,0],[0,-1],[-1,0],[-1,1],[0,-1],[1,-1],[-1,-2],[-1,0],[0,-1],[2,0],[2,-1],[-1,-1],[0,-2],[0,0]],[[5312,8939],[3,-2],[1,-1]],[[5308,8971],[0,-1],[-2,-1]],[[5306,8969],[0,1],[-1,-1],[-2,-1],[-2,1],[-1,-1],[-1,1],[-1,0],[-2,0],[-1,1],[0,0],[0,1]],[[5342,8958],[-1,-3],[-3,1],[-1,1],[1,1],[0,1],[2,2],[0,1],[-2,0],[-1,1],[-1,-1],[-1,-2],[-1,0],[0,-1],[-1,0],[-1,1],[1,1]],[[5299,8955],[0,3],[0,1]],[[5299,8959],[1,1],[-1,2],[0,1],[2,2],[0,-1],[1,0],[1,0],[1,0],[0,1],[2,0],[1,0],[0,1],[0,1],[-1,2]],[[5291,8930],[0,-2],[-2,0],[-2,1],[0,1],[0,1],[0,1],[-1,0],[-1,0],[-1,-1],[-1,0],[-1,0],[-1,-1],[0,1],[0,2],[0,2],[-1,-1],[-1,0],[0,3],[-2,-1],[-1,0]],[[5276,8936],[-2,-1],[0,-1]],[[5274,8934],[-1,0],[-1,0],[-1,0],[-1,1],[-1,-1],[-1,2],[0,-1],[0,4],[-2,-1],[0,1],[0,1],[-1,1],[0,2]],[[5265,8943],[2,1]],[[5293,8963],[0,-1],[1,0],[1,-1],[1,0],[1,-1],[1,0],[0,-1],[1,0]],[[5293,8993],[0,1],[-1,1],[2,1],[2,0],[1,1],[-1,1],[0,1],[0,2],[0,3]],[[5296,9004],[3,1],[1,-1],[0,1],[1,-1],[3,2],[0,1],[0,2],[1,0],[2,-1],[1,-1],[3,1],[1,-1],[1,-1],[1,1],[1,1]],[[5315,9008],[2,0],[0,1],[2,1]],[[5319,9010],[0,1],[1,0],[1,1],[1,0],[1,-1],[0,0],[2,-2],[0,1],[1,0],[1,0],[1,-1],[1,0],[0,-1],[1,-1]],[[5330,9007],[-2,-1],[0,-1],[0,-1],[1,-1],[1,-1],[1,-2],[-2,0],[0,-1]],[[5287,8995],[-1,1],[0,1],[-1,0],[0,0],[-3,1],[0,1],[-1,-2],[-1,1],[0,3]],[[5280,9001],[-1,2],[2,0],[2,-1],[-1,3],[-1,0],[0,2],[2,-1],[1,0],[1,1],[0,2],[-2,0],[-1,0],[0,1],[-1,1],[0,3],[-1,1],[-1,1],[0,2],[1,0],[-1,1],[0,1]],[[5279,9020],[1,0],[0,2],[1,0],[2,1],[1,0],[1,-1],[1,0],[1,2],[1,0],[1,1],[0,0],[2,0]],[[5291,9025],[-1,-3],[0,-2],[1,-2],[1,1],[1,-1],[2,-2],[0,-1],[0,-1],[1,0],[-1,-1],[1,-2],[0,0],[0,-1],[0,-1],[-2,-1],[0,-1],[-2,1],[-1,-1],[2,-1],[1,0],[1,-1],[1,0],[0,-1]],[[5287,8993],[0,2]],[[5287,8968],[0,0],[0,4],[-2,-1],[0,1],[-1,4],[0,0]],[[5263,8996],[1,-1],[1,0],[1,0],[0,1],[1,1],[0,1],[0,0],[0,1],[1,0],[0,1],[2,0],[0,1],[2,1],[0,1],[2,0],[1,-1],[0,-1],[1,-2],[0,1],[1,1],[1,1],[2,-1]],[[5256,9007],[1,1],[1,-1],[1,1],[1,1],[-1,4],[-1,1],[0,2],[1,0],[0,2],[1,1]],[[5260,9019],[1,0],[1,0],[1,1],[1,1],[0,0],[1,-1],[0,-2],[2,-1],[0,0],[0,1],[0,3],[2,0],[0,2],[1,0],[0,0],[1,1],[1,0],[1,0],[0,-1],[0,0],[2,-2],[0,1],[1,0],[0,-1],[1,0],[2,-1],[0,0]],[[5291,9025],[0,1],[0,1],[1,0],[0,2],[2,0],[0,0],[1,0],[1,0],[0,-1],[1,2],[0,-1],[1,0],[1,-1],[0,1],[2,0],[0,0],[1,2],[1,1]],[[5303,9032],[1,0],[0,0]],[[5304,9032],[0,-1],[2,-1],[1,-1],[0,-1],[1,-1],[1,0],[0,-2],[0,-1],[2,1],[0,1],[0,1],[2,1],[0,1],[1,0],[2,1]],[[5316,9030],[1,0],[0,-1],[1,-1],[-1,-1],[1,-2],[1,1],[2,1],[1,1],[1,1],[1,0],[0,-1],[1,-1],[0,1],[1,-1],[1,-1],[-1,0],[0,0],[-1,-1],[0,-1],[-2,1],[0,0],[-1,-1],[1,-1],[0,-1]],[[5323,9022],[1,-1],[-2,-2],[0,-1],[-1,0],[0,0],[0,-2],[-1,-1],[-2,-1],[0,-1],[0,-2],[1,-1]],[[5255,9149],[-3,0],[-1,0]],[[5251,9149],[-2,0],[0,-1],[-1,-1],[-1,-1],[-2,-1]],[[5245,9145],[0,-1],[-1,-1],[-1,0],[-1,0],[0,1],[-1,0],[0,1],[1,1],[0,1],[-3,2],[-1,1]],[[5238,9150],[-1,0],[-1,1],[1,2],[1,1],[-1,1],[-3,-1],[0,1],[-2,1],[0,0],[0,1],[0,0],[0,2],[-1,0],[-1,1],[-1,1]],[[5229,9161],[-1,1],[-1,2],[-1,2]],[[5226,9166],[0,0],[-1,2],[0,1],[0,1],[1,2],[2,3],[0,1],[0,0],[-1,2]],[[5278,9126],[0,0],[-2,-1],[-1,0],[-1,0],[0,1],[-1,1],[-1,-1],[0,-1],[0,-1],[-1,-1],[1,-2],[0,0],[-2,0],[0,2],[-1,1]],[[5269,9124],[-1,-1],[-1,-1],[-1,0],[-1,1],[0,-2],[-1,-3],[-1,1],[-1,0],[0,-1],[0,0],[0,-1],[0,-1],[1,-1],[2,0],[-1,-1],[1,-1],[0,0],[2,1],[0,-1],[1,0],[1,-1],[-1,-1],[-1,-1],[0,-2],[-1,0],[-1,1],[0,1],[0,-1],[0,-1],[0,-1],[1,-1],[0,-1],[-1,0],[-2,-2]],[[5263,9103],[0,-1],[-3,0],[1,-1],[-1,-2],[-1,-2],[-1,0],[-1,0],[-1,0]],[[5256,9097],[-1,0],[0,-1]],[[5255,9096],[-2,1],[1,-2],[1,-1],[-1,-1],[-1,0],[-1,-2],[0,-2],[0,-3],[0,0],[0,-2],[1,1],[1,-1],[0,-2]],[[5254,9082],[-2,1],[-1,0],[-1,-2],[-1,-1],[-1,0],[0,0],[-1,1]],[[5247,9081],[1,0],[0,2],[0,0],[-2,0],[0,1],[0,1],[-2,-1]],[[5244,9084],[-1,0],[0,1],[-2,0],[-1,0],[0,2],[-2,0],[0,0],[-1,0],[0,1],[-3,-1],[0,0],[-1,3],[0,1],[1,1],[1,-1],[0,2],[1,0],[0,2],[1,-1],[1,0],[1,0],[1,1],[2,-1],[1,1],[1,0],[1,1],[0,1],[0,1],[-1,0],[0,1],[-1,0],[-2,0],[0,1]],[[5241,9100],[0,1],[1,0],[0,3],[1,0],[0,2],[1,1],[0,1],[-1,0],[0,2],[0,1],[-1,0],[-1,0],[-2,0],[0,2],[0,0],[0,1],[0,2],[1,-1],[0,3]],[[5240,9118],[0,1],[1,1],[1,1],[1,0],[0,-1],[1,1],[0,1],[-1,0],[-1,2],[0,0],[-1,3]],[[5241,9127],[1,0],[0,0],[1,-1],[1,1],[0,2]],[[5244,9129],[0,1],[1,2],[1,0],[1,0],[0,-1],[1,-2],[0,1],[1,-1],[1,0],[0,1],[1,0],[2,-1],[0,0],[2,-1],[0,0],[1,1],[1,-1],[2,-1],[0,2],[1,0],[1,0],[0,1],[1,-1],[1,1],[-1,0],[0,2]],[[5262,9132],[1,2]],[[5211,9148],[-3,1],[-2,-1]],[[5206,9148],[1,3],[0,2],[0,2],[0,2],[-1,1]],[[5206,9158],[0,1],[-2,2],[-1,1]],[[5203,9162],[-1,2],[0,1],[1,-1],[3,0],[2,-2],[1,-1],[1,-1],[1,-1],[0,1]],[[5211,9160],[1,-1],[1,-1],[0,-2],[0,-1],[2,-2]],[[5215,9153],[0,-2],[0,-1],[1,0],[2,2],[1,0],[1,-1],[1,0],[-1,-2],[1,-2],[1,-1],[0,-1],[1,0],[0,-1],[1,-1],[1,-2]],[[5225,9141],[-2,-2]],[[5223,9139],[-1,0],[-3,1],[-1,0],[0,1]],[[5218,9141],[0,2],[0,2],[1,1],[-2,-1],[0,0],[-2,-1],[-1,1],[-1,-1],[-1,-1],[-1,0],[-1,1],[-1,0],[1,2],[1,2]],[[5162,9121],[-1,0],[-1,2],[-1,1],[-1,0],[0,1],[-1,0],[-2,3],[-1,-1],[-1,-1],[0,-1],[0,-1],[0,0],[-1,-1],[0,-1],[-1,-2],[-2,-1],[-1,-4],[0,-2],[0,-1],[-1,-2],[0,-3],[-1,0],[0,3],[0,5],[1,4],[1,7],[0,7]],[[5148,9133],[3,0],[3,0],[2,2],[5,0],[3,0],[1,3],[3,-2],[4,0],[1,0],[1,1],[4,1]],[[5178,9138],[-2,-5],[2,-7],[4,-3]],[[5182,9123],[0,-1],[-6,-4],[1,-2],[1,0],[0,-3],[0,-1],[-1,-1],[-2,0],[-1,-2],[-2,0],[-2,-2],[-1,0],[-1,1],[0,1],[0,1]],[[5168,9110],[0,1],[-1,1],[0,1],[-1,2],[-1,0],[-1,0],[-2,2],[2,0],[1,0],[-1,2],[-2,1],[0,1]],[[5216,9198],[-1,-2],[0,-1],[-3,-1],[0,0],[0,-1],[1,-2],[-1,-1],[1,-2],[-1,0],[1,-1],[-2,-1],[0,0],[-2,1],[-2,0],[1,0],[-1,-1],[-1,-2],[0,-1],[-2,-2],[1,-1],[1,0],[-1,-2],[1,0],[1,-1],[0,-1],[0,-1],[1,-1],[0,-2],[1,0],[1,1],[1,-1],[1,1],[1,-2],[0,-2],[0,-1],[0,-1],[-1,-1],[1,-1],[-1,0],[0,-1],[1,-1],[0,-2],[-1,0],[-1,-1]],[[5203,9162],[-2,0],[-2,3]],[[5199,9165],[-1,2],[-1,1],[0,1],[-1,1],[-1,1],[0,2],[0,1],[-1,5]],[[5194,9179],[0,3],[-1,2],[-1,2],[-1,5],[0,7],[0,1],[-1,3],[-1,1]],[[5221,9116],[0,-1],[1,0],[0,-2],[1,-1],[1,-1],[1,-1],[0,-1],[1,-1],[1,0],[0,-2],[0,-1],[1,-1]],[[5228,9104],[0,-2],[1,0]],[[5229,9102],[0,-2],[-1,-1],[-1,-1],[1,-1],[-2,-1],[-1,2],[0,0],[0,1],[-1,1],[-1,-1],[0,-2],[-1,-1],[-1,-3],[0,0],[-1,-1],[-2,0],[-1,-1],[0,-1],[2,-1],[0,-3],[0,-2],[-1,0],[1,-1],[-1,-2],[1,0],[0,-3],[-1,0],[0,-2],[-2,0],[-2,-1],[0,0],[-1,0],[-2,-1],[-2,-1],[-1,0],[0,-2]],[[5208,9071],[-2,2],[-1,1],[-3,1],[-3,1],[0,0]],[[5199,9076],[1,1],[0,1],[0,2],[0,2],[-1,1],[-3,1],[-1,-1],[0,-1],[-1,0],[0,0],[-3,1],[0,0],[-4,-2],[0,-1],[-2,0],[-1,-1],[-2,0],[-6,2],[-1,1],[-2,-1],[-2,-1],[-5,-1],[2,2],[1,4],[1,3],[-1,3],[0,1],[-2,-1]],[[5167,9091],[3,3],[2,2],[1,1],[3,2],[2,3],[1,1],[1,0],[2,2],[2,0],[0,1],[1,1],[-1,1],[-1,1],[1,1],[-1,1],[1,2],[4,4]],[[5188,9117],[3,-3]],[[5191,9114],[3,-5],[3,-4],[4,0],[0,-1],[0,-3],[0,-2],[1,-2],[1,0],[2,-1],[1,2],[1,2],[1,0],[2,0],[2,0],[0,2],[2,3],[-2,1]],[[5212,9106],[0,2],[1,-1],[1,1],[1,1],[1,2],[-2,2],[2,3],[0,2]],[[5216,9118],[2,1],[1,-1],[1,0],[-1,-1],[0,-1],[2,0],[0,0]],[[5216,9118],[1,1],[0,2],[0,1],[1,1],[1,1],[1,0],[1,-1],[1,2],[1,1],[1,-1],[1,-1],[0,1],[0,3],[1,1],[0,1],[0,1]],[[5226,9131],[1,-1],[1,0],[1,-1],[0,-1],[1,0],[1,1],[1,1]],[[5232,9130],[0,-1],[1,-1],[1,1],[0,0],[1,0]],[[5235,9129],[0,0],[2,-2],[0,0],[1,0],[1,2],[0,-1],[1,-1],[1,0]],[[5241,9100],[0,-1],[-1,0],[-2,0]],[[5238,9099],[-1,0],[-1,0],[-1,0],[-2,-1],[-1,0]],[[5232,9098],[-2,3],[-1,1]],[[5151,9109],[1,3],[1,1],[2,-1],[1,-1],[0,-1],[2,0],[0,-1]],[[5158,9109],[1,-2],[0,-8],[0,-4],[0,-5]],[[5159,9090],[-8,-3],[-4,-1]],[[5147,9086],[0,3],[0,2],[-1,2],[0,2],[1,1],[1,3],[1,2],[2,5],[0,1],[0,2]],[[5152,9118],[1,0],[1,-1],[-1,0],[0,0],[-1,1]],[[5206,9158],[-1,0],[-1,0],[-2,0],[-2,0],[-1,-1],[-2,0],[-1,-1],[-2,-1],[-2,-2]],[[5192,9153],[-3,1],[-3,-3],[0,0],[-1,-3],[-2,1],[-1,0],[0,-4],[-2,-2],[-2,0],[0,-4]],[[5178,9139],[0,-1]],[[5148,9133],[1,5],[1,10],[1,8],[1,12],[0,9],[2,14],[0,2]],[[5154,9193],[3,0],[2,0],[3,-1],[1,0],[1,-1],[2,-1],[5,-1],[1,0],[1,1],[2,-3],[2,1],[1,-1],[1,0],[0,-2],[1,0],[1,0],[1,-2],[2,0],[0,0],[2,0],[0,0],[1,-1],[0,-1],[0,-1],[0,-1],[2,0],[0,-1],[1,0],[1,0],[1,0],[2,1]],[[5218,9141],[-1,1],[-1,-1],[-1,0],[-1,-1],[-1,0],[0,-1],[-1,-1],[-1,-1]],[[5211,9137],[-1,1],[0,1],[0,2],[-3,-1]],[[5207,9140],[0,1],[1,3],[-1,1],[0,2]],[[5207,9147],[-1,1]],[[5228,9140],[-1,0],[0,1],[-2,0]],[[5215,9153],[1,0],[2,2],[1,1],[1,3],[1,-1],[1,0],[1,1],[0,2],[1,0],[0,-1],[1,0],[1,0],[0,-1],[1,0],[2,2]],[[5238,9150],[-2,-2],[0,-1],[-1,-1],[1,0],[-1,-2],[-2,0],[0,-1],[0,-1],[-1,-1],[-1,1],[-1,0],[0,-1],[0,-2],[-2,0],[0,1]],[[5254,9082],[-1,0],[-1,-1],[1,-1]],[[5253,9080],[-1,-1],[2,-3],[1,-1],[-1,-2],[1,0],[-1,-1],[-1,0],[-1,0],[-1,-1],[-1,0],[-1,0],[-1,0],[-1,-1],[-1,0],[0,-2],[1,-1],[1,-1],[0,-1],[2,-3],[-1,0],[1,-2],[0,-1],[-1,-1],[0,0],[-1,-3],[-1,1],[-1,-2],[0,0],[-2,-1],[-1,1],[-1,-1],[-1,-1]],[[5241,9052],[-2,2],[-1,3],[-1,1],[-1,0],[-2,0],[0,-2],[0,-7],[-3,-1],[-1,0],[-3,1],[-5,1],[-2,0],[-1,4],[2,7],[-2,0],[-2,2],[-1,3],[-4,0],[-3,2],[-1,3]],[[5191,9114],[1,1],[5,0],[0,2],[-1,-1],[0,2],[2,1],[0,3],[1,1]],[[5199,9123],[1,1],[1,0],[0,2],[1,0],[1,0]],[[5203,9126],[0,-1],[1,0],[1,-1],[0,-1],[0,2],[2,1],[1,1],[1,0],[1,0]],[[5210,9127],[0,-3],[1,-1],[1,0],[2,-2],[1,0],[1,-3]],[[5226,9131],[1,1],[-1,0],[-1,1],[0,1],[-1,2],[0,0],[-2,0],[0,1],[1,2]],[[5210,9127],[0,1],[-1,2]],[[5209,9130],[-1,2]],[[5208,9132],[1,0],[2,0],[0,1],[1,1],[1,1],[-2,1],[0,0],[0,1]],[[5154,9193],[0,5],[1,3],[0,8],[0,4],[0,2],[0,2],[0,3],[0,1],[0,2],[0,3],[1,1],[1,3],[1,1],[1,2],[1,1],[0,3],[2,0],[1,1],[3,0]],[[5209,9130],[-1,0],[-1,0],[-1,-1],[-1,0],[0,2],[0,1]],[[5205,9132],[-1,1]],[[5204,9133],[2,0],[2,2]],[[5208,9135],[0,-1],[0,-2]],[[5207,9147],[-2,-1],[-1,0]],[[5204,9146],[-2,0],[-1,-1],[-1,0],[0,-1],[0,-1],[0,-1],[0,-1]],[[5200,9141],[-1,-1],[0,0]],[[5199,9140],[-1,0],[-1,-1]],[[5197,9139],[0,2],[-1,1],[0,3]],[[5196,9145],[1,0],[2,-1],[-1,1],[0,2],[0,1],[-2,0],[0,1],[-1,0],[-1,0],[-1,1],[-1,3]],[[5207,9140],[0,-2],[0,-1],[0,-1],[1,-1],[0,0]],[[5204,9133],[0,1],[-1,1],[-1,-1]],[[5202,9134],[-1,1]],[[5201,9135],[0,1],[0,1],[-1,0],[-1,3]],[[5200,9141],[0,-1],[3,-1],[0,1],[1,1],[0,5]],[[5188,9117],[-3,2],[-2,2],[-1,2]],[[5182,9123],[3,1],[4,1]],[[5189,9125],[0,-1],[4,4],[2,1],[0,-1],[3,0]],[[5198,9128],[1,-2],[0,0],[0,-3]],[[5198,9128],[2,1],[1,2],[1,-1]],[[5202,9130],[1,0]],[[5203,9130],[0,-2],[0,-2]],[[5167,9091],[-1,0],[-5,3],[-2,-4]],[[5158,9109],[0,1],[3,-1],[1,1],[2,1],[0,-1],[4,1],[0,-1]],[[5197,9139],[-1,1],[-4,-2]],[[5192,9138],[0,1],[2,2],[1,1],[0,1],[0,1],[1,1]],[[5178,9139],[1,0],[2,-1],[1,1],[2,1],[3,0],[2,1],[1,-3]],[[5190,9138],[-1,0],[0,-2],[1,-1],[1,-2],[0,-1]],[[5191,9132],[-1,-3],[1,-1],[-2,-3]],[[5201,9135],[-1,-2],[-5,0],[-1,-1],[-1,-1],[-2,1]],[[5190,9138],[2,0]],[[5202,9134],[0,-1],[0,-3]],[[5205,9132],[-2,-2],[0,0]],[[5532,8947],[1,2],[1,0],[1,0],[0,1],[2,0],[0,1],[-1,1],[0,2],[1,1],[2,1]],[[5539,8956],[0,0],[2,-1],[1,-2],[1,-1],[1,0],[0,-2],[2,-1]],[[5546,8949],[1,-2],[0,-1],[1,0],[1,-1],[1,1],[1,-2],[1,-2],[1,0],[2,-3]],[[5555,8939],[-1,-1],[-1,0],[0,-1],[0,0],[-1,-2],[-1,-1],[0,-1],[-1,-1],[-1,0],[0,-1],[-2,-1],[-1,1],[0,3],[-1,1],[0,1],[-2,-1],[-2,0],[-1,0],[0,0],[-1,-2],[2,-2],[0,-1],[-1,-1],[-1,1],[-1,-1],[-1,0]],[[5537,8929],[-1,1]],[[5536,8930],[1,1],[-1,2],[1,2],[-1,0]],[[5536,8935],[1,2],[1,3],[-1,1],[0,1],[1,1],[-1,1],[0,1],[-1,0],[-3,-1],[-1,0]],[[5532,8944],[-2,1],[0,0],[-1,-2],[-1,0]],[[5528,8943],[-1,0],[0,1],[-1,0],[0,1],[0,2],[2,0],[0,1],[2,1],[0,-1],[1,-2],[1,1]],[[5546,8958],[-1,-2],[0,-1],[1,-1],[1,0],[0,2],[2,0]],[[5549,8956],[0,-1],[1,1],[1,-1],[1,0],[3,-2],[0,1],[1,1],[1,1],[3,0],[1,1],[0,-1],[2,2],[-1,1],[1,0],[0,1],[1,2]],[[5564,8962],[2,-2],[0,-1],[0,-2],[2,-2],[1,0],[0,-1]],[[5569,8954],[-1,-1],[0,-2],[-1,0],[1,-2],[-1,-1],[-1,-1],[-1,-1],[0,-1],[0,0],[0,-2],[0,-1]],[[5565,8942],[-1,0],[-1,-2],[-4,-3]],[[5559,8937],[-3,1],[-1,1]],[[5539,8956],[-1,3],[-1,1],[-1,0],[-1,0],[0,1],[0,2],[-1,1]],[[5534,8964],[1,1],[1,0],[0,2],[1,0],[2,-1],[0,0],[1,0],[1,1],[1,0],[1,-1],[1,-1],[1,-1],[-1,-2],[1,-1],[-1,-1],[0,-1],[0,0],[2,-1]],[[5559,8937],[2,-1],[-1,-1],[-1,-2],[-4,-3],[1,-2]],[[5556,8928],[-2,-3],[-1,-1],[-1,-3],[0,1],[-1,0],[-1,-1],[-1,0],[-1,0],[-1,1],[-1,0],[-1,1],[0,0],[-2,0],[-2,-1],[-2,-1],[-2,-1]],[[5537,8920],[-1,2],[0,1],[-1,1]],[[5535,8924],[0,2],[1,1],[1,2]],[[5471,8941],[2,0],[0,1],[1,1],[1,1],[1,0],[2,2],[-1,1],[1,1],[1,-1],[1,0],[0,1],[-1,2],[0,2],[0,1],[0,1]],[[5479,8954],[2,0],[-1,1],[-1,1],[-2,2],[0,1],[-1,1],[0,1],[0,1],[1,2],[-1,1],[-1,1],[2,1],[0,1],[0,1],[1,5],[1,0],[0,-1],[1,0],[1,0],[1,0],[3,-1],[0,-1],[1,-1],[0,-1],[1,-1],[1,0],[1,1],[1,0],[1,0],[0,1],[2,1],[1,0],[1,1],[1,0],[1,0],[1,2],[2,-1],[1,1],[0,1],[1,2],[-1,1],[1,1],[1,0]],[[5506,8980],[1,-2],[0,-1],[0,-1],[2,-1],[1,0],[-1,-1],[1,0],[1,-1],[0,-2],[0,-1],[1,0],[0,1],[1,0],[0,0],[0,-2],[-1,-1],[-1,0],[-1,-2],[1,-2],[0,-1],[-1,-1],[0,0],[-1,0],[0,-1],[0,-1],[1,0],[1,1],[0,-1],[2,1],[0,-2]],[[5513,8959],[-1,0],[0,-1],[1,-1],[0,-2],[0,0],[-1,-1],[1,-3],[1,-1],[-1,-1],[2,0],[-1,-3],[1,0],[-1,-1],[2,-2],[1,1],[0,-1],[0,-1],[-2,0],[-1,-1],[-1,0],[-2,-2],[0,0],[1,0],[2,-2],[0,-1],[1,0],[0,-2],[2,-1],[0,-1],[-1,0],[-2,1],[0,-1],[1,-1],[-1,-1],[2,1],[1,-1],[-1,0],[0,-3],[0,-1],[1,0]],[[5517,8926],[1,-1],[-3,-2],[-2,-1]],[[5590,8994],[-1,0],[-1,-1],[-1,-1],[-1,-1],[0,-1],[-1,1],[-1,1],[-1,1],[-1,-1],[-1,-1],[-1,1],[-1,-1],[0,-1],[-1,0]],[[5578,8990],[-1,2],[-2,0],[0,-2],[-1,-1],[0,0],[-2,-2],[1,0],[1,-1],[0,-1],[0,-1],[-1,-1],[-2,0]],[[5571,8983],[-1,0],[-1,2],[-1,-2],[0,-1],[-1,-1],[0,1],[-2,0],[1,3],[-1,2],[0,0],[1,1],[0,1],[0,2],[-1,1],[-1,0],[-1,-1],[0,-2],[-2,-2],[-1,-1],[-1,1],[-1,0],[0,1],[0,1],[0,1],[-1,2],[0,1],[-1,-1],[-1,0],[-1,-1],[0,1]],[[5554,8992],[-2,-3],[-1,-1],[-1,-2]],[[5550,8986],[-2,0],[-1,-1],[0,0],[-1,-1],[0,-1],[1,-1],[-1,-3],[0,-2],[-1,0],[0,-1]],[[5545,8976],[0,-1],[-1,0],[0,1],[-2,-1],[-1,0],[0,-1],[-1,0],[-1,0],[-2,0],[-1,-1],[0,2],[-1,1],[-2,0],[-1,0],[-1,0],[-2,2],[0,1],[1,1],[0,1],[0,1],[0,2],[-1,2],[-1,3],[0,0],[-2,1],[-1,1],[-1,-1],[0,1],[-1,3],[-1,1],[-1,0],[0,0]],[[5545,8976],[2,-1],[1,1],[2,-1],[-1,-2],[1,-2],[-1,-1],[-1,1],[1,-2],[1,-1]],[[5550,8968],[1,-1],[0,-1],[-1,-1],[0,-1],[-1,-1],[0,-1],[-1,0],[1,-1],[0,-1],[0,-1],[0,-2],[0,-1]],[[5534,8964],[-1,1],[-1,-1],[-1,0],[0,-2],[-3,2],[-1,-1],[0,-1],[0,1],[-1,2],[-1,0],[-1,0],[-1,0],[-1,0],[-1,-1],[-1,-2],[-1,0]],[[5519,8962],[-2,-1],[-1,-1],[-2,0],[-1,-1]],[[5571,8983],[0,-1],[-1,-1],[0,-1],[-1,-2],[-1,0],[0,0],[0,-2],[0,-1],[0,-1],[1,0],[0,-2],[1,-1],[2,0]],[[5572,8971],[0,-1],[-1,0],[0,-1],[-2,-1],[0,-2],[-1,0],[-1,1],[0,0],[-1,-1],[-1,-1],[0,-2],[-1,0],[0,-1]],[[5591,8994],[0,-1],[0,-2],[3,-1],[0,-1],[0,-1],[1,0],[1,0],[0,-2]],[[5596,8986],[-1,-1],[-2,-1],[0,1],[0,1],[0,1],[0,1],[-1,1],[-2,-1],[-1,0],[-1,-1],[-2,-1],[0,0],[-1,1],[0,-1],[1,0],[1,0],[1,-1],[1,0],[-1,-2],[0,-2],[1,-1],[-1,-1],[1,-3],[0,-1],[-3,0]],[[5586,8975],[0,1],[-1,0],[0,1],[-1,-1],[-1,2]],[[5583,8978],[-2,-1],[-1,-1],[0,-1],[1,-2]],[[5581,8973],[-1,0],[-1,0]],[[5579,8973],[0,2],[-2,0],[-1,-1],[-1,1],[-2,-1],[-1,-1],[-1,-1],[1,-1]],[[5528,8943],[-1,-2],[-1,0]],[[5526,8941],[-1,1],[0,-1],[-2,-2],[-1,-1],[0,-1],[0,-2],[1,-1]],[[5523,8934],[0,-1],[-1,-1],[0,-1],[-1,1],[-2,1],[0,-2],[0,0],[2,-2],[0,0],[0,-1],[1,-1],[1,-1],[0,-1]],[[5523,8925],[-1,0],[-1,0],[-2,0],[-1,1],[-1,0]],[[5594,8971],[0,1],[-2,1],[-2,-1],[-1,0],[-1,-2]],[[5588,8970],[-1,1],[0,2],[0,1],[0,0],[-1,1]],[[5596,8986],[1,-1],[1,0],[0,-3],[-1,0],[2,-3],[-1,-1],[0,0]],[[5598,8978],[-2,-1],[1,0],[1,-1],[-1,-1],[1,-1],[-1,-1],[-1,1],[0,-1],[-2,0],[0,-2]],[[5569,8954],[1,1],[0,-1],[1,-1],[1,-2],[3,2],[-1,1],[1,1],[1,1],[1,0],[2,-1],[0,-2],[1,0],[1,-2],[-1,-1],[-1,-2]],[[5579,8948],[-1,-1]],[[5578,8947],[0,-1],[-2,-2],[-2,-1],[-3,-2],[-1,-1]],[[5570,8940],[-1,1],[-1,1],[-3,0]],[[5536,8935],[-1,-1],[-1,2],[-2,1],[0,0],[0,-1],[0,-2],[-2,0],[-1,-1],[0,1],[1,3],[0,0],[-1,0],[0,1],[-1,-1],[-1,0]],[[5527,8937],[0,3],[-1,1]],[[5534,8930],[1,1],[1,-1]],[[5535,8924],[0,-1],[-1,1],[-1,1],[-1,-1],[0,1],[0,-2],[-1,0],[0,-2],[0,0],[-1,-2],[0,2],[-1,-1],[0,1],[-1,1],[0,2]],[[5528,8924],[0,0],[1,3],[1,-1],[1,2],[2,3],[1,-1]],[[5528,8924],[0,1],[-1,0],[-1,-1],[-2,0],[0,1],[-1,0]],[[5523,8934],[1,0],[0,1],[0,2],[1,-1],[2,0],[0,1]],[[5600,8964],[0,1],[0,1],[2,1],[1,1],[-1,2],[0,2],[0,1],[-1,1],[-1,0],[0,2],[-1,1],[-1,1]],[[5602,8960],[-4,0],[-2,0],[-2,-1],[-2,-1],[-1,0],[-3,-2],[-3,-2]],[[5585,8954],[0,1],[0,3]],[[5585,8958],[0,0],[2,-1],[4,2],[0,2],[-2,2],[-1,1],[-1,0],[1,1]],[[5588,8965],[0,2],[0,1],[0,1],[-1,1]],[[5587,8970],[1,0]],[[5587,8970],[-1,-2],[-2,2],[0,1],[-1,1],[-1,0],[-1,1]],[[5572,8971],[1,0]],[[5573,8971],[0,-1],[1,0],[1,-2],[1,-1],[1,-1],[-2,0],[0,-1],[0,-1],[0,-1],[1,-1],[1,-1]],[[5577,8961],[0,-1],[1,-1],[1,1],[1,-1],[1,-1],[1,1],[1,-1],[2,0]],[[5585,8954],[-1,-1],[-3,-3],[-2,-2]],[[5579,8948],[-1,-1]],[[5579,8973],[-1,-2],[0,1],[-1,-1]],[[5577,8971],[-1,0],[-2,1],[-1,-1]],[[5577,8971],[1,-1],[-1,-1],[1,-2],[0,-1],[0,-1],[1,0],[1,-1],[1,-3],[1,1],[3,3],[1,0],[2,0]],[[5537,8920],[-2,-2],[-2,-1],[-1,-1],[-1,-1],[-2,-3]],[[5570,8940],[-1,-1],[-1,0],[0,0],[-1,-2],[-3,0],[0,0],[-2,-2],[-2,-2],[-4,-5]],[[5128,9594],[-1,-2],[0,-2],[1,-1],[0,-2],[-1,-1],[0,1],[-1,0],[-2,1],[0,1],[0,2],[-2,0],[-1,-2]],[[5121,9589],[-1,1],[-1,2],[-1,0],[0,1],[0,1],[-2,1],[-1,1],[1,2],[1,2]],[[5117,9600],[1,2],[0,2],[0,2],[-1,0],[1,1],[2,0],[1,0],[0,1],[0,0],[2,1],[0,1],[2,0]],[[5125,9610],[0,1],[2,0],[0,-1],[-1,-1],[0,-1],[1,-1],[0,-1],[2,-1],[0,-1],[1,1],[2,-1],[0,1],[1,-1],[1,0],[0,-2],[2,0],[0,0],[2,-1],[0,0]],[[5138,9601],[0,-3],[0,-1],[-1,-1],[0,-1],[-1,0],[-1,-2]],[[5135,9593],[0,1],[-2,0],[0,-1],[-2,-1],[0,0],[-2,0],[-1,2]],[[5125,9576],[2,1],[0,1],[1,-1],[0,-1],[1,-3],[0,-1],[0,-1],[2,-2]],[[5131,9569],[-2,-2],[-1,-1],[-1,0],[0,-1],[1,-2],[0,-1],[1,-1],[0,-1],[-1,0],[-1,-1]],[[5127,9559],[0,0],[0,1],[-2,1],[-1,-1],[-1,1],[-1,-1],[0,2],[-1,0]],[[5121,9562],[0,1],[-2,1],[0,1],[1,1],[0,1],[-1,0],[-2,0],[0,2],[-1,1],[-2,-2],[1,-1],[-1,-1],[-1,2],[-1,1],[-1,0],[0,-2]],[[5111,9567],[-2,1],[1,2],[-1,2],[2,1],[-1,1],[0,2],[1,0],[3,1],[1,0],[1,2],[-1,0],[0,2],[0,0],[-2,-1],[0,1],[1,1]],[[5114,9582],[1,0],[0,1],[0,1],[2,-1],[2,-1]],[[5119,9582],[1,-1],[1,-1],[3,-2],[0,0],[1,-1],[0,-1]],[[5115,9611],[0,1],[-1,1],[0,0],[-1,0],[-2,1],[0,-1],[-1,-1],[-1,1],[0,1],[0,1],[0,1]],[[5109,9616],[2,1],[-1,1],[1,0],[1,1],[0,1],[1,1],[0,0],[2,0],[1,0],[-2,1],[-1,0],[0,2],[1,1],[0,2],[-1,1],[1,1],[-1,2],[1,0],[0,1],[1,2],[0,1],[1,2]],[[5116,9637],[1,0],[0,1],[2,0],[1,2],[0,0],[1,1],[2,-2],[0,1],[1,0],[2,-1],[1,0],[0,1]],[[5127,9640],[1,0],[1,0],[1,0],[1,0],[0,-1],[0,-1]],[[5131,9638],[1,-2],[1,1],[1,-1],[2,0],[1,0],[0,1],[1,0],[1,1],[0,1],[0,2],[1,-1]],[[5140,9640],[1,-1],[0,-2],[2,0],[1,0],[1,0],[0,-2],[0,-1],[2,1],[2,-2],[-1,0],[1,-2],[0,0],[1,-3],[1,0],[0,-1],[0,-1]],[[5151,9626],[-1,0],[0,-1],[-2,-1],[-1,1],[0,1],[-2,-2],[-1,-1],[0,0],[-1,0],[0,2],[-1,0],[-1,-1],[0,0],[-2,-2],[1,0],[0,-1],[-1,-2],[0,-2],[-1,0],[-1,0],[0,-1],[-2,1],[0,1],[0,1],[-1,1],[0,1],[-2,-1],[-1,0],[-3,2],[1,-2],[-1,-1],[0,-2],[-1,-1],[0,-1],[1,-1],[0,-2],[-1,0],[-1,0],[-1,1],[-1,-2],[1,-1]],[[5117,9600],[-2,1],[0,4],[0,1],[0,1],[-1,1]],[[5114,9608],[0,1],[0,1],[1,1]],[[5155,9584],[1,0],[1,0],[2,0],[0,-1],[1,0],[1,0],[1,0],[0,1],[0,1],[2,-1],[1,-2],[1,1]],[[5166,9583],[0,-2],[-1,-1],[1,-1],[-1,-2],[1,-2],[1,-1],[0,-2],[-1,0]],[[5166,9572],[-1,0],[-1,-1],[-2,0],[-1,0],[-1,0],[-1,0],[-2,0],[1,-1],[-1,-1],[-1,-1],[-1,0],[-1,-2],[1,-1],[-1,-1],[0,-1],[-1,-3],[0,-1],[0,-1],[-2,0],[0,-2],[1,-1],[-1,-2],[-1,0],[-1,0],[1,-1],[0,-2],[-1,-2],[0,0],[-1,-1]],[[5148,9547],[0,-1],[0,-2],[-1,-2]],[[5147,9542],[-3,1],[-3,1],[-1,1],[-1,0],[-2,0],[0,1],[-1,1],[0,2],[-1,0],[-1,0],[-1,0]],[[5133,9549],[-1,1],[-1,-1],[-2,1],[0,0],[-2,0]],[[5127,9550],[-1,0],[-1,1],[1,2],[1,2],[1,1],[1,1],[-2,1],[0,1]],[[5131,9569],[2,-2],[1,0],[1,-1],[1,1],[0,1],[1,3],[0,0],[-1,1],[0,1],[0,1],[-1,1],[-1,1],[2,0],[0,1],[2,-1],[1,1],[0,1],[1,0],[1,0],[0,1],[1,0],[1,1],[-1,2]],[[5142,9582],[2,1],[1,1]],[[5145,9584],[1,3],[1,0],[1,-1],[1,0],[3,-2],[0,-1],[2,0],[0,1],[1,0]],[[5088,9647],[-2,0],[1,2],[-1,1],[0,0],[-1,1],[0,1],[-1,2],[1,0],[1,-2],[1,0],[-1,1],[0,2]],[[5086,9655],[1,0],[1,0],[1,1],[1,2]],[[5090,9658],[1,-1],[0,-3],[1,1],[1,0],[0,-1],[1,0],[1,2],[-1,1],[0,1],[1,1]],[[5095,9659],[1,-1],[3,-1],[2,-1],[2,0]],[[5103,9656],[2,0],[4,1],[2,0],[3,1],[6,1]],[[5120,9659],[0,-1],[1,-1],[1,-1],[1,-1],[-1,-1],[0,-1],[1,0],[1,-2],[-1,-1],[0,-1],[0,-1],[1,-1],[0,-1]],[[5124,9646],[1,-2],[1,-1],[1,-2],[0,-1]],[[5116,9637],[-1,1],[-1,-1],[-2,1],[-2,-2],[-1,1],[0,-1],[-1,0],[0,0],[0,2],[-1,0],[-1,2],[0,1],[-2,-1],[-1,-1],[-1,0],[-1,0],[-1,2],[-2,-1],[0,-1],[-1,0],[-1,0],[-2,2],[-1,0],[0,-1],[0,-1],[-2,0]],[[5105,9549],[0,3],[-1,0],[-1,0],[-1,0],[0,1],[0,3],[-1,1]],[[5101,9557],[0,1],[2,0],[1,1],[1,1],[1,-1],[2,0],[0,1],[2,0],[0,1],[1,1],[0,1],[-1,0],[0,1]],[[5110,9564],[1,0],[1,2],[-1,1]],[[5127,9550],[1,-2],[0,-1],[0,-1],[0,0],[-2,-1],[-1,0],[0,0],[-1,-1],[-1,-1],[-2,0],[0,0],[-2,-1],[-1,0],[0,0],[-1,-1]],[[5117,9541],[0,-1],[-2,0],[0,0],[0,-1],[-1,-2],[0,-2],[0,0],[-1,0],[-1,-2],[-2,0],[-2,0],[0,-1],[-1,-1],[-1,1],[-2,1],[-1,-2],[-2,0],[0,1],[-3,1],[-1,-1]],[[5097,9532],[0,2],[0,2],[0,1],[1,1],[1,2],[0,0],[2,1],[0,0],[1,0],[0,1],[-1,2],[1,1],[1,1],[0,1],[1,1],[1,1]],[[5097,9532],[-1,1],[-1,0],[-1,-2],[-1,0]],[[5093,9531],[-1,0],[-3,-1],[-1,-1],[-1,-1]],[[5087,9528],[-1,0],[0,2],[0,1],[-1,0],[-1,-2],[-1,-1],[-1,-1],[-2,0],[-1,-3],[-3,1],[-1,-3]],[[5075,9522],[-1,1],[1,0],[0,1],[-1,0],[0,0],[0,2],[0,1],[0,1],[-1,1],[0,1],[0,3],[-1,1],[0,1],[2,0],[0,1],[0,1],[4,0],[0,2],[-2,-1],[0,2],[-4,0],[0,1],[2,0],[0,1],[1,0],[2,2],[0,1],[0,2],[2,1],[1,2]],[[5080,9550],[0,1],[2,0],[2,2],[0,0],[1,-1],[0,-1],[2,0],[-1,0],[0,2],[-1,0],[0,1],[1,0],[1,-1],[2,1],[1,1],[1,0],[1,1],[0,1],[0,0],[1,0],[1,0],[1,1],[2,-1],[1,1],[1,-1],[2,0]],[[5142,9582],[-1,0],[-1,0],[-1,1],[0,1],[2,2],[-1,2],[0,0]],[[5140,9588],[1,1],[2,0]],[[5143,9589],[-1,2],[-2,0],[0,0],[-2,0],[-1,1],[-2,1]],[[5138,9601],[1,1],[2,0],[0,2],[2,-1],[0,0],[1,1],[-2,1],[0,1],[-1,0],[0,2],[-1,0],[2,1],[1,0],[0,-1],[2,0],[1,0],[1,0],[1,2],[1,0],[1,-2],[1,0],[0,-1],[1,1],[1,0],[0,-1],[2,1]],[[5155,9608],[1,-1],[2,0],[0,2],[2,1]],[[5160,9610],[0,-3],[1,-1],[-1,-1],[1,-2],[0,-1],[0,-1],[1,-1],[0,-2]],[[5162,9598],[0,-2],[0,-1],[1,0],[0,-1],[0,-4],[1,-1],[0,-1],[0,-3],[1,-1],[1,-1]],[[5086,9569],[0,3],[0,1],[0,0],[0,2],[1,0],[1,0],[1,0],[0,1],[2,0]],[[5091,9576],[1,0],[3,0],[0,-1],[1,0],[2,1],[0,2],[1,0],[-1,1],[1,0],[1,0],[1,-1],[1,-1]],[[5102,9577],[0,-1],[0,-1],[0,-2],[1,0],[1,-1],[0,-1],[0,-1],[1,-2],[-1,-2],[2,-1],[1,-1],[2,0],[1,0]],[[5080,9550],[-1,0],[0,2],[0,1],[0,2]],[[5079,9555],[-1,-1],[-1,-2],[-1,0],[-1,-1],[-1,1],[0,1],[1,1],[-2,2],[1,2],[1,1],[1,1],[0,1],[1,1],[-2,2],[0,1],[-1,1]],[[5074,9566],[1,0],[2,-1],[1,1],[0,0],[2,0],[1,0],[1,0],[2,2],[2,1]],[[5109,9616],[0,2],[-1,-1],[-3,0],[0,-3],[-1,0],[0,1],[1,1],[-1,2],[-1,0],[-3,-2],[0,-2],[-2,-1]],[[5098,9613],[-2,-1],[0,0],[-1,0],[-1,0],[0,-1],[-1,-1],[-1,0],[-1,1],[-1,1],[1,2],[-1,1],[-1,-1],[-1,0],[0,-1],[-1,0]],[[5163,9636],[0,-1],[-2,-1],[0,-1],[1,-2],[-1,0],[0,-1],[2,-2],[0,-1],[1,-2]],[[5164,9625],[-1,0],[0,-1],[0,-1],[0,-1],[0,-2],[1,-2],[-1,-2]],[[5163,9616],[-2,-2],[0,-1],[-1,-2],[0,-1]],[[5155,9608],[0,1],[-2,2],[0,1],[-1,1],[-1,1],[1,0],[2,2],[-1,3],[0,0]],[[5153,9619],[0,1],[1,1],[-1,2],[0,1],[-1,0],[-1,0]],[[5151,9624],[1,1],[-1,1]],[[5140,9640],[0,2],[3,0],[1,1]],[[5144,9643],[1,3],[0,1],[1,0],[1,1]],[[5147,9648],[1,-1],[2,0],[1,1],[0,-2],[1,0],[2,0],[0,-1],[1,0],[1,-1],[1,1],[1,0],[0,-1],[2,-1],[2,0]],[[5162,9643],[0,-3],[0,0],[0,-1],[1,-2],[0,-1]],[[5098,9613],[0,-2],[-1,0],[0,-1],[0,-2],[0,-1],[1,0],[-1,-1],[2,-2],[-1,-1],[0,-2],[-1,-1],[-1,0]],[[5096,9600],[0,1],[-3,-1],[-1,0],[-1,0],[0,1],[-1,1],[0,2],[0,1],[-2,-1],[-1,0],[0,-1],[-1,-1],[-2,0],[0,-1],[1,-1],[-1,-1],[-1,0],[0,-1],[1,0],[-1,-1],[-1,1],[0,-4],[-3,0],[-2,-1],[-1,1],[-1,-1]],[[5075,9593],[2,-1],[0,-2],[-1,1],[0,-1],[-1,1],[-1,-1],[1,-1],[-1,-1],[1,-1],[1,1],[1,-2],[-2,-3],[0,0],[-2,1],[-1,0],[-1,1],[-1,0],[-1,-2]],[[5069,9583],[-1,1],[-1,0],[-2,0],[-2,-1],[0,-1],[-2,0],[0,1],[1,2],[0,0],[0,1],[0,2],[-3,3],[0,0]],[[5075,9593],[0,1],[-1,0],[-1,1],[0,-1],[-1,-1],[2,0],[1,0]],[[5074,9566],[0,1],[-1,0],[0,1],[-2,2],[0,1],[-2,-1],[-1,0],[-1,0],[0,1],[-1,1],[-1,0]],[[5065,9572],[-2,1],[-1,0],[-3,-1],[0,0],[0,1],[1,1],[-1,2],[1,1],[1,2],[1,0],[0,1],[2,0],[2,0],[1,0],[2,2],[0,1],[0,0]],[[5096,9600],[0,-1],[-1,0],[-1,0],[0,-2],[-1,-1],[0,-1],[0,-1],[0,0],[-1,-3],[1,0]],[[5093,9591],[0,-1],[-3,-1],[0,-1],[1,-2],[1,-1],[1,-1],[0,-1],[1,0],[-2,-1],[0,0],[0,-1],[-2,0],[0,3],[-1,0],[-2,-1],[0,-2],[0,-1],[2,0],[1,0],[2,-1],[-1,-1],[0,-2]],[[5121,9589],[0,-1],[0,0],[0,-2],[-1,0]],[[5120,9586],[-1,0],[-2,-1],[0,0],[-1,2],[-1,0]],[[5115,9587],[-1,0],[0,2],[1,1],[-1,2],[1,2],[-1,0],[-1,-2],[-1,1],[-1,-1],[-1,-1],[-1,1],[-1,1],[-1,0]],[[5107,9593],[0,1],[-1,0],[0,2],[-1,-1],[-1,0],[-1,1],[1,1],[-1,2]],[[5103,9599],[2,1],[1,-1],[1,-1],[1,1],[1,-1],[1,2],[1,1],[1,-1],[0,2],[1,3],[0,1],[1,1],[0,1]],[[5151,9624],[-1,0],[0,-2],[0,-1],[0,0],[0,-3],[1,1],[0,0],[1,1],[1,-1]],[[5119,9582],[1,0],[0,2],[0,2]],[[5093,9591],[1,0],[1,0],[3,1]],[[5098,9592],[1,-1],[2,-1],[0,0],[1,0],[0,0],[2,0],[0,1],[1,0]],[[5105,9591],[2,-1],[-1,-2],[0,-1],[-1,0],[-1,-1],[0,-2]],[[5104,9584],[0,-1],[0,-1]],[[5104,9582],[-1,-1],[0,-1],[-1,-2],[0,-1]],[[5104,9582],[0,0],[1,-1],[1,0],[2,1],[1,0],[0,1],[0,1]],[[5109,9584],[1,0],[1,0],[2,0]],[[5113,9584],[0,-1],[1,-1]],[[5092,9669],[2,0],[2,2],[0,-3],[1,-1],[-2,-2],[0,-1],[-1,-2],[1,-3]],[[5090,9658],[-2,1]],[[5088,9659],[0,1],[-1,1],[0,1],[2,2],[-3,2],[0,1]],[[5086,9667],[2,0],[0,1],[1,1],[2,-1],[1,1]],[[5113,9584],[1,0],[1,1],[0,2]],[[5103,9599],[-1,0],[0,-1],[-2,0],[-1,0],[0,-1],[-1,-1],[2,-2],[-2,-2]],[[5073,9656],[-1,1],[-1,2],[0,1],[2,1],[0,0],[2,0],[0,-1],[1,1],[2,0],[1,-2],[0,0],[1,0],[0,-1],[1,0],[-1,-2],[1,0],[0,-1],[1,-1],[1,0],[0,-2],[-1,0],[1,-1]],[[5086,9655],[-1,-1],[0,1],[-2,0],[0,1]],[[5083,9656],[1,1],[1,1],[3,-2],[0,1],[0,1],[0,1]],[[5107,9593],[-2,-2]],[[5109,9584],[0,1],[1,1],[-2,0],[-2,-1],[-1,-1],[-1,0]],[[5083,9656],[-1,0],[0,1],[0,1],[0,1],[-1,1],[1,1],[-1,1],[0,1],[1,0],[2,1],[1,2],[-1,1],[2,0],[0,0]],[[5390,9355],[0,1],[1,0],[1,2],[0,1],[0,1],[0,2],[1,0],[0,1],[1,0],[0,2],[1,0],[-1,1],[1,1],[0,2],[1,1],[-1,1],[-1,1],[-1,0],[-1,0],[0,1],[0,2],[0,1],[-1,2]],[[5391,9378],[1,2],[1,2],[1,0],[1,-1],[2,-1],[1,-2],[0,0],[1,2],[1,2],[-1,1],[0,1],[0,1],[-1,1],[0,1]],[[5398,9387],[1,0],[2,1],[2,0],[2,-1],[0,0],[1,0],[1,0],[0,2],[1,0],[1,0],[0,0],[1,0],[0,1],[1,2],[0,0],[2,2],[1,0]],[[5414,9394],[1,-1],[0,-1],[2,2],[1,-1],[0,-1],[0,-2],[0,-1],[-1,-4],[1,-2],[0,-1],[1,0],[1,0],[2,0],[1,0],[0,-1],[1,-2],[2,2],[0,-1],[-2,-2],[0,0],[-1,0],[-1,0],[-1,0],[0,-1],[0,-2],[1,-1],[0,-1],[1,-2],[-2,-1],[0,0],[0,-4],[0,-1],[1,-2],[-1,0],[0,-2],[-1,-1],[1,-2],[0,0]],[[5426,9441],[0,-1],[1,-2],[-1,0],[0,-2],[0,0],[0,-2],[-2,-2],[-1,0],[0,0],[-1,1],[0,1],[-2,1],[-1,2],[-1,0],[1,-3],[-1,-1],[1,0],[-1,-3],[-1,-2],[3,-1],[1,0],[0,-1],[-1,-2]],[[5420,9424],[-1,0],[-1,-1],[-2,0],[-1,0],[-1,2],[0,0],[0,1],[-2,1],[-1,0],[-1,0],[-2,-5]],[[5408,9422],[-1,0],[-1,-1],[-2,0],[-1,-3],[-1,-1],[0,0],[-2,-3],[0,0]],[[5400,9414],[-1,2],[-1,1],[-1,-1],[-1,1],[-1,0],[-1,0]],[[5394,9417],[-2,2],[-2,0]],[[5390,9419],[-1,1],[-1,1],[-1,1],[-2,2]],[[5385,9424],[-1,1],[0,0],[-1,2],[0,0],[-1,1],[0,0],[-2,2],[0,3]],[[5380,9433],[0,3],[1,0],[1,1],[1,0],[0,2],[0,1],[1,1],[0,0],[-1,-1],[0,2],[2,2],[0,1],[2,2],[1,-2],[1,0],[0,-2],[1,1],[0,2],[0,1],[2,2],[0,1],[1,-1],[1,-1],[0,2],[0,1],[1,1],[0,1],[1,1],[1,1],[1,0],[2,1],[0,0],[1,-1],[0,-1],[0,-2],[1,0],[1,1],[1,0]],[[5422,9402],[-1,0],[-1,0],[-3,0],[0,-1],[-1,-2],[0,0],[-1,-4],[-1,-1]],[[5398,9387],[-3,0],[0,1],[0,3],[1,1],[0,0],[0,2],[0,1],[1,4],[-2,0],[0,1],[0,1]],[[5395,9401],[0,1],[1,1],[0,1]],[[5396,9404],[1,0],[1,0],[1,2],[1,0],[0,1],[1,1]],[[5401,9408],[1,1],[2,1],[0,1],[-1,1],[-1,-1],[-2,2],[0,1]],[[5408,9422],[0,-1],[0,-1],[0,-1],[-1,-2],[1,0],[1,-1],[1,0],[1,0],[1,1],[0,2],[1,1],[0,-1],[2,-1],[0,-2],[-1,-1],[1,-2],[1,0],[0,-1],[2,0],[0,-1],[0,-2],[0,0],[2,0],[1,0],[0,-1],[0,-2],[1,-1],[0,-1],[0,-2]],[[5380,9433],[-1,0],[-1,0],[0,-1],[-1,-1],[-2,0],[-1,-1],[-3,1],[0,-1],[1,-2],[0,-1],[-1,0],[0,-1],[-2,0],[0,1],[0,1],[-1,0],[0,1],[-1,1],[0,1],[-3,3],[0,1],[-1,0],[0,1],[-2,1],[0,0],[-2,1]],[[5359,9438],[1,0],[1,2],[1,0],[-1,2],[1,0],[1,2],[0,1],[2,0],[0,2],[0,1],[0,1],[1,0],[0,0],[1,0],[1,1],[1,2],[0,2],[-1,2],[0,1],[-1,2],[-1,2]],[[5366,9461],[1,1],[1,0],[2,0],[2,2],[1,1],[1,2],[2,1],[2,0],[1,0],[2,-1],[2,-1],[0,-1],[1,0],[-1,2],[0,1],[0,1],[0,1]],[[5383,9470],[1,0],[2,1],[3,-1],[0,3],[1,0],[1,-1],[0,1],[1,0],[2,-1],[0,-1],[1,-1],[1,1],[2,1],[0,0],[1,1],[2,-3],[1,-1],[2,-2],[2,0],[0,1],[1,-1],[1,-1],[1,-1]],[[5383,9356],[0,2],[-1,1],[-1,1],[1,2],[-1,1],[1,2],[0,2],[-1,0],[-1,1],[-1,1],[0,3],[2,1],[-1,2],[-2,0],[-2,0],[0,1],[1,1],[-1,1],[2,2],[0,1],[1,1],[-1,1],[-2,2],[0,0],[1,2],[2,3],[0,1],[2,1],[1,0],[1,-1],[0,1],[2,0],[1,1],[1,0],[1,0],[0,2],[1,2],[0,0],[1,2]],[[5390,9399],[3,1],[2,0],[0,1]],[[5390,9419],[-2,-1],[1,-2],[-1,-1],[1,-1],[-1,-3],[1,-1],[1,0],[-1,-2],[-1,0],[-1,-3],[0,-2],[-2,-2]],[[5385,9401],[-1,0],[-1,0],[-1,2],[0,2],[0,1],[-1,1],[-2,0],[0,2],[-1,-1],[-1,1],[-2,-1],[0,1],[0,2],[-1,0],[0,0],[-1,1],[-1,0],[-2,2]],[[5370,9414],[0,1],[0,0],[0,2],[0,1],[1,1],[-2,0],[-3,1],[0,-1],[-2,0],[-1,-1],[-1,1],[-1,-1],[-1,3],[-1,0],[-2,0],[0,1],[-3,1],[-1,-1],[-1,-3],[-1,1],[0,0],[-1,2],[0,0],[-1,0],[-1,0],[-1,0],[-1,1],[-1,1],[0,1],[0,1],[-3,1],[0,0]],[[5342,9427],[1,1],[1,1],[-1,2],[-1,1],[1,1],[0,1]],[[5343,9434],[1,1],[1,2],[0,1],[3,1],[0,-1],[1,1],[3,1],[2,1],[1,-2],[1,0],[1,-1],[1,-1],[1,1]],[[5370,9414],[-2,-2],[-1,0],[-2,-1],[-1,-1],[0,-1],[1,-2],[0,-3],[-2,1],[0,-2],[-1,0],[0,-1],[-2,0],[0,1],[-1,0],[-1,-2],[0,-1],[2,-3],[-1,-1],[1,-1],[0,-1],[1,-1],[0,-2],[0,0],[1,0],[1,-2],[1,-1],[2,1],[1,-1],[-1,-2],[0,0],[-1,-1],[-2,-1],[-1,0],[0,-1],[-1,0],[0,-2],[0,-2],[0,-1],[1,-1],[-1,-1],[-1,-1],[-1,1],[-1,-1],[0,3],[-1,0],[1,0],[-2,0],[-1,1],[-2,0],[-1,0],[-1,0],[-1,0],[-1,0],[-3,1],[0,1],[-3,-1],[1,-2],[-1,-1],[-1,1],[-1,0],[-1,-2],[-1,-1]],[[5339,9375],[-2,0],[0,1],[-2,0],[0,1],[-2,0],[0,1],[0,1],[-2,0],[-1,2],[0,1],[-1,2],[0,0],[1,2],[1,1],[-1,2],[1,1],[-1,0],[1,2],[1,1],[0,1],[-1,1],[-1,1],[1,1],[-1,1]],[[5330,9398],[0,1],[-2,0],[-1,1]],[[5327,9400],[1,1],[2,1],[1,-1],[1,0],[2,-2],[1,0],[0,1],[1,1],[1,1],[2,-1],[0,2],[-1,2],[1,0],[-1,2],[-1,0],[1,1],[0,1],[1,4],[1,1],[0,0],[0,4],[0,0]],[[5340,9418],[1,4],[0,1],[0,2],[0,2],[1,0]],[[5374,9345],[-1,0],[0,2],[-1,1],[-1,1],[-1,1],[-1,2],[-1,0],[-1,0],[0,0],[-2,-1],[1,0],[-1,-1],[0,0],[-1,-2],[-1,1],[-1,-1],[0,1],[-2,0],[0,0],[-2,-2],[-1,0],[-1,2],[0,1],[0,0],[-1,-1],[-1,0],[-1,1]],[[5353,9350],[2,2],[0,1],[1,4],[-1,0],[0,-1],[-1,0],[0,2],[-1,1],[-2,0],[-1,3],[1,0],[-1,2],[0,2],[1,0],[0,1],[-2,2],[-2,1],[-1,1],[-1,0],[-1,0],[-2,0],[-2,0],[0,2],[-1,2]],[[5385,9401],[1,0],[2,-2],[2,1],[0,-1]],[[5420,9424],[1,-1],[1,1],[1,-1],[1,-1],[1,1],[2,-4],[2,-3],[0,-3],[0,0]],[[5396,9404],[-1,1],[0,2],[-3,0],[1,1],[1,0],[1,3]],[[5395,9411],[1,0],[1,0],[1,-1],[1,1],[1,-1],[0,-1],[1,-1]],[[5395,9411],[-1,1],[-1,0],[1,1],[0,2],[0,1],[0,1]],[[5327,9400],[-1,1],[-1,1],[0,1],[-1,1],[-1,2],[-1,0],[0,1],[1,1],[-1,1],[0,1],[0,1],[-1,1],[-1,1],[1,1],[-1,1],[-2,-1],[0,1],[0,1],[-1,0],[-1,1],[0,1],[-1,1]],[[5315,9419],[-2,2],[0,1],[0,2],[0,1],[0,1],[-1,3],[0,1],[0,1],[-1,1],[-2,0],[0,1],[-1,0],[-1,0],[-1,1],[0,1],[0,1],[-3,0]],[[5303,9436],[0,1],[-1,1],[0,0],[2,1],[1,2],[0,2],[0,1],[0,1],[0,0],[0,1],[2,2],[1,1],[1,-1],[1,2],[1,0],[0,1],[2,1],[1,1],[0,1],[-1,1],[1,2],[-1,0],[-2,0],[1,1]],[[5312,9458],[2,2],[0,0],[2,2],[1,1],[1,-1],[1,1],[0,-1]],[[5319,9462],[0,-2],[2,0],[2,0],[1,-1],[0,-1],[1,-1],[1,1],[0,-1],[0,-2],[1,-1],[1,0],[0,-2],[1,2],[1,-1],[0,-1],[2,0],[0,-1],[1,-1],[0,-1],[0,-3],[-1,0],[0,-2],[0,0],[-1,-2],[1,-1],[0,-2],[1,0],[1,1],[1,-1],[1,0],[0,0],[2,-1],[0,-2],[2,-1],[0,0],[1,0],[2,-1]],[[5296,9494],[-1,-1],[-1,1],[-1,-1],[0,-1],[1,-2],[0,-2],[0,0],[1,-2],[0,-2]],[[5295,9484],[-1,0],[0,-2],[-3,-2],[0,-1]],[[5291,9479],[-2,0],[-2,0],[0,-1],[-3,-1],[-1,-1],[-2,-2],[-1,-1],[-2,-2],[-1,0],[-1,0],[0,0],[0,-1],[-2,-1],[0,0],[-2,-1],[-1,0],[-1,-1],[-3,1],[-1,0],[-1,-1],[-4,-2],[-1,-1]],[[5260,9464],[-1,1]],[[5259,9465],[0,3],[0,1],[1,1],[0,1],[0,1],[1,1],[0,1],[-1,0],[2,4],[0,0],[1,2],[0,1],[2,0],[1,2],[0,1],[-1,1],[1,0],[3,2],[-2,1],[1,2],[-2,0]],[[5266,9490],[1,1],[1,1],[1,0],[0,2],[0,3],[0,2],[1,1],[0,1],[0,1],[1,1],[1,1],[0,1],[0,3],[-1,-1],[-1,1],[1,0],[-1,2],[1,2],[0,0],[0,2],[2,1],[0,3],[0,1]],[[5273,9519],[0,0],[2,0],[1,0],[1,-2],[4,0],[1,-2],[0,0],[2,-1],[1,-1],[2,2],[0,0]],[[5287,9515],[3,-2],[0,-2]],[[5290,9511],[-1,-2],[0,-2],[1,0],[1,-1],[0,-1],[-1,-2],[0,-1],[2,0],[4,-1],[0,-1],[-1,-2],[-1,-1],[1,-2],[1,-1]],[[5334,9486],[0,1],[-1,0],[-3,0]],[[5330,9487],[-1,3],[-2,0]],[[5327,9490],[0,2],[0,2],[1,1],[2,1],[1,0],[0,2],[1,1],[-1,1],[0,2],[0,0],[-1,0],[-1,2],[-1,1],[-1,1]],[[5327,9506],[0,1],[3,-1],[1,1],[1,0],[2,1],[1,0],[0,-2],[2,0],[1,-1],[0,-2],[1,1],[1,0],[1,1],[1,0],[-1,3],[1,0]],[[5342,9508],[1,-1],[1,0],[0,-1],[0,-1],[1,-2],[0,-1],[1,-2],[0,-1],[2,0]],[[5348,9499],[0,-1],[2,-1]],[[5350,9497],[-2,-3],[-1,0],[-2,0],[2,-1],[0,-2],[1,-1],[1,-1],[0,-1],[-2,-2]],[[5347,9486],[-1,0],[-1,-1]],[[5345,9485],[0,1],[-2,0],[-2,-1],[-1,0],[0,1],[-2,0],[-1,-1],[0,1],[-2,1],[-1,-1]],[[5278,9454],[0,1],[-1,0],[1,3],[0,1],[1,-1],[1,1],[0,2],[0,1],[1,0],[3,0],[0,1],[3,0]],[[5287,9463],[1,0],[1,1],[1,1],[1,0],[3,1],[-1,-1],[1,-1],[1,-1],[0,-1],[1,0],[0,1],[1,0],[1,0],[1,0],[1,0],[0,1],[1,0],[0,-3],[1,0],[3,-1]],[[5305,9460],[2,0],[2,0],[0,-1],[0,1],[1,0],[1,-1],[1,-1]],[[5303,9436],[-1,0],[-1,0],[0,-1],[1,-1],[0,-1],[0,-1],[2,0],[0,-1],[0,-2],[-3,0],[-1,0],[-1,0],[-1,0],[-1,0],[-1,0],[-1,0],[-1,-1],[-2,-1],[-1,0],[-1,-2],[-1,1],[-1,0],[-2,1],[-2,1],[0,0],[-1,-2],[-1,0],[-1,-1],[-1,1],[-1,3],[0,0],[0,1],[0,1]],[[5279,9431],[0,1],[-1,2],[1,0],[0,1],[0,1],[0,2],[1,1],[-1,1],[0,1],[0,1],[0,0],[-2,-1],[-1,0],[0,3],[-2,1],[-1,-1]],[[5273,9444],[0,1],[1,2],[-1,1],[0,1],[1,1],[0,3],[1,2],[3,-1]],[[5307,9469],[0,0],[-1,0],[0,-1],[-2,1],[-1,1],[-1,-1],[0,2],[-2,0],[-1,1],[0,1]],[[5299,9473],[1,0],[1,2],[1,2],[3,0],[0,0]],[[5305,9477],[1,0],[2,0],[2,-1],[1,1],[1,1]],[[5312,9478],[1,0],[2,1],[2,0],[1,1],[0,1],[1,-1],[1,0],[1,0]],[[5321,9480],[1,-1],[1,-1],[2,0],[0,-1],[3,-1],[1,-1],[-1,-1],[0,0],[-1,-3],[0,0],[-2,1],[-2,0],[0,1],[0,-2],[1,0]],[[5324,9471],[0,-2],[-1,0],[1,-1],[-2,-1],[0,-1],[0,-1],[-1,-1],[-2,0],[0,-2]],[[5305,9460],[0,1],[1,3],[1,-1],[0,2],[1,1],[0,2],[-1,1]],[[5347,9486],[2,-2],[-1,-1],[-1,-2],[-1,-1],[1,-2],[0,-2],[2,-1],[1,0],[0,-1],[2,-2],[1,3],[2,-1],[2,1]],[[5357,9475],[2,0],[0,-1],[0,-1]],[[5359,9473],[-1,-2],[0,-1],[-2,-1],[0,-1],[0,-2],[-1,-1],[-1,0],[-1,0],[-3,0],[0,2],[-2,1],[0,1],[0,1],[0,-1],[-4,-3]],[[5344,9466],[-1,1],[-2,1],[-1,2],[-1,-1],[0,0],[-1,0],[-1,1],[-1,-1],[-1,-1],[-1,0],[-1,1],[0,-1],[-1,1],[-1,0],[-2,0],[1,-1],[-1,-2],[1,-1],[-1,-1],[-1,1],[-1,-1],[-1,1],[-1,2],[1,1],[-1,1],[0,1],[-1,1]],[[5321,9480],[1,2],[2,1],[0,1],[1,1],[1,0],[2,2],[2,0]],[[5287,9515],[0,1],[0,1],[-1,2],[-1,0],[-1,1],[1,2],[1,1],[0,1]],[[5286,9524],[1,-1],[1,-1],[0,0],[1,-2],[1,0],[1,0],[1,2],[0,0],[0,2],[1,0],[1,0],[2,0],[1,1],[2,0],[2,2]],[[5301,9527],[2,0],[1,1],[1,1],[0,0],[0,2]],[[5305,9531],[1,1],[1,1],[1,0],[0,-2],[1,1],[-1,-3],[1,0],[1,2],[1,0],[1,-1],[2,-1],[0,1],[2,1],[2,-1],[1,-1],[1,0],[2,0],[0,0],[2,-1],[1,1],[1,1],[1,0],[-1,-2],[0,-1],[0,-1],[-1,-2],[1,-1],[1,-1],[-1,-1],[-1,0],[1,-2],[0,0],[0,-1],[4,0],[-1,2],[1,0],[1,2],[2,0],[1,-1],[1,1],[1,-1],[1,-1]],[[5337,9520],[0,-1],[0,-1],[0,-1],[0,-1],[1,-1],[1,1],[0,0],[0,2],[1,1],[1,0],[2,-4],[1,-2],[1,1],[0,-2],[-1,-1],[-2,-2],[0,-1]],[[5327,9506],[-2,0],[-1,0],[-1,-1],[0,1],[-2,3],[0,1],[-1,0],[-1,-2],[-1,-1],[-1,-2],[0,0],[-1,-1],[0,-1],[-2,1],[-1,0],[-1,-1],[-2,-2]],[[5310,9501],[-1,-1],[-1,-2],[-1,0],[-1,1]],[[5306,9499],[-1,-1],[-1,-1],[1,0],[-2,0],[1,-3],[-2,0],[-1,1],[1,2],[-1,1],[-2,-1],[-1,-2],[-1,0],[-1,0],[0,-1]],[[5273,9444],[0,0],[-2,-2],[-1,2],[-1,-1],[-1,0],[0,2],[2,3],[-1,1],[0,2],[-2,-1],[0,-1],[0,0],[-2,1],[0,1],[0,1],[-1,-1],[0,2],[-2,0],[0,-1],[-1,0],[-1,-1],[0,1],[0,1],[0,2],[-1,0],[-1,1],[0,1]],[[5258,9457],[1,2],[0,2],[-1,1],[0,1],[2,1]],[[5291,9479],[1,0],[0,0],[1,1],[1,0],[1,-2],[1,0],[0,-2],[-1,-2],[1,-1],[2,-1],[1,1]],[[5359,9473],[1,-2],[1,-1],[1,0],[1,-2],[0,0],[1,-3],[2,-3],[0,-1]],[[5295,9484],[3,1],[3,2],[1,0],[3,1],[3,1],[2,0]],[[5310,9489],[0,-2],[-1,0]],[[5309,9487],[-1,-1],[0,0],[0,-2],[-2,-2],[0,0],[0,-2],[0,0],[-1,-3]],[[5312,9478],[-1,2],[0,1],[0,1],[2,2]],[[5313,9484],[0,-1]],[[5313,9483],[1,0],[1,0],[1,-1],[1,-1],[1,1],[0,2],[0,2]],[[5318,9486],[0,1],[0,2],[-1,1],[1,1]],[[5318,9491],[2,0]],[[5320,9491],[3,-2],[1,0],[1,0],[2,1]],[[5318,9491],[-3,-1]],[[5315,9490],[0,1],[1,3],[-2,1],[0,0],[-2,0],[-1,0]],[[5311,9495],[0,1],[-1,0],[-1,0],[-1,0],[0,1],[-1,0],[-1,2]],[[5311,9495],[-1,-2],[1,-1],[0,-2],[-1,-1]],[[5309,9487],[0,-2],[3,0],[1,-1]],[[5313,9483],[1,2],[0,2],[2,0],[-1,0],[-1,0],[-1,2],[0,1],[2,0]],[[5731,9244],[0,-2],[1,-2],[1,0],[0,-1]],[[5733,9239],[1,-2],[1,-1],[0,-1],[0,-1],[1,0],[-1,0],[0,-1],[1,-1],[1,0],[0,-1]],[[5737,9231],[1,-1],[1,-2],[0,-2],[2,-2],[0,-2],[-1,-1],[1,-2],[2,0]],[[5743,9219],[2,1],[1,-1],[1,-1],[1,-1],[1,0],[1,-1],[1,1],[0,-2],[2,0],[1,-1],[0,-1]],[[5754,9213],[0,0],[-1,-1],[0,-1],[-1,-4],[1,-1],[0,-1],[-2,-2],[0,-1],[-2,0],[0,-1],[0,-1],[-1,0],[0,-2],[-1,0]],[[5747,9198],[0,0],[-1,1],[-1,0]],[[5745,9199],[-2,1],[-2,0],[1,2],[-1,1],[-1,0],[-1,-1],[0,0]],[[5739,9202],[-1,1],[1,1],[0,1],[-3,2],[0,0],[-1,1],[0,1],[0,1],[0,1],[1,2],[0,1],[0,1],[0,1],[0,2],[-2,0],[-2,-1],[0,0],[-1,-1],[-1,1]],[[5730,9217],[0,1],[2,1],[-1,1],[-1,0],[-1,1],[2,3],[0,0],[0,2],[0,1]],[[5731,9227],[-1,0],[-1,1],[-1,0],[-1,1]],[[5727,9229],[-1,0],[0,2],[1,2],[-2,-1]],[[5725,9232],[-1,1],[1,1],[0,2],[1,1],[1,1],[-1,1]],[[5726,9239],[0,2],[1,0],[0,1],[1,1]],[[5728,9243],[2,1],[0,1]],[[5766,9192],[-1,-1],[-1,2],[-1,0],[-1,1],[-3,1],[0,0],[-3,-1],[-1,2],[1,0],[0,2],[0,0]],[[5756,9198],[1,1],[0,2]],[[5757,9201],[1,1],[2,2]],[[5760,9204],[-2,2],[-2,0],[1,3],[0,1],[0,1],[-2,0],[-1,0],[0,2]],[[5754,9213],[1,0],[2,3],[-1,0],[-1,-1],[0,2],[0,1],[0,1],[1,0],[0,1],[0,1],[1,2],[-1,2]],[[5756,9225],[3,1],[1,1],[1,0],[1,-1],[0,-1],[2,-1],[0,-2]],[[5764,9222],[3,-3],[1,1],[1,0],[1,0],[1,0],[0,0],[0,-1],[1,0],[2,1],[1,-1],[0,-3],[1,-1],[2,-2],[1,-2],[0,-1],[-1,-1],[0,0],[0,-1],[2,0]],[[5780,9208],[-1,-2],[0,-1],[0,-2],[-2,-1],[-1,0],[0,-1],[-2,-2],[0,-3],[1,0],[0,-2],[-1,-1]],[[5774,9193],[-2,-2],[0,-1],[-1,-1],[-1,2],[-2,0],[0,1],[-1,0]],[[5767,9192],[-1,0]],[[5657,9209],[1,1]],[[5658,9210],[1,1],[1,-1],[0,1],[1,1],[1,1],[0,2]],[[5662,9215],[1,0],[0,-1],[2,0],[3,0],[0,0],[1,1],[1,0],[1,0],[0,1],[1,0],[1,0],[-1,1],[0,2],[-1,2],[0,1],[1,0],[1,1],[2,0]],[[5675,9223],[2,-1],[2,0],[0,0],[2,-1]],[[5681,9221],[3,-1],[1,0],[2,0],[0,-1],[1,0],[1,-1],[0,-2],[1,-1],[0,-1],[-1,-1],[-1,-3],[-1,-2],[-1,-1]],[[5686,9207],[1,-2],[-1,-1],[-1,-1],[-2,-1]],[[5695,9189],[1,-2],[1,1],[1,1],[1,-2],[1,1],[2,1]],[[5702,9189],[0,2],[1,-1],[1,1]],[[5704,9191],[1,2],[0,1],[0,0],[1,3],[2,1]],[[5708,9198],[1,0],[1,1]],[[5710,9199],[1,-1],[1,0],[0,0],[1,0],[1,1],[1,-1],[0,1],[1,1]],[[5716,9200],[1,0],[1,0],[0,-2],[0,-2]],[[5718,9196],[-1,-1],[0,-2],[1,-1],[0,-2],[2,0],[0,1],[1,1],[0,2],[2,-1],[0,0],[1,-1]],[[5724,9192],[0,-2],[-1,-3],[0,-1],[-1,-2],[-1,-2],[-1,-3],[0,-1],[0,-5],[0,0],[1,-2],[0,-1],[0,-1],[-1,0]],[[5780,9140],[0,2],[-1,0],[-1,1],[0,1],[-2,1],[0,2],[-2,-1],[-1,0],[-1,2],[0,1],[-1,0],[-1,1],[-3,0],[0,1],[0,1],[-1,1],[0,3],[-1,1],[0,1],[-1,1],[-1,0],[0,2],[-2,0],[-1,1],[-1,-1],[-1,1],[0,3],[-2,-1]],[[5756,9164],[-3,-2],[0,-1],[-2,-1],[-1,-1],[-2,1],[0,1],[-1,2],[0,0],[-1,1],[0,1],[-2,-1],[-1,1],[-1,0],[-1,1]],[[5741,9166],[0,1],[0,1],[0,2]],[[5741,9170],[1,1],[0,2],[1,0],[1,-1],[1,1],[1,2],[0,1],[2,2],[-1,1],[-1,1],[0,1]],[[5746,9181],[1,1],[0,-1],[2,2]],[[5749,9183],[0,0],[1,3]],[[5750,9186],[1,-2],[2,0],[0,-2],[0,0],[1,-2],[1,0],[1,-1],[0,-2],[1,0],[1,1],[1,1],[0,1],[1,1],[2,1],[0,3],[1,2],[0,1],[2,0],[0,0],[1,1],[1,3]],[[5774,9193],[0,-2],[1,-1],[0,-2],[1,-1],[1,-2],[-1,-3],[0,0],[-1,-2],[2,0],[1,0],[1,2],[1,-1],[1,-1],[1,-1],[1,0],[1,1],[2,-2],[-1,-2]],[[5720,9158],[0,-3],[3,-1],[0,1],[1,3],[1,1],[1,1],[1,-1]],[[5727,9159],[2,-1],[0,-1],[1,-1],[1,0],[1,2],[1,0],[1,3],[0,0],[2,-1],[1,0],[0,-1],[2,0],[0,1],[1,0],[0,1],[1,2],[1,1],[-1,2]],[[5703,9271],[1,0],[1,1],[0,1],[2,-1]],[[5707,9272],[0,-1],[1,-3],[1,-1],[1,-1],[-1,-1],[2,-1],[0,-1],[-1,0],[-1,0],[-1,1],[-2,1],[-1,0],[0,-1],[-1,-2],[2,0],[1,-1],[1,-1]],[[5708,9260],[-1,-1],[-1,-2],[1,-1],[2,-4]],[[5709,9252],[-2,0],[-2,-1],[-1,-1]],[[5704,9250],[-1,-1],[-1,-1],[-1,1],[-1,2],[-2,1],[-1,-2]],[[5697,9250],[-1,1],[-1,-1],[-3,1],[0,0],[1,2],[0,2],[2,-1],[0,2],[-2,1],[1,0],[0,2],[-1,-1],[0,-1],[-2,-1]],[[5691,9256],[1,1],[0,1],[-2,0],[0,2],[-1,1],[-3,0],[0,1],[0,3],[-2,0],[-1,2]],[[5683,9267],[0,1],[3,-1],[1,4]],[[5730,9217],[-1,0],[-1,-1],[-1,0],[-1,-2],[0,-1],[-2,0],[-1,1]],[[5723,9214],[1,0],[-2,-1],[-1,0],[0,-1],[-1,-1],[0,-1],[-1,0],[0,2],[-3,-2]],[[5716,9210],[0,-2],[1,-2],[0,-1],[0,-1]],[[5717,9204],[-3,0],[-1,-1],[-1,1],[1,2],[0,3],[0,1]],[[5713,9210],[-1,0],[-1,0],[0,1],[-1,1],[0,2],[0,1],[0,1],[1,0],[-2,0],[-1,0],[-1,0],[-1,1],[1,1],[0,0],[-2,1],[0,0],[0,2],[0,1],[-1,1],[0,2]],[[5704,9225],[1,1],[0,-1],[1,0],[0,1],[0,1],[1,1],[2,2],[1,0]],[[5710,9230],[2,-1],[1,-1],[1,2],[0,1],[2,-1],[2,0],[1,1],[1,0]],[[5720,9231],[1,-2],[1,1],[2,1],[0,1],[1,0]],[[5694,9235],[1,0],[1,-1],[0,-1],[-1,-1],[-2,-1],[-2,0],[-1,1],[0,-1],[-2,-1]],[[5688,9230],[-1,1],[-1,1],[0,1],[0,1],[-1,-1],[-2,-1],[0,0],[-1,-1]],[[5682,9231],[0,2],[-1,0],[0,1],[-2,1],[-1,2],[0,1],[-2,-1],[0,1],[0,2],[0,1],[1,1],[1,0]],[[5678,9242],[0,2],[-1,0]],[[5677,9244],[2,1],[2,-1],[0,0],[1,1],[-1,1],[0,1],[1,1],[1,1],[0,1],[2,3],[1,-1],[0,1],[1,1],[0,1],[1,1],[1,1],[1,-1],[1,0]],[[5697,9250],[-1,-1],[0,-2],[0,-1]],[[5696,9246],[-1,0],[-1,0],[-1,1]],[[5693,9247],[-2,-2],[-1,0],[-1,-1],[0,-1],[1,-1],[3,0],[0,-2],[0,0],[0,-2],[1,-2],[-1,-1],[1,0]],[[5658,9210],[0,2],[-1,2],[-1,1],[0,2],[2,2]],[[5658,9219],[-1,2]],[[5657,9221],[1,1]],[[5658,9222],[0,0],[1,0]],[[5659,9222],[1,0],[-1,2],[2,1]],[[5661,9225],[1,1],[1,1],[2,1]],[[5665,9228],[0,0],[1,-1],[0,0],[2,0],[1,-1]],[[5669,9226],[0,3],[1,1],[2,-1],[0,1]],[[5672,9230],[1,2],[0,0],[1,0],[2,0],[1,1],[2,0],[-1,-1],[0,-2],[-1,0],[0,-2],[1,0],[3,-1]],[[5681,9227],[1,-1],[-1,-2],[0,-3]],[[5726,9239],[-1,1],[-1,0],[0,2],[-2,1],[0,1],[0,1],[-1,1],[0,1],[-1,-1],[-1,-2],[-2,1],[-1,-1],[-1,0],[-1,0]],[[5714,9244],[-2,1],[0,1],[1,2],[-1,1],[-2,1],[1,1],[-1,2],[-1,-1]],[[5710,9230],[0,1],[-1,1],[-1,0],[0,2],[1,1],[2,0],[-2,0],[-1,2],[0,0],[-1,1],[1,1],[1,1],[2,0],[1,-1],[0,1],[0,1],[0,1],[-1,0],[-1,0],[0,2],[2,0],[1,-1],[1,1]],[[5716,9200],[-1,0],[1,1],[0,1],[1,1],[0,1]],[[5723,9214],[0,-2],[0,-1],[1,-1],[0,-1],[0,-1],[0,-1],[1,0],[0,0],[1,0]],[[5726,9207],[2,0],[1,1],[0,-1],[0,-1],[0,-3],[1,0]],[[5730,9203],[-1,-1],[-1,0],[1,-1],[1,-1],[1,0]],[[5731,9200],[-2,0],[0,-1],[0,-1],[-1,-2],[-1,0],[0,-4],[0,0],[-3,0]],[[5681,9227],[2,0],[-1,2],[0,2]],[[5688,9230],[0,-1],[-1,-2],[1,0],[1,0],[0,-1],[-1,-1],[0,-1],[2,0],[2,-1],[1,1],[0,1],[0,1],[0,2],[1,0],[1,1],[0,0],[2,0],[1,0],[3,-1]],[[5701,9228],[0,-1],[1,-1],[2,-1]],[[5750,9186],[1,1],[0,0]],[[5751,9187],[-1,1],[0,1],[-1,0],[-1,1],[0,2],[-1,1],[-1,2],[1,2],[0,1]],[[5749,9183],[-1,1],[-1,1],[0,2],[0,0],[-1,-1],[-1,-1],[-1,2],[-1,-1]],[[5743,9186],[-1,0],[0,-1]],[[5742,9185],[-1,1],[-1,1]],[[5740,9187],[1,4]],[[5741,9191],[1,2],[1,0],[0,1],[0,2],[1,1],[1,2]],[[5701,9228],[1,0],[1,1],[-1,1],[1,1],[-1,1],[-1,1],[1,0],[-1,2]],[[5701,9235],[0,0],[1,3],[-1,1],[-1,1],[0,-2],[-1,0],[-1,0],[1,3],[-2,1],[1,1],[1,0],[1,2],[0,1],[-4,0]],[[5743,9178],[0,-1],[0,-1],[-1,0],[-1,1],[0,1],[-1,0],[0,0],[0,-1],[-1,1],[-1,0],[-1,1]],[[5737,9179],[1,2]],[[5738,9181],[0,0],[2,0],[0,-1],[1,0],[0,2]],[[5741,9182],[1,-1],[1,-2]],[[5743,9179],[0,-1]],[[5743,9179],[1,0],[1,2],[1,0]],[[5727,9159],[0,2],[1,2],[1,2],[0,3],[1,3]],[[5730,9171],[1,0]],[[5731,9171],[1,1],[0,1],[2,1],[1,0],[1,0],[1,0],[1,0],[-1,2],[0,0],[0,3]],[[5739,9202],[-1,-2],[-1,0],[0,-1],[-1,-1],[-1,-1],[0,-1],[-1,-1],[-1,-1]],[[5733,9194],[-1,0],[-1,1],[0,2],[0,3]],[[5662,9240],[2,0],[1,-1],[1,0],[0,2],[3,1]],[[5669,9242],[1,1],[2,0]],[[5672,9243],[3,0],[1,1],[2,-2]],[[5672,9230],[-2,3],[0,1],[-1,0],[0,2],[-2,-1],[0,0],[0,-1],[-3,0]],[[5664,9234],[-1,2],[-1,1],[0,1]],[[5662,9238],[-2,1],[-1,1]],[[5659,9240],[3,0],[0,0]],[[5732,9177],[1,2],[-1,1],[1,2],[1,0],[-1,1],[0,2],[1,0]],[[5734,9185],[1,-1],[3,1]],[[5738,9185],[0,-2],[0,-2]],[[5731,9171],[0,1],[0,2],[1,3],[0,0]],[[5733,9194],[1,-2],[0,-1],[1,-2],[1,-1]],[[5736,9188],[1,-1]],[[5737,9187],[-2,-1],[-2,0],[1,-1]],[[5737,9187],[1,-1],[0,-1]],[[5740,9187],[-1,0],[0,0],[-3,1]],[[5741,9182],[1,1],[0,2],[0,0]],[[5665,9228],[1,2],[1,2],[0,0],[-1,1],[-2,1]],[[5709,9446],[0,-1],[2,0],[1,-1],[1,0],[0,-1],[2,-1],[0,-1],[0,-1],[0,-1],[0,0],[0,-1],[0,-2],[1,0],[0,1],[1,0],[1,-1],[2,0]],[[5720,9436],[1,-1],[1,0],[-1,-1],[0,-1],[0,-1],[1,1],[3,-1],[-2,-3],[1,-1],[1,0],[0,-1]],[[5725,9427],[-1,-2],[1,-1],[0,-1],[-1,0],[-1,-1],[-1,0],[-2,1],[0,1],[-1,0],[0,-2],[-1,0],[0,1],[-2,-1],[0,-1],[-1,0],[-1,0],[-1,-1],[-1,0]],[[5712,9420],[-1,0]],[[5711,9420],[-1,0],[-1,-1],[-1,1],[-1,0],[0,-1],[-1,0],[0,2],[-1,1],[0,1],[0,1],[-1,2],[-1,1],[-1,-1],[-1,-1],[-1,0],[1,1],[-1,1],[0,1],[1,2],[-1,1],[0,1]],[[5766,9416],[-3,0],[-3,0],[0,1],[-1,1]],[[5759,9418],[-1,1],[-1,-1],[0,1],[-2,-4],[0,-2],[-2,1],[0,0],[-1,0],[0,0],[-1,-1],[-1,-1]],[[5750,9412],[0,0],[-1,1],[-1,-1],[-1,1],[-1,-1],[-4,3],[-1,1],[-1,3]],[[5740,9419],[-1,1],[1,2],[-1,0],[-1,0],[0,1],[-2,-1],[-1,0],[-1,0]],[[5734,9422],[1,2],[-1,0],[-1,0],[-2,1]],[[5731,9425],[0,2],[3,3],[-1,1],[1,-1],[2,1],[1,0],[1,0],[1,0],[1,1],[1,-2],[1,-1],[1,1]],[[5743,9430],[2,0],[0,0],[2,1],[0,0],[0,-1],[1,0],[2,1],[-1,0],[1,2],[0,0],[0,2]],[[5740,9419],[-2,-2],[-1,0],[0,-2],[-1,0],[-1,-1],[-1,1],[0,-1],[-1,-1],[2,-2],[0,-1],[2,-1],[1,2],[1,0],[1,-1],[1,0],[1,0],[0,-1],[-1,-1],[-2,-2],[0,0]],[[5739,9406],[-1,-2],[-2,1],[0,0],[-1,1]],[[5735,9406],[-2,1],[0,1],[-1,-1],[-1,-1],[-1,1],[-1,-1],[-1,1],[-1,1],[0,-3],[-1,-1],[1,0],[0,-3],[-1,-1],[-1,-1],[-1,-1]],[[5724,9398],[-1,0],[0,-1],[-1,0],[0,-1],[-1,-1],[1,-1],[-1,-1],[-1,0],[-1,0],[0,-1],[0,-1],[-1,0],[-1,1]],[[5717,9392],[-2,0],[-1,-2]],[[5714,9390],[-2,1],[0,0],[1,2],[0,1],[-1,1],[0,1],[0,1],[-1,1],[-2,0],[0,3],[1,-1],[1,3],[0,0],[0,1],[-1,0],[-1,1],[-1,1],[-1,0],[-1,1],[1,1],[-1,1],[1,1],[1,0],[0,-1],[1,2],[1,0],[1,0],[2,1],[1,-1],[2,0],[1,0],[1,0],[-1,1],[0,1],[0,1],[0,1],[-1,1],[-1,0]],[[5715,9416],[1,-1],[0,-1],[-1,2]],[[5715,9416],[-1,0],[0,0],[-2,1],[1,1],[-1,1],[0,1]],[[5725,9427],[1,0],[1,-1],[2,0],[1,0]],[[5730,9426],[1,-1]],[[5718,9342],[-1,1],[1,2],[2,2],[0,0]],[[5720,9347],[1,1],[0,1],[1,0],[1,2],[-2,1],[0,1],[0,1]],[[5721,9354],[1,2],[0,2],[0,2],[0,1],[0,1],[0,0]],[[5722,9362],[-1,1],[-1,-1],[-1,1],[0,1],[1,3],[1,2],[1,0],[0,2],[0,0],[0,2],[2,-1],[1,3],[0,0],[1,2],[0,1],[0,1]],[[5726,9379],[0,1],[1,1],[1,-2],[0,1]],[[5728,9380],[0,-1],[2,-1],[0,-1],[2,0],[1,1],[1,0],[0,0]],[[5734,9378],[0,-2],[-1,0],[0,-2],[0,-1]],[[5733,9373],[3,-1],[0,-2],[1,0],[1,-1],[1,0],[1,0],[0,-1],[2,-3],[2,1],[0,2],[1,3],[1,1]],[[5746,9372],[0,0],[2,1],[2,-2]],[[5750,9371],[-2,-4],[-1,-2],[0,-1],[1,0],[1,-1],[-1,-1],[0,-3],[-1,0],[-1,0],[-1,-2],[-1,0]],[[5744,9357],[-1,-2]],[[5743,9355],[-1,-2],[-1,-1],[0,-2],[-1,-1],[0,-1],[-2,-2],[-1,0],[-1,-1],[-1,-1],[-1,-1],[0,0],[-1,0]],[[5722,9477],[1,0],[0,-1],[1,-1],[1,-1],[1,-1],[-1,-1],[2,0],[0,-1],[0,-1],[1,0],[0,1],[2,0],[1,-1],[1,0],[1,0],[0,1],[1,0],[1,1],[1,1],[0,-1],[1,0],[1,-1]],[[5741,9463],[-1,-1],[1,-2],[-1,0],[-1,0],[-1,-1]],[[5738,9459],[-1,0],[-1,0],[-2,-1],[0,-1],[-2,-3],[-1,0],[2,-9],[-3,-1],[-2,-1],[-1,0],[-2,-1]],[[5725,9442],[-2,4],[-1,1],[0,3],[-1,0],[-1,1],[-1,0],[0,1]],[[5719,9452],[-1,2],[-1,0],[0,-1],[-1,0],[-1,1]],[[5765,9415],[-1,-1],[-1,-2]],[[5763,9412],[0,-2],[0,1],[-1,0],[-1,-1],[1,-1],[1,0],[-1,-2],[0,-1],[0,-1],[-1,-1],[-1,-1],[0,-2],[1,1],[2,0],[0,-1],[0,-2],[1,0],[0,-1],[0,-1],[1,-1],[0,0],[0,-1],[0,-1],[-1,0],[-1,-1],[-1,1],[0,1],[-1,1],[-1,-1],[0,-1],[0,-1],[0,-2]],[[5760,9391],[0,0],[-1,0],[-1,0],[0,-3],[-1,-3],[1,0],[-1,0],[-1,1],[0,1],[0,0],[-2,0],[-1,4]],[[5753,9391],[-1,-1],[-1,0],[-1,1],[0,0],[-1,1],[-1,0],[-1,0],[0,0],[-1,0],[-1,1],[-1,0]],[[5744,9393],[-1,0],[0,1],[1,2],[0,0],[-2,1],[1,1],[2,2],[0,1]],[[5745,9401],[2,3],[1,2],[0,1],[-1,1],[1,2],[1,0],[1,-1],[1,2],[-1,1]],[[5705,9359],[0,0],[1,1],[0,1],[1,0],[1,0],[2,-1],[0,1],[1,1],[1,-1],[1,1],[1,1]],[[5714,9363],[0,1],[0,1],[-2,2],[-1,1],[-1,0],[-1,1]],[[5709,9369],[0,4],[-1,1],[1,1],[0,2],[1,0],[3,0],[0,2],[0,0],[-1,2]],[[5712,9381],[1,1],[2,2]],[[5715,9384],[1,-2],[1,1],[1,0],[0,1],[2,-1],[0,1],[1,0],[1,-2]],[[5722,9382],[2,-1],[0,-1],[2,-1]],[[5767,9381],[0,-1],[-3,-3],[-1,-2],[-1,-2],[-2,-2],[0,0],[-1,-2],[-1,-1],[0,-1],[-2,-1]],[[5756,9366],[-1,-1],[-2,1],[1,1],[-3,1],[0,1],[1,2],[-1,1],[-1,-1]],[[5734,9378],[0,2],[1,1],[0,1],[1,0],[1,-1],[1,0],[0,1],[1,2],[0,1],[1,0]],[[5740,9385],[0,1],[2,1],[0,0],[0,1],[-1,2],[1,1],[1,0],[1,1],[0,1]],[[5720,9436],[1,1],[1,0],[0,1]],[[5722,9438],[2,3],[1,1],[0,0]],[[5748,9351],[0,2],[2,2],[-1,0],[-1,1],[1,1],[-3,-3],[0,0],[-1,2],[-1,1]],[[5756,9366],[1,-2],[-2,-2],[0,-1],[-1,-1],[0,-2],[1,0],[1,0],[1,-1],[3,0],[0,-1]],[[5760,9356],[0,-1],[-2,-2],[0,0],[-2,-3],[-1,-1],[-1,0],[-3,0],[0,-2],[-2,0],[0,0],[-1,-1],[0,-1],[-1,0],[-2,0],[2,2],[-1,0],[0,2],[2,2]],[[5728,9380],[0,2],[0,1],[1,0],[-1,2],[0,0],[-1,1],[-1,0],[0,-1],[-1,1],[0,2]],[[5725,9388],[0,1],[2,0],[0,0],[0,1],[1,2],[-1,0]],[[5727,9392],[1,0],[-1,2],[-1,0],[-1,0]],[[5725,9394],[-1,1],[1,1],[-1,2]],[[5760,9356],[2,-1],[1,0],[1,2],[0,1],[0,-2],[1,-1],[2,1],[1,1],[0,0],[0,-2]],[[5775,9374],[1,-2],[0,-1],[-1,-1],[0,0],[-2,-2],[0,-1],[-2,-4],[-2,-2],[0,-1],[1,-2],[0,-1],[-1,-3]],[[5715,9384],[1,1]],[[5716,9385],[0,1],[2,1],[1,1]],[[5719,9388],[1,1],[1,0],[0,0],[1,1],[1,0],[0,-1],[1,0]],[[5724,9389],[0,-1],[1,0]],[[5719,9452],[-1,0],[0,-2],[-1,-1]],[[5717,9449],[1,-1],[0,-1],[0,-1],[-1,-1]],[[5717,9445],[-2,0],[0,1],[-2,0],[0,1],[-2,-2],[-1,1]],[[5727,9392],[-1,-1],[0,1],[-1,0],[-1,-1],[0,-1],[0,0],[0,-1]],[[5716,9385],[-2,2],[0,1]],[[5714,9388],[0,1],[0,1]],[[5717,9445],[1,-1],[1,-1],[-1,-1],[1,0],[0,2],[0,1],[1,-1],[0,-1],[1,0],[1,-1],[-1,-1],[-1,-1],[1,-2],[1,0]],[[5233,8964],[-1,-1],[-1,1],[-1,0],[-1,0],[0,-2]],[[5229,8962],[0,2],[-1,1],[1,1],[-1,2],[0,1],[-1,2],[0,2],[0,1],[-1,0],[-1,-1],[0,1],[-1,0],[-2,0],[-1,1],[-1,0],[-2,-1],[0,1],[-2,-1],[-1,1]],[[5215,8975],[-1,1],[-1,-1],[0,-1],[-1,0],[0,2],[1,1],[0,1],[0,1],[-1,0],[1,1],[0,1],[0,1],[1,-2],[1,0],[1,1],[0,0],[1,1],[0,2],[0,1],[-1,0],[0,2],[-2,1],[0,2],[-2,0],[0,2],[0,0],[0,1]],[[5212,8993],[1,1],[1,2],[1,2],[0,2],[1,1],[1,0],[1,-1],[1,1],[1,1],[0,-1],[1,-1],[0,0],[1,1],[0,1],[1,2],[-1,0],[-1,1],[1,0],[-1,2],[0,1],[1,1],[0,1]],[[5222,9010],[1,0],[0,2],[1,2],[1,0],[0,0],[1,2],[1,1],[1,2]],[[5228,9019],[2,-2],[2,-1],[1,-2],[0,-1],[1,1],[0,0],[0,-2],[1,-1],[0,-2]],[[5191,8960],[-2,1],[-1,2],[-1,0],[0,-2],[-1,0]],[[5186,8961],[-1,2],[0,1],[-1,0],[-2,2],[-2,1],[-1,0],[-1,1],[0,1]],[[5178,8969],[-1,1],[-1,0],[-2,1],[0,2],[-1,1],[-1,1],[1,1],[-1,0]],[[5172,8976],[0,2],[0,1],[0,1],[-1,1],[-1,1],[1,2]],[[5171,8984],[1,-1],[1,0],[1,2],[0,2],[-1,1]],[[5173,8988],[1,1],[1,0],[-1,1],[1,1],[1,0],[1,-1],[0,2],[0,1],[1,1],[0,-1],[2,1]],[[5180,8994],[1,-1],[0,-1],[2,0],[1,-1]],[[5184,8991],[1,-1],[0,-1],[1,1],[1,-1],[0,-1],[2,0],[0,0],[1,0],[1,0],[2,0],[0,0],[2,1]],[[5195,8989],[1,-1],[2,1],[1,0],[0,-3],[-1,0],[-1,0],[-1,0],[0,-3],[-1,-1]],[[5195,8982],[1,-2],[1,1],[0,0],[2,0],[0,1],[2,0],[0,-1],[1,-1],[-1,-1],[-1,-2],[0,-1]],[[5200,8976],[-1,0],[-1,0],[-1,0],[-1,0],[-1,0],[0,1],[-1,0],[-1,-1],[0,0],[-1,-2],[1,-1],[1,-2],[2,0],[0,-1],[-1,-1],[0,-1]],[[5195,8968],[2,-1],[0,-1],[1,0],[1,0],[1,0],[1,0],[0,-1],[0,0],[0,-2],[1,-1],[1,-1],[0,-1],[-1,0],[0,-2],[-1,0]],[[5201,8958],[-1,1],[-1,1],[-1,-1],[-1,1],[2,2],[-2,0],[-1,-1],[0,-1],[-2,0],[0,1],[-1,-1],[0,-1],[0,-1],[-1,0],[-1,0],[0,2]],[[5171,8984],[-1,0],[-2,-1],[0,0],[-1,0],[-1,1]],[[5166,8984],[-1,-1],[0,0],[-2,-1],[0,0],[-2,0],[0,-1],[-1,-1],[0,-2],[0,0],[0,-1]],[[5160,8977],[1,-1],[-1,-1],[1,-1],[-2,1],[-1,-2],[0,0],[0,-1]],[[5158,8972],[0,-1],[-1,1],[-1,0],[0,2],[-1,0]],[[5155,8974],[-2,2],[-1,2],[-1,1],[1,1],[-1,2],[-2,0],[2,2],[3,1],[0,1],[4,2],[1,1],[0,1],[-1,0],[-1,-1],[-3,4],[0,1],[-1,1],[-1,1],[0,1]],[[5152,8997],[1,0],[0,1],[3,1],[2,0],[0,-1],[4,0],[2,1]],[[5164,8999],[1,-1],[3,-1],[2,-6],[-1,-2],[2,0],[1,-2],[1,1]],[[5137,8976],[1,-1],[2,-1],[0,-1],[-1,0],[-2,0],[-1,-1],[-1,0],[-1,1],[-1,1],[-2,-1],[-1,1]],[[5130,8974],[1,1],[0,2],[0,4],[1,4],[1,6],[0,0],[0,1],[0,1],[1,3],[0,2],[2,7]],[[5136,9005],[0,1],[2,0],[1,1],[0,-3],[1,-4],[1,-1],[0,-2],[1,0],[2,-2],[1,0],[1,-1],[-1,-1],[2,0],[0,2],[2,0],[1,1],[0,1],[1,1],[1,-1]],[[5155,8974],[0,-1],[-2,0],[0,0],[-1,0],[-1,-1]],[[5151,8972],[-2,2],[-2,-1],[-1,1],[-1,1],[-1,3],[0,0],[-2,0],[0,-1],[-1,0],[-1,0],[-1,0],[-2,-1]],[[5229,8962],[0,-1],[-1,1],[0,-1],[-1,-1],[-2,0],[0,-1],[-2,1]],[[5223,8960],[0,1],[-1,0],[-2,0],[-1,0]],[[5219,8961],[-2,-1],[-1,0],[0,-1],[-1,0],[-1,2],[0,1],[2,1],[1,0],[0,1],[-1,1],[-1,0],[-1,-1],[0,0],[-2,0],[-1,-2],[-1,0],[0,-1],[0,0],[-1,-1],[-1,0],[-2,-2]],[[5206,8958],[-1,1],[0,1],[0,-1],[-2,-1],[-1,-1],[-1,0],[0,1]],[[5195,8989],[1,0],[0,2],[1,-1],[0,2],[1,0],[2,-1],[0,2],[-1,1],[1,2],[0,1]],[[5200,8997],[1,0],[0,1],[1,1],[2,0],[1,1],[0,0],[2,0],[2,1],[-2,-5],[0,-2],[2,-2],[1,-1],[0,0],[2,2]],[[5183,9032],[3,1],[2,-2],[2,-1],[1,-1],[-1,-1],[3,-1],[1,-1],[1,-2]],[[5195,9024],[0,-2],[1,-1],[0,-2],[-1,-1],[0,-4],[-2,-1],[-1,-2],[2,-1],[1,-1],[0,-1],[2,1],[0,-1]],[[5197,9008],[-1,-3],[-1,-1],[0,-2],[0,-1],[2,0],[0,0],[1,-4],[2,0]],[[5164,8999],[2,6],[1,4],[-5,1],[-1,0],[-1,1],[-1,-1],[-2,2],[-1,0],[-2,3],[-1,0],[1,2],[1,0],[0,0],[1,2],[1,1],[1,1],[1,0],[0,1],[2,1],[0,1],[1,1],[-1,1],[0,2],[0,1],[0,1],[-1,0],[-2,1],[1,2],[1,1],[1,1],[0,1],[1,4]],[[5162,9040],[4,-2],[5,-1],[2,0],[1,-2],[0,-2],[-1,-3],[-1,0],[-1,-3],[2,0],[1,3],[1,3],[1,0],[5,-1],[1,1],[1,-1]],[[5228,9019],[-1,0],[0,1],[-1,0],[0,1],[-1,1],[-3,1],[0,1],[0,0],[0,1],[-3,-3]],[[5219,9022],[-1,-1],[-1,0],[-1,0],[0,-2],[-1,-2],[0,0],[-3,1],[-2,-1],[-2,0],[-1,0],[-1,1],[-1,0],[-1,-1],[-1,0],[0,0],[-1,6],[-1,0],[-3,0],[-3,1]],[[5162,9040],[-2,0],[-3,2],[1,2],[-1,2],[1,1],[0,1],[0,1],[1,-1],[1,0],[1,3],[3,0]],[[5164,9051],[7,-5],[2,-1],[2,0],[0,1],[-1,2],[-1,2],[0,1],[1,1],[0,2],[1,5],[2,-2],[1,-1],[6,0],[3,0],[0,1],[0,2],[1,0],[1,-1],[1,-1],[1,-1],[4,0],[0,5],[0,2],[0,3],[1,3],[1,4],[1,1],[1,2]],[[5241,9052],[1,-3],[0,-2],[0,-5],[2,0],[0,0],[2,0],[2,0],[5,0],[3,-2],[0,-1],[9,-1]],[[5265,9038],[-1,0],[1,-2],[-1,0],[-1,-2],[-1,-1],[-1,-3],[-1,0],[1,-2],[-1,-1],[0,0],[-1,-2],[-1,-1]],[[5258,9024],[1,-3],[1,-2]],[[5151,9053],[1,0],[1,1],[1,2],[1,1],[2,3],[2,0],[2,4],[2,0],[3,-3],[-1,-8],[-1,-2]],[[5136,9005],[0,2],[0,3],[1,6],[1,4],[0,1],[2,9],[0,3],[1,0],[-1,0],[1,6],[1,1],[0,5],[1,5],[0,6],[1,2]],[[5144,9058],[6,-4],[1,-1]],[[5144,9058],[0,5],[1,4],[1,10],[1,9]],[[5186,8961],[-1,-1]],[[5185,8960],[-1,0],[-1,0],[-1,-1],[0,-1],[-2,0],[0,0],[-1,0],[-2,1],[-1,0],[-1,-1],[-1,-2],[0,1],[-1,0],[-1,0],[-1,0],[-2,1],[-1,-1],[1,0],[0,-2],[0,-2]],[[5169,8953],[-3,0],[0,-1],[0,1],[0,0],[-2,0],[-1,1],[-1,-1]],[[5162,8953],[0,2],[-1,0],[0,-1],[-2,0],[-1,-2],[-1,0],[-1,0],[0,-1],[0,-1],[-1,2],[-1,-1],[0,0]],[[5154,8951],[0,1],[0,1],[0,0],[1,0],[1,1],[1,0],[0,0],[-1,1],[-1,1],[0,1],[-2,1],[-1,0]],[[5152,8958],[0,1],[-2,1],[0,1],[1,0],[1,0],[-1,1],[0,1],[0,0],[-1,1],[-1,1],[-1,1],[0,2],[1,1],[1,2],[1,1]],[[5158,8972],[1,0],[1,-1],[0,-1],[1,-1],[1,0],[1,0],[1,0],[1,1],[1,1],[0,1],[0,1],[1,0],[1,0],[2,1],[0,2],[0,1],[1,-2],[1,1]],[[5160,8977],[2,1],[1,0],[1,1],[0,-2],[1,0],[1,0],[0,2],[-1,1],[1,1],[0,0],[0,3]],[[5152,8958],[-1,0],[-1,-2],[-2,-1],[-1,-1]],[[5147,8954],[0,1],[0,1],[-1,1],[0,2],[1,1],[-1,1],[-3,-1],[-2,2],[-1,0],[-1,1],[-2,1],[-1,0],[-1,0],[0,-1],[-1,0],[-2,-1],[-2,1],[-3,1]],[[5127,8964],[2,3],[1,3],[0,2],[0,2]],[[5197,9008],[1,-2],[1,1],[0,1],[1,1],[1,-2],[1,0],[1,1],[1,-1],[2,0]],[[5206,9007],[3,-1],[0,0],[1,-1],[2,0],[0,-1],[1,-2],[-1,-1],[1,0],[1,1],[1,0],[-1,1],[0,2],[1,0],[0,2],[0,2]],[[5215,9009],[1,0],[2,3],[1,-1],[2,-1],[1,0]],[[5147,8954],[-1,0],[-2,-2],[-3,1],[-1,-1]],[[5140,8952],[-2,0],[-1,-1],[-2,1],[-2,0]],[[5133,8952],[-1,2],[-1,0],[-2,0]],[[5129,8954],[0,3],[-1,0],[0,1],[-2,-2],[0,0]],[[5126,8956],[-2,0]],[[5124,8956],[0,0],[2,6],[1,2]],[[5215,9009],[-2,0],[0,1],[0,1],[0,0],[-1,0],[-2,1],[-1,-1],[-1,-2],[-1,-1],[-1,0],[0,-1]],[[5305,9531],[0,-2],[-1,1],[-1,2],[0,1]],[[5303,9533],[0,1],[2,1],[0,1],[1,1],[0,1],[1,1],[1,0],[2,2],[2,-1]],[[5312,9540],[1,0],[2,-1],[0,0],[2,2],[0,1],[0,2],[1,0],[1,1],[1,1],[0,2],[1,-1],[0,0],[0,-3],[0,-1],[1,0],[2,0],[1,-1],[0,-1],[0,-1],[1,1],[1,4],[0,2],[-2,3],[2,1],[1,1],[1,0],[1,-2],[2,-1]],[[5332,9549],[0,-1],[2,-2],[1,0],[0,1],[1,0],[1,-3],[1,0],[1,0],[0,3],[1,-1],[0,-1],[3,0],[0,-2],[1,0],[0,-2],[0,0],[0,-2],[1,-1],[1,0],[1,1],[0,1],[1,1],[-1,1],[0,1],[1,0],[1,2],[0,1],[0,0],[0,3]],[[5349,9549],[1,0],[1,0],[1,0],[1,-1],[1,0],[1,-1],[1,-1]],[[5356,9546],[1,-1],[1,-2],[2,-1],[-1,-1],[0,-2],[1,0],[-1,-1]],[[5359,9538],[-1,-1],[-1,-1]],[[5357,9536],[-1,-1],[-2,-2],[0,0],[-1,-1],[1,-1],[-1,-2],[0,-1],[-2,1],[-1,0],[0,0],[-1,0],[0,-1],[0,-1],[-2,0],[0,-2],[0,-1],[0,-1],[-2,-1],[0,2],[-3,-1],[0,1],[-1,-1],[-1,1],[-2,0],[0,-1],[-1,-3]],[[5357,9475],[-1,2],[1,2],[0,1],[0,2],[2,0],[2,-1],[0,0],[2,-1],[1,1],[1,1],[1,1],[1,0],[1,-1],[1,-1],[1,2],[3,0],[1,-1],[1,2],[0,2],[1,0],[1,1],[1,1],[2,2],[-1,0],[1,2]],[[5380,9492],[0,2],[2,2],[0,0]],[[5382,9496],[1,0],[3,2]],[[5386,9498],[1,-1],[-1,-1],[0,-2],[0,-2],[-1,-2],[1,-1],[-1,-1],[0,-1],[1,-1],[-1,-2],[0,-1],[0,-1],[-2,0],[0,0],[-1,-2],[0,0],[-2,-1],[2,-3],[1,-1],[0,-1],[-1,-1],[0,-1],[0,-2],[1,0]],[[5332,9549],[1,1],[-1,1],[-1,2],[0,2],[0,0],[1,0],[2,0],[1,1],[1,0],[0,2],[0,1],[2,-1],[0,-1],[1,0],[1,-2],[1,0],[0,-2],[0,-1],[1,0],[1,0],[1,0],[1,-1],[1,-1],[-1,-1],[1,-1],[0,1],[1,0],[2,0]],[[5382,9570],[1,0],[1,1],[1,1],[1,-1],[0,-1],[0,-2],[-1,0],[0,-1],[0,0],[-1,-1],[-1,-1],[0,-2],[1,0],[1,-1],[2,-2]],[[5387,9560],[1,-1],[0,-1],[-1,0],[1,-2],[0,-1],[-3,-4],[-1,0],[-1,-2],[0,-1],[1,0],[1,-1],[2,-2],[-1,-1],[1,0],[-2,-3],[3,-3],[1,-1],[-1,-1],[0,-1]],[[5388,9535],[-1,0],[0,-3],[-1,-1],[-2,-1],[0,-1],[2,-2],[0,-2],[-2,1],[-1,-1],[-1,0],[-1,1],[-1,0],[-2,-1],[-1,0],[-1,0],[-1,0],[-1,-2]],[[5374,9523],[-3,3],[1,1],[-1,1],[0,0],[-2,1],[-1,1]],[[5368,9530],[-1,0],[1,2],[-2,1],[-1,1],[0,0],[-1,-1],[-1,2],[-1,0],[-1,1],[-1,1],[0,1],[-1,-2],[0,2]],[[5356,9546],[2,1],[0,1],[1,1],[-1,2],[-1,1],[1,1]],[[5358,9553],[0,2],[1,1],[0,1],[1,2],[3,0],[1,0],[0,1],[1,0],[0,-1],[3,0],[0,1],[1,2],[0,1],[1,2],[0,1],[0,0]],[[5368,9530],[-2,-2],[1,-1],[-1,-2],[0,-2],[-2,0],[0,-1],[-1,-1],[1,-1],[-1,0],[1,-1]],[[5364,9519],[-1,-1],[-2,-1],[-1,0],[0,-2],[1,-3],[1,-2],[0,0]],[[5362,9510],[0,-1],[-2,-2],[-1,-3],[-1,-1],[-2,0],[-1,0],[-2,-2],[-2,0],[-3,-2]],[[5312,9540],[1,1],[0,1],[-1,1],[1,1],[1,0]],[[5314,9544],[1,1],[1,1],[1,3],[1,1]],[[5318,9550],[1,0],[0,1],[0,1],[-1,1],[0,1],[0,3],[0,2]],[[5318,9559],[2,2],[0,0],[1,-2],[1,-2],[1,1],[-1,2],[0,1],[0,2],[1,1],[1,0],[1,1],[0,2],[-1,2],[0,0],[-1,1],[0,1],[1,1],[0,2],[0,0],[0,2],[1,1],[-3,0],[0,1],[-1,0],[0,4],[0,0],[0,1],[3,0],[1,0],[0,2],[0,1],[-2,-1],[-1,1],[2,0],[1,1]],[[5388,9535],[1,0],[1,2],[1,0],[0,3],[3,-2],[2,-1],[1,0],[1,-1],[1,0],[0,-1],[1,-4]],[[5400,9531],[-1,0],[1,-1],[2,-4],[3,-1],[-1,-1],[2,-1]],[[5406,9523],[0,0],[0,-4],[1,-1],[1,0],[0,-1],[1,0],[1,-1]],[[5410,9516],[1,-2],[1,1],[3,-2],[-1,0],[-1,-1],[-1,-1],[-1,-1],[1,0],[-1,-2],[0,-2],[-4,-3]],[[5407,9503],[-1,-1],[-2,1],[0,1],[-1,-1],[-1,3],[-1,0],[0,1],[-2,1],[-1,0],[-3,-1],[-1,2],[0,0],[-1,-1],[0,-1],[-1,-1],[0,-1],[0,-2],[1,0],[1,-1],[-1,-1],[0,-1],[1,0],[0,-1],[1,0],[0,-1],[-1,-1],[0,0],[-2,-2]],[[5392,9495],[0,1],[-2,1],[-1,1],[0,2],[-1,1],[-1,-1],[-1,-2]],[[5382,9496],[-1,1],[-2,0]],[[5379,9497],[2,2],[0,1],[2,4],[0,2],[-1,1],[-1,0],[0,0],[-2,0],[-1,1],[0,1],[-3,-1],[-1,0],[-3,3]],[[5371,9511],[2,0],[0,3],[0,0],[0,1],[0,2],[1,1],[0,0],[-1,1],[-2,2]],[[5371,9521],[2,1],[1,1]],[[5392,9495],[1,-1],[0,-2],[0,-1],[1,-2],[1,-1],[0,1],[2,-1],[0,-2],[2,0],[0,-2],[2,-2],[0,0],[1,-1],[1,-1],[1,0],[1,-1],[2,-1],[0,1],[2,4],[1,0],[1,-1],[0,1]],[[5411,9483],[1,-1],[1,-2],[2,-1],[2,1],[-1,1],[2,0],[1,0],[1,0],[2,3],[0,0],[1,0],[4,0],[1,1],[3,1]],[[5364,9519],[1,1],[2,1],[0,-3],[1,-1]],[[5368,9517],[0,-2],[0,-1],[-2,-2]],[[5366,9512],[-1,0],[-1,1],[-2,-3]],[[5366,9512],[1,1],[0,-3],[1,-1],[0,0],[-1,-3],[1,-1],[-1,-1]],[[5367,9504],[-1,-1],[-1,0],[-2,0],[1,-2],[-1,-1],[0,-2],[1,-1],[1,0],[0,-2],[0,-2],[-1,-1],[0,1],[-2,-2]],[[5362,9491],[0,1],[-2,1],[-1,0],[-2,2],[0,2],[-2,-2],[-1,0],[-1,0],[-1,1],[0,0],[-2,1]],[[5368,9517],[2,1],[1,2],[0,1]],[[5379,9497],[-1,0],[-1,0]],[[5377,9497],[-1,0],[-1,0],[-1,1],[0,1],[-1,-1]],[[5373,9498],[0,2],[-2,-1],[0,1],[-1,0],[-2,-1],[0,2],[0,0],[-1,2],[0,1]],[[5411,9483],[1,1],[0,2],[-1,1],[1,0],[2,4],[0,1],[-1,1],[-1,0],[-2,1],[1,1],[0,1],[-2,2],[-1,0],[0,2],[-1,0],[0,2],[0,1]],[[5406,9523],[0,0],[0,1],[1,1],[1,0],[2,1],[0,1],[0,3],[1,0],[1,0],[-1,-2],[1,0],[2,1],[2,-1],[1,0],[1,1],[0,-2],[0,-1],[1,0],[1,0],[1,0],[1,1],[1,-1],[0,2],[1,1],[2,-1],[1,0],[2,0],[1,1],[1,-1],[0,1],[1,-1],[1,-1],[0,1],[1,1],[1,-1],[1,-1],[2,1],[2,1]],[[5440,9529],[1,-1]],[[5441,9528],[0,-2],[0,0],[1,1],[2,-4],[-1,-2]],[[5362,9491],[0,-1],[0,-1],[-1,-2],[1,-1],[1,0],[1,0],[1,0],[0,1],[1,2],[1,0],[1,1],[1,1],[1,0],[2,1],[0,-2],[1,-1],[1,0],[1,1],[1,1],[2,1],[2,0]],[[5377,9497],[-1,-1],[-1,-1],[-2,-2],[-1,-1],[-2,0],[0,1],[1,1],[-1,1],[1,1],[1,1],[1,1]],[[5614,9230],[3,1]],[[5617,9231],[0,-2],[1,0],[1,-2],[0,-2]],[[5619,9225],[0,-2],[-1,0]],[[5618,9223],[-1,0],[-2,0],[0,0],[-1,-1],[1,-2],[-1,-1],[0,-1]],[[5614,9218],[-2,-1],[0,-2],[0,-1],[0,-1]],[[5612,9213],[0,-1],[-2,0],[-2,1],[-1,0]],[[5607,9213],[-2,-1],[2,-1],[-1,-2],[-1,1],[-2,0],[-1,-1],[0,-1],[0,1],[-1,0],[-1,-1],[0,-1],[-1,-2],[0,0],[-1,3],[-1,0],[-1,0],[-1,-2],[0,-2],[-1,1]],[[5594,9205],[-1,3],[-1,1],[0,1],[-1,1],[-1,-1],[-1,1],[-1,-1],[-1,-2],[-1,-1],[0,-1],[-1,-1],[0,1],[-1,2]],[[5584,9208],[0,2],[0,3],[0,0],[1,2],[0,1],[0,0],[1,1],[1,1],[1,0],[2,1]],[[5590,9219],[2,0],[1,1],[0,1],[1,0],[0,1],[0,1],[1,0],[1,0],[0,0],[0,-1],[0,-3],[1,-1],[1,0],[1,1],[1,0],[1,0],[1,0],[1,1],[-1,1],[1,1],[-1,1],[0,0],[0,2],[1,1],[1,1],[1,1],[1,0],[0,2],[-1,1],[0,1],[1,1],[0,1],[1,0],[0,2],[0,2],[1,0],[1,0],[2,-2]],[[5611,9236],[1,0],[1,0],[0,-1],[2,0],[-1,-1],[0,-2],[0,-1],[0,-1]],[[5605,9276],[0,-2]],[[5605,9274],[-1,0],[-1,-1],[-1,-2],[1,-1],[0,-2],[2,0],[1,-2],[0,-2],[-1,-1],[0,-2],[-1,0],[0,-1],[-1,-1],[1,-2]],[[5604,9257],[-2,0],[0,-1],[0,-1],[-2,0],[0,-1],[-1,0],[-2,-1],[0,-1],[0,-2],[3,0],[1,-1],[0,-1],[-1,0],[0,-2],[-1,-1],[-1,0],[-2,0],[0,-2],[-1,-1],[-3,0],[-2,1],[0,1],[1,1],[-3,1],[-1,1],[-1,-1],[-2,0],[0,-1],[-1,0],[0,-1],[-1,0]],[[5582,9244],[-1,0],[0,1],[-1,0],[-2,1],[0,1],[0,1],[-1,2],[-1,2]],[[5576,9252],[-2,2],[0,2],[1,0],[-1,2],[1,1],[-2,1],[0,0],[0,2],[-1,0],[0,-1],[-1,1],[-1,1]],[[5570,9263],[0,1]],[[5570,9264],[1,1],[-1,1],[-1,1],[-1,0],[-1,1],[2,2],[1,1],[-1,1],[1,2],[0,1],[-1,1]],[[5569,9276],[1,1],[0,1],[-1,0],[0,1],[2,0],[0,1],[1,1]],[[5572,9281],[2,-1],[1,0],[1,-1],[1,-1],[2,0],[0,-3],[-1,-1],[1,0],[2,0],[0,-1],[1,1],[-1,2],[1,1],[1,-1],[1,0],[1,1],[1,1],[1,0],[0,-1],[0,2],[0,0],[-1,1],[0,2],[1,1],[0,0],[1,-2],[1,-1],[2,1],[0,1],[0,1],[-1,1],[0,0],[-1,1],[0,3],[0,1],[1,0],[1,1],[2,-1],[2,-1]],[[5595,9288],[1,0],[1,-2],[1,-1],[2,0],[1,-1],[0,-1],[1,-1],[1,-2],[-1,0],[0,-1],[1,-1],[1,1],[1,-2],[0,-1]],[[5585,9335],[0,0],[0,-2],[0,-1],[0,-2],[0,0],[0,-2],[-1,-1],[1,-1],[1,-1],[2,0],[2,0],[1,0],[0,-2],[1,-3],[4,1]],[[5596,9321],[0,-1],[-1,-1],[1,-2],[1,-2]],[[5597,9315],[-1,-2],[0,-2],[-1,-1],[0,-2],[1,-1],[0,-1]],[[5596,9306],[0,-1],[-2,0],[-1,-1],[-1,-2],[2,-1],[-1,0],[1,0],[1,-1],[0,-1],[0,-1],[-2,-2],[0,-1],[1,-1],[1,0],[1,-1]],[[5596,9293],[0,-1],[-1,0],[1,-3],[-1,-1]],[[5572,9281],[-1,3],[-1,1],[-1,1],[-2,1]],[[5620,9232],[0,-1],[-3,0],[0,0]],[[5611,9236],[0,3],[1,0],[0,2],[-1,1],[0,1],[0,0],[-3,1],[1,1],[0,1],[1,1],[2,0],[0,2]],[[5612,9249],[1,1],[1,0],[1,1],[1,0],[1,-1],[4,0],[0,0],[1,-2],[0,0],[0,-2],[-1,-1],[1,0],[1,-1],[0,-1],[0,-1],[-1,-1],[0,-1],[0,0],[1,-2],[1,1],[2,-1],[0,2],[1,-1],[0,-2],[1,-1]],[[5628,9236],[-2,0],[-1,0],[-1,1],[-1,-2],[-1,-1],[1,-3],[0,-1],[-1,0],[-1,1],[-1,1]],[[5628,9322],[1,0],[1,-2],[0,-1],[-1,-1],[0,-1],[0,-1],[-1,0],[-2,1],[0,1],[-1,-1],[-1,-1],[-2,-1],[-1,1],[0,-1],[-1,-2],[-1,-1],[0,-1],[1,-1],[-1,-2],[0,0],[0,-1],[-1,-1],[-1,-2],[-1,0],[-1,0],[-1,0],[1,-2],[1,0],[1,-2],[1,-1],[1,1],[1,-2],[-1,-2],[0,-1],[-1,1],[-1,0],[-1,-1],[-1,1],[-1,1],[0,-2]],[[5614,9295],[-1,0],[0,-1],[-2,1],[-2,-1],[0,1],[-2,-2],[-1,1],[1,1],[-1,0],[0,3],[1,0],[0,2],[1,0],[1,-1],[0,2],[1,1],[-1,1],[1,2],[-2,0],[0,1],[-1,1],[-1,1],[-1,-1],[-2,-1]],[[5603,9306],[-2,1]],[[5601,9307],[0,0],[1,2],[0,0],[-1,3],[1,0],[0,1],[-1,0],[0,0],[-1,0],[-2,1],[-1,1]],[[5596,9321],[1,1],[1,1]],[[5598,9323],[1,0],[1,0],[1,1],[1,0],[2,-3],[1,0]],[[5605,9321],[2,0],[2,0],[0,1],[0,1],[1,0],[1,1],[1,-2]],[[5612,9322],[0,-1],[0,1]],[[5612,9322],[1,0],[1,1],[1,-1],[1,-1],[-2,-1],[0,-1],[3,0],[1,0],[0,1],[1,1],[1,0],[1,1],[0,0],[1,0],[1,1],[1,-1],[1,0],[0,1],[-1,2],[1,0],[0,1],[1,0],[0,1]],[[5626,9327],[2,0],[1,-1],[0,-1],[-2,-1],[0,-1],[1,-1]],[[5612,9272],[0,-1],[-2,-1],[0,1],[-1,-1],[-1,2],[-1,-1],[0,2],[-2,1]],[[5596,9293],[1,2],[0,1],[0,1],[1,2]],[[5598,9299],[1,1],[1,0],[0,1],[1,1],[1,1],[0,0],[1,1],[-1,1],[1,1]],[[5614,9295],[1,-1],[2,0],[1,-1],[1,-1],[0,-1],[-1,0],[1,-2],[1,0],[1,0],[1,-1],[1,-1]],[[5623,9287],[-1,-1],[1,-1],[-1,-1],[-1,0],[0,-1],[1,-1],[0,-2],[2,-2],[1,0],[2,0]],[[5627,9278],[-1,-2],[0,-1],[0,0]],[[5626,9275],[-1,-2]],[[5625,9273],[-1,0],[-2,0],[0,1],[-1,2],[0,-1],[-2,-2],[-1,1]],[[5618,9274],[0,-1],[-1,-1],[-2,-1],[-1,1],[-2,0]],[[5604,9257],[0,-2],[0,-1],[1,0],[1,-1],[1,0],[2,1],[1,-1],[1,0],[-1,-1],[0,-2],[2,-1]],[[5590,9219],[0,1],[1,1],[0,0],[0,1],[-1,2],[0,1],[2,0],[0,1],[0,1],[-1,1],[-1,0],[0,2],[-1,2],[0,1],[0,1],[0,2],[-1,1],[0,1],[-1,1],[-1,1],[-1,1],[-2,1],[-1,2]],[[5634,9192],[-1,1],[-1,1],[-1,1],[-1,2],[-1,0],[-2,-1],[-1,-1],[-1,0],[-1,1],[0,0],[-1,1],[1,1],[0,1]],[[5624,9199],[0,2],[-1,0],[-2,2]],[[5621,9203],[3,3],[0,0],[0,1],[-1,2],[-1,1]],[[5622,9210],[1,0],[0,1],[1,2],[1,0],[1,0]],[[5626,9213],[1,1]],[[5627,9214],[1,0],[1,0],[0,1],[1,0],[1,-1],[0,-2],[1,-1],[1,-1],[0,2],[1,-1],[1,1],[-1,1],[0,1],[0,3]],[[5634,9217],[1,0],[1,3],[1,0],[0,-1],[2,0],[1,0],[1,1],[0,1]],[[5641,9221],[1,2],[1,0],[0,-1],[1,-1],[2,-1],[1,0],[0,1],[-1,1],[0,1],[0,1],[-1,2],[0,1],[2,1],[1,0]],[[5648,9228],[1,-2],[1,0],[1,-1],[1,0],[1,0],[0,1],[2,1],[1,-1],[0,-1],[0,-1],[2,-2]],[[5614,9218],[1,-1],[1,-1],[1,1],[2,-1]],[[5619,9216],[-1,0],[1,-1],[0,-1]],[[5619,9214],[0,-4]],[[5619,9210],[-1,0],[0,-2],[-2,1],[0,2],[0,-1],[-1,1],[-1,1]],[[5614,9212],[-2,1]],[[5628,9236],[-1,-1],[2,-1],[0,0],[0,2],[0,1]],[[5629,9237],[1,-1],[1,-1],[1,2],[1,2],[0,1]],[[5633,9240],[1,0],[1,0],[1,-1],[1,0],[1,-1],[0,1],[2,0],[0,0],[2,0]],[[5642,9239],[1,0],[0,-1]],[[5643,9238],[0,0],[-1,-2],[-1,0],[0,-1],[-1,0],[0,-1],[1,0],[0,-1],[1,-1],[-1,-1],[-1,1],[0,-1],[2,0],[-1,-1],[-1,-1],[-1,0]],[[5639,9229],[-2,0],[0,1],[-1,1],[-1,-1],[-1,0],[-2,-2],[0,1],[0,-2],[0,-1],[1,-1],[-1,0]],[[5632,9225],[-1,0],[0,-1],[-1,-1],[-1,-1]],[[5629,9222],[-1,1],[0,1],[-2,1]],[[5626,9225],[-2,1],[-1,-1]],[[5623,9225],[-1,0]],[[5622,9225],[-2,-1],[-1,1]],[[5625,9273],[0,-1],[1,-2],[0,0],[-1,0],[0,-1],[0,-1],[0,-1],[-1,0],[-1,-2],[0,0],[1,-2],[0,0],[0,-1],[1,0],[1,1],[1,-1],[-1,-1],[0,-1],[0,-2],[-1,-1],[0,-1],[-1,-1],[1,-1]],[[5625,9254],[-1,-1],[0,-1],[1,-1],[2,-1]],[[5627,9250],[0,-1],[0,-2],[1,0],[0,-1],[1,0],[2,-1],[0,-1],[0,-1],[1,-1],[1,-1],[0,-1]],[[5619,9214],[1,0],[1,1],[1,0],[1,1],[1,1]],[[5624,9217],[1,0],[1,-3],[1,0]],[[5622,9210],[-1,0],[-2,0]],[[5643,9238],[1,0],[2,0],[0,0],[1,-2],[0,-1],[1,-1]],[[5648,9234],[1,0],[0,1],[-1,1],[0,1],[1,0],[1,1],[1,-1],[1,-1],[-1,0]],[[5651,9236],[0,-1],[-1,-1]],[[5650,9234],[-1,-1],[-1,-1],[0,-1],[1,-3],[-1,0]],[[5641,9221],[-1,1],[-1,2],[0,1],[2,2],[-1,1],[-1,1]],[[5634,9217],[-1,1],[-1,2],[1,1]],[[5633,9221],[0,1],[0,2],[-1,1]],[[5601,9307],[-2,-1],[0,-2]],[[5599,9304],[-1,2],[-2,0]],[[5599,9304],[-1,-1],[0,-1],[-1,-1],[0,-1],[1,-1]],[[5619,9216],[0,1],[1,2],[-1,3],[-1,0],[0,1]],[[5622,9225],[-1,-1],[1,-2],[2,0]],[[5624,9222],[-1,-1],[1,-3],[0,0],[0,-1]],[[5624,9222],[0,1],[1,0]],[[5625,9223],[1,1],[0,1]],[[5629,9222],[0,-1],[0,-1],[3,0],[1,1]],[[5625,9223],[0,1],[-2,1]],[[5517,9208],[2,-1],[1,1],[1,-1],[3,1],[-1,0],[1,1],[1,1],[1,0],[1,0]],[[5527,9210],[0,2],[1,1],[1,0],[1,0],[1,0],[2,1],[0,1],[0,2],[1,0],[1,-1],[1,-2],[1,1],[0,1],[0,1],[1,0],[1,-1],[1,-2],[1,1],[1,-1],[1,1],[1,-1],[0,0],[1,0],[1,1],[1,-1],[2,3],[2,1]],[[5551,9218],[0,-2],[1,-1],[2,-1],[2,0],[1,1]],[[5557,9215],[1,-3]],[[5558,9212],[-2,0],[1,-2],[-2,-1],[0,-1],[-1,0],[0,-1],[1,-2]],[[5555,9205],[-1,0],[-1,0],[-1,0],[0,-1],[-1,-1]],[[5551,9203],[-1,1],[1,2],[-1,0],[0,0],[-2,-1],[0,-1],[-2,0],[0,-1],[-1,0],[-1,2],[-1,0],[0,-1],[-1,0],[-1,0],[0,2],[0,0],[-2,3],[-1,-1],[-2,2],[-1,-1],[-1,1],[0,-1],[-2,0],[0,0],[0,-2],[0,-2],[1,-3]],[[5533,9202],[-1,0],[-1,-1],[0,-2],[-2,0],[-1,-1],[-1,0],[0,-1]],[[5584,9166],[-1,-1],[0,1]],[[5583,9166],[-1,1],[-2,0],[-1,0]],[[5579,9167],[-2,1],[1,2],[0,1],[-1,1],[2,1],[0,-1],[2,1],[1,0],[2,1]],[[5584,9174],[2,1],[1,-1],[1,-2],[1,-1],[1,0],[1,-2]],[[5591,9169],[-2,0],[0,-1],[-1,1],[-1,0],[0,-1],[-1,-1]],[[5586,9167],[-1,0]],[[5585,9167],[-1,-1]],[[5594,9205],[-1,0],[-1,0],[-1,0],[0,-1],[-1,-1],[-1,0],[-1,0],[0,-2],[1,0],[1,-1],[-2,0],[1,-1],[-1,-1],[-2,-1],[1,-1],[0,-3],[1,1],[1,1],[2,0],[0,-1],[1,-1],[0,-1],[-1,-1],[0,-2],[1,-2]],[[5592,9187],[-1,-1],[-1,0],[0,2],[-1,1],[-1,-1],[-2,2],[-1,-2],[-1,-2],[0,2],[0,1],[-2,0]],[[5582,9189],[-1,1],[0,1],[-1,1],[-2,-1],[-1,2],[-1,-1],[-1,0],[-2,0],[0,-1],[0,-1],[-1,-1],[1,-1],[-1,-2],[0,1],[-2,-1],[-1,-2],[0,-1],[-1,0],[0,-2],[-2,0],[-1,1],[-1,-1],[0,-1]],[[5564,9180],[-1,0],[0,1],[-1,0],[0,2],[-1,1],[0,1],[1,0],[-1,2],[1,0],[1,1],[-2,0],[1,1],[0,1],[-1,0],[0,2],[1,0],[-1,4]],[[5561,9196],[-1,1],[-1,-1],[-1,0],[-1,1],[-1,-1],[-1,1],[2,0],[0,1],[1,1],[0,1],[0,1],[1,1],[-3,2],[0,1],[-1,0]],[[5558,9212],[0,-1],[0,-1],[0,-2],[2,-1],[0,0],[1,-1],[1,0],[1,1],[0,2],[2,0],[0,2],[1,1],[0,-1],[1,0],[1,-1],[0,-1],[1,0],[2,-1],[1,0],[2,-1],[0,0],[1,1],[0,1],[0,1],[0,2],[1,1],[2,-1],[0,-1],[1,1],[0,-2],[1,0],[1,-1],[1,-1],[2,0]],[[5595,9138],[-2,0],[0,0],[-1,1],[-1,1],[-1,0],[-1,0],[-1,0],[-2,1],[0,1],[0,2],[-1,0],[1,0],[-1,2],[1,1],[0,1],[0,2],[0,1],[0,1],[1,1],[0,1],[-1,2]],[[5586,9156],[1,0],[1,0],[0,-2],[1,-1],[2,1],[-1,1],[1,0],[0,1],[-1,1],[0,1],[2,1],[-1,1]],[[5591,9160],[1,-1],[1,2],[1,0],[1,-1],[2,-1]],[[5597,9159],[1,-1]],[[5598,9158],[1,0],[0,1],[1,2],[1,0],[0,0],[2,1],[0,1],[1,2],[1,2]],[[5605,9167],[0,-1],[2,-3],[2,0],[1,0],[-1,1],[0,2],[1,1],[2,0],[0,1],[-1,0]],[[5611,9168],[2,1],[1,0],[0,1],[1,1],[0,-1],[1,1],[2,-1],[0,1],[3,0],[0,-1],[1,-1],[1,0]],[[5581,9124],[-2,0],[0,1],[0,1],[1,2],[-1,0],[-1,0],[-1,-1],[-1,2],[-1,2],[-2,0],[0,1],[0,2],[-1,1],[0,1],[-1,1]],[[5571,9137],[0,2],[-2,1],[0,1],[-2,1],[0,-1],[0,1],[0,2],[-1,1],[-1,-2],[-1,-1],[-1,1],[1,2],[0,3],[0,1],[1,1],[1,2],[0,0],[1,1],[0,0]],[[5567,9153],[1,2],[0,1],[1,1],[0,3],[2,0],[0,1],[1,2],[1,-1],[1,1],[1,0],[2,0]],[[5577,9163],[0,-2],[1,0],[1,1],[2,1],[-1,-1],[1,-1],[0,-1]],[[5581,9160],[1,-1],[1,0]],[[5583,9159],[1,-1],[1,-2],[1,0]],[[5533,9202],[0,-1],[0,-1],[1,0],[1,-1],[0,-2],[0,-1],[1,0],[2,1],[1,-2],[-1,-1],[1,-1],[2,-1],[0,-2],[1,1],[1,-1],[1,0],[0,-1],[2,1],[1,1],[0,1],[1,0],[1,1],[0,1],[0,1],[0,1],[-1,1],[0,1],[0,2],[0,0],[3,1],[0,1],[0,1]],[[5564,9180],[0,-1],[-1,-1],[1,-2],[1,-1],[1,-1],[-1,-1]],[[5565,9173],[-1,1],[-2,0],[-1,1],[-1,0],[0,-1],[-1,-3],[-1,0],[0,0],[-1,1],[0,2],[-2,0],[0,-1],[-1,0],[-1,-1],[-2,1],[0,1],[-1,1],[-1,-1],[-1,1],[-1,0],[-1,-3],[-1,1],[0,-3],[-1,-1],[-1,-1],[-2,-1],[-1,0],[-2,-1],[-1,-1],[0,0],[0,-2],[0,-1]],[[5605,9167],[-1,2],[-1,1],[-1,2],[-1,0],[0,1],[-1,0],[0,2],[-1,1],[-1,-2],[-1,1],[0,1],[-1,1],[0,1],[-1,1],[1,1],[0,2],[-1,1]],[[5595,9183],[1,1],[2,-1],[0,2],[1,3],[0,1],[1,0],[2,0]],[[5602,9189],[0,-1],[0,-2],[1,0],[0,-1],[2,0],[1,1],[0,-1],[1,0],[1,1],[-1,1],[1,1],[-1,1],[1,1],[2,0]],[[5610,9190],[1,-1],[0,-1],[1,-1],[1,1],[0,1],[0,0],[1,0]],[[5614,9189],[1,-2],[0,-1],[0,-1],[0,-1],[1,-2],[2,-1]],[[5618,9181],[-1,-1],[-1,1],[-1,-1],[0,0],[-1,1],[-2,-2],[-1,0],[-1,1],[0,1],[0,-2],[-1,-1],[0,-1],[0,0],[-1,-3],[0,-1],[1,-1],[0,-2],[0,-1],[1,0],[1,-1]],[[5590,9161],[1,-1]],[[5583,9159],[0,1],[1,1],[1,-1],[1,2],[1,0],[1,1]],[[5588,9163],[0,1],[2,-2],[0,-1]],[[5621,9203],[-1,1],[-1,0],[0,2],[-1,0],[-1,0],[0,-1],[-1,0],[-1,-1],[-1,-1],[-1,-1]],[[5613,9202],[0,2],[0,1],[-1,2],[-3,-1]],[[5609,9206],[0,1],[-1,2],[0,1],[0,2],[-1,1]],[[5565,9173],[0,-2],[0,-1],[0,0],[-1,-2],[-1,-2]],[[5563,9166],[0,-3],[1,0],[-1,-2],[0,-1],[-1,0],[-1,-1],[1,-2],[0,0],[1,-2],[1,0],[2,0],[0,1],[1,-3],[0,0]],[[5571,9137],[0,-1],[-2,0],[0,0],[-1,0],[-1,0],[-1,0],[-1,-1]],[[5565,9135],[-1,1],[1,1],[0,2],[0,0],[-1,2],[0,1],[-1,0],[-2,0],[-1,0],[0,0],[-1,0],[0,-3],[-1,-1],[1,-1],[-1,-1],[0,-1],[0,0],[-1,1],[-1,0],[0,-1],[-2,0],[-3,0],[-1,-2],[0,0]],[[5550,9133],[-1,0],[-1,2],[-1,1],[0,1],[-1,2],[-1,1],[0,2],[-1,3],[0,1],[-1,2],[1,1],[-1,2],[0,2],[-1,0],[-1,-1],[-1,2],[0,0],[0,1],[0,1],[-1,-1]],[[5609,9206],[-1,-1],[-2,0],[0,-1]],[[5606,9204],[1,0],[-1,-1],[-1,-1],[1,-1],[-1,-2],[1,-1],[-1,-1],[0,-1],[0,-1],[-1,-1],[0,-1],[-2,0],[0,-4]],[[5595,9183],[-2,2],[0,1],[1,1],[-1,1],[-1,-1]],[[5597,9159],[0,1],[0,1],[-1,1],[-3,1],[0,2],[-1,1],[1,2],[-1,0],[-1,1]],[[5584,9174],[-1,1],[-1,0],[1,1],[-1,2],[0,3],[-1,1]],[[5581,9182],[0,1],[0,1],[0,2],[0,0],[-1,-1],[0,2],[2,2]],[[5579,9167],[-1,0],[0,-2],[-1,0],[0,-2],[0,0]],[[5588,9163],[-1,2],[-1,0],[-1,1],[0,1]],[[5583,9166],[-1,-2],[1,-1],[0,-1],[-1,-1],[-1,-1]],[[5613,9202],[0,-1],[0,-1],[0,-1],[0,-1],[-1,-1],[-1,-2],[-2,1],[0,-1],[1,-2],[1,-2],[-1,-1]],[[5614,9189],[1,-1],[3,0],[1,2],[1,1],[1,2],[-1,0],[0,1],[-1,3],[2,0],[0,1],[1,1],[1,1],[1,-1]],[[5117,9541],[1,-2],[3,1],[1,-1],[1,0],[1,-1],[0,-2],[1,-1],[-1,-1],[-1,-1],[0,-2],[0,0],[0,-1],[2,-2],[2,0],[2,1],[1,-4],[1,-1],[-2,-1],[-2,-1],[-2,0],[0,-2],[1,-1],[-1,-3],[1,1],[1,-1],[2,0],[2,0],[1,-1],[0,-1],[0,-3],[-1,-1]],[[5131,9510],[-1,-1],[0,0],[-3,-2],[-1,-1],[-1,0],[0,-2],[-1,-1],[-2,-2],[-2,-2],[-1,0],[0,-2],[-1,0],[-1,1],[-2,0],[0,0],[-2,-1],[-1,0],[-2,2],[0,1]],[[5110,9500],[1,1],[0,2],[-1,1],[0,1],[-2,-1],[-1,-1],[-1,1],[-2,0],[1,3],[0,0],[0,2],[0,1],[0,3],[0,1]],[[5105,9514],[-2,1],[-2,-1]],[[5101,9514],[-1,1],[-2,2],[0,-1],[-3,0],[-1,-1],[-2,2],[-1,0],[0,1],[0,1],[1,1],[0,0],[0,3],[0,1],[-1,1],[-2,1],[0,1],[-2,1]],[[5131,9448],[1,-1],[0,1],[1,1],[0,2],[0,1],[0,1],[1,0],[1,0],[0,2],[1,0]],[[5136,9455],[1,-1],[2,0],[0,-1],[1,0],[1,-1],[1,0],[0,0],[2,0],[1,-1],[3,-1]],[[5148,9450],[-1,-2],[0,0],[1,1],[3,-1],[1,0],[1,0],[1,0],[0,-2],[1,-1],[3,-2],[0,0],[0,-3],[-2,-1]],[[5156,9439],[-5,1],[-1,2]],[[5150,9442],[-1,2],[-3,1],[0,1],[-1,0],[-2,-1],[1,-2],[-1,-1],[0,-1],[0,-1]],[[5143,9440],[-1,0],[-2,0],[0,1],[-1,0],[0,-1],[-2,1],[0,-1],[-1,-1],[1,-2],[0,-1],[0,-2],[-1,0],[0,-1],[2,-1],[0,-1],[-1,-1],[0,-1],[-1,-1]],[[5136,9428],[-1,0],[-2,-1],[-1,-1],[-3,-1],[-1,1],[0,1],[1,2],[0,1],[-1,1],[0,1],[0,1],[1,0],[0,1],[-1,1],[0,3],[-1,2]],[[5127,9440],[1,0],[2,1],[0,1],[1,0],[1,3],[-1,3]],[[5159,9486],[-3,0],[-2,-1],[-1,0],[0,-1],[-2,-1],[-2,0],[-3,-1],[-3,0],[-1,-1]],[[5142,9481],[0,1],[-1,1],[-1,1],[-1,2],[0,1],[0,3],[0,0],[1,3],[1,-1],[2,1],[0,1],[0,1],[2,1],[1,0],[2,1],[-1,1],[0,1],[0,2],[-2,0],[0,1],[0,1],[2,1],[0,1],[0,0],[-2,1],[0,2],[2,2],[-2,1]],[[5145,9511],[0,0],[1,2],[1,2],[0,2],[1,0],[4,-1],[0,0],[1,2],[0,1],[2,1],[1,0],[0,0]],[[5156,9520],[2,0],[2,1],[0,-2],[3,-1],[1,0],[2,0],[2,-2],[-1,-2],[-2,0],[-1,-1],[0,-3],[1,1]],[[5165,9511],[0,-2],[-1,-3],[0,-1],[2,-1],[1,-2],[2,1],[1,0],[1,0],[1,-2],[-1,-1],[0,-1],[1,-2],[0,-2],[1,-1],[0,-1],[-1,0],[0,-1],[0,-1],[1,-3]],[[5173,9488],[-2,-1],[-1,-1],[-2,0],[-1,-1],[-2,0],[-2,1],[-2,0],[-1,0],[-1,0]],[[5097,9453],[0,-2],[-1,-1],[-1,1],[-2,0],[-1,0],[0,-1],[-1,-1],[-2,0]],[[5089,9449],[-1,0],[-2,2],[0,0],[-2,1],[2,1],[-1,3],[1,1],[-1,2],[0,1],[0,1],[-1,0],[-1,1]],[[5083,9462],[1,1],[1,0],[1,0],[2,1],[2,-1]],[[5090,9463],[-1,-1],[-1,-3],[1,0],[1,-1],[1,1],[1,0],[2,-1],[1,0],[0,-1],[1,-1],[0,-1],[0,-1],[1,-1]],[[5047,9501],[1,-3],[1,0],[1,0],[1,1],[1,0],[1,-1],[3,1],[1,0],[-1,2],[1,1],[0,1],[1,2],[0,1]],[[5058,9506],[1,-1],[3,0],[-1,0],[0,-1],[1,-1]],[[5062,9503],[-1,-1],[0,-2],[0,-1],[0,-1],[2,0],[0,0],[2,0],[-1,-2],[-1,-1],[2,0],[0,-2],[1,-1],[2,-2],[-1,0],[0,-1],[1,1],[1,-2]],[[5069,9488],[-1,-2],[1,-1],[-3,0],[0,-2],[0,-1],[0,-1],[0,0],[0,-1],[-1,-1],[-1,0],[-1,-1]],[[5063,9478],[-1,1],[-1,0]],[[5061,9479],[-1,2],[-1,0],[0,1],[-1,1],[0,-2],[-1,0],[-1,2],[0,1],[-1,-2],[-1,-1],[-1,-1],[-1,-2],[0,1],[-2,-4],[-2,-1],[0,0]],[[5048,9474],[-1,1],[-1,-1],[-1,1],[-2,0]],[[5043,9475],[0,1],[-3,0],[-1,1],[1,1],[0,2],[0,2],[-2,3],[-2,1],[0,1],[1,1],[1,0],[2,2],[1,1],[1,1],[1,0],[0,1],[1,-1],[1,0],[0,0],[1,0],[0,1],[-2,1],[1,2],[-1,1]],[[5044,9497],[1,2],[1,1],[1,1]],[[5101,9514],[0,-1],[0,-2],[-1,-1],[-2,0],[0,-1],[0,-1],[-2,-2],[-1,-1],[-1,0],[0,-1],[1,-2],[1,0],[-2,-2],[0,-1],[-1,0],[-1,-1],[-1,1],[0,1],[-1,0],[-1,1],[-1,0],[0,1],[-1,0],[-1,-2],[-1,0],[0,-2],[0,-2],[-1,-1],[-2,-1],[-3,0],[-1,0],[1,-1],[2,-1],[-1,-2],[1,-1],[-1,-2]],[[5080,9487],[-1,0],[-1,1],[-2,4],[-1,0],[-1,-2],[0,-2]],[[5074,9488],[-1,-1],[0,0],[-1,0],[0,-1],[-1,0],[-2,2]],[[5062,9503],[2,1],[1,1],[1,0],[2,1],[0,-2],[-1,-1],[1,0],[1,0],[1,0],[0,2],[0,2],[1,0]],[[5071,9507],[1,1],[1,0],[2,1],[0,1],[-1,1],[1,3],[-1,1],[1,0],[-1,1],[1,1],[1,1],[0,1],[0,1],[0,1],[-1,1]],[[5127,9466],[2,2]],[[5129,9468],[1,-1],[1,-2],[3,-1],[2,-1],[1,-1],[-1,-2],[0,-1]],[[5136,9459],[-1,0],[-2,1],[-3,0],[-2,1],[-3,0]],[[5125,9461],[-1,0],[-1,1],[0,1],[2,2],[2,1]],[[5040,9474],[2,1],[1,0]],[[5048,9474],[-1,0],[0,-1],[1,-2],[-2,0],[-1,0],[-1,1],[-1,0],[-3,2]],[[5040,9474],[-1,1],[-2,0],[0,1],[2,1],[2,-2],[-1,-1]],[[5058,9477],[-1,-2],[0,-1],[2,-1],[-1,-2],[-1,-3]],[[5057,9468],[-1,0],[-2,2],[0,2],[-1,1],[-2,0],[-1,1],[-2,-1],[0,1]],[[5061,9479],[0,-1],[-2,0],[0,0],[-1,-1]],[[5089,9449],[0,-3],[-1,-2],[-1,0],[-1,0],[0,-1],[-1,0],[0,-3],[1,0],[0,-1]],[[5086,9439],[-1,0]],[[5085,9439],[0,0],[-1,1],[-1,3],[-2,1],[-1,2],[-1,2],[-3,1],[-2,1],[-1,0],[-3,0],[-2,2],[-4,0],[0,1],[-1,0],[0,1],[1,1],[0,1],[2,1],[2,-1],[1,1],[0,1],[1,4]],[[5070,9462],[2,0],[1,-1],[4,1],[2,-1],[1,0],[1,0],[1,0],[1,0],[0,1]],[[5080,9487],[0,0],[0,-2],[-1,0],[-1,-1],[1,0],[2,-1],[1,-1],[0,0],[1,-1],[0,-3],[-1,-2]],[[5082,9476],[-1,1],[-2,-1],[-2,0],[-3,0],[-1,-1],[-4,-1]],[[5069,9474],[-2,3],[-1,-1],[-1,-1],[0,1],[-2,1],[0,1]],[[5127,9440],[0,0],[-1,1]],[[5126,9441],[-1,-1],[-1,-1],[-1,-1],[0,0],[-1,-1],[-1,1],[0,-1],[1,-2],[-1,-1],[0,-2],[1,-1],[0,-1],[0,-1],[2,-2],[0,-2],[-1,-1],[-1,1],[1,-1],[0,-2],[2,-1],[0,-1],[1,-1],[-1,-1],[-2,-1],[-1,1],[0,-1],[0,-1]],[[5122,9416],[-1,0],[-2,0],[-1,1],[-2,0],[-2,1],[-1,0],[-1,0],[-2,1],[0,1],[-3,-1],[-1,0],[0,2],[0,2]],[[5106,9423],[1,0],[1,1],[1,0],[1,2],[0,1],[0,0],[0,1],[0,2],[-1,1],[1,2],[1,2],[-2,1],[-1,1],[0,1],[0,1],[-1,1],[-2,-1],[-1,2],[1,2],[2,4],[0,1],[0,1],[1,2],[1,2]],[[5109,9453],[2,0],[0,-1],[1,0],[1,-1],[1,0],[-1,-1],[1,-1],[2,2],[0,0],[0,1],[2,2],[0,1],[1,1],[2,0]],[[5121,9456],[1,-1]],[[5122,9455],[-1,0],[1,-2],[0,-1],[1,-1],[2,2],[1,0],[2,-2],[0,0],[2,-3],[1,0]],[[5110,9500],[-1,0],[0,-3],[0,-4],[-1,0],[-1,-1],[-1,-1]],[[5106,9491],[-2,2],[0,2],[-3,-1],[-2,2],[-1,0],[0,-2],[-1,0],[0,-2],[1,0],[1,0],[0,-2],[-2,0],[0,-1],[-4,-2],[0,-1],[2,1],[0,0],[2,1],[0,-2],[0,-1],[1,-1],[2,-3],[1,0],[0,1],[0,-1],[1,-1],[0,-1],[1,-1],[3,-4],[1,-1]],[[5107,9473],[0,-2],[-1,-1],[-1,-2],[-1,0],[-1,-1],[-1,-1],[-2,1],[-2,2],[-2,0]],[[5096,9469],[0,0],[-1,2],[-2,2],[-1,1],[-2,0],[-4,1],[-1,0],[-1,1],[-1,0],[-1,0]],[[5129,9468],[1,2],[2,1],[2,3],[1,0],[2,2],[1,1]],[[5138,9477],[1,-1],[1,1],[2,0],[2,-1],[1,-3],[0,-1],[0,-1],[1,0],[1,-2],[0,0],[2,-1],[1,1],[1,1],[2,-2]],[[5153,9468],[0,-1],[-1,-2],[1,-1],[0,0],[0,-2],[0,0],[1,-1],[0,-2],[0,-1]],[[5154,9458],[-1,0],[-1,-1],[0,-1],[-2,-1],[0,0],[-2,-1],[0,0],[1,-1],[-1,-1],[1,-1],[-1,-1]],[[5136,9455],[0,1],[0,1],[1,1],[-1,1]],[[5109,9453],[-1,0],[-2,-1],[-1,2],[1,0],[2,2],[-2,1],[-1,-1],[-1,2],[-1,0],[0,2]],[[5103,9460],[2,0],[2,0],[1,-1],[1,0],[1,0],[1,2]],[[5111,9461],[0,1],[2,-1]],[[5113,9461],[1,0]],[[5114,9461],[3,-1],[1,1]],[[5118,9461],[1,0],[0,-1],[2,-2],[0,-2]],[[5090,9463],[1,1],[2,0],[0,0],[1,1],[0,1],[1,1]],[[5095,9467],[2,-2],[1,-1],[1,-1],[-1,-2],[1,0],[0,1],[1,-1],[2,0],[0,-1],[1,0]],[[5106,9423],[-1,1],[0,1],[-1,0],[-1,0],[-1,0],[-1,0],[-1,0],[0,0],[-3,1],[1,0],[0,2],[0,0],[-2,1],[-1,-1],[-2,1],[-1,1],[-1,1],[-1,1],[1,0],[-1,1],[0,1],[-2,0]],[[5088,9434],[-1,1],[-1,3],[0,1]],[[5127,9466],[0,2],[0,1],[-1,0],[0,2],[-1,0],[1,1],[-1,1],[0,3],[-2,0]],[[5123,9476],[0,1],[0,1],[1,1],[-1,1],[2,0],[1,0],[1,-1],[1,0]],[[5128,9479],[0,1],[2,0],[1,1],[0,1],[3,0],[0,-1],[0,-2],[2,-1],[1,0],[1,-1]],[[5131,9510],[0,0],[3,-1],[1,1],[1,-1],[2,1],[0,2],[1,-1],[2,0],[2,0],[1,0],[1,0]],[[5142,9481],[-1,-2],[-1,0],[-2,-2]],[[5128,9479],[0,2],[-1,3],[1,4],[-2,0],[0,0],[-1,1],[-2,0],[0,-1],[-1,-1],[-2,-1],[-1,1],[-1,2],[0,-1],[-2,0],[-1,0],[0,-1],[-3,-1],[-2,-2],[-1,-1],[-1,1],[-1,-1],[-4,0],[-1,0],[2,2],[-1,1],[1,0],[1,2],[0,1],[0,1],[1,1]],[[5147,9542],[0,-2],[1,-1],[0,0],[0,-2],[-2,0],[1,0],[1,-2],[2,-1],[2,0],[0,-1],[0,-1],[0,-1],[1,0]],[[5153,9531],[0,-3],[0,-1],[1,-1],[1,-1],[0,-2],[2,-2],[-1,-1]],[[5123,9476],[0,-2],[0,-1],[-1,-1],[0,-2],[-1,0],[0,2],[-2,1],[-1,0]],[[5118,9473],[-1,1],[-1,2],[-2,2],[-1,-1],[-1,-1]],[[5112,9476],[-1,1],[-1,-2],[-2,-1],[-1,-1]],[[5122,9455],[1,1],[1,2],[0,1],[0,1]],[[5124,9460],[1,1]],[[5070,9462],[-1,3],[-1,2],[1,1],[0,4],[-1,1]],[[5068,9473],[1,1]],[[5096,9469],[1,-2],[2,-2],[1,0],[1,-1],[2,0],[2,-1],[3,1],[1,-1],[0,-1],[1,-1],[1,0]],[[5112,9476],[0,-1],[0,-1],[1,-2],[0,-1]],[[5113,9471],[0,-2],[-1,0],[-1,-4],[0,0],[0,-2],[2,-1],[0,-1]],[[5124,9460],[-1,0],[-1,2],[-3,0],[-1,-1]],[[5114,9461],[2,1],[0,1],[1,2],[0,1],[2,1],[-1,1]],[[5118,9468],[1,1],[0,1],[-1,3]],[[5118,9468],[-1,1],[-2,1],[-2,1]],[[5068,9473],[-1,1],[-1,-2],[-2,0],[0,-1],[0,-1],[-2,0],[-1,-1],[-1,-1],[-1,0],[-2,0]],[[5471,9513],[0,2],[1,1],[-1,2],[-2,2],[1,1],[1,2],[2,0],[0,0],[3,-2],[0,0],[1,-1],[0,-1],[2,-2],[0,0],[2,2],[1,2],[2,3],[-1,1],[0,1],[-3,1]],[[5480,9527],[-1,1],[-2,1],[0,-1],[0,1],[-4,2]],[[5473,9531],[-2,1],[-1,1],[-1,1],[1,1],[1,1],[0,1],[1,0],[0,1],[1,1],[1,1],[0,1],[0,3],[-2,0]],[[5472,9544],[0,1],[0,2],[1,0],[0,2],[3,2],[0,0],[1,0],[1,1],[1,-1],[0,-1],[2,-1],[-1,0],[0,-1],[0,-1],[2,0],[0,0],[2,-2],[0,1],[1,1],[1,0],[0,-2],[1,-1],[1,-1],[1,0],[1,0],[1,1],[2,0],[1,-1],[0,-1],[1,-1],[0,-1],[1,0]],[[5496,9540],[0,-1],[0,0],[0,-3],[-1,-1],[0,-1],[1,-1],[2,1],[0,-1],[0,-1],[0,0],[1,-1],[3,-2],[-1,-2],[1,-1],[1,0],[1,-2],[-1,-1],[-1,-2],[1,-2],[0,-1],[1,-2],[1,0],[0,-1],[0,-1],[1,-1]],[[5506,9513],[-1,0],[0,-1],[-4,1],[-1,-1],[-1,-1],[-1,0],[-1,0],[0,-1],[-1,0],[0,1],[-1,-1],[0,-1],[3,-2]],[[5472,9544],[-2,1],[-2,1],[-4,3],[-3,2],[-1,1],[0,1]],[[5460,9553],[-1,1],[0,2],[-1,0],[-1,0],[1,1],[-1,0],[-1,1],[-1,0],[0,1],[-1,1],[-1,1],[1,1],[1,0],[1,1],[1,1],[0,2],[1,1],[1,0],[-1,2],[-1,0],[-1,0],[-1,1],[-4,1]],[[5451,9571],[1,2],[0,1],[1,0],[0,0],[2,0],[0,1],[1,-1],[1,-1],[2,1],[0,1],[0,0],[0,2],[1,0],[2,1],[0,1],[1,0],[1,-1],[2,1],[0,-2],[2,-1],[1,0],[2,-1],[0,1],[0,0],[0,1],[0,1]],[[5471,9578],[2,2],[1,0],[0,-2],[1,0],[0,-1],[1,-2]],[[5476,9575],[-1,-1],[-1,-1],[0,0],[0,-1],[-1,-3],[-1,-1],[0,0],[0,-3],[2,1],[1,-2],[1,-1],[0,0],[1,0],[1,0],[0,0],[3,-1],[0,1],[2,0],[1,0],[0,-2],[1,-2],[0,0],[0,-1],[2,0],[0,3],[1,1],[-1,1]],[[5487,9563],[2,1],[1,1],[2,-1]],[[5492,9564],[0,0],[0,-1],[1,-1],[0,-1],[2,0],[0,-2],[2,0]],[[5497,9559],[1,0],[3,-2],[-1,-1],[2,0],[1,0],[4,-1],[1,0]],[[5508,9555],[1,-1],[1,0],[1,-2],[0,-2],[-2,0],[0,-2],[1,0],[-1,-1],[1,0]],[[5510,9547],[1,-2],[-1,-2],[-2,1],[-1,-1],[-2,-1],[-1,0],[0,-1],[-1,-1],[-1,0],[-1,1],[-2,-1],[-2,0],[-1,0]],[[5494,9573],[0,-1],[1,-1],[-1,-1],[-3,-1],[-1,-2],[1,0],[1,-1],[0,-2]],[[5487,9563],[0,1],[0,2],[0,0],[-1,2],[-1,0],[0,1],[0,2],[2,1],[0,1],[0,1],[-1,1],[0,-1],[-2,-1]],[[5484,9573],[-1,2],[0,1],[-2,1],[-1,0],[-1,1]],[[5479,9578],[1,2],[0,1],[1,1],[1,-1],[2,-1],[1,0],[0,2],[1,0],[1,0],[0,0],[1,-2],[0,0],[1,1],[2,1],[3,-4],[-1,-1],[0,-4],[1,0]],[[5423,9612],[2,0],[0,1],[2,-1],[1,1],[0,1],[2,-1],[1,1],[1,1],[1,0],[0,-1],[2,0],[2,0],[0,1],[-1,0],[0,1],[2,0]],[[5438,9616],[1,0],[0,3],[1,1],[1,0],[0,-1],[1,0],[1,-1],[1,0],[-1,-1],[1,-1],[0,-2],[1,0]],[[5445,9614],[2,-2],[2,0],[1,-1],[-1,0],[1,-1],[0,-1],[1,0],[-1,-2],[-3,-1],[-1,0],[0,-1],[0,0],[-1,-1],[-1,-1],[0,-2],[1,-1],[1,0],[-1,-1],[1,-2],[0,0],[2,-1],[1,1],[0,-1],[-1,-3],[-1,0],[0,-1],[1,0],[-1,-2],[-1,0],[0,1],[-1,1],[-1,1],[-1,-1]],[[5443,9592],[-2,0],[0,0],[-2,1],[0,1],[-2,1],[-1,-3],[1,0],[1,-3],[-1,-2],[-1,1],[-1,1],[-2,-2],[0,0],[-1,-1],[-1,0],[0,-2],[-1,-2],[0,-3],[1,0]],[[5431,9579],[0,-2],[-2,0],[-1,1],[-1,-3],[-3,0],[-1,-2],[-1,2],[-1,-2],[-1,0],[-1,0]],[[5419,9573],[1,2],[-2,3],[0,0],[-1,1],[1,2],[0,1],[1,0],[0,-1],[2,1],[0,2],[0,1],[1,1],[-1,2],[-1,-1],[0,1]],[[5420,9588],[-1,1],[0,1],[0,2],[0,0],[-3,1]],[[5400,9531],[1,1],[3,1],[1,1],[1,1],[1,-1],[1,1],[1,-3],[2,1],[1,1],[-1,0],[0,2],[1,0],[0,2],[0,0],[-1,2],[-1,-1],[-2,2],[0,2],[2,1],[0,4],[1,1],[0,1]],[[5411,9550],[4,0],[1,0]],[[5416,9550],[1,-1],[0,-2],[1,0],[1,1],[0,1],[-1,3],[0,1],[0,1]],[[5418,9554],[2,1],[1,-2],[1,0],[0,0],[1,-1],[0,-2],[0,-3],[0,-2],[0,0],[0,-1],[3,0],[-1,1],[1,2],[1,0],[2,0],[1,-1],[1,0],[-1,-2],[1,-1],[1,-2],[0,-1],[-1,-1],[0,-2],[1,1],[1,-1],[1,0],[1,-1],[1,0],[0,-1],[1,-1],[1,-1],[0,-1],[1,0],[1,-2],[0,-1]],[[5419,9573],[-1,-1],[-1,-3],[-1,-1]],[[5416,9568],[-2,0],[0,0],[-1,0],[-1,1],[-2,-1],[0,-1],[-2,0],[-1,2],[-1,-1],[-1,0],[0,0],[-1,-1],[1,-3],[0,-1],[-1,0],[0,-1]],[[5404,9562],[-1,0],[2,-2],[0,0],[1,-1],[1,0],[0,-1],[-1,-1],[1,-1],[0,-1]],[[5407,9555],[-1,-1]],[[5406,9554],[-1,0],[-1,0],[-2,-1],[-1,-1],[-2,-1],[1,-1],[0,-2],[-2,-1],[-1,0],[0,1],[-1,1],[-2,0],[-1,0],[-2,-1],[1,4],[1,1],[0,2],[1,0],[1,-1],[0,2],[-1,0],[1,2],[-1,0],[0,1],[1,1],[0,1],[-2,0],[-1,0],[-1,-1],[-1,0],[-1,1],[-2,-1]],[[5445,9614],[1,2],[1,0],[1,-1],[2,3],[0,1],[1,0]],[[5451,9619],[1,-2],[1,-1],[1,-1],[2,1],[1,0],[0,1]],[[5457,9617],[1,-1],[1,-2],[0,-1],[0,-1],[0,-2],[0,-1],[1,-1],[1,0],[1,-1],[1,1],[1,-1],[0,0],[0,-1],[2,0],[0,-2],[1,0],[0,-2]],[[5467,9602],[1,-2],[-1,0],[-1,-2],[1,-1],[0,-1],[-1,-2],[-2,2],[0,-2],[-1,0],[-1,-2],[-1,-1],[0,-1],[1,0],[0,0],[1,1],[2,-1],[3,0]],[[5468,9590],[0,-1],[1,-1],[1,0],[1,0],[2,-1],[-1,-1],[-6,-1],[-1,0],[1,-2],[1,0],[1,-1],[-1,-1],[2,0],[0,-1],[2,-2]],[[5451,9571],[-1,1],[-1,-1],[-1,2],[-3,1],[0,2],[0,1],[-1,0],[-2,0],[-1,0],[-1,-1]],[[5440,9576],[-4,0]],[[5436,9576],[0,1],[-4,0],[0,1],[-1,1]],[[5406,9554],[1,0],[-1,-1],[2,-2],[-1,0],[1,-1],[1,-1],[2,1]],[[5479,9578],[-1,0],[-1,-1],[1,-1],[-1,-1],[-1,0]],[[5468,9590],[0,0],[1,2],[3,0],[0,-1],[2,0],[4,1],[0,0],[2,-3],[0,1],[0,0],[3,0],[1,2],[3,1],[0,1],[-1,1],[0,1],[1,-1],[3,1],[1,0],[1,-1],[-1,-1],[0,-2],[0,-1],[2,0],[1,0],[2,2],[1,1]],[[5497,9594],[3,1],[3,0]],[[5503,9595],[1,1],[0,-1],[1,-1],[4,-1],[0,0],[1,-1],[1,-1],[-1,-2],[1,0],[0,-2],[1,-1],[0,-1],[0,-2],[1,-1],[2,-1],[1,-1],[0,0]],[[5516,9580],[0,0],[0,-2],[3,-1]],[[5519,9577],[-2,-1],[0,-1],[1,0],[1,-1],[-1,-2],[1,0]],[[5519,9572],[0,-3],[-1,-1],[-1,-2],[0,0],[-2,-1],[0,-2],[-1,0],[-1,-1],[-1,-1],[-1,-1],[0,0],[-2,0],[1,-1],[-1,-1],[0,-1],[0,-2],[-1,0]],[[5427,9564],[2,-1],[0,0]],[[5429,9563],[0,-3],[1,-1],[0,-1],[1,0],[1,-1],[0,-1],[0,-1],[-2,0],[-2,-1],[0,0]],[[5428,9554],[-1,-1],[-1,0],[0,3],[0,0],[-1,1],[-1,0],[-1,1],[-2,1],[-2,0],[-1,0]],[[5418,9559],[0,2],[0,1],[0,1],[0,1]],[[5418,9564],[1,2],[2,0],[1,0],[1,-1],[1,0],[1,1],[0,-1],[2,0],[0,-1]],[[5441,9528],[1,2],[2,0],[1,2],[0,1],[0,0],[0,1],[-1,1],[-1,1],[0,0],[-1,2],[0,1],[0,0],[0,1],[0,2],[0,2],[0,1],[1,1],[-1,2],[1,0],[1,1],[-1,2],[1,1],[0,1]],[[5444,9553],[0,-1],[4,0],[1,-2],[1,0],[0,2],[1,-1],[2,1],[1,-1],[1,1],[1,0],[2,-1],[0,0],[2,2]],[[5444,9553],[-1,0],[-1,0],[-1,0],[-2,-1],[0,0],[-2,1]],[[5437,9553],[-1,-2],[-1,-1],[-1,0],[-1,0],[-1,1],[-2,-1],[-1,1],[0,2],[0,0],[-1,1]],[[5429,9563],[1,1],[1,0],[2,0],[0,1],[2,1],[0,3],[1,1],[-1,1],[0,2],[2,1],[-1,2]],[[5418,9564],[-2,-2],[-1,0],[-1,2]],[[5414,9564],[0,1],[1,0],[1,1],[0,2]],[[5404,9562],[1,1],[3,1],[1,0],[1,1],[1,-1],[1,-1],[0,-1],[1,1]],[[5413,9563],[1,-1],[-1,-1],[0,-2],[0,0]],[[5413,9559],[-1,-1],[-1,0],[-2,-2],[-2,-1]],[[5418,9554],[-1,0],[0,1],[-1,2],[0,2],[2,0]],[[5413,9559],[1,0],[-1,-3],[2,0],[1,-1],[0,-1],[1,-1],[0,-1],[0,-1],[-1,-1]],[[5413,9563],[1,1]],[[5355,9087],[0,1],[0,1],[0,1],[1,0],[0,1],[1,2],[1,-1]],[[5358,9092],[1,-1],[2,-1],[1,0],[0,1],[1,1],[1,-1],[0,-1],[0,-1],[1,1],[1,0],[1,0],[2,1],[1,-1]],[[5370,9090],[-1,-1],[1,-1],[0,-1],[0,-1],[0,0],[0,-2],[-2,0],[0,-1]],[[5368,9083],[0,-1],[-1,-1],[-1,0],[0,-2]],[[5366,9079],[0,-1],[1,-1],[1,0],[2,-1],[-2,-2],[-1,0],[-1,-1]],[[5366,9073],[0,-2],[-2,0],[1,-1],[1,-2],[-1,-2],[1,-1],[-2,0],[0,0],[-1,0],[-1,-1],[2,-2]],[[5364,9062],[-2,-1],[-1,-1],[-1,0],[-1,-2],[-1,1],[-1,1],[-1,-2],[-1,2],[0,0],[-1,1],[-1,0],[1,2],[-1,1],[0,-1],[-1,1],[-1,-1],[-1,2],[-1,0],[-1,0],[-1,1],[1,2],[-2,1],[0,0],[-1,1],[1,1],[0,1],[3,0],[1,1],[-1,2]],[[5349,9075],[0,1],[2,-1],[0,-1],[2,-1],[1,1],[1,0],[0,2],[2,0],[0,1],[-2,1],[-1,2],[0,1],[-1,0],[-1,1],[-1,0],[0,1],[0,1],[1,0],[0,2],[1,0]],[[5353,9086],[2,0],[0,1]],[[5407,9129],[1,-1],[0,-1]],[[5408,9127],[0,-2],[-1,0],[0,0],[0,-1],[0,-2],[-1,0],[-2,-2],[2,0],[1,-1]],[[5407,9119],[0,-1],[0,-1],[0,-1],[1,-1],[0,-1],[-1,0]],[[5407,9114],[-3,-2],[-1,0],[-2,-1],[0,1],[-1,0],[-1,1],[-1,1],[1,0],[0,3],[-2,1],[0,0],[-1,-2],[-1,-2],[-1,1],[-1,1],[0,0]],[[5393,9116],[-2,2],[-1,0],[-1,2],[0,2],[-1,1],[-2,1],[0,-1],[-1,1]],[[5385,9124],[-1,2]],[[5384,9126],[2,-1],[1,1],[1,1],[0,0],[1,1],[0,1],[0,0],[-1,1],[-1,0],[-1,1],[0,1],[0,1],[1,0],[1,2],[0,1],[1,1],[1,2]],[[5390,9139],[0,0],[3,-2],[1,1],[1,1],[0,2],[0,2],[3,0],[0,0],[1,0],[1,-1]],[[5400,9142],[2,-1]],[[5402,9141],[1,-1],[0,-1],[2,-1],[-1,-1],[1,-1],[-1,0],[0,-1],[1,-2],[0,-1],[-1,-1],[2,0],[1,0],[0,-2]],[[5434,9117],[0,1],[-2,-1],[0,2],[-1,0],[0,-1],[-2,2],[-1,0],[-1,0],[-1,-1],[1,-1],[-1,0],[0,-2],[0,0],[-1,-2],[1,-2],[0,-1]],[[5426,9111],[-1,1],[-1,0],[-1,0],[0,0],[-1,1],[0,1],[0,1],[-1,-1],[-1,1],[-2,0],[0,-1],[-1,-2],[1,-2],[0,0],[0,-2],[-1,1],[-1,-1],[-2,0]],[[5414,9108],[-2,-1],[0,0],[-1,0]],[[5411,9107],[-2,0],[0,1],[-2,1],[0,2],[0,2],[0,1]],[[5408,9127],[1,-1],[1,2],[1,-1],[1,0],[0,-1],[1,0],[1,-1],[0,1],[1,2],[0,-1],[1,1],[1,0],[0,1],[1,0],[0,-1],[1,-1],[0,1],[2,1],[0,1],[-1,0],[0,2],[1,-1],[1,1],[0,2],[-1,1],[1,0],[1,-1],[0,1]],[[5423,9135],[3,-1],[1,1],[1,1],[1,1],[0,1],[0,2],[1,0],[1,-2],[-1,0],[0,-2],[1,0],[0,1],[1,0],[1,1]],[[5368,9133],[1,-2],[0,0],[1,-1],[0,1],[2,0],[1,1],[0,1],[0,0],[1,0],[1,-1],[1,-2],[0,0],[0,-2],[0,-1],[1,0],[1,1],[1,-1],[1,-1],[1,-1],[1,1],[1,1],[1,0],[0,-1]],[[5385,9124],[-2,-2],[-1,0],[-1,-1],[0,1],[-1,-1],[0,-1],[-1,-2],[-1,0],[-2,0],[-1,-2],[0,1],[0,-2],[-1,0],[0,1],[-3,-1],[-1,1],[-1,1],[-1,1],[0,-1],[2,-3],[-1,-1],[0,-1],[0,-2],[0,-1]],[[5369,9109],[0,-2],[0,0],[0,-1],[-2,-1],[-1,1],[0,1],[-2,-1],[0,0],[-1,-1],[0,-2],[-1,0],[0,-1]],[[5362,9102],[-1,3],[-1,1],[0,0],[-1,1],[-1,1],[-2,0],[0,1],[-2,0],[0,1],[-1,-1],[-1,1],[0,-2],[0,-1],[-1,1]],[[5382,9080],[-1,0]],[[5381,9080],[0,2],[-1,2],[-1,2],[-1,0],[-1,0],[-1,3],[1,1]],[[5377,9090],[1,1],[1,1],[-1,1],[0,1],[0,1]],[[5378,9095],[1,1],[1,-1],[0,-1],[1,0],[0,2],[1,0]],[[5382,9096],[1,0],[1,0],[1,0],[0,-1],[1,-2],[-1,-2],[-2,-1],[-1,1],[0,-1],[0,-1],[1,-4],[0,1],[2,-1],[0,3],[1,0],[0,-2],[1,1],[1,-2],[0,-3],[-1,-1],[-1,0]],[[5386,9081],[0,1],[-1,0],[-1,1],[-2,-1],[0,-2],[0,0]],[[5362,9102],[-1,-1],[0,-1],[0,-2],[-1,-1],[0,0],[-1,-1],[0,-2],[-1,-2]],[[5349,9075],[-1,0],[-1,0],[-2,-1],[-1,-1]],[[5344,9073],[-1,2],[0,0],[0,1],[0,3],[0,1],[-1,0],[0,1],[-1,0],[0,1],[-1,0],[0,2],[0,1],[0,2],[-1,0],[1,2],[0,2],[-1,1],[-1,2],[-1,1],[0,1],[0,0],[1,1],[1,-1],[0,-1],[2,3],[1,0]],[[5342,9098],[1,1],[1,0],[1,2]],[[5413,9068],[-2,-1],[-1,1],[-1,-1],[-1,-1],[-1,0],[0,1],[-2,0],[0,-1],[0,0],[0,-1],[-2,0],[0,1],[-2,0],[0,-1],[-3,-1],[0,0],[-2,-2],[-1,0]],[[5395,9062],[0,-1],[0,0],[-1,-1],[0,2],[-2,0],[0,0],[2,-1],[-1,-3],[-1,0],[-1,1],[0,3],[-2,0],[0,1],[-1,0],[-1,0],[0,-1],[0,-2],[-1,0],[0,-1],[1,-1],[0,-1],[1,-2],[-1,0],[0,-1],[-2,-1]],[[5385,9053],[-1,-1],[-1,2],[0,0],[-1,2],[1,1],[-2,2],[-1,-1],[-1,1],[1,0],[-2,1],[0,-1],[0,-1],[-1,-1],[0,-1],[-3,-2],[0,1],[-2,-2],[-1,-1],[-2,-2],[0,-1]],[[5369,9049],[-2,2],[0,1],[-1,1],[-2,-1],[-2,2],[1,0],[-1,2],[2,1],[0,1],[-1,1],[1,1],[0,2]],[[5366,9073],[1,-1],[2,-1],[0,-1],[1,1],[1,0],[0,1],[2,1],[0,0],[1,-2],[1,1],[1,-2],[2,0],[0,-1],[0,1],[0,-1],[2,0],[1,0],[2,0],[0,1],[-1,1],[1,2],[-1,1],[0,2],[1,1],[0,1],[-1,1],[0,1]],[[5386,9081],[0,-1],[0,-1],[0,-1],[1,0],[2,0],[1,0],[1,1],[1,1],[1,0]],[[5393,9080],[1,-3],[1,-1],[1,1],[0,0],[1,2],[0,2],[1,0],[0,-1],[2,-2],[0,2],[1,0],[1,-1],[0,1],[1,1],[0,-1],[2,-1],[0,0],[1,-1],[2,0],[1,-2],[0,-1],[2,0],[1,0],[1,0]],[[5402,9141],[1,0],[0,2],[1,1],[2,0],[2,-2],[1,0],[1,0],[0,-1],[1,1],[1,1],[0,-1],[-1,-1],[1,0],[1,1],[0,1],[1,0],[1,1],[0,1],[3,0],[0,-1],[1,0],[1,-1],[0,-1],[1,0],[1,0],[1,0],[0,-1],[-1,-1],[0,0],[0,-2],[1,-2],[0,-1]],[[5426,9098],[-1,1]],[[5425,9099],[1,1],[1,1],[0,1],[0,0],[0,1],[1,0],[1,1],[0,0],[1,2],[-1,0],[0,2],[-2,2],[0,0]],[[5427,9110],[-1,1]],[[5404,9149],[-1,0],[0,-1],[-1,1],[0,-1],[-1,-1],[1,-2],[0,-1],[-1,-1],[-1,-1]],[[5390,9139],[-1,2],[0,0],[0,2],[-1,1],[-1,0]],[[5387,9144],[0,2],[-1,0],[-1,0],[0,1],[-1,-1],[-1,0],[0,2],[-2,2],[0,2],[0,1],[-2,1],[0,2],[2,0],[1,-1],[1,1],[1,1],[-1,1],[-1,1],[0,1],[-1,0],[-2,1],[0,2]],[[5422,9097],[-1,0],[-1,0],[-1,0],[-1,0],[-1,1],[0,0],[-1,0],[-1,0],[-1,-1],[0,1],[-2,0],[-1,2],[1,1],[1,0],[0,1],[0,2],[0,0],[-2,1],[0,2]],[[5427,9110],[0,-1],[0,-1],[-1,0],[-1,1],[-1,-2],[-1,0],[1,-1],[-1,-1],[-1,0],[-1,-1],[-1,-1],[1,0],[1,-1],[-1,-1],[1,0],[1,0],[2,-2]],[[5382,9096],[-1,1],[-1,1],[0,1],[1,1],[0,1],[0,1],[1,0],[0,1],[2,0],[0,0],[-1,1],[1,1],[-1,1],[0,1],[-1,1],[0,1],[-1,1],[0,1],[1,1],[-1,1],[-2,3],[1,0],[1,1],[0,-1],[1,0],[0,-1],[1,1],[2,-2],[1,-1],[0,-1],[1,0],[0,1],[2,1],[2,0],[0,0],[2,2]],[[5377,9090],[-2,1],[0,1],[-2,-1]],[[5373,9091],[-1,1],[-1,0],[0,-1],[-1,-1]],[[5381,9080],[-1,0],[-1,0],[-1,0],[1,-2],[-1,-1],[0,-1],[-2,1],[-1,1],[0,-1],[-2,0],[0,1],[-1,1],[0,1],[-2,1],[0,0]],[[5370,9081],[0,0],[1,1],[1,1],[0,1],[0,1],[2,0],[0,1],[-1,1],[0,2],[0,1],[0,1]],[[5368,9083],[1,-2],[1,0]],[[5304,9050],[1,1]],[[5305,9051],[0,1],[1,-1],[1,0],[1,0],[1,0]],[[5309,9051],[-1,-2],[0,-1],[-1,-1],[-1,-1],[-1,0]],[[5305,9046],[0,3],[-1,1]],[[5283,9111],[0,0],[-1,-1],[1,-1],[-1,-2],[-1,1],[-1,0],[-1,0],[-1,0],[-1,1],[-1,-1],[0,-2],[1,0],[0,1],[1,-1],[0,-1],[1,-2],[-2,-1],[0,-1],[0,-1],[1,-1],[1,0],[1,0],[2,1],[1,-1],[-1,-1],[1,1],[2,0],[0,-1],[0,0],[0,-2],[2,-1],[0,0],[0,-2]],[[5287,9093],[0,-1]],[[5287,9092],[-3,-2],[0,-1],[-1,-2],[-1,0],[-1,0]],[[5281,9087],[-2,2],[-1,2],[-1,0],[0,1],[-1,1],[0,1],[-2,1],[-1,0],[-1,0]],[[5272,9095],[-1,1],[-1,0],[-1,-1],[-1,0],[-1,1]],[[5267,9096],[0,1],[-2,0],[0,-1],[0,0],[0,2],[-1,-1],[-1,0],[-1,0],[-1,0],[0,1],[-1,-2],[-1,0]],[[5259,9096],[-1,-1],[0,-2],[-1,0],[-1,2],[1,1],[-2,0]],[[5309,9115],[-1,-1],[1,-1],[1,-1],[0,-1],[-1,-1],[0,0],[-1,-2],[0,-1],[0,-1],[0,-3],[1,0],[0,-2],[0,-2],[-1,1],[-4,0],[-1,2],[0,2],[0,0],[-2,-1],[0,-1],[-1,-1],[-1,-1],[-1,0],[-1,-2],[-2,0],[0,1],[-2,-2]],[[5293,9097],[-1,-1],[-1,1],[-1,2]],[[5290,9099],[0,-1],[0,-1],[0,-2],[-1,-1],[-2,-1]],[[5282,9059],[-1,1],[-1,1],[0,1],[1,2],[1,1],[0,1],[-2,1],[-1,1]],[[5279,9068],[2,0],[1,0],[0,-1],[1,0],[2,2],[0,0],[1,1],[1,0],[0,-1],[1,-1],[1,0],[1,-1],[0,0],[1,0],[2,1],[-1,1],[0,1],[0,3],[0,0],[2,0]],[[5294,9073],[0,-1],[1,0],[1,1],[0,-1],[1,-1],[1,0],[2,0],[1,-1],[0,-1],[2,-1],[0,0],[0,-1],[1,0],[2,1],[1,0]],[[5307,9068],[1,0],[1,-1],[1,0]],[[5310,9067],[0,-3],[0,-1],[-2,0],[0,-2]],[[5308,9061],[-1,-1],[0,-1],[-2,-2],[0,-1]],[[5305,9056],[-2,0],[-1,0],[0,1],[1,1],[-1,0],[-1,0],[-2,-1],[-1,-1],[-1,-1],[-1,1],[-1,1],[0,-2],[0,0],[0,-1]],[[5295,9054],[-2,0],[-1,0],[-1,-1],[-2,0],[-1,1],[0,1],[-2,0],[-1,-1],[-1,0],[-2,1],[0,0],[0,3],[0,1]],[[5308,9075],[0,0],[-1,-1],[1,-1],[-1,-1],[0,0],[0,-1],[0,-1],[0,-1],[0,-1]],[[5294,9073],[0,0],[1,2],[0,1],[1,-1],[1,-1],[0,1],[0,2],[0,1],[0,1],[-1,0],[-2,1],[0,1],[1,1],[0,2],[1,1],[-1,1],[0,0],[1,1],[-2,2],[0,-1],[-1,1],[-1,-1],[0,1],[-1,1],[-1,-1],[-1,0],[-1,1],[-1,1],[0,1]],[[5293,9097],[1,-2],[2,-2],[0,0],[2,0],[0,-1],[1,0],[2,-1]],[[5301,9091],[1,0],[1,0],[2,-1],[0,-1],[2,0],[0,-2],[0,-1],[-1,-1],[1,-1],[1,0]],[[5308,9084],[1,-1],[1,-1],[-1,-1],[-1,-2],[0,0]],[[5308,9079],[0,-1],[0,-1],[0,-2]],[[5253,9080],[1,2],[2,-1],[1,1],[0,-1],[0,-1],[0,-1],[1,1],[1,1],[1,0]],[[5260,9081],[0,0],[0,-2],[3,-1],[0,0],[2,0],[0,2],[0,1],[-1,1],[2,0],[0,-1],[0,-1],[1,-1],[0,-2],[0,-1],[1,2],[1,0],[0,1],[2,2],[0,0]],[[5271,9081],[1,0],[1,0],[1,0],[1,-1]],[[5275,9080],[1,-2],[1,0],[1,-2],[0,-1],[1,-2],[0,-2]],[[5279,9071],[-2,-1],[-1,0],[-1,0],[0,1],[-1,0],[-3,-1],[0,0],[-1,-1],[1,-1],[1,0]],[[5272,9068],[1,-1],[-1,-1],[0,-2],[2,-1],[-1,0],[0,0],[-1,-3],[1,-2],[1,0],[0,-2],[0,-1],[-2,-1],[0,-1],[-1,-1],[-1,-1],[-1,-1],[-1,0],[-1,-2],[2,-2],[1,0],[1,-1],[-1,0],[-2,-1],[1,-2],[2,0],[1,-2]],[[5272,9040],[-2,0],[-1,-2],[-1,0],[-3,0]],[[5295,9054],[-1,-2],[0,-1],[-1,-1],[1,-1],[0,-1]],[[5294,9048],[0,-1],[-1,0],[0,-1],[-1,0],[-1,1],[-1,-1],[0,0],[-1,0],[-1,0]],[[5288,9046],[-2,1],[-1,1],[-1,-1],[-1,0],[-1,-1],[-1,-1],[0,-1],[-2,0],[-1,0],[0,1],[0,-2],[1,-1],[0,-1],[-1,-2],[-2,1],[-1,0],[-2,-1],[-1,1]],[[5279,9071],[0,-3]],[[5294,9048],[0,-1],[1,-1],[0,-1],[0,0],[1,-1],[1,0],[0,-1],[1,0],[-1,-1],[1,-1],[-1,-2],[-1,0],[-1,-1],[-1,0],[-1,-1],[1,0],[0,0],[2,-1],[0,-1],[1,-1],[1,1],[0,-1],[1,-1],[2,0],[0,0],[2,-1]],[[5344,9073],[-1,0],[0,-1],[-1,-1],[-1,0],[-2,0],[-1,1],[-1,-1],[-1,0],[-2,-1],[-1,0],[0,-1]],[[5333,9069],[0,3],[-1,1],[-1,1]],[[5331,9074],[-1,2],[1,0],[0,1],[0,3],[-1,2],[-1,-1],[-2,0],[-1,-1],[-1,-1],[0,0],[-1,3],[-1,1]],[[5323,9083],[0,1]],[[5323,9084],[0,0],[3,-1],[1,0],[-1,1],[1,2],[1,-1],[2,1],[-1,2],[-1,0],[1,2],[-1,1],[1,0],[1,0],[2,2],[0,0],[-1,3],[0,0],[1,4],[0,0],[-1,1],[0,0],[-2,1],[-1,0],[-1,0],[0,1]],[[5304,9032],[1,1],[-1,3],[0,1],[1,-1],[0,0],[1,3],[1,0],[0,2],[1,1]],[[5308,9042],[1,-1],[1,2]],[[5310,9043],[1,2],[-1,1],[1,0],[1,2],[0,0],[1,2],[1,0],[1,0],[0,0],[0,3],[1,0],[0,1],[-1,0]],[[5315,9054],[-1,0],[0,1],[0,1],[1,1]],[[5315,9057],[2,0],[1,1],[1,-2],[0,-3]],[[5319,9053],[0,-1],[1,-2],[1,0],[1,0],[-1,-1],[0,-1],[2,0],[3,0]],[[5326,9048],[0,-2],[0,-1],[1,0],[0,-1],[1,1],[1,-1],[-1,-1],[1,-1],[0,-1],[0,-1],[-1,1],[0,-1],[0,-1],[-1,0],[-1,0],[-3,2],[-2,0],[-1,0],[1,-2]],[[5321,9039],[0,-2],[0,-1],[-2,1],[-1,-1],[-1,0],[0,-2],[-1,-3],[0,-1]],[[5305,9056],[-1,-3],[1,-2]],[[5304,9050],[0,1],[-3,0],[-1,0],[1,-1],[2,-2],[0,0],[0,-1],[1,-1],[0,-1],[0,-2],[1,0],[1,1]],[[5306,9044],[2,-2]],[[5322,9065],[-1,1],[0,2],[-1,1],[0,2],[-1,1],[0,1]],[[5319,9073],[1,2],[-1,1],[2,2],[-1,3],[1,1],[2,0],[0,1]],[[5331,9074],[-2,0],[0,-1],[0,-1],[0,-2],[0,-1]],[[5329,9069],[-1,-3],[-1,0],[1,-1],[-1,-1],[1,0],[1,-2],[2,1],[1,-2],[0,0],[1,-1],[1,-1]],[[5334,9059],[-1,-2],[-1,1],[1,-2],[-1,-1],[0,0],[-1,-1],[1,-1],[0,-1],[-1,-2],[-1,-2],[0,-1],[-1,0],[-1,1],[-2,0]],[[5315,9057],[0,1],[-1,2],[-2,-1],[0,0],[-1,0],[-1,1],[0,2],[-2,-1]],[[5310,9067],[1,-1],[1,1],[1,0],[1,-2],[3,2],[1,-1],[0,-1],[1,-1],[1,0],[1,1],[1,0]],[[5315,9054],[-2,-1],[-1,-2],[-1,-1],[-2,1]],[[5323,9084],[0,2],[-2,0],[-2,-1],[1,-1],[-1,-1],[-2,2],[1,0],[-1,1],[-2,0],[0,-1],[-1,-1],[-2,2],[0,1]],[[5312,9087],[-1,0],[-2,-2],[-1,-1]],[[5267,9096],[0,-1],[-2,-3],[-1,1],[-2,-3],[2,0],[1,0],[0,-1],[0,-1],[0,0],[-1,-2],[0,-1]],[[5264,9085],[-1,0],[-1,0],[0,-2],[-1,0],[-1,-2]],[[5308,9079],[1,0],[1,1],[1,0]],[[5311,9080],[1,0],[0,-1],[0,-2],[0,-1],[2,-1],[0,-1],[2,-1],[0,-2],[1,0],[2,2]],[[5281,9087],[0,-2],[0,0],[1,-2],[-1,-1],[0,-2],[-1,1],[-1,1],[-1,-1],[-1,1],[-1,-1],[-1,-1]],[[5264,9085],[1,0],[1,0],[0,0],[-1,1],[1,1],[2,-1],[1,1],[0,1],[1,-1],[2,1],[0,1],[-1,0],[-1,1],[2,3],[1,1],[-1,1]],[[5306,9044],[-1,2]],[[5312,9087],[-2,-2],[2,-4],[-1,-1]],[[5527,9143],[1,-2],[1,1],[1,-1],[0,-2],[0,0],[0,-1],[-1,-3],[-1,-1],[0,-1],[1,-2],[1,0],[1,0],[0,-1],[2,-1],[-1,-4],[1,-1],[1,-2],[0,0],[1,1],[1,0],[0,-2],[2,0]],[[5538,9121],[1,-2],[1,0],[0,-2],[-1,-2],[1,-1]],[[5540,9114],[-1,1],[-1,-1],[0,-1],[-1,-1],[0,-1],[0,0],[-1,0],[0,-2],[-2,0],[-1,-1],[-1,-1],[-1,-1],[0,0],[0,-1],[-1,0],[-2,1],[0,-2],[-1,0],[1,-1],[-1,-1],[1,-1]],[[5528,9101],[-1,-1],[-2,-1],[-2,1],[0,-1],[1,-2],[1,-2],[0,0],[0,-2],[-1,-1],[-2,0],[-1,-1],[0,-1],[0,-2],[0,-2],[0,-1],[0,-2]],[[5521,9083],[0,-1],[-1,1]],[[5529,9147],[1,-1],[1,-1],[1,0],[2,-1],[1,-2],[0,-1],[1,-1],[0,-2],[0,0],[1,-1],[1,0],[0,-1],[0,-1],[0,0],[0,-4],[0,-1],[0,-1],[-2,-4],[2,-2],[0,-2]],[[5565,9135],[-1,0],[0,-1],[1,-2],[1,0],[1,-1],[1,0],[0,-2],[1,0],[-2,-1],[0,-2],[0,-2],[-1,0],[-1,-1],[1,-1],[1,1],[1,-1],[0,-1],[2,0],[0,-1],[0,-1],[1,-1],[1,0],[1,0],[0,-1],[1,-2],[0,0],[0,-2],[2,1],[0,-2],[-1,-2],[0,-1],[0,0],[0,-1],[-1,-2],[0,-1],[2,-1],[1,-1]],[[5577,9103],[-2,-1],[-1,-1],[0,-4],[0,0],[-1,1],[0,1],[-1,0],[-2,1],[0,0],[-1,1],[-1,-1],[1,-1],[1,-2],[-1,-3],[-3,-1],[0,0],[-1,2],[0,0],[0,-1],[-1,-2],[0,-1],[0,-2],[-2,-2],[0,3],[0,0],[-1,1],[-1,0],[-1,0],[-1,1],[-2,1],[-1,-1]],[[5555,9092],[-2,1],[0,2],[0,1]],[[5553,9096],[0,5],[-1,0],[0,3],[1,1],[1,0],[1,1],[1,-1],[1,2],[-1,1],[0,1],[-2,2],[1,1],[0,2],[1,3],[0,1],[0,1],[0,1],[0,1],[-1,3],[-1,-1],[-1,2]],[[5553,9125],[0,1],[0,1],[-1,0],[-1,-2],[-1,0],[0,1],[0,1],[1,2],[1,1],[2,0],[0,0],[-2,2],[-1,-1],[-1,2]],[[5587,9063],[-2,1],[-1,0],[-2,0],[-1,0],[-2,1],[0,-1],[0,-1],[-1,0],[-1,1],[0,1],[-2,0],[0,0],[-2,0],[-1,0],[-1,0],[-1,0],[-2,0]],[[5568,9065],[-1,1],[-3,0],[-1,1],[0,1],[-2,0],[0,-2],[-1,1],[-2,1],[0,2],[-1,0],[0,1],[0,1],[1,0],[0,2],[1,3],[-1,0],[1,1],[-1,1],[-1,0],[-3,0],[-1,-1],[-3,2],[1,1],[-1,1],[-2,-1],[-1,1]],[[5547,9082],[1,2],[-1,1],[1,1],[1,2],[-1,0],[0,1]],[[5548,9089],[2,2],[1,0],[0,-1],[1,0],[1,1],[1,-1],[-1,2],[2,0],[0,0]],[[5577,9103],[1,0],[2,1],[1,-1],[2,-1],[1,1],[1,0],[0,2]],[[5530,9099],[0,1],[-1,-1],[-1,1],[0,1]],[[5540,9114],[1,-1],[1,-1],[1,0],[0,-1],[2,1],[1,-2],[-1,-1],[-1,0],[-2,-2],[2,0],[0,-1],[-1,-1],[0,-1],[-2,-1]],[[5541,9103],[-1,-1],[-1,-1],[-3,-1],[0,2],[-2,0],[0,-1],[0,-2],[1,0],[0,-1],[-1,-1],[-1,-1],[0,-1],[0,-1],[-1,2],[-1,1],[-1,2]],[[5541,9103],[0,-1],[0,-1],[1,0],[0,-2],[2,0],[1,1],[0,-2]],[[5545,9098],[0,-1],[0,-2],[0,-3],[2,1],[0,-2],[1,-2]],[[5547,9082],[0,-1],[-2,0],[-1,0]],[[5544,9081],[0,1],[0,1],[-1,1],[0,2],[-1,1],[0,-2],[-1,-1],[-2,2],[0,0],[-1,0],[-1,0],[0,2],[0,1],[-1,1],[-1,0],[-1,0],[1,-2],[-1,-1],[-1,1],[-1,-1],[0,-1],[-1,0],[-1,0],[-1,1],[0,2],[-1,0],[-1,-1],[-2,2],[1,2],[-2,-1],[0,-1],[0,-3],[1,-1],[0,-1],[0,-1],[-1,0],[0,0],[-1,0],[0,-2],[-1,1],[-1,0]],[[5544,9081],[-1,-3],[-1,0],[-1,-1],[-1,1],[-1,-2],[0,-1],[-1,-2],[2,-1],[0,0],[-1,-1],[0,-1],[0,-1],[0,-1],[-1,-1],[-1,0],[0,-1],[0,-1],[1,-1],[1,-2],[0,-1],[-2,-2],[0,0],[0,-2],[0,0],[-1,1],[-2,0],[0,0],[-1,0],[0,-1],[-1,-1],[0,-1],[-1,1],[-1,-1],[-1,-1],[-1,0],[0,-1]],[[5557,9038],[0,1],[-1,2],[-1,3],[-1,2],[-2,1],[-1,0],[0,2],[0,2],[-1,0],[0,2],[-1,1],[0,1],[0,1],[0,2],[-1,2],[2,1],[2,1],[2,1],[1,-1],[1,-1],[2,0],[2,0],[1,-1],[0,0],[1,0],[-1,1],[1,2],[0,1],[2,-1],[1,1],[1,1],[1,0],[1,0]],[[5553,9096],[-1,0],[-1,0],[-1,-1],[-1,2],[-1,1],[-1,1],[0,1],[-1,0],[0,-2],[-1,0]],[[5259,9465],[-1,0],[-1,1],[-2,1],[-2,1],[0,1],[-4,1],[0,1],[1,2],[1,1],[-1,1],[-1,0],[0,2],[-2,0],[-1,1],[-1,1]],[[5245,9479],[-2,0],[0,1],[-3,2],[-1,-2],[-1,0],[-2,2],[1,2],[-1,1],[0,1],[1,1],[-1,1],[1,2]],[[5237,9490],[1,-1],[1,1],[1,1],[2,2],[0,1],[1,2],[2,2],[1,0],[0,1],[1,1],[2,0],[1,-1],[0,1],[2,1],[2,-1],[1,2],[1,1],[2,-1],[1,-1],[-1,-1],[0,-1],[0,-1],[-2,-1],[0,0],[2,-1],[1,-1],[0,-1],[1,1],[1,-1],[1,-1],[2,0],[2,-2],[0,-1]],[[5221,9473],[0,0],[2,2],[-1,1],[1,0]],[[5223,9476],[1,0],[1,0],[0,1],[1,1],[2,0],[1,-1],[1,1],[1,0],[-1,-2],[-1,-1],[1,-1],[1,0],[2,-1],[0,-1],[1,1]],[[5234,9473],[0,-1],[0,0],[2,-1],[1,-3],[1,0],[1,-2],[1,0],[-1,-2],[1,-1],[1,1],[1,-1],[0,0],[2,1],[-1,-2],[2,-1],[1,0],[0,1],[0,1],[0,2],[0,1],[1,0],[0,-1],[2,0],[0,-1],[0,0],[1,-1],[2,-1],[0,0],[0,-1],[1,0],[2,-2]],[[5255,9459],[-3,-3],[-2,-4],[0,0],[0,-1],[0,-1],[1,0],[0,-2],[-1,-1],[-1,1],[-1,0],[-1,0],[0,1],[-1,0],[-1,-1],[0,-1],[0,-1],[-1,-1],[1,-1]],[[5245,9444],[-3,-2],[0,1],[-1,1],[-1,1],[-1,-1],[-1,0],[0,1],[2,2],[1,1],[0,0],[0,1],[-1,0],[-3,1],[0,-1],[-1,-1],[-1,0],[-2,1],[-1,0],[-1,0],[0,0],[-1,0],[-1,0],[-1,0],[-1,-1]],[[5227,9448],[0,1],[-1,1],[0,2],[-2,1],[1,0],[-2,1],[1,1],[-1,0],[-2,1],[-1,1],[-1,0],[1,2],[-1,0],[-1,1],[0,2],[1,3],[0,0]],[[5219,9465],[1,1],[-1,3],[0,0],[1,1],[0,2]],[[5220,9472],[0,1],[1,0]],[[5206,9496],[-1,-1],[-2,2],[0,1],[-1,0],[-1,0]],[[5201,9498],[0,1],[1,0],[-1,3]],[[5201,9502],[1,0],[2,0],[0,2],[1,1],[0,1]],[[5205,9506],[0,1],[2,-1],[0,0],[1,2],[0,-1],[1,-1],[-1,-2],[1,-1],[1,-1]],[[5210,9502],[-1,-3],[0,-1]],[[5209,9498],[0,-1],[1,0]],[[5210,9497],[-1,0],[-1,0],[-1,-1],[-1,0]],[[5148,9547],[2,-1],[1,-1],[0,0],[1,-2],[1,0],[1,-1],[3,0],[-1,1],[2,0],[1,0],[1,0],[1,-1],[1,0],[2,0],[2,-1],[0,1],[2,-1],[0,-1],[1,0],[1,0],[0,1],[2,0],[0,1],[-1,1]],[[5171,9543],[1,2],[0,0],[1,-1],[1,0],[1,-1],[1,0],[1,-1],[0,-2],[2,0],[3,-1],[0,2],[0,0],[2,0]],[[5184,9541],[0,-1],[1,1],[1,-1],[1,-2],[1,1],[2,-2],[1,0],[1,0]],[[5192,9537],[0,-2],[2,-1],[0,-3],[-1,0],[-1,-1],[0,-1],[-1,0],[-1,-1],[0,-2],[-1,0],[-1,1],[-1,2],[-2,0],[-1,-3],[1,-1],[-1,-1]],[[5184,9524],[-1,-1],[0,0],[0,-1],[-2,-1],[-1,-1],[-1,-3],[-1,-1],[0,0],[-1,-1],[-1,-1],[0,-2]],[[5176,9512],[0,-1],[-3,0],[-1,1],[-1,-1],[-2,1],[-1,0],[0,0],[-2,-1],[-1,0]],[[5258,9457],[-1,1],[-1,-1],[-1,2]],[[5234,9473],[1,1],[2,1],[1,-1],[2,0],[2,2],[0,-1],[1,1],[1,2],[1,1]],[[5215,9465],[-1,-1],[-1,-2],[-1,0],[0,2],[-1,0],[-2,0],[-1,0],[-1,0],[-1,-2],[-1,-1],[-2,-2],[0,-1],[-2,-3],[-2,1],[-1,-1],[-1,-1],[-1,-1],[-1,0],[-1,0],[-2,0],[0,0],[-2,0],[-1,-1],[-1,1],[0,2],[-2,0],[-2,2],[0,-1],[-1,1]],[[5183,9457],[1,0],[0,1],[0,1],[1,0],[-1,1],[0,2],[1,0],[-1,1],[0,1],[-1,0],[2,2],[-1,1],[1,1],[-1,1],[0,1],[-4,0],[0,2],[0,1],[1,0],[0,2],[-2,1]],[[5179,9476],[2,1],[1,0],[0,-1],[2,-1],[1,-1],[2,0],[1,2],[0,1]],[[5188,9477],[2,1],[1,0],[1,0],[1,-1],[2,2],[-1,3],[-1,1],[3,0],[0,-1],[1,0],[1,-1],[-1,-1],[1,-1],[1,0],[1,2],[1,0],[1,0],[0,1],[1,1],[1,1],[0,1],[-1,1],[-1,4],[0,1]],[[5202,9491],[1,0],[1,-4],[1,0],[1,1],[1,0],[0,-2],[1,0],[0,-2],[0,-1],[-1,-2],[2,0]],[[5209,9481],[-1,-1],[1,-1],[1,0],[1,-1],[2,0],[1,2],[1,-1],[0,1],[1,-2],[0,-1],[1,-1],[0,-2],[1,0],[1,-1],[0,-1],[1,-1],[0,1]],[[5219,9465],[-2,1],[0,-1],[-1,0],[-1,0],[0,0]],[[5201,9502],[-1,2]],[[5200,9504],[-1,0],[1,2],[-1,1],[0,1],[-1,2],[2,1],[0,1],[0,1]],[[5200,9513],[1,0],[1,-1],[1,-2],[0,0],[0,-3],[0,0],[2,-1]],[[5225,9526],[0,-1],[0,-2],[-1,-1],[0,-1],[-2,0],[-1,1],[-1,0],[-1,0],[-1,-1],[0,0],[-1,-2],[-3,-2]],[[5214,9517],[-2,-1],[-1,1],[0,0],[-1,1]],[[5210,9518],[-3,0],[1,1],[0,1],[-2,1],[0,1],[0,1],[-2,0],[-1,-1],[0,-1],[1,-1],[-2,-1],[-2,0],[0,0]],[[5200,9519],[-1,0],[-1,-1],[-1,-1],[-2,-1],[-1,-1],[1,-1],[-1,-1],[-1,-1],[-1,1],[-1,0]],[[5191,9513],[0,1],[0,0],[0,2],[-1,-1],[0,1],[-1,1],[1,1],[-1,0],[-3,0],[-1,0],[1,2],[1,0],[0,1],[0,2],[-3,1]],[[5192,9537],[1,1],[1,-1],[2,0],[2,-1],[0,1],[2,0],[1,-1],[1,1],[1,3],[1,-1],[2,0],[2,-1],[1,2],[0,1],[0,2],[1,0],[4,-2],[1,-2],[1,1],[1,1],[1,-1],[0,2],[0,0],[3,-1],[0,-1]],[[5221,9540],[0,-1],[0,-2],[2,-1],[-1,-2],[1,-1],[1,1],[1,1],[2,-1],[2,0]],[[5229,9534],[1,-1],[1,0],[0,-1],[2,0],[3,3],[1,0],[1,-1],[0,-1],[0,0],[0,-1],[-2,-1],[-2,-1],[1,-2],[1,-2],[1,-2]],[[5237,9524],[-1,-1],[0,-2],[1,-1],[0,-1],[-1,0],[-2,1],[-1,-1]],[[5233,9519],[-1,0],[-2,-1],[0,1],[2,1],[-2,1],[-1,1],[2,3],[1,0],[-1,1],[-1,-1],[-2,2],[0,1],[-1,0],[-1,1],[0,0],[0,-2],[-1,-1]],[[5237,9490],[-1,0],[-2,2]],[[5234,9492],[-2,1],[0,1],[0,1],[-1,1],[-1,-2],[-1,-1],[-1,1],[-1,1],[-1,1],[-1,0],[0,1],[0,1],[1,2]],[[5226,9500],[2,0],[0,2],[1,1],[1,1],[0,1],[2,2],[1,0],[1,-1],[0,-1],[1,0],[1,1],[1,1],[0,1],[0,0],[0,2],[-1,1],[0,1],[0,2],[0,1],[-2,2],[-1,-1],[0,1],[0,2]],[[5237,9524],[2,0],[1,0],[1,-1],[1,-1],[1,1],[0,-1],[0,2],[1,2],[1,0],[1,-1],[2,0],[1,-1],[2,0],[0,-1],[2,1],[1,-1],[0,-1]],[[5254,9522],[0,-1],[1,-1],[1,0],[1,-1],[1,-1],[1,0],[0,1],[2,-1],[2,0],[0,0],[0,-1],[1,0],[1,-1],[0,0],[1,-1],[1,2],[1,0],[1,1],[0,2],[1,0],[1,-1],[1,0],[1,0]],[[5201,9498],[-1,-1],[-1,0],[-1,1],[0,-1],[-1,-2],[1,-1],[-1,-1],[1,-2],[1,-1],[1,0]],[[5200,9490],[0,-1],[-1,-1],[0,-1],[-2,-1],[-2,0],[1,1],[0,1],[-1,1],[-1,2],[-1,0],[1,1],[-1,1],[0,0],[-1,0],[-1,0],[-1,2],[-1,0],[0,1],[1,0],[-1,2],[-1,0],[1,2],[0,0],[1,0],[1,2],[0,1],[-1,1],[-4,3],[1,1]],[[5187,9508],[1,0],[0,1],[0,2],[1,1],[2,0]],[[5191,9512],[1,-1],[1,0],[0,-2],[0,0],[0,-2],[1,-2],[1,0],[1,0],[0,-1],[1,0],[2,0],[1,0]],[[5153,9468],[1,2],[2,1],[-1,1],[1,2],[1,0],[-1,2],[1,1],[1,1],[1,0],[1,1],[1,0],[1,-2],[2,0],[0,1],[1,1],[1,-3],[0,0],[1,-1],[1,0],[0,1],[3,1],[2,1],[1,0],[1,1],[1,-1],[0,-1],[2,-1],[0,-1],[1,1]],[[5183,9457],[0,-1]],[[5183,9456],[-2,0],[-1,0],[0,1],[-3,0],[-2,0],[0,-1],[0,-1],[1,0],[0,-3],[-1,-1],[-1,-2],[-1,1],[0,0],[0,1],[-1,1],[1,1],[-1,1],[0,1],[-2,0],[0,0],[-2,1],[-2,-1],[-1,0],[-3,-2],[0,1],[0,1],[0,1],[-1,1],[-2,-2],[-2,1],[0,1],[-1,1],[0,0],[-1,1],[-1,-1]],[[5176,9512],[3,0],[2,-1],[0,-1],[0,0],[2,-1],[0,0],[2,0],[2,-1],[0,0]],[[5200,9490],[1,1],[1,1]],[[5202,9492],[0,-1]],[[5188,9477],[0,1],[-1,1],[-1,0],[0,1],[-1,0],[-1,1],[0,0],[-1,1],[1,1],[0,1],[0,1],[0,1],[-1,1],[-1,2],[-1,0],[-2,1],[-2,1],[-2,-1],[-1,0],[-1,-2],[0,0]],[[5210,9497],[1,-1],[1,0],[1,-1],[0,-1],[0,-2],[2,0]],[[5215,9492],[1,-1],[0,-1],[0,-2],[-1,-1],[-1,-2],[-1,0],[-1,0],[-1,1],[0,-1],[-1,-3],[-1,-1],[0,0]],[[5202,9492],[2,0],[1,0],[2,1],[0,0],[-1,3]],[[5217,9492],[1,0],[2,1],[3,-1]],[[5223,9492],[1,-1],[0,-2],[-1,1],[-1,-2],[0,-1],[0,-1],[0,-2],[0,-2],[-1,0],[0,0],[0,1],[1,2],[-1,1],[-2,1],[0,2],[-1,0],[-1,1],[0,2]],[[5200,9513],[-1,1],[0,2],[1,3]],[[5214,9517],[0,-1],[0,-1],[-2,-1],[0,0],[-1,-1],[0,-1],[0,-1],[1,-2],[-2,-1],[0,-1],[-1,-1],[2,-2],[-1,-2]],[[5215,9492],[2,0]],[[5223,9492],[4,-1],[1,-1]],[[5228,9490],[0,-1],[0,-2],[1,0],[-1,-2],[-3,0],[0,-1],[0,-2],[-2,-1],[-1,-1],[1,-1],[-1,-2],[1,-1]],[[5227,9448],[-3,-1],[-1,1],[0,0],[-2,-1],[-1,1],[0,0],[-1,-3]],[[5219,9445],[-1,-1],[-1,1],[-1,-1],[-2,0],[-2,-2],[0,2],[1,1],[1,0],[0,1],[-1,0],[-1,0],[-1,0],[-2,0],[-1,-1],[-2,-2],[0,-2],[1,-1],[0,-1],[-2,0],[0,-1],[-1,-1],[-1,-1],[0,-1],[-3,-1],[0,0],[-2,0],[-2,1],[-1,-1],[0,-1],[0,0],[-1,1],[-2,-1],[0,1],[-2,1],[0,-1],[-2,0],[0,1],[-1,0],[-1,1],[0,-1],[-1,-1],[-1,0],[0,0],[1,-1],[-1,1],[0,0],[-1,0],[-1,-1],[-1,0]],[[5181,9433],[-1,1],[-2,1],[1,3],[1,1],[1,0],[1,1],[1,0],[1,4],[1,1],[-1,1],[1,1],[-1,1],[-1,0],[-1,1]],[[5182,9449],[-1,1],[0,2],[0,0],[2,2],[0,2]],[[5226,9500],[-1,1],[0,1],[1,1],[0,0],[1,2],[0,0],[-1,4],[0,0],[-1,0],[-1,-2],[-1,-1],[-1,1],[-1,-1],[-1,0],[0,0],[-2,0]],[[5218,9506],[-1,-2],[0,1],[0,1],[-1,0],[0,-1],[-1,-1],[-1,-1],[1,-2],[0,-1],[0,-1],[-2,0],[-1,-1],[-1,0],[-2,0]],[[5181,9433],[-1,-1],[1,-1],[-4,1]],[[5177,9432],[0,1],[-1,1],[-1,0],[0,1],[-1,1]],[[5174,9436],[-1,1],[1,0],[0,3],[-1,0],[0,1],[1,1],[1,2],[-1,1],[1,1],[1,-1],[0,2],[1,1],[0,0],[2,0],[1,1],[2,0]],[[5174,9436],[-1,-1],[-1,0],[-1,0],[-1,1],[0,0],[-2,2],[0,-1],[-1,-2],[-3,1],[-1,0],[-1,0],[-1,1],[-2,0],[-1,1],[-1,0],[-1,0],[0,1]],[[5191,9512],[0,1]],[[5234,9492],[0,0],[0,-2],[-2,-2],[-1,0],[0,-1],[-1,2],[-2,1]],[[5159,9728],[1,-1],[-1,-1],[-1,0],[0,-1],[0,-1]],[[5158,9724],[-1,-1],[-1,1],[-2,-1],[-1,-1],[0,1],[-2,2]],[[5151,9725],[-1,-1],[-2,-1],[-2,0]],[[5146,9723],[-2,0],[-2,-1],[-1,0]],[[5141,9722],[0,1],[0,1],[-2,0],[0,1]],[[5139,9725],[1,1],[0,0],[1,-1],[1,1],[1,1],[2,0],[0,2],[-1,0],[0,2],[-1,-1],[-1,0],[1,3],[1,0],[0,1],[0,1],[0,1],[0,2],[1,1]],[[5145,9739],[1,0],[1,-2],[2,1],[0,0],[1,-1],[1,-4],[1,-1],[0,-1],[1,-1],[1,1],[1,-1],[0,-1],[1,0]],[[5156,9729],[2,-1],[1,0]],[[5117,9719],[1,1],[-1,1],[-1,1],[0,2],[1,2],[1,3],[0,2]],[[5118,9731],[3,0],[1,-1],[2,0],[0,0],[1,0],[0,2],[0,-1],[3,1],[1,1],[0,0],[2,0],[1,1],[0,2],[-1,2],[0,2],[1,0]],[[5132,9740],[0,3],[0,1],[-1,3],[1,1],[2,0],[0,1],[1,2],[1,0],[1,0]],[[5137,9751],[1,-2],[1,0],[0,-2],[-1,0],[-1,-2],[0,-1],[1,0],[0,-2],[1,-1],[1,-1],[2,3],[1,-1],[1,0],[1,-1],[1,0],[0,0]],[[5146,9741],[-1,-2],[0,0]],[[5139,9725],[-1,0],[-1,1],[-1,0],[-1,0],[-1,0],[-1,-2],[-2,0],[-1,0],[-1,-1],[-1,0],[-1,-1],[0,1],[-1,0],[-2,-1],[-1,0],[0,-1],[0,-1],[0,-1],[-1,-1],[-1,0],[-1,-1],[1,-1]],[[5121,9716],[-1,-1],[0,0],[-1,-2],[0,-1],[0,-1],[-1,3],[-1,5]],[[5175,9725],[-1,0],[-1,1],[0,1],[0,0],[-2,0],[-1,0]],[[5170,9727],[-1,0],[-1,0],[-2,0],[-1,0]],[[5165,9727],[-1,2]],[[5164,9729],[1,0],[1,2],[-1,0],[-1,0],[-1,0],[0,-1]],[[5163,9730],[-2,-2],[-2,0]],[[5146,9741],[1,0],[1,2],[0,0],[1,1],[0,1],[1,1],[-1,1]],[[5149,9747],[1,0],[1,0],[1,-2],[3,1],[0,-1],[0,-2],[1,1],[1,1],[1,1],[1,0]],[[5122,9689],[0,1],[-1,0],[0,1],[-2,1]],[[5119,9692],[1,3],[0,1],[0,2],[1,0],[0,0],[1,3],[0,0]],[[5122,9701],[2,0],[1,0],[1,1],[-1,1],[1,1],[0,0],[1,-1],[1,0],[1,-1],[1,-1],[0,2],[2,1],[1,1],[2,-1],[1,0],[-1,0],[0,-1],[-1,-1],[-1,0],[2,-3],[-2,-1],[-1,-1],[1,-1],[0,-2],[0,0]],[[5133,9694],[1,0],[1,0],[0,-1],[0,-2],[1,-1],[1,0],[1,-2]],[[5138,9688],[1,-1],[-1,-2],[-1,-1],[0,-1],[1,0],[1,0],[1,-1],[-1,-1],[1,0]],[[5140,9681],[0,-1],[2,0],[0,-1],[-1,-2],[0,-2],[-1,1],[0,0],[-1,2],[-1,-2],[0,-1],[0,-1],[-2,0],[0,1],[0,1],[-1,1],[-1,1],[-1,-1],[-1,3],[-1,0],[-1,0],[0,1],[-2,1],[-2,1],[-1,-1],[-1,0]],[[5124,9682],[-1,1],[1,1],[0,0],[-2,2],[1,1],[0,2],[-1,0]],[[5142,9785],[-1,-1],[-2,1],[-1,-1],[-1,1],[-1,0],[-1,2],[1,1],[0,1],[-2,0],[0,1],[-1,1],[-1,1],[-1,1],[-1,-1],[-3,0],[0,0],[-2,1]],[[5125,9793],[1,1],[0,1],[0,1],[-1,1],[0,2],[0,0],[2,1],[0,0],[-2,3]],[[5125,9803],[2,0],[0,1],[1,1],[0,1],[0,1],[1,-1],[1,1],[2,1],[1,0],[2,0],[3,0],[1,-1],[1,0],[3,0],[1,-1],[2,1],[-1,-2],[1,-1],[0,-1],[2,-2],[-1,-1],[1,-2],[1,-1],[0,-3],[-2,1],[-1,0],[0,-2],[0,-1],[-1,-1],[-1,1],[-1,-1],[-1,-1],[0,-2],[0,-2],[0,-1]],[[5137,9755],[0,1],[-1,1],[-1,-1],[-1,-1],[-1,1],[0,0],[-4,1],[1,2],[-1,2]],[[5129,9761],[1,1],[1,0],[1,0],[0,2],[1,0],[-1,3],[-1,0],[1,2],[0,1],[1,1]],[[5133,9771],[1,0],[0,0],[1,1],[1,-2],[2,-1],[1,1],[1,1],[2,-1],[0,2],[-1,0],[2,2],[1,0],[0,0],[1,2],[1,0],[1,0],[0,1]],[[5147,9777],[2,-3],[1,-1],[1,-2],[1,-1],[2,-3],[0,-2],[0,-1],[-1,-1],[0,-1],[0,-1]],[[5153,9761],[-1,0],[-1,2],[-1,0],[-1,-1],[-1,1],[0,-1],[-2,-1],[-1,0],[-4,0],[2,-1],[-1,-1],[-1,-2],[1,1],[1,-2],[1,0],[1,-1],[-1,-1],[1,0],[1,-2],[-2,-3],[1,-2],[1,0],[2,2],[0,1],[0,1],[1,-2],[0,-1],[0,-1]],[[5137,9751],[1,2],[-2,0],[0,1],[1,1]],[[5120,9659],[1,1],[1,0],[2,-1],[0,-1],[1,0]],[[5125,9658],[2,0],[1,0],[2,1],[0,0],[2,2],[2,1],[1,0],[1,-1],[1,0],[0,-1],[1,0],[1,0]],[[5139,9660],[-1,0],[0,1],[-1,1],[0,0],[-1,1],[-1,0],[-1,0],[0,1],[1,1],[1,2],[0,0]],[[5136,9667],[1,0],[1,-2],[0,-2],[2,0]],[[5140,9663],[0,0],[1,0],[2,1],[0,0],[2,1],[0,1],[-1,1],[1,1],[2,0],[0,1],[1,0],[1,-1],[1,-1],[1,0],[1,-1],[0,-1],[-1,0],[-1,-1],[0,-1],[0,-1],[-1,-1],[0,-1],[-1,0],[0,-1],[-2,-2]],[[5146,9657],[-1,-2],[-2,0],[-3,0],[0,-1],[1,-1],[-2,-1],[-1,-1],[-1,1],[0,-1],[-2,0],[0,2],[0,0],[-1,0],[-1,1],[0,-1],[1,-2],[-1,0],[-1,-1],[1,-3],[0,-1],[2,0],[0,-1],[-1,-1],[-2,0],[0,0],[0,-1],[-1,-1],[0,-2],[1,-1],[-1,0],[0,-1]],[[5137,9668],[0,1],[0,0],[1,1],[2,-1]],[[5140,9669],[-2,-1],[1,-2],[1,0],[2,0],[-1,-2],[-1,0],[0,-1]],[[5136,9667],[1,1]],[[5142,9785],[2,-3],[-1,0],[1,0],[1,-1],[0,-1],[2,-3]],[[5133,9771],[0,1],[-1,0],[-1,-1],[-1,1],[-1,0],[-1,2],[1,0],[-1,1],[-1,1]],[[5127,9776],[-1,1],[-3,1],[0,0],[0,2],[-1,1],[2,1],[-1,1],[-1,-1],[-1,1],[0,1],[-1,-1],[-1,2],[-1,0],[-1,-1],[-1,1],[-1,1],[-1,1]],[[5114,9787],[0,1],[1,1],[3,0],[1,1],[0,1]],[[5119,9791],[1,0]],[[5120,9791],[2,-1],[0,1],[1,1],[2,0],[0,1]],[[5137,9668],[-1,0],[-1,-2],[-1,0],[-3,-1],[0,-2],[-1,0],[0,2],[-1,1],[-2,2],[-1,-1],[-1,1],[-1,2],[0,2],[-1,2],[-2,0],[-1,1],[-1,2],[1,2],[0,3]],[[5120,9682],[1,-1],[1,0],[1,0],[1,1]],[[5140,9681],[1,0],[0,1],[2,-1],[1,-1],[1,1],[0,-2]],[[5145,9679],[-1,-1],[2,0],[0,1],[1,0],[0,-1],[0,-1],[-1,-1],[-1,-1],[-1,1],[-1,-3],[0,0],[-2,-2],[0,-1],[-1,-1]],[[5122,9701],[-1,2],[-1,0],[0,3],[0,2],[1,3],[0,0],[0,0]],[[5121,9711],[2,0],[1,1],[0,0],[2,-2],[0,0],[1,0],[0,0],[1,0],[1,0],[0,-1],[2,0],[1,1],[2,2],[0,0]],[[5134,9712],[0,2],[1,-1],[0,2],[2,1],[0,1],[0,1],[0,1],[0,2],[1,0],[2,0],[1,1]],[[5146,9723],[-1,-1],[0,-2],[1,-1],[0,-1],[2,-2],[0,1],[0,-1],[-1,-1],[0,-2],[1,0],[2,0],[0,-4],[0,0]],[[5150,9709],[-2,-1],[1,-2],[1,0],[0,-2],[-1,-1],[1,0],[-1,-2],[-2,-1],[0,0],[-1,0],[0,-1],[0,-1],[1,-1],[0,-2],[-1,0],[-1,-1],[-1,0],[0,-1],[0,-1],[0,-1],[0,0],[-1,-1],[-2,-1],[0,0],[-1,-1],[0,0],[-2,0]],[[5182,9677],[-1,-1],[0,-2],[1,-1],[1,1],[1,0],[1,-2],[0,-1],[0,0],[3,-2],[0,-1],[2,0],[1,0],[0,-1],[-2,-1],[0,-1],[-2,-1],[1,-1],[0,-1],[0,-1],[0,-1],[2,-1],[0,0],[-1,0],[0,-2],[0,-1],[0,-1]],[[5189,9655],[-1,-1],[-1,-2]],[[5187,9652],[0,-1],[0,-1],[-1,-1],[-1,0],[-1,-1],[0,0],[-1,-2],[-2,-1],[-1,-3]],[[5180,9642],[-1,0],[-2,-1],[-2,1],[0,0],[0,2],[-2,0]],[[5173,9644],[0,1],[0,1],[1,1],[0,2],[-2,-2],[0,0],[-1,-1],[0,2],[0,0],[1,2],[-1,0],[-1,-1],[-1,0],[-1,0],[0,3],[0,2],[0,1],[-1,2],[-1,0],[-2,3]],[[5164,9660],[2,1],[1,0],[0,1],[0,1],[0,1],[1,1],[1,0],[2,0],[1,1],[-1,2],[0,1],[1,0],[1,0],[0,1],[-2,0],[0,1],[0,0],[-1,2],[-2,-1],[0,0],[-1,-1],[0,2],[0,2],[0,1],[0,0],[2,1],[0,0],[0,3]],[[5104,9760],[-2,2],[-2,0],[-1,1],[0,2],[-1,1],[0,2],[0,3],[0,2],[-1,2],[-1,2],[0,2],[0,2],[-1,0],[-1,1],[-1,1],[0,2],[0,1],[2,1],[1,1],[0,1],[1,1],[0,1]],[[5097,9791],[2,0],[1,1],[2,0],[0,-1],[1,0]],[[5103,9791],[0,-2],[0,0],[0,-2]],[[5103,9787],[2,2],[2,-2],[1,0]],[[5108,9787],[1,-1]],[[5109,9786],[-1,-1],[1,-1],[0,-1],[-1,-1],[1,-2],[-1,0],[0,-2],[-2,0],[0,0],[-1,-2],[-1,-1],[1,-2],[0,-1],[0,-3],[1,1],[2,1],[2,0],[2,1],[0,-2],[-1,-1],[0,-2],[2,0],[1,0],[0,-1],[-2,-2],[-1,0],[0,-1],[1,-1],[1,0],[1,-1]],[[5114,9761],[-1,-1],[0,-1],[-1,-1],[2,-1],[0,-2],[0,-1],[-1,0],[-1,-1],[-1,0],[-2,-1]],[[5109,9752],[-1,3],[1,1],[-1,2],[0,-1],[-1,-1],[-2,3],[-1,1]],[[5170,9727],[-1,-1],[-2,-1],[0,-1],[-1,-1],[0,1],[-1,0]],[[5165,9724],[0,1],[0,2]],[[5165,9724],[0,-1],[-1,0],[1,-2],[0,-1],[-2,-1],[1,-1],[-1,-1],[-1,-1],[-1,0],[-1,-1],[0,-1],[-2,0],[0,1],[-1,0],[0,0],[-1,-1],[1,-1],[-3,0],[0,-2],[-2,-1]],[[5152,9710],[0,-2],[-2,1]],[[5158,9724],[1,-1],[1,0],[0,0],[1,1],[1,-1],[2,1],[1,0]],[[5164,9729],[-1,1]],[[5164,9696],[-1,0],[0,0],[-2,1],[-1,0],[-1,1],[-1,0],[0,1],[1,1],[-1,2],[1,1],[0,1],[0,1],[-1,-1],[-2,0],[0,0],[-1,0],[0,1],[0,2],[-1,2],[-1,0],[-1,1]],[[5110,9798],[-1,-1],[1,-2],[-2,-2],[-1,2],[-1,-1],[-1,-1],[-2,-2]],[[5097,9791],[0,3],[-1,2],[0,3],[-1,2],[-1,0],[-1,1],[-1,1],[-2,0],[-2,1],[1,2],[0,1],[-1,1],[0,2],[0,1],[1,0],[2,-1],[1,0],[0,-1],[1,-1],[1,1],[1,0],[1,1],[1,-1],[1,-3],[3,0],[1,-1],[2,-1],[2,0],[1,1],[1,-1],[0,-1]],[[5108,9803],[0,0],[-1,-1],[-1,0],[0,-2],[1,0],[2,1],[-1,-2],[-1,0],[0,-2],[2,2],[1,-1]],[[5163,9680],[0,-2],[1,-2],[1,0],[0,-1],[0,-1],[-1,0],[-1,0],[-2,2],[1,1],[-2,0],[-1,2],[-2,0],[-1,-1],[-1,1],[-2,0],[-1,1],[0,1],[-1,0],[-1,0],[-1,0],[-1,-1],[-2,0],[0,-1],[-1,0]],[[5109,9786],[3,1],[0,-1],[2,1]],[[5129,9761],[-1,1],[0,-1]],[[5128,9761],[-2,-2],[-1,0],[-2,0],[-1,0],[-1,-1],[-1,1],[-1,0],[-1,0],[0,0],[-1,-1],[-1,1],[1,1],[-2,-1],[0,1],[-1,1]],[[5121,9711],[0,1],[0,3],[1,1],[3,-2]],[[5125,9714],[0,0],[-3,3],[0,-1],[-1,0]],[[5164,9660],[-1,0],[-1,0],[-1,3],[-2,0],[1,-2],[-1,-1],[0,0],[-1,-1],[-1,-2],[-1,-1],[-1,-1],[-1,-2],[-2,-1],[-1,0],[-1,0],[-1,0],[0,0],[-1,1],[-1,2],[-1,2]],[[5120,9791],[1,1],[0,0],[1,3],[-1,1],[2,2],[0,1],[-1,2],[0,0]],[[5122,9801],[1,0],[2,1],[0,1]],[[5118,9731],[-1,2],[0,4],[0,2],[-1,2],[1,0],[2,1],[1,-1]],[[5120,9741],[-2,2],[-2,0],[0,0],[-1,-1],[0,-2],[-1,1],[-1,2],[-1,4],[-1,2],[1,1],[0,0],[-2,1],[-1,1]],[[5173,9644],[-1,0],[-1,-1],[0,-1],[-1,-1],[-1,0],[-1,-1],[-1,1],[-2,2],[-1,0],[-1,1],[-1,-1]],[[5153,9761],[0,-3],[1,2],[1,0],[0,1],[1,-1],[1,0],[1,-2],[1,-2],[-2,-2],[-1,-1]],[[5108,9803],[2,1],[0,-2],[1,0],[2,0],[2,0],[0,-1],[1,-2],[0,1],[1,0],[0,2],[0,0],[1,-1],[2,0],[2,0]],[[5119,9791],[0,2],[-1,-1],[-1,2],[-2,1],[-2,0],[-1,0],[-1,0],[1,1],[-1,1],[-1,1]],[[5120,9682],[0,2],[0,1],[-1,1],[0,1],[-2,1],[1,1],[0,1],[1,2]],[[5621,9669],[2,1],[0,1],[-1,1],[2,2],[-1,2],[0,1],[1,1],[2,-1],[2,2],[0,-1],[1,0],[2,1],[-1,3],[-1,-1],[0,1],[1,1],[1,0],[1,0],[4,2]],[[5636,9685],[0,2],[-1,1]],[[5635,9688],[1,1],[1,1],[2,2],[1,0],[1,1],[1,-1],[1,0],[1,-1]],[[5644,9691],[-1,-1],[1,-3],[-1,0],[-1,-2],[-1,-1],[1,-1],[1,-2],[1,0],[0,-1],[1,-1],[-1,-1],[-1,-1],[-1,0],[0,-1]],[[5642,9676],[1,0],[3,-2],[-1,0],[1,0],[1,-1],[1,0],[-2,-2],[-1,-3],[1,0],[1,-1],[-1,-1],[-1,0],[0,-2],[1,0],[1,-2],[0,0],[1,-1],[-1,0],[-1,0],[-2,-1],[1,-1],[-1,0],[-1,1],[-1,0],[-1,-1],[-1,0],[-1,-1],[-1,0],[0,-1],[2,-1],[-1,-1],[0,-3],[1,0],[0,0],[1,0],[0,-1],[3,-1],[0,0],[3,0],[1,-1]],[[5567,9739],[2,2]],[[5569,9741],[1,1],[1,2],[1,0],[1,-1],[-1,-1],[1,-1],[0,1],[2,-1],[1,2],[1,0],[1,0]],[[5578,9743],[0,-1],[1,-2]],[[5579,9740],[2,-1],[0,0],[1,0]],[[5582,9739],[0,-2],[2,-1],[1,0],[0,0],[2,1],[0,-1],[-1,-2],[1,0],[1,-1]],[[5588,9733],[-1,0],[-1,-2],[-1,0],[0,-2],[0,-1],[-1,0],[0,-1],[1,0],[1,0],[1,-1],[0,-1],[0,-1],[-1,-1],[0,-1],[0,-1],[-1,0],[0,-1],[-1,-1],[1,-2],[0,-1]],[[5585,9716],[-1,1],[-2,0],[0,-1],[0,-1],[1,0],[0,-2]],[[5583,9713],[0,-1],[-2,-1],[0,-1],[-1,-1],[-2,0],[-1,0],[1,-3],[0,0],[3,-1]],[[5581,9705],[1,-1],[1,-1],[-1,-2],[1,-1],[0,0],[-1,0],[-1,1],[0,-1],[0,-2],[1,-2],[1,-1],[1,-2],[1,-1],[-1,0],[0,0],[-2,0],[0,0],[-1,-2]],[[5581,9690],[1,0],[0,-1],[3,-3],[-1,0],[-2,0],[0,-2],[-1,0],[-1,2],[0,0],[-1,-1],[1,-1]],[[5580,9684],[-1,0],[-1,1]],[[5578,9685],[-2,1],[-2,0],[-1,-1],[-2,1],[-1,1],[0,1],[0,0],[-2,1],[1,1],[0,2],[-1,0],[1,2],[1,1],[0,1],[0,1],[-1,1],[-1,-1],[-2,1]],[[5566,9698],[-2,-1],[-1,1],[0,1],[0,1],[-1,1],[0,1],[2,1],[-1,1],[-1,2],[-1,0]],[[5614,9721],[1,-1],[2,1],[0,1],[0,-1],[2,1],[1,0],[1,-1],[1,-1],[1,-1],[1,-2],[1,-1],[0,-3]],[[5625,9713],[1,0]],[[5626,9713],[1,-2]],[[5627,9711],[-2,-1],[0,-1],[-1,-1],[-2,-1],[0,-1]],[[5622,9706],[-1,2],[-1,0],[-1,0],[1,-1],[-1,-2],[-1,0],[-1,-1],[-1,-1],[0,-1],[1,-3],[0,-1],[-1,-1]],[[5616,9697],[-1,0],[-1,2],[-1,-1],[0,-1]],[[5613,9697],[-1,-1],[-2,2],[-1,0],[0,1],[0,1],[-1,1],[2,0],[-1,1],[0,1],[-1,1],[-2,1],[0,0],[-1,1],[-2,1],[1,1],[1,2],[0,1],[1,1],[1,2],[0,1]],[[5607,9715],[-1,1],[1,3],[0,1],[2,0],[2,3]],[[5611,9723],[0,0],[2,-1],[0,0],[1,-1]],[[5560,9653],[1,1],[2,2],[1,-1],[1,1],[0,1],[0,1],[-1,2],[1,-1],[2,0],[2,-2],[0,0],[1,0],[-1,1],[0,1],[1,1]],[[5570,9660],[1,0],[1,0],[1,-2],[1,1],[1,1],[1,2],[-1,0],[0,1],[1,0],[0,0],[1,1],[1,-1],[0,1],[1,1],[1,2],[0,2],[0,1],[1,2],[1,1],[1,0],[0,1],[-1,1],[0,2]],[[5582,9677],[0,1],[-2,0],[1,1],[-1,2],[0,1],[0,0],[0,2]],[[5581,9705],[3,0],[3,3],[1,-1],[0,-2],[1,0],[2,-1],[1,2],[5,1],[0,0],[1,-2],[1,0],[1,1],[0,1],[1,0],[1,1],[0,1],[0,2],[0,0],[0,2],[0,1]],[[5602,9714],[1,1],[4,0]],[[5613,9697],[-1,-1],[-1,-2],[-1,-1],[-1,-1],[-1,-1],[0,-1],[0,-1],[0,-1],[-1,-2],[0,0],[-1,-1],[-1,0],[-1,0],[1,-1],[-4,-3],[0,0],[-2,-2],[2,-3],[-1,-2],[3,0],[-1,-2],[-1,-2],[0,-1]],[[5555,9658],[0,1],[-3,2],[2,1],[-2,0],[-2,0],[-1,-1],[-1,0],[-1,-1],[0,3],[-1,1],[0,1],[0,1],[1,1],[1,1],[1,1],[-1,1],[0,3]],[[5548,9673],[0,2],[-2,0],[-1,0],[0,2],[-2,0],[-1,0]],[[5542,9677],[0,1],[1,3],[1,0],[1,0],[1,1],[0,1],[-3,1],[0,0],[1,2],[1,-1],[1,0],[3,1],[0,-1],[1,0],[-1,2],[1,1],[-1,2]],[[5644,9691],[1,0],[2,1]],[[5647,9692],[1,1],[3,1],[1,0],[1,1],[0,1],[-1,2],[1,2],[1,0]],[[5654,9700],[0,0],[2,1],[1,-1],[1,-1],[1,0],[0,-1],[0,-1],[1,0],[1,1],[1,0],[1,1],[1,-1],[2,0],[1,1],[0,0],[2,1],[1,1],[3,-1]],[[5673,9700],[0,-1],[-2,-1],[0,-1],[0,-1],[1,0],[-1,-2],[0,-1],[1,-1],[0,-2],[1,0],[0,-1],[-2,-1],[-1,-1],[-1,-1],[0,-2],[0,0],[0,-1]],[[5669,9683],[2,-1],[1,0],[1,0],[0,-1],[1,-2]],[[5674,9679],[1,-1],[1,-1],[0,-1],[1,0],[0,-1],[2,0],[0,-1],[0,-1],[0,-1],[0,0],[1,-1]],[[5680,9671],[-1,-1],[-1,1],[1,-2],[-2,-2]],[[5677,9667],[-3,1],[-1,-1]],[[5673,9667],[0,-1]],[[5673,9666],[-2,2],[-2,-2],[-1,0],[-1,-1],[-1,0],[-1,1],[-2,0],[0,1],[-2,-1],[0,-1],[-1,0],[-1,-2]],[[5659,9663],[1,0],[2,0],[1,0],[2,-1],[-1,0],[1,-1],[1,-1],[-1,0],[1,-2],[-1,-1],[-1,0],[-3,-2],[-2,0],[0,-1],[0,-2],[0,-1],[2,0],[-1,-2],[1,-2],[0,-1]],[[5661,9646],[-1,0],[-3,1],[-1,0],[-1,1],[-1,0],[-1,-1],[-2,0],[0,0],[-1,-1]],[[5610,9723],[1,0]],[[5602,9714],[-1,1],[0,-1],[-2,1],[-1,-1],[0,1],[-1,0],[-1,0],[-2,1],[-1,0],[0,0]],[[5593,9716],[-1,3],[-1,0],[-1,-2],[0,2],[-1,0],[-1,-1],[-2,-2],[-1,0]],[[5588,9733],[0,-1]],[[5588,9732],[-1,-1],[1,-2],[1,1],[0,-1],[1,-1],[0,0],[2,-1],[1,2],[1,-1],[-1,1],[0,1]],[[5593,9730],[1,0],[1,0],[1,0],[1,0],[1,0],[0,-1],[0,-1],[0,-1],[1,-1],[2,0],[1,1],[0,3],[0,-1],[1,-1],[1,1],[1,-1],[1,-1],[0,1],[1,-2],[0,0],[2,-2],[1,0],[0,-1]],[[5581,9762],[1,0],[0,-2],[0,0],[2,-1],[-1,-1],[0,-2],[0,-1]],[[5583,9755],[1,-1],[2,0],[1,0]],[[5587,9754],[0,-1],[1,-1],[0,-1],[0,-2],[0,0]],[[5588,9749],[0,-1],[1,0],[1,-2],[0,1],[1,-1],[-1,-1],[1,0],[1,-1],[0,0],[-1,-1],[0,-2],[0,-1],[0,-1],[1,0],[0,-1],[-1,-1],[0,-1]],[[5591,9736],[2,-1]],[[5593,9735],[0,-1],[1,-2],[0,0],[-1,-2]],[[5674,9744],[0,-1],[2,0],[0,-2],[1,-1],[0,-1],[-1,-1],[-1,0],[-1,-1],[-1,0],[1,-3],[1,-2],[1,-3]],[[5676,9729],[1,-1],[1,-3],[0,-1],[0,-2],[0,-2],[1,-1]],[[5679,9719],[-1,-1],[-2,-3],[-1,-1]],[[5675,9714],[2,1],[2,1],[2,-2],[0,0]],[[5681,9714],[0,-2],[0,-1],[0,-1],[-1,0],[-2,-1],[0,-1],[2,0],[1,0],[1,-1],[-1,-1],[0,-1]],[[5681,9705],[-2,-2],[0,-1],[-1,0],[-1,0],[-2,-1],[-1,0],[-1,0],[0,-1]],[[5654,9700],[0,2],[-2,4],[-1,0],[-1,0],[-2,-2],[-1,0],[-1,-1],[-1,0],[-1,1],[-1,0],[0,1],[-2,0],[-1,0],[-2,0],[1,-2],[0,-1],[-1,0],[-3,-2],[0,1],[-1,1],[-1,0],[-1,2],[0,1],[1,1],[1,2],[1,4],[0,1],[0,2],[0,0],[-1,-2],[-1,1],[-1,1],[-2,0],[-1,0],[0,1]],[[5629,9716],[0,1],[-1,1],[1,2],[1,1],[1,2],[0,1],[1,1],[-1,1],[-1,2],[-1,0],[0,1],[-2,3],[-2,0],[0,2],[1,1],[2,0],[0,1],[2,0],[2,1],[0,1],[2,2],[0,-1],[0,1],[0,2],[0,4],[1,1],[0,3]],[[5629,9716],[-1,-1],[-2,-1],[0,-1]],[[5593,9735],[0,2],[2,-1],[1,1],[0,1]],[[5596,9738],[1,1],[1,-1],[0,-1],[0,-1],[3,1],[0,-1],[2,-1],[1,-1],[0,2],[1,0],[1,0],[1,1],[1,1],[0,-1],[0,-1],[1,2],[2,0],[0,1],[-1,1],[1,1]],[[5611,9741],[1,-1],[1,1],[1,0],[1,1],[1,-1],[1,1],[1,0],[1,1],[0,2],[-1,2],[-1,1],[-2,1],[0,0],[-2,-1],[-1,0],[0,1],[-1,-1],[-1,1],[0,1],[0,0],[1,2],[1,1],[-1,1],[3,1],[0,0],[2,-1],[2,1],[1,1]],[[5611,9741],[-1,1],[-1,1],[-1,1],[-1,0],[-2,-2],[0,1],[0,1],[0,1],[-1,1],[0,2],[-1,0],[-1,1],[0,1],[-2,-2]],[[5600,9748],[0,1]],[[5600,9749],[1,1],[0,0],[0,1],[0,2],[-2,2],[1,1],[-2,0],[0,-2],[-2,0],[0,0],[0,-2]],[[5596,9752],[-1,0],[-1,1],[-1,-1],[-1,-1],[1,0],[0,-1]],[[5593,9750],[-2,-1],[-1,0]],[[5590,9749],[0,0],[-2,0]],[[5583,9713],[1,1],[1,0],[1,0],[1,0],[1,1],[2,-1],[1,0],[2,2]],[[5600,9749],[0,0],[-2,0],[0,-1],[-2,1],[0,3]],[[5592,9747],[-1,1],[-1,1]],[[5593,9750],[0,0],[1,-1],[-1,-1],[0,-2]],[[5593,9746],[-1,0],[0,1]],[[5593,9746],[1,0],[0,-1],[-1,-1],[0,-2],[1,0],[0,-2]],[[5594,9740],[1,-1],[0,0]],[[5595,9739],[1,-1]],[[5616,9697],[1,-1],[1,1],[1,0],[1,0],[1,0],[2,2],[0,0],[1,1],[0,1],[0,1]],[[5624,9702],[1,0],[1,-1],[0,1],[1,-1],[2,1],[-1,1],[-1,0],[-2,0],[0,1],[1,2],[4,1],[-1,1],[-1,0],[-1,3]],[[5595,9739],[1,1],[1,2],[1,0],[1,0],[2,-1],[1,1],[1,-2],[1,1],[-3,2],[0,0],[0,2],[-1,0],[0,1],[0,2],[0,0]],[[5624,9702],[-1,1],[-1,0],[-1,2],[1,1]],[[5712,9589],[0,-1],[0,-1],[0,-2],[0,-1],[1,0],[1,1],[-1,1],[1,1],[1,0],[0,1],[1,0]],[[5716,9588],[0,-1],[0,-3],[2,-1],[0,-1],[-1,-1]],[[5717,9581],[-1,0],[-1,-1],[0,-1],[-2,0],[0,-1],[0,-2],[-1,-1],[-1,-1],[1,-1],[0,-1],[1,-1]],[[5713,9571],[0,-1],[1,-2],[1,-1],[1,-1],[-1,-1],[2,-1],[1,0],[0,-1],[0,2],[0,2],[0,1],[0,2],[1,1],[0,-2],[1,0],[1,-5],[0,0]],[[5721,9564],[0,1],[2,0],[0,1],[1,-2],[-1,-2],[0,-1],[-1,0],[-1,-1],[0,-1],[1,-2]],[[5722,9557],[-1,0],[-1,-2],[-1,0],[-1,-1]],[[5718,9554],[-1,0],[0,1],[-2,0],[-3,0],[0,1],[0,1],[-1,1],[-1,-1],[0,1],[-1,1],[0,1],[-2,1],[-1,1],[-1,-1],[-1,1],[0,1],[-2,0],[0,0],[-2,1],[-1,0],[1,2],[-1,0],[-1,2],[1,2],[-1,1],[-1,0]],[[5697,9571],[0,1],[-1,2],[0,1]],[[5696,9575],[1,1],[0,1],[1,1],[0,0],[0,1],[-1,1],[1,2],[1,0]],[[5699,9582],[2,1],[-1,2],[0,2],[0,1]],[[5700,9588],[0,1]],[[5700,9589],[1,2]],[[5701,9591],[1,3],[0,0],[2,-1],[-1,0],[-1,-1],[0,-1],[1,1],[2,0],[2,1],[0,0],[1,2],[3,0],[1,-1]],[[5712,9594],[0,-3],[0,-2]],[[5716,9588],[0,1],[1,3],[1,0],[1,0],[1,0],[2,-2],[-1,-2],[0,-1],[2,0],[1,0],[1,0],[1,1],[0,0],[-1,-1],[-1,-1],[-1,-1],[-1,0],[1,-2],[0,0],[0,-1],[2,-1],[2,1],[0,1],[1,1],[1,-1],[-2,-2],[0,-1],[1,-3],[0,2],[2,0],[1,0],[1,2],[2,1],[1,-1],[1,0],[2,-1],[1,0]],[[5739,9580],[0,-1],[2,1],[1,-1],[1,-1],[1,0],[0,-2],[1,-1],[0,-2],[1,0],[0,-1],[0,-1],[-2,-1],[1,-3],[2,-1],[1,1],[1,0],[1,1],[0,2],[1,-1],[0,-1],[0,-1],[1,-2],[1,-1],[0,-1]],[[5753,9563],[1,-1],[0,-2],[0,-1],[-2,0],[-2,1],[0,-1],[-1,-1],[0,-1],[-1,-2],[0,-2],[1,-1],[-2,0],[-1,0],[0,1],[-1,0],[-2,0],[-1,-1],[-1,0]],[[5741,9552],[-1,0],[-1,0],[1,2],[-1,0],[0,2],[1,1],[0,1],[0,0],[-1,0],[-3,0],[-1,-2],[-1,1],[0,1],[1,0],[1,1],[0,1],[1,1],[0,2],[1,0],[-2,-1],[-2,0],[-1,1],[-1,-1],[0,-1],[0,-1],[-2,1],[-1,0],[0,-1],[-2,-1]],[[5727,9559],[2,-2],[-1,-1],[0,-1],[-1,-1],[-2,1],[-1,-1],[-2,3],[0,0]],[[5712,9594],[1,-1],[2,1],[0,1],[1,1],[0,1],[-1,0],[-2,1],[0,1],[1,0],[0,1],[1,1],[-1,1],[1,0],[-1,1],[0,1],[-1,0],[-1,0],[0,1],[-1,0],[0,2],[-2,2],[0,1],[-1,0],[0,1],[0,1],[1,1],[1,2],[0,1]],[[5710,9616],[-1,1],[-3,0],[-1,1],[0,1],[1,0],[0,1],[-1,0],[-1,-1],[-1,-2],[-1,2],[0,1],[-1,1],[0,1],[3,0],[-1,2],[0,0],[-1,1],[-1,-1],[-1,1]],[[5700,9625],[0,1],[0,2],[-1,0],[-1,-1],[-1,1],[-1,1],[-1,1],[-1,2],[0,1],[1,1],[1,1],[1,1],[0,2]],[[5697,9638],[1,0],[1,1],[-1,1],[0,2],[-1,1],[1,2],[-1,1]],[[5697,9646],[0,0],[2,-1],[2,0],[0,-1],[1,0],[1,-1]],[[5703,9643],[1,1],[1,-1],[1,0],[2,-3],[0,-1],[2,0]],[[5710,9639],[1,-1],[0,0],[1,0],[1,-1],[0,-1],[0,-1],[2,-2],[1,-1],[1,-1],[1,1],[0,-1]],[[5718,9631],[-1,-1],[-1,0],[-1,-2],[-2,-1],[-1,0],[1,-1],[2,0],[1,-1],[-1,-1],[-1,0],[0,-1],[0,-2],[0,-1],[0,-1],[2,1],[1,1],[1,1],[1,0],[1,0],[1,-1],[2,0],[0,-2],[1,-1],[1,-3],[1,0],[2,-4],[0,0],[1,1],[1,1],[4,-3],[-1,-2],[0,-2],[2,-1],[1,-1],[1,1]],[[5737,9605],[2,-2],[0,-1],[1,-1],[0,-1],[0,-1],[-3,0],[-1,-2],[0,-2],[0,0],[0,-1]],[[5736,9594],[0,-1],[0,-1],[-2,-1],[0,-2],[1,0],[0,-1],[0,0],[-2,-1],[-1,-2],[1,-1],[0,-1],[1,0],[0,1],[0,1],[2,-1],[1,-1],[0,1],[1,-2],[0,0],[1,-2]],[[5665,9614],[1,0],[3,-1],[1,1]],[[5670,9614],[1,-1],[0,-1],[1,0],[2,0],[1,1],[1,0],[2,0]],[[5678,9613],[1,-1],[0,-1],[-1,0],[1,-2],[-1,-2],[1,-2]],[[5679,9605],[-1,-1],[0,-2],[0,-1],[1,-1],[0,-1],[1,-2]],[[5680,9597],[1,-2],[-1,0],[1,-1],[0,-1],[-1,-1],[1,-2]],[[5681,9590],[-1,-1],[0,-2],[-1,0],[0,-2],[0,-1]],[[5679,9584],[2,-2],[0,-2],[1,-1],[1,-1],[0,-1],[1,-1],[1,1],[0,1],[1,0]],[[5686,9578],[0,-2],[1,-1],[0,-1],[1,-1],[2,0],[1,1],[2,0],[0,1],[1,-1],[2,1]],[[5697,9571],[0,-1],[0,-2],[-1,0],[0,-1],[-2,0],[-1,-1],[-1,0],[-1,0],[0,-1],[-1,1],[-1,-1],[-1,0],[-1,-1],[2,0]],[[5689,9564],[-1,-1],[-1,-1],[0,-1],[0,0],[-2,-3],[-1,0],[-2,-2],[-1,0],[-1,0],[0,0],[-2,1],[0,0],[-1,0],[-2,-1],[-1,-2]],[[5673,9666],[0,-1],[-2,-1],[0,-2],[-1,0],[0,-1],[-2,1],[0,-1],[1,-1],[-2,-1],[1,-1],[1,1],[1,-1],[0,0],[1,1],[1,-1],[0,-2],[-1,0],[1,0],[3,-3]],[[5675,9653],[-1,-3]],[[5674,9650],[-1,0],[0,-2],[-2,-1],[0,0],[-1,-2],[-1,-1],[-2,1],[-1,2],[0,0],[-2,-1],[-2,0],[-1,-1],[0,1]],[[5658,9626],[0,3],[1,0],[0,-1],[1,0],[1,0],[2,-1],[1,-1],[1,-1],[1,1],[1,0],[1,1],[0,1],[-1,2],[0,1],[-1,2],[0,1],[1,1],[1,-1],[2,-1]],[[5670,9633],[1,-1],[1,0],[2,-1],[1,-2],[1,0],[1,1],[1,-1],[1,-1],[0,2],[1,1],[1,1],[-1,2],[1,-1],[-1,2],[-1,0]],[[5679,9635],[0,2],[0,1],[2,-1],[3,0],[0,1],[1,0],[0,2],[1,0],[2,1],[1,1],[0,-2],[1,0],[0,0],[2,0],[1,-1]],[[5693,9639],[1,0],[3,-1]],[[5700,9625],[-2,0],[-2,-3],[-1,0],[-2,-1],[-1,-1],[1,0],[1,-1],[-2,-1],[0,-1],[-2,-1],[-2,1],[-1,1],[0,2],[-3,0],[0,0],[-1,-2],[-1,-2]],[[5682,9616],[0,-1],[-1,-1],[-2,-1],[-1,0]],[[5678,9613],[0,2],[-1,1],[-1,-1],[-1,1],[-2,-1],[-2,-1],[-1,1],[0,-1]],[[5701,9591],[-1,1],[-1,0],[0,1],[-1,0],[-1,1],[-2,1],[-1,0],[1,2],[0,1],[0,1],[-1,-1],[-1,1],[0,-1],[-1,1],[-2,-1],[0,-1],[-2,-1],[-2,1],[-1,0],[-1,0],[-1,0],[-1,0],[-1,1],[-1,-1]],[[5741,9552],[1,-1],[0,-2],[-2,-1]],[[5740,9548],[-1,0],[-1,1],[-1,-1],[-1,-1],[0,0],[0,-2],[0,-3]],[[5736,9542],[0,-1],[1,0],[1,0],[0,-1],[0,-1],[0,-1],[-1,-1],[0,-1],[0,-1],[-1,0],[0,-2],[1,-1],[0,-2]],[[5737,9530],[0,-1],[-1,1],[-1,-1],[-1,0],[0,-1],[-1,0],[-1,0],[-1,0],[-1,0],[-1,0],[-1,1],[0,1],[0,2],[-1,0],[-1,0],[-2,-3],[-1,-1],[-2,0],[-2,1]],[[5719,9529],[0,3],[-1,1],[1,2],[0,2]],[[5719,9537],[-1,0],[0,-1]],[[5718,9536],[-1,-1],[0,-1],[-1,-1],[-1,0],[-1,1],[-1,0],[0,1],[0,1],[-1,1],[-3,0],[0,0],[1,2],[1,1],[0,2],[0,0],[-1,1],[-1,0],[0,1],[0,2]],[[5709,9546],[2,-1],[1,1],[1,2],[-1,1],[-2,1],[0,2],[2,-1],[1,0],[2,0],[1,1],[1,-1],[1,3]],[[5689,9564],[1,-1],[0,-1],[0,-1],[1,-1],[0,-1],[0,-1],[1,-1],[1,1],[1,-1],[1,-1],[2,-1]],[[5697,9555],[1,0],[1,-1],[-1,-1],[1,-2],[2,0],[0,0],[1,0],[1,0],[-1,-3],[1,0],[0,0],[1,-2],[1,1],[1,0],[0,-1],[1,1],[2,-1]],[[5719,9529],[-1,-1],[-2,-1],[-1,0],[-1,1],[-1,0],[-1,-2],[0,-1],[1,-1],[-2,-1],[-1,-3],[0,-2]],[[5674,9650],[1,-1],[0,-2],[1,-1],[0,-1],[1,-1],[0,-1],[1,-1],[1,0],[-2,-2],[1,-1],[-1,-1],[0,-2],[1,0],[0,-1],[1,0]],[[5677,9667],[2,0],[0,-2],[-1,-1],[0,-2]],[[5678,9662],[-2,0],[0,1],[-1,-1],[-1,0],[0,1],[1,1],[0,1],[-2,2]],[[5700,9589],[-1,1],[-2,1],[-1,0],[-2,1],[-1,0],[-2,0],[-1,-1],[-1,1],[-1,0],[-1,-2],[0,-1]],[[5687,9589],[-3,1],[-1,-1],[-1,-1],[-1,2]],[[5687,9589],[0,-1],[-1,-1],[0,-2],[-1,-1]],[[5685,9584],[-2,0],[-1,2],[-1,0],[-1,0],[0,-1],[-1,-1]],[[5699,9582],[-1,1],[0,1],[0,1],[-1,-1],[-2,1],[0,1],[-1,-1],[-2,-1],[0,-1],[-1,0]],[[5691,9583],[0,2],[1,1],[0,1],[-1,1],[1,1],[3,0],[2,0],[3,0]],[[5700,9589],[0,-1]],[[5675,9653],[1,1],[0,1],[2,1],[1,1]],[[5679,9657],[2,0],[0,2],[2,1],[0,0],[0,-3],[1,0],[0,-2],[2,0],[2,0],[0,-1],[1,-1]],[[5689,9653],[1,-1],[0,-1],[1,-1],[1,1],[1,-1],[2,-2],[0,-1],[1,0],[0,-1],[1,0]],[[5691,9583],[0,-2],[-1,0],[-1,-1],[-1,0],[-2,-2],[0,0]],[[5686,9578],[0,1],[0,2],[0,2],[-1,1]],[[5678,9662],[1,-2],[-1,-1],[1,-2]],[[5182,9571],[-2,0],[0,3],[-1,0],[-3,0]],[[5176,9574],[1,1],[-2,0],[0,1],[-1,2],[1,-1],[3,2],[0,1],[1,1]],[[5179,9581],[0,0],[1,-2],[1,0],[1,-1],[0,0],[2,0]],[[5184,9578],[1,0],[3,0],[1,0],[1,-2],[0,2],[1,0]],[[5191,9578],[1,0],[1,0],[0,1],[1,0],[1,0],[1,-1],[1,0],[0,1],[0,1],[0,1],[0,1],[1,0],[3,1],[1,0],[0,0],[2,0],[1,0],[1,0],[0,1]],[[5206,9584],[1,1],[1,0],[1,0],[0,-2],[1,-2],[0,-2],[-3,1],[-1,-2],[0,1],[0,1],[-1,1],[0,-1],[-1,0],[-1,-1],[0,-1],[-1,1],[-3,0],[0,-1],[-1,-1],[0,-3],[1,1],[1,-1],[0,-2],[-1,0],[-1,-1],[-1,-1],[-3,-1],[0,0],[0,-2],[0,0],[0,-1],[-2,0]],[[5192,9566],[0,1],[-1,1],[1,1],[-1,1],[-1,-2],[-2,-1]],[[5188,9567],[-1,0],[-1,-1],[0,1],[-1,1],[-2,3],[-1,0]],[[5188,9603],[-1,1],[0,1],[0,1],[-1,1],[-2,0],[0,0],[-1,1],[1,1]],[[5184,9609],[3,5]],[[5187,9614],[1,0],[2,1],[1,2],[1,1],[1,0],[0,1],[1,0],[3,-1],[0,0],[1,2],[2,1]],[[5200,9621],[1,-2],[1,0],[2,-1],[0,-1],[-1,-1],[-1,-1],[1,0],[-1,-2],[1,-1],[-1,-1],[-1,0],[-1,1],[-1,-2],[0,0],[-1,0],[0,-2],[0,-1],[-1,-1],[-1,-1],[-1,0],[-1,-1],[0,-1],[-1,-1],[0,-1]],[[5193,9601],[-1,-1]],[[5192,9600],[0,0],[-2,1],[-2,0],[0,2]],[[5180,9642],[2,-1],[0,-1],[1,-1],[1,-1],[0,-2],[1,0],[1,1],[1,0],[0,-2],[0,-1],[2,-1],[2,1],[1,1],[0,1],[-1,1],[1,1],[2,-1],[1,1],[0,1],[1,0],[0,1],[1,0],[0,-2],[0,0],[1,-2],[0,-2],[2,2],[1,0],[2,2]],[[5203,9638],[0,-2],[1,-1],[-1,-1],[1,-1],[0,0],[1,0],[1,0],[0,-2],[0,0],[2,0],[1,0],[0,-2],[2,0],[0,-1],[0,-1],[-1,0],[0,1],[-3,0],[-1,1],[-1,1],[0,-1],[0,-2],[1,-2],[-1,0],[0,-1],[-2,0],[0,0],[0,1],[-1,0],[-1,0],[-1,1],[-1,-2],[1,-1],[0,-1],[0,-1]],[[5187,9614],[-1,0],[0,2],[-1,0],[0,1],[-1,1],[1,1],[0,2],[-1,1],[1,2],[0,1],[-1,-2],[-2,1],[0,-1],[-2,2],[-1,-2],[-1,0],[0,1],[-2,0],[-1,1],[-1,-1],[0,-1],[-1,-2],[-1,2],[-2,0],[0,1],[-1,0],[-1,0],[-2,1],[-2,0]],[[5192,9600],[0,-1],[-1,0],[-1,-1],[-1,-2],[1,-1]],[[5190,9595],[-2,0],[0,-2],[-1,1],[-1,0],[-1,1],[-2,0],[-1,-1]],[[5182,9594],[-2,1],[0,-1],[-2,1],[-2,-1],[-2,0],[-1,0],[1,1],[-2,2],[0,1],[0,1],[-1,1],[-1,0],[-1,0],[0,-2],[-1,-1],[-1,0],[-1,1],[-2,0],[-1,1],[-1,-1]],[[5193,9601],[1,-1],[1,0],[0,-2],[1,0],[0,-1],[1,0],[1,-1],[1,1],[1,-1]],[[5200,9596],[1,0],[1,0],[0,-1],[2,0],[1,0],[0,-3],[0,-1],[-3,1],[-1,0],[-1,-1],[0,-1],[0,-1],[2,-1],[1,-2],[1,0],[0,-1]],[[5204,9585],[2,-1]],[[5191,9578],[1,3],[0,1],[-1,0],[0,2],[0,1]],[[5191,9585],[1,1],[-1,0],[-1,1],[0,3],[1,1],[1,0],[0,1],[-1,1],[2,1],[1,0],[0,1],[-3,0],[-1,0],[0,0]],[[5203,9638],[0,0],[2,0],[0,0],[1,0],[0,1],[1,1],[1,1],[1,1],[0,0],[1,1],[1,-1],[2,0],[0,2],[1,-1],[1,1],[1,0],[1,-1],[2,0],[0,0]],[[5219,9643],[1,0],[0,-1]],[[5220,9642],[0,-1],[-1,-1],[1,-2],[-1,-1],[0,-1],[0,0],[-1,0],[0,-1],[-2,0],[0,-1],[1,-1],[0,-1],[1,1],[2,-1],[0,-2],[2,0],[0,-1],[-1,-2],[0,0],[-1,-1],[-1,-1],[1,-2],[0,0],[2,-1],[-1,-1],[0,-2],[0,-1],[-1,-1]],[[5220,9617],[-1,-1],[-2,-1],[1,-1],[-1,-1],[0,-1],[-1,0],[-1,-1],[0,-3],[0,-1],[-1,-1],[0,-1],[-1,-1],[0,-1],[-1,-1],[0,1],[-2,-1],[-2,1],[-1,1],[0,2],[-1,-1],[-2,0],[-1,-2],[0,-1],[-1,0],[-1,0],[-1,-2],[0,-4]],[[5204,9585],[1,1],[1,1],[0,-1],[1,1],[0,1],[1,1],[1,0],[1,-1],[1,0],[1,-2],[1,1],[1,0],[2,0],[2,0],[3,1],[0,0],[1,3],[2,0],[1,-1],[1,-2],[1,1],[0,2],[2,-1],[3,2]],[[5232,9592],[0,-2],[2,0],[1,-2],[0,0],[-2,-1],[0,-2],[1,-1],[0,-1]],[[5234,9583],[0,-2],[-1,0],[-2,1],[-1,0],[-1,-1],[-3,-2],[-1,1],[-1,-1],[1,-2],[0,-1],[-1,-1],[2,-1],[1,0]],[[5227,9574],[0,-1],[0,-1],[0,0],[1,-2],[-1,-2],[2,0],[0,-1],[-1,-1],[0,-1],[-1,0]],[[5227,9565],[-1,-1]],[[5226,9564],[-1,0],[-1,0],[-1,0],[-1,-1],[-1,1],[-2,-1],[0,-2],[-1,0],[1,-1],[0,-1],[-1,-1],[2,0],[0,0],[1,0],[0,-1],[1,-1],[0,-1],[-1,-2],[-1,1],[-1,-1],[-1,0],[0,-1],[-1,0],[0,-1],[-1,0],[-1,-1],[1,-1],[0,-2]],[[5216,9547],[-1,1],[-2,0],[-2,0],[-1,2],[-3,0],[0,0],[-1,3],[0,0],[-1,3],[1,0],[0,2],[-1,1],[-1,1]],[[5204,9560],[-1,-1],[-2,-2],[-1,-1],[0,1],[-1,0],[-1,1],[-1,0],[-1,-1],[0,2],[-2,0],[-1,1],[-1,1],[-1,0],[0,1],[1,1],[0,1],[1,-1],[0,2],[-1,1]],[[5220,9617],[1,-1],[0,0],[1,-1],[1,1],[1,-1],[1,1],[1,-2],[1,1],[0,-1],[1,0],[1,1],[0,-2],[1,-2],[1,0],[1,1],[1,-2],[1,1],[1,-1],[1,1],[0,-2],[0,-2],[3,-1]],[[5239,9606],[2,-2],[0,-1],[-1,0],[1,-2],[-2,-1],[-2,-2],[-1,-1],[-3,-1],[-1,-1],[1,-1],[0,-1],[-1,0],[0,-1]],[[5166,9572],[0,-1],[1,0],[1,-3],[2,0],[0,1],[0,1],[3,0],[0,0],[2,0],[0,2],[0,1],[1,1]],[[5188,9567],[1,-3],[1,-1],[-1,0],[-1,-1],[1,-1],[-1,-2],[0,-1],[0,-1]],[[5188,9557],[-2,1],[-1,0],[-1,1],[-2,1],[-1,-1],[1,-1],[1,-2],[-1,-1],[-1,0],[-1,-1],[-1,0],[0,2],[1,1],[-1,2],[-2,1],[-1,-2],[1,-2],[-1,-1],[0,-1],[-4,0],[-1,0],[-1,-1],[0,0],[-1,1],[-2,0],[0,-1],[0,-3],[1,0],[0,-1],[0,0],[-1,-3],[-1,-2],[2,0],[0,-1],[1,0],[2,0]],[[5241,9620],[-1,0],[0,-1],[0,-2],[0,-1],[1,0],[0,-1],[0,-1],[0,-2],[-1,-1]],[[5240,9611],[0,-2],[-1,0],[0,-1],[0,-2]],[[5220,9642],[1,-1],[1,-1],[1,0],[0,1],[0,1],[1,0],[1,1],[1,2],[1,-1],[1,0],[1,0],[0,-1],[1,0],[0,2],[1,1],[1,-1],[1,2],[-1,1],[-1,1],[0,0],[1,1],[1,1],[0,-1],[2,0],[0,1],[2,-1],[0,-1],[1,-1],[1,-1],[2,-1],[0,-1],[-1,0],[-1,-2],[0,-1],[1,-1],[0,-1]],[[5240,9640],[1,-2],[0,-2],[0,-1],[2,0],[1,0],[2,0],[1,0],[0,1],[1,0],[1,-1],[0,-3],[-1,0],[0,-1],[1,-1],[-1,-2],[1,-1],[0,-1]],[[5249,9626],[-1,-1],[-1,0],[0,-1],[-1,0],[-2,1],[-1,-1],[-1,-1],[-1,-1],[1,-2],[1,0],[-2,0]],[[5182,9594],[0,-1],[-1,-1],[-1,1],[0,-3],[-1,0],[1,-2],[0,-1],[0,-1],[-1,0],[-2,0],[1,-1],[0,0],[0,-2],[-1,1],[0,-2],[2,-1]],[[5184,9541],[0,1],[0,2],[1,1],[0,1],[2,2]],[[5187,9548],[1,0],[0,-1],[1,-2],[2,-1],[1,0],[0,-2],[1,1],[1,2],[0,0],[1,1],[1,0],[0,-1],[1,-1],[0,0],[2,2],[0,0],[1,2],[1,1],[0,1],[-1,2],[0,1],[0,1],[-2,-1],[-1,1],[-1,-2],[-1,0],[-1,-1],[-1,1],[0,-1],[-2,2],[-2,-1],[-1,1]],[[5188,9553],[-1,3],[1,0],[0,1]],[[5216,9547],[2,-1],[1,0],[1,0]],[[5220,9546],[1,-2],[0,-1],[0,-2],[0,-1]],[[5188,9553],[-1,-1],[1,-2],[-1,-1],[0,-1]],[[5191,9585],[-1,0],[0,0],[-2,0],[-1,0],[-2,0],[-1,0],[0,-1],[1,-1],[0,-2],[0,-1],[-1,-2]],[[5793,9677],[-2,2],[0,0],[-1,1],[0,1],[-1,2],[-1,0],[-2,-1],[-1,0],[-1,-1],[-1,-1]],[[5783,9680],[-1,0],[-1,0],[1,-1],[-1,-3],[0,-1],[-1,-2]],[[5780,9673],[-2,2]],[[5778,9675],[-1,1]],[[5777,9676],[-1,0],[0,2],[-1,1],[0,0],[0,2],[-1,0],[-1,1],[-1,1],[1,2],[-1,0],[0,-1],[-2,-1],[-1,1]],[[5769,9684],[-1,0],[-3,1],[0,2],[0,1],[1,1],[0,0]],[[5766,9689],[1,2],[1,0],[2,0]],[[5770,9691],[1,0],[2,1],[1,-1],[-1,2],[0,0],[0,1],[2,1],[1,0],[0,2],[-1,0],[-1,1],[0,2],[1,0],[1,2]],[[5776,9702],[0,0],[1,1],[0,0],[1,-1],[3,0]],[[5781,9702],[1,0],[0,-1],[1,-1],[1,0],[1,2],[1,0],[1,-1],[1,0],[0,-2],[2,1],[0,-1],[1,-1],[0,-2],[-1,0],[-2,-1],[1,-1],[1,-2],[-1,0],[-1,0],[1,-2],[-2,0],[1,-1],[1,0],[0,-1],[1,0],[1,0],[1,0],[0,-1],[-3,0],[0,-1],[1,0],[2,0],[0,-1],[1,0],[1,0],[-1,-1],[0,-2],[0,-1],[2,0],[1,0],[1,-1]],[[5797,9680],[-1,-1],[-1,-1],[-2,-1],[0,0]],[[5752,9738],[0,0],[-2,-1],[-2,0],[-1,0]],[[5747,9737],[-1,0],[-1,0],[0,1],[-2,0]],[[5743,9738],[0,1],[-1,-1],[-2,0],[0,0]],[[5740,9738],[0,1],[-1,2],[1,1],[1,1],[-1,2],[-1,0],[1,1],[0,1],[0,1],[0,0],[2,2],[1,-1],[0,2],[0,1],[0,2]],[[5743,9754],[-1,0],[-2,0],[0,1],[-1,1],[2,2],[0,1],[0,1],[-1,1]],[[5740,9761],[2,1],[-1,3],[-1,0],[1,1],[1,0],[1,0],[2,0],[1,0],[1,0]],[[5747,9766],[1,-1],[0,0],[1,-1],[1,-1],[2,-1]],[[5752,9762],[0,1],[3,1],[0,1],[1,1],[0,1]],[[5756,9767],[1,-1],[1,-1],[0,-2],[-1,-1],[1,0],[0,-1],[1,0],[1,-1],[0,-1],[1,-1],[-1,0],[-2,0],[1,-2],[2,-1],[1,-2],[1,1],[1,-1],[-1,-1],[0,-1]],[[5763,9751],[0,-2],[1,-1]],[[5764,9748],[0,-2],[1,0],[0,-2],[1,-1]],[[5766,9743],[-1,-1],[-1,-1]],[[5764,9741],[-1,1],[0,1],[0,1],[-1,-1],[0,2],[-1,-2],[-2,1],[-2,0],[-1,-1],[1,-1],[-1,0],[-1,-1],[-1,0],[-3,-1],[1,0],[0,-2]],[[5765,9623],[-2,0],[0,-1],[-2,-1],[0,1],[-1,-1],[-1,1],[0,2],[0,0],[-1,1],[1,1],[0,2],[-1,0],[-1,-1],[-1,1],[0,1],[-1,1],[1,2],[1,-1],[0,2],[0,0],[-3,0],[1,-1],[-1,-3],[-1,0],[-1,0],[-1,0]],[[5751,9629],[0,1],[2,3]],[[5753,9633],[2,2],[-1,0],[0,2],[0,1],[1,1],[0,1],[0,1],[-1,0],[-2,1],[0,0],[-1,1],[-1,0],[-1,0],[0,-1],[-1,-1],[-1,1],[0,-1],[-2,-1],[0,-1],[-1,1],[-1,1]],[[5743,9641],[0,3],[0,1],[0,2],[1,1],[-1,0],[-1,1],[-2,0],[-1,1],[0,2]],[[5739,9652],[0,2],[2,1],[1,2],[1,0],[2,0],[1,1]],[[5746,9658],[3,0],[2,2],[1,1],[0,-3],[-1,-1],[2,0],[0,0],[1,1],[3,-2],[2,1],[0,1],[1,0],[1,1],[1,0]],[[5762,9659],[0,0],[0,-1],[1,0],[0,-1],[2,0],[0,0],[2,-1],[1,-2],[-1,0],[0,-2],[-1,-1],[0,0],[2,-1]],[[5768,9650],[1,1],[2,1],[1,1],[0,-2],[1,-1],[1,-1],[0,-1],[1,-1],[1,-1],[2,1],[0,2],[1,0],[1,-1],[1,1],[1,0],[1,1]],[[5783,9650],[0,-2],[2,-1]],[[5785,9647],[2,-1],[0,-2]],[[5787,9644],[0,-1],[1,0],[0,-1],[1,-1],[-1,-2],[1,0],[0,-2],[0,-1],[0,-1],[0,-1],[1,0],[-1,-2],[0,0]],[[5789,9632],[-2,-1],[-1,1],[-1,-3],[-1,0],[-1,-1]],[[5783,9628],[-1,0],[-2,0]],[[5780,9628],[-1,-1],[-1,1],[1,2],[-1,-1],[-2,0]],[[5776,9629],[0,-3],[0,0],[-1,-2],[-1,-1]],[[5774,9623],[0,1],[-1,-2],[-2,0],[0,1],[0,1],[0,2],[-1,-1],[0,-2],[-1,0],[-1,0],[0,0],[-1,0],[-2,-1],[0,1]],[[5782,9672],[0,1],[-1,0],[-1,0]],[[5797,9680],[2,1],[1,1],[1,-2],[1,0],[0,-1]],[[5802,9679],[-1,-2],[-1,-1],[1,-1]],[[5801,9675],[-2,-1],[0,-1],[-1,-1],[0,-2],[0,-1],[-3,0],[0,-1]],[[5795,9668],[0,-1],[1,0],[1,-1],[0,-2]],[[5797,9664],[-1,-1],[-1,-1],[-1,-1],[-1,0],[0,1],[-2,2]],[[5791,9664],[-2,-1],[-1,-1],[-1,-1]],[[5787,9661],[0,-1],[-1,-1],[0,1],[-1,0],[-2,0],[-1,0],[-1,2],[0,2],[0,1],[1,1]],[[5782,9666],[0,-1],[1,1],[0,2],[0,1],[1,1],[0,1],[0,1]],[[5784,9672],[0,0],[-2,0]],[[5745,9688],[-1,2],[0,1]],[[5744,9691],[-1,2],[1,1],[1,0],[0,1],[-2,2],[0,1],[-1,1]],[[5742,9699],[0,1],[2,1],[1,1],[1,1],[0,0],[2,0],[1,0],[0,1],[1,0],[0,1],[-1,2],[0,0],[-1,1]],[[5748,9708],[1,1],[-1,2],[2,1],[0,-1],[1,0],[0,2],[0,0],[2,0],[0,-1],[2,-1],[0,0],[1,0]],[[5756,9711],[0,-1],[0,-2],[0,0],[0,-1],[0,-2],[1,0],[2,1],[1,-1],[1,-1],[0,-1],[1,-1],[0,-1],[-1,-1],[1,0],[-3,-1],[0,-2],[-1,-1],[0,-1],[1,1],[2,0],[0,-1],[-1,-2],[0,-1],[1,-1],[1,0],[1,-1],[1,0],[1,0],[1,-1]],[[5769,9684],[-1,-1],[1,-3],[1,-1],[0,0],[1,-1],[1,0],[1,0],[-1,-1],[-2,-1],[1,-2],[0,-1],[-1,-1],[0,-1],[-1,-3]],[[5769,9668],[-3,-3],[-1,-1],[-2,0]],[[5763,9664],[0,-1],[0,2],[-2,1],[-2,-2],[-1,2],[-1,1],[1,2],[0,1],[-1,2],[1,0],[0,1],[-1,-1],[-2,1],[-1,-1],[-1,0],[-1,-2],[-1,0],[-2,0],[-1,0],[0,0],[-1,0]],[[5747,9670],[1,1],[-2,0],[-1,0],[0,0],[-2,-1]],[[5743,9670],[-1,1],[0,0],[-2,2]],[[5740,9673],[-1,1],[1,1],[-1,1]],[[5739,9676],[1,0],[1,1],[1,1],[-1,0],[0,1],[2,3],[1,0],[0,1],[-1,-1]],[[5743,9682],[0,1],[0,1],[1,1],[0,1],[0,1],[1,1]],[[5764,9741],[-1,-1],[0,0],[-1,0],[-1,-2],[0,-1],[1,-1],[2,0],[0,-1],[2,-1],[-1,-1],[-1,-1]],[[5764,9732],[-1,0],[0,-1],[-1,-1],[1,-1],[0,-1],[0,-1],[1,-1],[-1,0],[-4,0],[-2,0],[0,-1],[0,-2],[1,0],[0,-1],[0,-1],[1,-2],[1,-2]],[[5760,9717],[-2,-1],[-1,-1],[0,-1],[-1,-3]],[[5748,9708],[-1,1],[0,1],[0,2],[1,1],[0,1],[1,1],[0,0],[2,1],[-1,2],[-1,1],[0,1],[-2,0],[0,1]],[[5747,9721],[1,2],[0,0],[0,2],[0,1],[-1,0],[-3,0],[0,-1],[-1,1],[-1,1],[0,1],[2,2],[-2,0],[1,1],[-1,1],[0,1],[0,2],[1,2],[0,1]],[[5724,9782],[0,0],[1,1],[0,1],[1,-1],[2,0],[1,-1],[1,-1]],[[5730,9781],[1,1],[0,1],[-1,1],[1,1],[1,0],[1,2],[2,0],[0,-1],[2,0],[1,-1],[1,0],[1,1],[1,-1],[1,1],[0,2],[2,1],[2,-2],[1,0],[0,-1]],[[5747,9786],[-2,-1],[0,-1]],[[5745,9784],[-2,0],[0,1],[-1,0],[0,-2],[0,-1],[-4,-1],[0,-1],[2,-2],[0,-1],[0,-2],[0,0],[1,0],[0,-1],[1,0]],[[5742,9774],[2,-2],[1,-2]],[[5745,9770],[0,0],[2,1],[2,0],[1,-1],[-1,-1],[-2,-2],[0,-1]],[[5740,9761],[-1,0],[0,0],[0,1],[-1,2],[0,0],[-1,1],[0,1],[0,2],[-1,0],[0,1],[0,0],[-4,2],[0,0],[-1,-1],[0,0],[-1,-1],[-1,0],[-1,-1],[-1,1],[-1,0],[-1,-1],[-2,-1],[-2,0],[0,0],[-1,-2],[-1,-1]],[[5719,9764],[-1,0],[0,1],[-2,2]],[[5716,9767],[1,0],[1,0],[1,-1],[1,1],[1,1],[0,1],[0,0],[-1,0],[-2,1],[1,0],[0,2],[-1,1],[0,2],[0,1],[0,1],[0,0]],[[5718,9777],[1,2],[-1,0]],[[5718,9779],[1,1],[0,1],[2,0],[2,1],[1,0]],[[5717,9767],[0,1],[1,0],[0,1],[0,-1],[-1,-1]],[[5714,9778],[1,1],[0,0],[1,1],[1,-1],[1,-1],[-1,-1],[-1,1],[-2,0]],[[5829,9662],[1,0],[2,0],[2,0],[0,-1]],[[5834,9661],[1,-1],[0,-1],[1,-1],[2,1],[1,0],[1,-1],[1,1],[0,1],[1,1]],[[5842,9661],[1,-2],[1,-1],[-1,0],[2,-1],[0,0],[2,0],[1,0],[0,0],[1,0],[1,-1],[-2,-1],[0,0],[2,-2],[1,0],[1,-1],[0,-2],[1,-1],[1,-1],[-1,-1],[2,0]],[[5855,9647],[-1,-2],[1,-1]],[[5855,9644],[0,0],[4,0]],[[5859,9644],[-1,-1],[-2,1],[-1,-1]],[[5855,9643],[-1,-1],[-1,0],[-2,-1],[-2,-2],[-1,0],[-1,0],[-2,-1],[-1,-1],[0,-1],[-1,-1],[-1,-2],[-1,0]],[[5841,9633],[-2,-2],[-1,-1],[-1,1],[0,2],[-1,0],[-1,-2],[-1,-1],[-1,-1],[-1,-2],[-1,1],[-2,0],[-1,0],[0,1],[0,1],[-2,0],[0,0],[-1,0],[-1,1],[-1,-1],[-2,1],[0,0]],[[5821,9631],[-1,1],[-1,0],[-1,0],[0,1],[-1,2],[0,2],[0,1]],[[5817,9638],[1,0],[0,2],[0,0],[-1,1],[1,1],[0,1],[-2,0],[1,1],[-1,1],[0,-1],[-1,1],[-1,0],[-1,0],[-2,1],[1,1]],[[5812,9647],[0,1],[1,0],[0,1],[1,1],[1,0],[0,1],[0,1],[-2,0],[0,0],[-1,2]],[[5812,9654],[1,1],[-1,1],[1,1],[1,1],[1,2],[0,0],[0,0],[-1,1]],[[5814,9661],[1,0],[-1,2],[-1,2],[-1,1],[0,2],[-2,0]],[[5810,9668],[-1,0],[-2,-2],[-1,3],[-1,1],[0,-1],[-1,0],[0,1],[0,1],[-1,1],[-1,0],[-1,-1],[0,1],[1,1],[-1,2]],[[5802,9679],[3,-1],[1,-1],[1,-1],[0,1],[2,-1],[0,1],[1,0],[1,0],[1,-2],[1,-1]],[[5813,9674],[1,-1],[0,-1],[2,-1],[0,0],[2,-1],[0,0],[1,0],[2,-2],[-1,-3]],[[5820,9665],[1,1],[1,1],[0,-1],[1,-1],[2,0],[1,0],[1,0]],[[5827,9665],[1,-2]],[[5828,9663],[1,-1]],[[5798,9653],[-1,0],[0,1],[-1,1],[-1,1],[-1,0],[-2,1],[0,1],[0,1],[-2,0]],[[5790,9659],[-1,2],[-2,0]],[[5812,9654],[-1,-1]],[[5811,9653],[-1,1],[0,2],[-1,0],[-1,0],[-1,0]],[[5807,9656],[-1,-1],[-1,1],[0,2],[-1,1],[-2,-3],[0,0],[0,0],[1,-2],[0,-1]],[[5803,9653],[-1,0],[0,-2],[-1,1],[-1,0],[1,0],[-1,1],[-1,0],[-1,0]],[[5767,9712],[0,-1],[0,-1],[0,-2],[1,0],[1,0],[0,0],[0,-1],[1,-1]],[[5770,9706],[2,1]],[[5772,9707],[1,-1],[0,-1],[1,0],[0,-1],[0,-1],[0,-1],[2,0]],[[5760,9717],[0,0],[1,0],[1,0],[1,-1],[1,0]],[[5764,9716],[1,-2],[1,-1],[1,0],[0,-1]],[[5782,9651],[0,1],[-1,1],[-1,1],[2,1],[-1,1],[-1,-1],[0,1],[-2,1],[-2,1],[0,1],[0,1],[0,0],[0,2]],[[5776,9662],[1,0],[0,0],[1,1],[1,0],[0,1],[1,1],[0,1]],[[5780,9666],[0,0],[1,0]],[[5781,9666],[1,0]],[[5790,9659],[0,-2],[-1,0],[-1,-1],[1,-2],[-1,-1],[0,-1],[-1,-1]],[[5787,9651],[-1,1],[0,0],[-2,0],[0,-1],[-2,-1]],[[5782,9650],[0,1]],[[5762,9659],[1,1],[1,1],[0,2],[-1,1]],[[5769,9668],[1,-3],[1,0],[0,-2],[1,-1],[1,-1],[1,1]],[[5774,9662],[1,0],[1,0]],[[5782,9650],[1,0]],[[5803,9653],[1,0],[1,-1],[1,0],[1,1],[2,0],[0,-1],[1,0],[1,1]],[[5817,9638],[-1,0],[-1,-1],[-1,0]],[[5814,9637],[-1,-1],[-1,-2],[-1,0],[2,-4],[-1,0]],[[5812,9630],[-3,2]],[[5809,9632],[-2,-1],[-1,-1],[-1,0],[-2,-1],[-2,1],[-1,0],[-1,-1],[-1,-2],[-1,0],[-1,0],[0,0],[0,1],[1,1],[-1,1],[-2,-1]],[[5794,9629],[-1,0],[-1,0],[-2,0],[-1,1],[0,2]],[[5811,9653],[-1,1],[-1,-1],[-1,0],[-1,2],[0,1]],[[5746,9658],[0,1],[-1,1],[-1,-2],[-1,1]],[[5743,9659],[0,1],[-1,1]],[[5742,9661],[-1,3],[1,1],[-1,0],[1,2],[0,1],[1,2]],[[5742,9774],[1,0],[1,1],[1,1]],[[5745,9776],[3,2],[0,1],[0,0],[0,3],[-1,0],[0,1]],[[5747,9783],[-2,0],[0,1]],[[5747,9786],[1,-1],[1,1],[1,-2],[-1,-1],[0,0],[1,-1],[0,-1],[2,-1],[2,-1]],[[5754,9779],[0,-2],[1,1],[1,-1],[1,1],[1,-1],[-1,-1],[1,-1],[0,-1],[0,-1],[-1,-1],[1,-2],[-1,0],[-1,-2],[0,-1]],[[5778,9675],[0,-1],[0,-2],[0,-1],[0,0]],[[5778,9671],[-1,-1],[-1,0],[-1,0]],[[5775,9670],[-3,-1],[0,0],[-3,-1]],[[5781,9666],[-1,3],[0,0],[0,1],[-2,1]],[[5775,9670],[0,-2],[1,0],[1,-1],[0,-2]],[[5777,9665],[-1,-2],[-2,0],[0,-1]],[[5780,9666],[-1,0],[-2,-1],[0,0]],[[5689,9653],[1,2],[2,-2],[1,1]],[[5693,9654],[1,1],[0,0],[-1,1],[1,2],[0,2],[0,1],[2,0],[1,0],[1,0],[1,0],[1,1]],[[5700,9662],[0,2],[0,0],[1,3]],[[5701,9667],[1,0],[2,1],[3,2]],[[5707,9670],[1,0],[1,-1],[1,0],[3,1],[1,-2],[1,0],[-1,-1],[0,-3],[-3,-2],[0,-1],[1,0],[1,0],[1,-1],[0,-1]],[[5714,9659],[1,0],[1,-1]],[[5716,9658],[0,-1],[2,1],[1,0],[1,-1],[0,0],[1,1],[2,0],[1,0],[1,0],[1,-1],[0,-1],[1,0],[1,1],[1,-1],[-1,-1],[-1,-2],[0,-2],[1,0],[0,-1],[2,1],[1,-1],[-1,-3],[-1,0],[1,-1],[0,-1],[2,1],[0,-1],[0,-1],[-1,-2],[1,-1],[1,-1]],[[5733,9640],[0,-2]],[[5733,9638],[0,-1],[1,-1],[-1,0],[-1,-1],[-1,0],[-1,-1],[0,0],[-2,0],[-1,-1],[0,-1],[-1,1],[0,1],[-1,0],[-1,-1],[-1,-1],[-1,0],[-1,-2],[1,0],[-1,-1],[-1,1],[-1,0],[-1,1]],[[5726,9740],[1,-2],[1,0],[-1,-1],[-1,0],[0,-1],[1,-2],[1,0],[0,-1],[-1,-2],[0,0]],[[5727,9731],[-1,0],[-1,1],[-1,-1],[-1,-1],[1,-1],[-1,-1],[-1,0],[-1,0],[-1,0]],[[5720,9728],[0,1],[-1,0],[0,1]],[[5719,9730],[0,1],[0,1],[-1,0],[-1,1],[-1,0],[-1,1]],[[5715,9734],[1,1],[-1,0],[-1,-1],[-1,1],[-1,-1],[-1,1],[-2,-2],[-1,0],[-1,-1],[-1,0]],[[5706,9732],[0,1],[-1,0],[0,1],[-1,1],[1,1],[0,1],[1,0],[-1,1],[0,2],[0,1],[-1,0],[-1,1],[0,1],[-1,-1],[-2,1],[-2,-1],[-1,1],[2,0],[2,1],[1,0],[2,1],[0,-1],[2,0],[0,1],[0,1],[0,1],[1,1],[1,2],[0,2]],[[5708,9752],[1,0],[0,-1],[2,-2],[2,0],[0,1],[1,-1],[0,-1],[1,-1],[1,0],[0,1],[1,0],[0,-1],[1,1],[2,-1],[0,1],[2,1],[0,0],[1,1],[1,-2]],[[5724,9748],[1,1],[1,0],[0,1]],[[5726,9750],[1,0],[1,-3],[0,-1],[0,-2],[-1,0],[-2,-1]],[[5725,9743],[-1,-2],[2,0]],[[5726,9741],[0,-1]],[[5702,9786],[-1,-2],[1,-2],[0,-1],[-2,-1],[1,-2],[1,-1],[2,-1],[-1,-1],[0,-1],[0,-3],[1,0],[0,-1],[0,-2],[1,0],[-1,-1],[-1,0],[0,-1],[0,-2],[-1,0],[-1,-2],[1,0],[-1,-1]],[[5701,9761],[-2,-1],[-1,0],[0,-1],[-2,-2],[-1,0],[2,-1],[-1,-1],[-2,-1],[0,-1],[-1,0],[-1,-1],[-1,1],[-2,0],[0,2],[0,1],[0,1],[0,1],[-1,1]],[[5688,9759],[-1,1],[0,1],[-1,1]],[[5679,9719],[0,2],[1,0],[1,-1],[1,-1],[2,0],[1,1],[0,-1],[0,-1],[2,0],[2,0],[1,1],[2,1]],[[5692,9720],[0,0],[-2,1],[0,1],[2,0],[2,2],[1,0],[0,2]],[[5695,9726],[0,1],[0,1],[2,0],[2,1]],[[5699,9729],[0,-1],[2,0],[0,-1],[2,1]],[[5703,9728],[1,0],[0,0],[1,-1],[2,-1]],[[5707,9726],[1,2],[2,0],[-2,-1],[0,-2],[-1,-1],[0,-1],[-1,-2],[-1,-1],[2,1],[0,1],[1,0],[1,0],[2,1],[1,0],[1,1],[0,2],[2,-1],[0,0],[1,1],[0,2],[0,1],[1,0],[2,1]],[[5720,9728],[1,-1],[2,-2],[-1,-1],[1,0],[1,-1],[-1,0],[0,-2],[0,-1],[-1,0],[0,-1],[-1,-1],[0,-1]],[[5721,9717],[0,-1],[-2,1],[-1,-2],[1,0],[-1,-2],[-1,-1],[-1,1],[0,-2],[1,0],[1,-1],[-1,-1],[2,-1],[1,-1],[1,0],[0,-2],[1,0],[-1,-2]],[[5721,9703],[-1,-1],[1,-1],[0,-1],[-2,-1],[-2,1],[-2,-1],[0,0],[0,0],[2,-1],[2,0],[1,-1],[-1,0],[-2,-1],[-1,-2],[1,1],[1,-1],[2,1],[1,-1],[-1,-1],[0,-1],[1,0],[1,1],[0,-1],[0,-1],[0,-2],[0,-1]],[[5722,9688],[1,-1],[0,-1],[0,-1],[0,0],[-3,-2],[0,1],[-3,-1],[0,0],[-1,-1]],[[5716,9682],[-1,0],[-2,1],[-1,1],[-1,-1],[-2,0],[-2,-1],[0,-1]],[[5707,9681],[-1,1]],[[5706,9682],[-1,0],[-1,1],[0,1],[1,1],[-1,2]],[[5704,9687],[1,1],[-1,1],[0,2],[-1,1],[-1,2],[1,0]],[[5703,9694],[-1,1],[-1,1],[0,1]],[[5701,9697],[1,1],[0,1],[2,2],[0,0],[0,0],[-2,1],[-1,1],[1,0],[-1,1],[-1,0],[-1,1],[-2,-1],[-1,-1],[-2,-1],[0,1],[-1,2],[-2,-1],[0,-2],[-1,1],[0,1],[-2,1],[0,1]],[[5688,9706],[-2,0],[-1,-1],[-1,0],[0,-1],[0,-1],[-2,0],[-1,1],[0,1]],[[5740,9738],[-2,0],[-1,0],[-1,1],[-1,-1],[-1,1],[1,1],[0,1],[0,2],[-1,2],[-1,0],[0,-2],[-2,-1],[0,0],[-1,-2],[-1,1],[0,1],[-2,0],[-1,-1]],[[5726,9750],[-1,1],[-1,1],[-2,1],[0,1],[-1,0],[0,1],[-1,2],[-2,1],[1,1],[1,0],[1,4],[-2,1]],[[5680,9671],[0,1],[1,2],[1,0]],[[5682,9674],[1,-1],[0,0],[2,0],[1,1],[1,-1],[1,1],[1,-1],[1,0]],[[5690,9673],[2,1]],[[5692,9674],[1,-2],[0,0],[1,-1],[1,1],[1,1],[3,3],[0,1]],[[5699,9677],[1,-2],[1,0],[1,1],[2,0],[0,-1],[1,-1],[-1,-2],[-1,0],[0,-1],[0,-1],[2,1],[2,0],[0,-1]],[[5701,9697],[-1,1],[-3,0],[-1,0],[0,-1],[2,-2],[0,-1],[-1,-1],[0,0],[-1,-1],[0,-3]],[[5696,9689],[-4,-1],[0,0],[-1,0],[-1,1],[-2,0],[-1,0],[0,-2],[1,-1],[0,-1],[0,0],[2,0],[0,-1],[-4,-2],[0,0],[-2,-2],[0,0],[0,-1],[1,-1]],[[5685,9678],[-2,0],[-1,-2],[0,-2]],[[5743,9682],[-2,0],[0,0],[-1,0],[-2,2],[-1,0],[0,1],[-1,1],[-1,0],[-1,0],[-1,0],[-2,0],[-1,2],[-1,0],[0,-1],[-1,0],[-1,0],[-1,-1],[0,1],[1,1],[0,2],[-1,0],[-1,-1],[-2,-1],[-1,0]],[[5721,9717],[2,0],[1,0],[1,-1],[2,-2],[1,0],[-1,-1]],[[5727,9713],[2,0],[1,-2],[1,0],[1,1],[1,1],[2,0],[1,1],[0,1],[2,0],[0,-2],[1,0],[1,1],[0,-1],[1,1],[2,0],[0,1],[1,2],[0,1],[-1,-1],[0,1],[-1,1],[0,1],[1,1],[1,1],[2,-1],[1,0]],[[5701,9761],[1,0],[1,-1],[1,0],[1,-1],[-1,0],[0,-2],[1,-1],[1,-1]],[[5706,9755],[1,-1],[1,0],[0,-1],[0,-1]],[[5706,9732],[0,-1],[-1,-1],[-2,0]],[[5703,9730],[-2,3],[-1,0],[-1,-1],[-2,0]],[[5697,9732],[1,-1],[1,-2]],[[5712,9796],[0,-1],[1,0],[1,-1],[1,-1],[0,-1],[0,-3],[2,0],[-1,-2],[0,0]],[[5716,9787],[2,-2],[0,-2],[-2,-1],[2,-1],[0,-1],[0,-1]],[[5692,9683],[0,-2],[3,0]],[[5695,9681],[1,0],[0,-2],[0,-1],[-1,-1],[-1,1],[-2,1],[0,-2],[1,0],[-1,-2],[0,-1]],[[5690,9673],[0,1],[0,2],[-1,2]],[[5689,9678],[0,1],[1,0],[0,2],[1,1],[-1,0],[2,1]],[[5689,9678],[-2,0],[-1,0],[-1,0]],[[5696,9689],[1,-1],[1,0],[1,-1]],[[5699,9687],[-1,-1],[-1,-1],[-1,0],[-1,-1],[0,-1],[0,-2]],[[5707,9726],[1,2],[1,1],[0,0],[1,1],[2,0],[1,1],[1,0],[1,1],[0,2]],[[5739,9676],[-2,-1],[-1,-1],[0,-1],[-3,0],[-2,0],[-1,-1],[-1,0],[-1,1],[-1,0],[-1,0],[-1,-1],[-1,0],[0,1],[-2,0],[1,-1],[-2,-1],[-1,0],[0,2],[0,1],[-1,0],[-1,1],[0,2],[-1,0],[-1,1],[0,1],[0,1],[0,1],[0,1]],[[5743,9641],[-1,0],[0,-2],[-1,-1],[0,-1],[-2,-1],[-2,1]],[[5737,9637],[-2,1],[-1,0],[-1,0]],[[5699,9677],[0,2],[0,2],[1,1],[1,0],[1,0]],[[5702,9682],[1,-2],[0,0],[1,1],[1,0],[1,1]],[[5703,9730],[-1,0],[1,-1],[0,-1]],[[5071,9507],[0,1],[1,1],[0,1],[0,1],[0,3],[1,1],[-2,1],[-1,0],[-1,0],[-1,-1],[-1,1],[-2,0],[-1,0],[-1,-2],[-2,1],[-2,-1],[0,0],[-1,4]],[[5058,9518],[1,0],[0,2],[1,1],[1,1],[1,0],[0,4],[-1,0],[2,3],[0,2],[-1,1],[-1,1],[0,0],[0,1],[-1,1],[2,2],[-1,1],[-2,0]],[[5059,9538],[-1,0],[-1,1],[-1,1],[0,2],[2,0],[2,0],[0,2],[2,-1],[0,0],[2,-1],[1,0],[2,-1],[-1,1],[-1,2],[1,0],[1,1],[0,2],[0,0],[-3,0],[0,-1],[-2,0],[0,2],[1,1],[-2,2],[-1,0],[0,1],[-1,0],[0,2],[1,1],[0,2],[-1,0],[0,1],[-2,0],[0,1],[-2,0]],[[5055,9559],[0,0],[1,1],[1,2],[0,1],[0,1],[3,1],[3,0],[1,-1],[1,1],[1,1],[-1,2],[0,1],[0,1],[0,2]],[[5044,9497],[-1,0],[-1,-1],[0,1],[-1,1],[0,0],[1,2],[-1,2],[0,1],[1,0],[2,-1],[1,1],[2,0],[0,-1],[0,1],[1,0],[2,1],[1,0],[-1,1],[-1,0],[-1,-2],[-1,1],[-1,0],[-2,2],[-2,0],[-1,0],[-1,1],[-1,1],[-2,-1],[-1,-2],[-1,1],[-2,0],[-1,0],[-1,-1],[0,0],[-2,0],[0,0]],[[5029,9505],[1,1],[1,2],[2,0],[1,1],[0,2],[0,0],[0,2],[0,1],[0,1],[1,1],[0,1],[1,0]],[[5036,9517],[1,1],[1,0],[0,2],[1,0],[1,1],[1,0],[1,1],[2,0],[0,1],[2,-1],[0,-2],[1,1],[1,-1],[1,0],[1,0],[0,-1],[1,1],[1,-1],[1,-1],[2,1],[1,0],[0,1],[1,-1],[1,-1]],[[5014,9526],[1,-1],[1,-3],[1,-1]],[[5017,9521],[0,0],[-2,-1],[-1,1],[-1,-1],[-1,0],[-2,1],[0,-1],[0,-1],[-1,-1],[1,0],[0,-1],[-2,1],[0,-1],[-1,-2],[-1,2],[-1,-1],[0,0],[-1,2],[-1,-1],[0,4],[1,0],[-1,1],[-1,-1],[0,2]],[[5002,9523],[1,1],[1,1],[1,1],[0,2],[1,1],[0,0],[1,1],[1,0],[1,3]],[[5009,9533],[0,1],[1,0],[1,-1],[1,0],[1,-1],[1,1],[1,1],[1,0]],[[5016,9534],[0,-1],[0,-1],[1,-1]],[[5017,9531],[-1,-1],[-1,-1],[0,-1],[0,-2],[-1,0],[0,0]],[[5010,9513],[0,2],[1,0],[0,-2],[-1,0]],[[5014,9516],[0,0],[2,1],[0,1],[-1,-3],[-1,1]],[[5029,9505],[0,1],[-2,1],[0,-2],[-2,-2],[-3,2],[-1,0],[-2,-1],[-2,-1],[-1,-1],[-1,0],[-1,0],[-3,2],[0,2],[-2,2],[-1,1],[-2,0],[0,1],[0,2],[1,-1],[1,2],[1,-2],[1,0],[0,-2],[1,0],[0,1],[3,0],[-1,2],[2,-1],[0,-1],[1,1],[1,-1],[0,-1],[2,0],[1,1],[1,0],[0,1],[1,2],[-1,0],[1,1],[1,1],[-1,1],[0,1],[-1,1],[-2,2],[-1,0],[-1,0],[0,1],[2,-1],[1,0],[0,2]],[[5020,9522],[0,1],[0,1],[1,1],[0,0],[2,0],[2,2],[0,0]],[[5025,9527],[1,0],[1,-1],[3,1],[1,0],[0,-2]],[[5031,9525],[1,-1],[0,-1],[1,-1],[0,-1],[1,-1],[0,-1],[0,0],[0,-1],[2,-1]],[[4997,9527],[1,2],[2,0],[-1,1],[1,2],[-1,1],[0,1],[0,2],[2,1],[1,1]],[[5002,9538],[1,0],[1,1],[1,-1],[1,1],[-1,1],[1,0],[1,0],[1,0],[1,-1],[0,-2],[0,-2],[0,-1],[-1,0],[0,-1],[1,0]],[[5002,9523],[-1,1],[-1,1]],[[5000,9525],[1,-2],[0,-1],[1,-2],[-1,-1],[0,0],[1,-2],[-1,-1],[1,-1],[1,0],[0,-1],[1,-2],[-1,-1],[-1,1],[-1,-1],[-1,3],[-1,1],[0,0],[0,-1],[-1,-1],[-1,2],[-1,2]],[[4996,9517],[0,2],[-1,2],[0,2],[1,1],[-1,1],[1,1],[0,1]],[[4996,9527],[1,0],[0,0]],[[4985,9475],[0,1],[-2,1],[0,-1],[-2,0],[-1,-1],[-2,1],[-1,2],[1,2],[-1,1],[-1,2],[0,1],[0,2],[0,0],[2,2],[0,-1],[2,0],[0,-1],[1,0],[1,-1],[2,0],[1,-1],[0,-1],[1,-1],[0,-1],[0,-1],[1,0],[1,-1],[1,0],[1,-1],[2,1],[1,-2],[-1,-1],[0,-1],[0,-1],[-2,0],[-2,1],[-1,0],[-2,0],[0,0]],[[4982,9526],[-2,1],[1,1],[1,1],[1,0],[1,0],[1,1],[-1,1],[-1,0]],[[4983,9531],[1,1],[0,1],[0,1],[1,2],[1,0],[1,0],[1,0],[1,0],[0,-1],[1,-1],[1,2],[1,-1],[1,0],[-1,-2],[2,-1],[1,-2],[-1,-1],[1,-2],[1,0]],[[4996,9517],[0,-1],[0,-1],[0,-1],[-1,1],[-1,0],[-1,-1],[-1,0],[-1,-1],[-2,1],[0,1],[-2,2],[0,-3],[0,0],[0,-2],[0,-2],[0,-2],[0,-2],[1,-1],[0,-1],[0,-1],[1,-1],[1,0],[0,-2],[-1,0],[-1,1],[-1,-1],[-1,2],[-1,2],[1,1],[-1,3],[1,1],[1,1],[-1,2],[0,2],[-1,3],[0,2],[-1,0],[-1,1],[-2,1],[0,1],[-1,2],[1,0],[0,3],[1,-1]],[[5007,9483],[1,-1],[2,0],[0,-1],[-2,0],[0,1],[-1,1]],[[4999,9489],[0,1],[2,-1],[1,0],[0,-1],[-2,0],[0,1],[-1,0]],[[5017,9585],[-2,-2],[1,0],[-1,-2],[-1,-2],[1,-1],[-1,-2],[-2,0],[-1,0],[-3,0],[-1,0],[0,-2],[0,-1],[-1,0],[-1,-1],[-1,0],[0,-1],[0,-1],[1,-1],[0,-3],[1,-1],[0,0],[-1,-1],[-2,-2],[1,0],[1,-2],[0,0],[-1,-2],[-1,-1],[-1,-1],[1,-1],[-1,-2],[-1,0]],[[5001,9553],[-1,1],[-2,0],[-1,0],[-1,0],[-1,-2],[0,-2],[0,-1],[-2,1]],[[4993,9550],[-1,1],[0,1],[1,1],[0,2],[-1,1],[-2,0],[-1,1]],[[4989,9557],[1,0],[0,0],[1,-1],[1,1],[0,3],[-1,1],[1,2],[0,1],[-1,0],[-1,1],[-2,0],[0,1],[-2,2],[0,3],[1,1],[0,1],[0,1],[-1,0],[0,3],[-1,1],[-1,0]],[[4984,9578],[0,1],[0,1],[1,1],[1,1],[2,1],[1,-2],[1,-1],[2,0],[0,-1],[1,0],[0,-1],[2,1],[1,-1],[0,1],[1,1],[0,1],[1,0],[1,0],[-1,1],[0,1],[-1,2],[0,0],[1,1],[1,1],[0,-2],[1,1],[2,0],[1,-1],[1,0],[0,3],[1,0],[1,2],[0,1],[1,0],[1,1],[1,2]],[[4984,9578],[-1,-2],[-1,-1],[0,0],[-1,-1],[0,-1],[-1,-1],[-1,0],[-1,-1],[0,-1],[-1,1],[-2,2],[-3,-1],[-1,-1],[-1,-1],[-1,-2],[-1,0],[1,-2],[-1,-1],[-2,1],[-1,0]],[[5031,9525],[1,1],[1,1],[0,1],[1,1],[1,1],[-2,0],[-1,0],[0,2],[-1,0],[-1,0],[-1,3],[-2,2],[0,1],[0,0],[-1,1],[1,1]],[[5027,9540],[1,-1],[1,1],[1,1],[0,0],[0,2],[-1,1]],[[5029,9544],[1,0],[0,1],[1,1],[1,0],[1,0],[1,-1],[1,0],[1,0],[1,-1],[-1,-2],[2,-1],[2,-1],[1,1],[1,-1],[2,0],[1,1],[1,-2],[3,0],[1,-1],[1,-1],[1,0],[2,1],[2,-2],[2,0],[1,2]],[[5029,9544],[-1,0],[0,-1],[-3,1],[1,1],[-1,2],[1,1],[-1,1],[-1,0],[0,-2],[0,-1],[-1,0],[0,-1],[-4,0],[-1,1],[-1,1],[1,2],[0,1],[0,1],[-2,0],[-1,0],[-1,3],[-1,1],[0,2],[0,1],[0,0],[-2,0],[-1,2],[0,1],[0,3],[0,0],[0,2],[1,1],[2,2],[1,-1],[2,0],[2,0],[2,1],[0,0],[0,-3],[1,-1],[-1,-1],[1,-1],[0,-1],[1,0],[2,0],[1,2],[0,1]],[[5025,9565],[1,-1],[2,0],[-1,-2],[1,-1],[1,1],[2,-1],[2,-1],[-1,0],[-1,-2],[0,0],[-1,-1],[1,-3],[0,0],[1,0],[2,0],[1,-1],[1,0],[0,1],[1,1],[1,-1],[0,1],[1,0],[-1,1],[1,1],[3,0],[0,1],[2,0],[0,1],[1,-2],[1,0],[1,0],[0,-1],[3,1],[0,1],[1,0],[0,-1],[0,-1],[1,-1],[1,-1],[0,0],[1,2],[1,1],[0,2]],[[4983,9531],[-1,-1],[-1,-2],[-1,-1],[0,-1],[0,-1],[0,-1],[-3,2],[-2,3],[-3,1],[-1,1],[0,0],[2,-1],[1,0],[0,0],[0,2],[0,0]],[[4974,9532],[1,0],[1,0],[-2,2],[1,2],[-1,0],[0,1],[-1,0]],[[4973,9537],[1,0],[1,0],[2,0],[1,1],[1,-1],[1,2],[1,0],[0,3],[0,1],[-1,3],[0,1],[3,-1],[0,-2],[0,-2],[1,0],[1,0],[1,-1],[0,0],[1,2],[1,3],[0,0],[1,1],[2,1],[0,1],[2,1]],[[5001,9553],[0,-1],[1,-3],[3,-1],[-1,0],[0,-2],[-2,-2],[1,-1],[-1,0],[1,-2],[-1,-1],[1,-1],[-1,-1]],[[5027,9577],[1,-1],[0,-2],[-1,0],[1,-1],[-1,-1],[1,-1],[1,0],[1,-2],[0,0],[-1,-1],[-2,0],[-1,-1],[-1,-2]],[[5027,9540],[-1,0],[-1,0],[-2,-2],[-1,-1],[-1,1],[0,-1],[-1,-1],[-1,-1],[-1,2],[-2,-1],[0,-1],[0,-1]],[[4989,9557],[-2,0],[0,1],[-2,0],[-2,-1],[-1,0],[-1,0],[0,-1],[0,-1],[0,-1],[0,0],[-1,-2],[0,0],[1,-1],[-1,-2],[-2,1],[-1,-1],[0,-1],[-2,0],[-1,1]],[[4974,9549],[-1,0],[0,1],[-1,2],[-1,0],[-2,0],[0,0],[-2,-1],[0,-1],[0,-1],[-2,-1],[0,-1],[0,-1]],[[4965,9546],[-1,0],[-1,1],[-1,-1],[-2,-2],[0,1],[-1,0],[0,-1],[0,-1],[0,-1],[1,-2],[-2,-2],[-1,-1],[-1,0]],[[4956,9537],[-1,1],[-1,1],[-1,3],[0,1],[1,0],[-1,1],[1,1]],[[4974,9549],[-1,0],[0,-1],[-1,-2],[0,0],[1,-1],[0,-1]],[[4973,9544],[0,-1],[1,-1],[-1,-1],[0,1],[-1,-2],[0,0],[-1,-2],[-2,-1],[0,1],[-1,1],[-1,1]],[[4967,9540],[0,1]],[[4967,9541],[0,1],[-1,1],[-1,3],[0,0]],[[4954,9524],[1,1],[1,0],[2,-1],[1,0],[1,0],[2,0],[1,-2],[-1,-2],[-1,2],[-1,-1],[-1,-1],[0,1],[-2,0],[-2,2],[-1,1]],[[4974,9532],[-2,0],[0,1],[-1,-1],[-2,1],[0,1],[0,1],[0,1],[2,0],[0,2],[1,0],[1,3],[1,0],[0,2],[-1,0],[0,1]],[[4967,9541],[-1,0],[-1,1],[-1,0],[-1,-1],[1,-1],[1,-3],[0,-1],[1,0],[1,-1]],[[4967,9535],[0,-1],[-1,-2],[-1,0],[-2,0],[-1,0],[-1,-1],[-1,0],[-1,1],[-1,0],[0,1],[-1,1],[0,1],[-1,1],[0,1]],[[4967,9540],[1,-1],[0,-1],[0,-1],[0,-1],[-1,-1]],[[5025,9527],[0,1],[-2,-1],[-1,1],[0,-1],[-2,0],[-1,2],[-1,0],[0,1],[-1,1]],[[5020,9522],[-1,-1],[0,1],[-2,-1]],[[5794,9748],[1,-1],[0,-1]],[[5795,9746],[0,0],[-3,-2],[0,-1],[-1,-1],[-2,0],[0,1],[-1,-1],[0,2],[-1,2],[0,0],[0,1],[0,1],[-2,0],[0,0],[-1,-2],[-1,1],[-1,-1],[-1,-1],[-1,0],[1,2],[-1,0]],[[5780,9747],[-1,1],[0,2],[0,0],[-1,1],[-1,1]],[[5777,9752],[0,2],[1,1]],[[5778,9755],[1,-1],[1,2],[1,0],[1,0],[1,1],[-1,1],[0,2],[1,1],[-1,0],[-1,2],[0,1],[0,0]],[[5781,9764],[2,0],[0,1]],[[5783,9765],[1,0],[1,1],[2,0],[0,1],[0,2]],[[5787,9769],[1,-1],[1,-1],[0,-1],[1,0]],[[5790,9766],[2,-1],[1,-1],[0,-1],[0,-1],[1,1],[1,1],[0,-1],[3,-1]],[[5798,9762],[0,0],[2,-2],[0,0],[1,-1],[-1,-1],[-1,-1],[0,-1]],[[5799,9756],[-1,0],[0,-2],[-3,-1],[1,-1],[-1,-1],[1,-1],[-1,-1],[0,-1],[-1,0]],[[5781,9702],[-1,3],[2,0],[0,-1],[1,1],[0,1],[0,2],[1,0],[2,0],[0,-2]],[[5786,9706],[1,-1],[1,0],[0,0],[2,0]],[[5790,9705],[1,1],[1,-1],[2,0],[-1,-2],[2,0],[1,-2],[-1,0],[1,-1],[0,1],[2,1],[0,1],[0,1],[0,1],[0,0],[1,1],[1,1],[-1,2],[2,0],[0,-1],[0,-1],[3,-1],[1,0]],[[5805,9706],[2,1],[2,-2]],[[5809,9705],[0,-1],[-1,0],[1,-1],[1,1],[1,0],[0,-1],[1,-1],[1,-1],[1,1],[0,-2],[1,-1],[1,0],[1,-1],[1,-1],[1,1],[1,1],[1,0],[1,1],[1,0],[-1,2],[1,1],[1,0]],[[5824,9703],[3,2],[2,0],[1,0],[-2,2],[1,0],[2,0],[-1,3],[1,0],[2,-1],[-1,-1],[0,-1],[1,0],[0,1],[1,-1],[0,-2],[-1,0],[2,0],[1,1],[2,0],[1,1],[0,0],[1,-2],[2,0],[1,1],[2,-2]],[[5845,9704],[2,0]],[[5847,9704],[0,-1],[-1,-1],[-1,-1],[-1,1],[-1,0],[0,-2],[1,0],[1,-2],[-1,-2],[2,0],[1,0]],[[5847,9696],[-1,-1],[-2,-1],[-1,-1],[0,1],[-1,-1],[-1,-1],[0,-1],[0,-3],[-2,-1],[0,1],[-3,-2]],[[5836,9686],[-1,0],[-1,0],[-3,0],[0,-2],[-1,0],[-1,-1],[1,-1],[-1,-2],[0,-1],[-1,0],[1,-3]],[[5829,9676],[1,-2],[1,0],[1,-1],[2,-1],[-2,-1],[1,-1],[1,0],[-1,-1],[-1,0],[-1,-1],[-1,-1],[-1,0],[-2,1],[0,-3]],[[5842,9661],[1,1],[1,0],[0,2],[-1,1],[1,2],[1,0],[-1,2],[0,1],[0,1],[1,1],[1,-1],[0,0],[1,-1],[2,0],[0,-2],[2,2],[0,0],[1,1],[1,-1],[1,-1],[1,-1],[0,1],[0,2],[1,0]],[[5856,9671],[-1,0],[2,2],[0,0],[1,1],[1,-2],[1,1],[1,0],[2,1],[0,2],[-1,0],[-3,1],[0,1],[1,1],[-1,1],[1,1],[-1,2]],[[5859,9683],[3,1],[0,-1],[-1,-1],[0,-1],[1,0],[1,0],[0,2],[1,1]],[[5864,9684],[0,1],[1,1],[0,1]],[[5865,9687],[1,0],[1,-1],[0,1],[1,0],[1,-1],[1,0]],[[5870,9686],[1,0],[-1,-1],[-1,0],[1,-1],[0,-1],[1,1],[2,-2]],[[5873,9682],[0,-1],[0,0],[1,-2],[1,0],[0,-1],[-2,-1],[0,-3],[-1,0],[-1,-2],[0,-1],[0,-1],[-1,-1],[-1,-1],[1,-2],[0,0],[1,-2],[0,0],[1,0],[2,0],[-2,-2],[0,-1],[-1,-4],[-1,-1],[1,-1]],[[5871,9655],[-1,-1],[-1,-2],[-1,-1],[-1,-1],[-1,-1],[-1,0],[0,0],[-1,-2],[-2,-1]],[[5862,9646],[-1,0],[0,0],[-1,0],[-1,1],[-1,0],[-2,-1],[-1,1]],[[5861,9717],[1,2],[2,1],[1,0],[0,2],[0,0],[0,2],[1,0],[-1,1],[0,2]],[[5865,9727],[1,1],[2,0],[1,1],[0,-1],[2,0],[1,0],[0,-1],[1,0],[1,1],[1,2],[1,1],[1,0],[2,0]],[[5879,9731],[0,1],[1,1],[-1,2],[2,0],[5,1],[-1,0],[1,-1],[1,-1],[2,0],[1,0],[0,-1],[1,-1],[-1,-2],[0,0],[0,0],[1,-2],[1,0],[1,-3],[0,-1],[3,-2],[1,0],[2,0],[2,-1],[1,0],[0,-3]],[[5902,9718],[1,0],[-2,-2],[-1,-2],[0,-1],[-1,-2],[-1,-2],[1,0],[-2,-2],[1,-1],[-1,0],[-2,-3],[0,-1],[-1,0],[-1,1],[-1,0]],[[5892,9703],[-1,0],[-1,1],[-1,2],[-2,0],[0,0],[-1,0],[-3,-1],[0,0],[-1,-1],[-2,0],[-1,0],[-1,1]],[[5878,9705],[-1,-1],[0,0],[-1,-1],[-1,1],[-1,1],[-1,0],[0,1],[0,1],[-1,0],[-3,2],[-1,0],[-2,-1],[-1,2],[-1,0],[0,1],[-1,1]],[[5863,9712],[0,1],[-1,0],[0,2],[-1,0],[0,2],[0,0]],[[5772,9707],[2,1],[0,0],[-1,2],[1,1],[0,0],[3,1],[1,0]],[[5778,9712],[1,2]],[[5779,9714],[-1,0],[1,0]],[[5779,9714],[-1,3],[1,0],[2,0],[1,1],[0,0]],[[5782,9718],[1,-1],[0,0],[2,0],[1,-2],[1,0],[0,0],[2,0],[1,-1],[1,1],[0,0],[1,1],[1,0],[0,1],[1,-1],[1,0],[1,0],[1,1],[1,0],[-1,1],[1,1],[1,1],[0,0],[2,0],[1,-1],[1,1],[1,1],[0,-1],[0,1],[1,2],[1,2],[-1,0]],[[5805,9725],[1,1],[0,1],[1,1],[1,2],[1,-1],[0,-1],[1,1],[1,0],[0,2],[2,0],[1,1],[1,0],[1,1],[0,1],[1,0],[0,-1]],[[5817,9733],[0,-1],[0,-1],[2,0],[-1,-1],[1,0],[2,-1],[2,-1],[0,-2],[-3,-1],[-2,0],[0,-1],[0,-1],[1,0],[0,-1],[0,-2],[1,0],[1,-2],[2,0]],[[5823,9718],[-1,-2],[-2,0],[0,0],[-2,-1],[0,-2],[1,-2],[-1,0],[0,1],[-1,1],[-1,-2],[-1,-1],[-2,0]],[[5813,9710],[-1,-1],[0,-1],[0,-1],[-1,0],[-1,1],[-1,-1],[0,-1],[0,-1]],[[5754,9779],[2,1],[1,0],[0,0],[1,0],[1,-1],[2,0],[0,-2],[0,-1],[0,-2],[1,-1],[1,1],[1,-1],[1,1],[2,-1]],[[5767,9773],[0,-2],[-1,-1]],[[5766,9770],[1,-2],[0,0],[0,-2],[1,1],[2,-1]],[[5770,9766],[-1,-1],[-1,0],[0,-1],[0,-1],[2,0],[-1,-1],[-1,-2]],[[5768,9760],[0,0],[1,-2],[-1,0],[-1,-1],[-1,-1],[1,-2],[0,-1],[-1,0],[1,-2],[-2,0],[-2,0]],[[5848,9734],[-1,-1],[-1,-2],[1,-1],[0,0],[0,-2],[-1,-2],[0,-2],[0,-2]],[[5846,9722],[-2,0],[0,1],[-1,-1],[-1,1],[0,2],[-1,0],[-1,-1],[0,-2],[0,0],[-2,-1]],[[5838,9721],[-2,0],[-1,1],[0,1],[1,0],[0,0],[2,2],[1,1],[-1,1],[0,2],[-1,0]],[[5837,9729],[0,1],[0,1],[0,1]],[[5837,9732],[0,0],[1,1],[1,1],[0,-1],[1,0],[2,1],[0,2]],[[5842,9736],[1,1],[1,2]],[[5844,9739],[-2,-1],[0,0],[-1,-1],[0,1],[1,1],[0,1],[1,0]],[[5843,9740],[1,-1]],[[5844,9739],[1,0],[1,1],[2,-1],[0,-1],[1,-1]],[[5849,9737],[1,-2],[-2,-1]],[[5823,9718],[1,1]],[[5824,9719],[3,0],[1,0],[2,1],[0,1],[1,0],[1,1]],[[5832,9722],[1,-2],[-2,-1],[2,0],[1,0],[-1,-1],[1,-1]],[[5834,9717],[1,0],[1,0],[1,1],[1,1],[2,1],[0,1],[-2,0],[0,0]],[[5846,9722],[1,1],[0,0],[1,0],[1,1],[1,0],[1,0],[0,-1],[-1,-1],[0,-2],[0,0],[-1,-1],[0,-1],[-1,-1],[1,-2],[2,-1],[0,-2],[2,0]],[[5853,9712],[-1,-1],[-1,-2],[0,-1],[1,0],[-2,-1],[1,-2],[-1,0]],[[5850,9705],[-2,0],[0,0],[-1,-1]],[[5817,9733],[1,1],[0,1],[2,1],[1,1],[1,-1],[1,0],[1,0],[0,-1]],[[5824,9735],[1,-1],[1,-1],[1,1],[1,0],[1,0]],[[5829,9734],[0,-1],[0,-1],[0,-1],[-1,0],[-1,-1],[-1,-2],[0,0],[2,-1],[0,0],[2,-2],[0,0],[1,-1],[1,-1],[0,-1]],[[5787,9769],[1,0],[1,1],[1,-1],[0,0],[1,3],[-2,0],[0,0],[-1,1],[2,2],[2,0]],[[5792,9775],[1,0],[0,0],[1,-1],[1,0],[0,1],[2,0],[2,2],[1,0],[1,-2],[1,0],[0,0],[2,-2],[2,0],[2,-2],[1,0],[1,-2],[0,0],[-1,-2],[0,-1],[1,0],[0,-1],[1,-1],[1,1],[1,-1],[0,-2],[1,0],[0,-1],[0,-1],[-1,0],[-1,0],[-1,0],[0,-2],[1,0],[0,-1],[1,0],[1,-1],[-1,-1],[2,-1],[0,-1],[1,0],[1,-1],[0,0],[1,-1],[1,-1],[0,0],[1,-2],[-1,-1],[0,-1],[2,0],[1,-1],[-1,-1]],[[5821,9744],[-2,0],[1,-1],[-1,0],[0,-1],[-2,-3],[0,0],[-1,0],[0,1],[-1,0],[0,1],[-2,-1],[-1,0],[1,2],[1,1],[-1,0],[0,1],[-1,1],[-1,0],[0,0],[-2,1],[0,1],[-1,0],[0,-1],[-1,-1],[-1,0],[-2,0],[0,0],[0,1],[-2,0],[-1,-1],[0,1],[-2,0],[0,1],[-3,-1]],[[5796,9746],[1,1],[-2,-1]],[[5766,9743],[0,1],[1,0],[0,-1],[1,-1],[0,1],[0,2],[0,0],[2,1],[1,0],[1,1],[1,0],[1,0],[1,1],[1,0]],[[5776,9748],[1,0],[-1,-1],[0,-1]],[[5776,9746],[-1,-1],[0,-1],[0,0],[1,-1],[0,-1],[-1,-1],[0,-1],[0,-1],[-2,-1],[2,-1],[1,0]],[[5776,9737],[0,-1],[0,-2],[-2,0]],[[5774,9734],[1,-2],[-1,0]],[[5774,9732],[-1,-1],[-2,1],[0,-1],[-2,1],[1,0],[-2,-1],[-1,0],[-1,1],[-1,-1],[-1,1]],[[5774,9732],[1,-1]],[[5775,9731],[0,-1]],[[5775,9730],[-2,0],[-1,-1],[1,-1],[-1,0],[0,-1],[0,-1],[1,-1],[1,0],[1,-2],[-1,-1],[1,-1],[-1,-2],[1,-2],[1,1],[1,-1],[1,1],[0,1],[0,1]],[[5778,9720],[1,0],[1,-1],[0,1]],[[5780,9720],[1,-1],[1,0],[0,0],[0,-1]],[[5796,9746],[-1,-1],[1,-1],[1,0],[0,-1],[2,0],[0,-1],[1,-1],[-2,-1]],[[5798,9740],[1,0],[1,-2],[0,-1],[-1,-1],[0,-2],[-1,-1],[0,-1],[-1,-1],[0,1],[0,-2],[0,0],[2,1],[0,-3],[0,0],[0,-2],[1,0],[-1,-2],[1,0],[1,0],[0,1],[2,-1],[2,1],[0,0]],[[5780,9720],[0,1],[1,0],[0,2],[1,0],[0,0],[1,0],[2,1],[-1,0],[1,3],[-1,0],[-1,0],[-1,3],[-1,-1],[-1,-1],[0,3]],[[5780,9731],[0,1],[1,1],[0,1],[-1,1],[-1,0],[-1,1],[1,2],[1,1],[0,2],[-1,2],[0,1],[-1,0],[0,1],[1,0],[0,1]],[[5779,9746],[1,1]],[[5847,9696],[2,-1],[1,-1],[3,-2],[-1,-1],[3,1],[1,0],[0,-2],[0,0],[-1,0],[-1,0],[-1,0],[0,-2],[-1,-2],[1,-1],[1,0],[1,0],[1,-1],[-2,-1],[0,-1],[1,-1],[0,1],[2,1],[1,0],[1,0]],[[5859,9683],[0,1],[0,1],[1,1],[1,0],[-1,2],[1,1],[2,0],[0,1],[1,0],[1,-1],[-1,-1],[1,-1],[0,0]],[[5821,9744],[1,-1],[0,-1],[0,-1],[2,0],[1,-2],[-1,-2],[0,-2]],[[5775,9730],[0,-1],[2,-1],[-1,-1],[1,0],[0,-1],[0,-1],[1,-1],[0,-2],[-1,0],[1,-2]],[[5829,9734],[0,0],[2,-1],[3,-1]],[[5834,9732],[-1,-1]],[[5833,9731],[1,-1],[1,1],[0,-1],[1,-2],[1,1]],[[5767,9773],[1,2],[2,0],[1,-1],[1,-1],[0,2],[0,1],[1,0],[1,0],[0,1],[0,1],[1,1],[0,-1],[1,1],[0,1],[2,1],[0,0],[2,0],[2,0],[1,0],[0,0],[2,0],[1,-1],[1,0],[0,-1],[1,-1],[1,0],[-1,-1],[1,0],[1,0],[2,-2]],[[5783,9765],[-1,1],[-3,1],[-1,1],[0,-1],[0,-2],[1,0],[0,-1],[2,0]],[[5778,9755],[-1,0],[-1,1]],[[5776,9756],[1,1],[1,1],[-1,1],[1,0],[1,2],[-2,2],[0,-1],[-2,1],[0,1],[0,1],[0,0],[-1,2],[-2,0],[-1,1],[-1,-2]],[[5863,9712],[-1,-1],[0,1],[-3,-1],[0,3],[-1,2],[-1,1],[0,3],[1,0],[-1,2],[-2,-2],[0,1],[-1,-1],[0,-1],[1,-1],[-2,-3],[-1,-2],[1,-1]],[[5849,9737],[2,0],[0,-1],[0,-2],[0,-1],[0,-1],[1,-2],[0,-1],[0,-2],[1,-1],[1,1],[0,1],[2,1],[-1,1],[0,2],[1,0],[1,0],[1,0],[-1,-1],[0,-1],[2,0],[0,-1],[3,-2],[0,1],[2,1],[1,-1],[0,-1]],[[5768,9760],[3,-1]],[[5771,9759],[0,-1],[-1,-1],[1,-1],[0,1],[1,0],[1,-1],[-1,-2],[-1,0],[0,0],[-2,0],[1,-1],[-1,-3],[2,0],[1,1],[1,-1],[0,0],[2,0],[1,-2]],[[5834,9732],[1,0],[0,1],[0,2],[1,0],[0,0],[0,2],[-1,0],[0,2],[-1,1],[2,2],[1,-2],[1,0],[1,0],[2,0],[0,2],[2,0],[0,-2]],[[5771,9759],[1,0],[1,0]],[[5773,9759],[2,-2]],[[5775,9757],[1,-1]],[[5779,9746],[-3,0]],[[5780,9731],[-1,-1],[-1,1],[0,0],[-2,-1],[-1,1]],[[5773,9759],[0,0],[1,1],[2,-1],[0,-1],[-1,0],[0,-1]],[[5611,9456],[-1,0],[0,-1],[-1,1]],[[5603,9452],[0,-1],[-2,1],[0,-1],[-1,0],[-2,1],[0,-1],[-1,-1],[1,-1],[0,-1],[-1,-1],[-1,-1],[1,-1],[1,-1],[1,-1],[0,-1],[-1,-2],[0,-1],[0,-1],[0,-1],[-1,0],[-1,-2]],[[5596,9435],[-1,-1],[-2,-1],[0,0],[0,-2],[1,0],[1,0],[0,1],[2,1],[0,-1],[0,-1],[1,-2],[-1,-1],[0,-1],[0,-1],[-1,-1],[0,-1]],[[5596,9424],[0,0],[-1,0],[-1,0],[1,1],[-1,1],[-1,1],[0,2],[-1,1],[0,2],[-1,0],[-2,1],[0,-1],[-2,-1],[-1,-1],[0,-1],[0,-1],[0,-1],[-1,0],[-2,0],[0,1],[-1,1],[-1,1],[1,3],[1,0],[0,1],[0,0],[-1,1],[0,1],[0,1],[-1,3],[0,1]],[[5581,9441],[-1,-1],[-1,0],[-1,1],[-1,-1],[0,2],[-2,1],[-2,0],[0,1],[0,1],[-1,-2],[-1,-2],[-1,-1],[0,-1],[1,-1],[1,1],[1,-1],[1,0],[0,-1],[1,-1],[0,0],[-1,-1],[0,-1],[0,-1],[0,-1],[1,-3],[-1,-2],[-1,-1],[-2,1],[0,1],[-1,0],[-1,0],[-2,-1],[0,2],[0,1],[0,1],[-1,1],[-1,-2],[-1,0],[-1,1]],[[5563,9431],[-1,1],[-1,0],[-2,0],[-2,0],[-1,1],[0,-1],[0,3],[-1,1],[0,2],[1,-1],[1,1],[1,1],[-1,1],[1,1],[0,2],[-1,2],[0,1],[-1,-1],[0,-2],[-1,1],[-1,0],[0,1],[0,1],[1,2],[0,0],[2,0],[0,0],[1,1],[1,1]],[[5559,9450],[0,1],[2,0],[1,1],[1,2],[0,1]],[[5563,9455],[1,0],[1,1],[0,1],[1,2],[0,-1],[1,0],[1,1],[1,-2],[3,-1],[0,-1],[0,2],[1,0],[0,1],[-1,1],[2,3],[0,0],[1,1],[1,1],[1,-2],[1,1],[1,-2],[0,-2],[0,-1],[1,-1],[2,1],[1,2],[1,0],[0,2],[0,1],[1,0],[1,1],[1,1],[2,2],[1,1],[2,0],[1,1],[0,1],[1,1],[1,-2],[2,0],[0,2],[0,1],[0,2],[1,-1],[1,1],[1,2],[0,1],[-2,0],[0,1],[-1,2],[0,0]],[[5597,9480],[0,1],[1,1],[1,0],[1,0],[1,-1],[1,1]],[[5499,9504],[1,1],[1,-1],[1,1],[1,-2],[1,0],[1,2],[1,-1],[0,0],[1,-1],[0,-1],[0,-1],[2,1],[1,-1],[0,-3],[2,0],[0,1],[1,0],[2,0],[0,1],[1,0],[1,-1],[1,0],[1,-1],[-1,-1],[0,-1],[0,-1],[0,-1],[0,-1],[-1,0],[-2,0],[-2,0],[-1,0],[1,-4],[0,-1],[0,-1],[-1,0],[-2,0],[0,-1],[-2,0],[-1,2],[-2,-1],[0,-1],[0,-1],[-2,0],[0,-1],[0,-1],[-1,-1],[-1,0],[-2,0],[-1,1],[1,2],[0,0]],[[5569,9481],[0,-1],[0,-1],[-1,0],[-1,-1],[0,-1],[-1,-1],[1,-1],[-1,-2],[-1,1],[1,2],[-1,1]],[[5565,9477],[-2,-1],[-1,1],[-1,1],[0,1],[1,1],[-1,0],[-3,0],[-2,-1]],[[5556,9479],[-1,1],[-1,2],[-1,0]],[[5553,9482],[-1,2],[0,1],[-1,0],[-2,1],[0,0],[0,-3],[0,-1],[0,0],[1,-1],[-1,-2],[-4,0],[1,-1],[-1,-2],[-3,1],[-1,-1],[-1,0]],[[5540,9476],[-1,1],[0,1],[-1,1],[-1,0],[-1,0]],[[5536,9479],[-2,1],[0,1],[-1,1],[0,0],[-2,1],[0,1],[-2,1],[1,2],[0,1],[1,0],[2,1],[1,0],[1,0],[0,1],[-2,1],[0,1],[0,0],[-1,0],[-2,1],[0,2],[-1,0],[-1,0],[-1,0],[0,0],[-1,2],[0,1],[-1,1],[1,0],[1,1],[0,2],[0,1],[1,-1]],[[5528,9502],[1,0],[1,1],[2,0],[0,1],[1,-1],[1,0],[2,-1],[1,-1],[0,-1],[1,0],[0,1],[0,0],[1,1],[1,0],[1,2],[0,1],[2,0]],[[5543,9505],[2,0],[1,0],[1,-1],[0,0],[2,-1],[1,0],[0,1],[0,2],[0,1],[0,1],[0,1],[0,3],[1,0]],[[5551,9512],[1,-1],[0,-3],[1,-1],[1,-1],[1,-2],[2,0],[1,0],[-1,-2],[0,-1],[0,0],[0,-2],[1,0],[0,-1],[2,1],[1,0],[0,-1],[1,0]],[[5562,9498],[0,-1],[3,-1],[1,1]],[[5566,9497],[-1,-2],[1,0],[2,-1],[1,-2],[0,-1],[1,-1],[1,0],[3,1],[1,0],[0,-2]],[[5575,9489],[-1,-2],[-1,-1],[1,-1],[-1,-2],[0,0],[0,-1],[-1,-1],[-1,-1],[-2,1]],[[5563,9431],[-1,-2],[-1,-1],[-2,-1],[1,-1],[0,-1],[1,1],[1,-2],[-1,-1],[0,-2],[-1,0],[-1,-2]],[[5559,9419],[-1,1],[-1,0],[-1,-1],[-2,0],[-1,1],[0,0]],[[5553,9420],[0,3],[-1,1],[-2,0],[-2,0],[0,1],[-1,1],[-1,-1],[-1,0],[-1,-1],[0,0],[-2,0],[-2,-2],[-1,0],[-1,1],[-1,1],[0,1],[-1,-1],[-1,0],[-1,1],[-1,0],[-1,2],[1,1],[1,0],[1,2],[-1,1],[-1,-1],[1,2],[-1,1],[1,0],[1,0],[-1,3],[-1,0],[-2,-1],[-1,0]],[[5530,9435],[1,1],[-1,1],[-1,0]],[[5529,9437],[0,0],[-2,2],[-1,-1],[-1,0],[-1,0],[-1,1]],[[5523,9439],[0,1],[1,2],[0,1],[-2,0],[1,2],[0,1],[1,0],[0,1],[0,1],[0,1]],[[5524,9449],[1,1],[0,1],[1,1],[0,2],[2,2],[1,0],[1,0],[0,-1],[1,0],[1,0],[2,0],[1,-1],[1,-1],[0,-1],[1,1],[2,3],[0,-1],[1,-1],[2,1],[2,-1],[0,1],[1,0],[-1,4],[2,1],[0,1],[1,-2],[1,-1],[1,1]],[[5549,9459],[3,1],[0,1],[2,-1],[1,0],[1,-1],[1,0],[1,0],[1,0],[1,1],[1,0],[1,-3],[0,-1],[1,-1]],[[5506,9513],[1,0],[2,-1],[1,0],[1,0],[0,1],[2,0],[1,2],[1,1],[2,0],[1,-1]],[[5518,9515],[1,-1],[-1,-1],[0,-1],[1,-3],[1,1],[1,-2],[1,-1],[0,-1],[2,1],[2,0],[0,-1],[1,-2],[1,-2]],[[5536,9479],[-1,-1],[-1,0],[-1,-1],[1,-1],[-1,-2],[-1,-2],[0,0],[-1,-2],[-1,0],[-3,1],[-1,0],[-1,0],[1,1],[-1,1],[-1,-1],[-1,-1],[-1,1],[-1,-1],[0,2],[-2,0],[0,-1],[1,-2],[-1,-1],[-1,1],[-1,1],[-2,0],[-1,-1],[-1,0],[-1,-1],[0,-1],[0,-3],[-1,-1],[-2,-1],[-1,0]],[[5549,9459],[0,0],[-1,3],[0,2],[0,1],[-1,1]],[[5547,9466],[1,1],[0,1],[0,1],[0,1],[-1,1],[-1,0],[-1,-2],[-2,1],[0,0],[-1,0],[-1,1]],[[5541,9471],[1,1],[-2,2],[0,0],[-1,1],[1,1]],[[5575,9489],[1,0],[1,-2],[2,1],[0,1],[-1,1],[1,1],[1,0],[1,3]],[[5581,9494],[0,1],[1,0],[1,-1],[0,-1],[1,0],[0,-1],[-1,-2],[-1,0],[-1,-2],[1,-1],[0,-1],[2,-1],[0,1],[1,2],[3,-1],[0,0],[1,2],[1,-1],[1,-1],[0,-1],[-1,0],[0,-1],[1,-4],[1,-2],[0,0],[1,-1],[1,0],[1,0],[1,0],[0,2],[1,0]],[[5524,9449],[-1,1],[0,1],[0,2],[-2,0],[-2,-1],[-2,-3],[0,0],[-1,-1],[-1,-1],[0,1]],[[5515,9448],[-1,1],[-1,0],[-2,1]],[[5559,9402],[0,1],[0,0],[-1,0],[-2,1]],[[5556,9404],[0,2],[0,1],[0,2],[2,2],[0,1],[2,-1],[1,-1]],[[5561,9410],[0,3],[-1,0],[0,1],[0,1],[-1,2],[1,1],[-1,1]],[[5596,9424],[1,-3],[1,0],[2,-1],[1,-2],[1,-3],[-1,0],[-1,-1],[-2,-1],[-1,0],[0,-1],[1,-2],[0,0],[0,-4],[0,-2],[-1,0]],[[5597,9404],[-1,2],[-1,-2],[-2,0],[-3,-1]],[[5590,9403],[0,-2],[-2,0],[-1,-1],[0,-1],[0,0],[-1,0],[-2,-2],[-1,1],[-1,-1],[-1,0],[-1,0],[-1,-2],[-1,-1]],[[5578,9394],[-1,0],[-1,0],[-1,2],[0,2],[0,1],[-3,1],[-1,1],[-2,-1],[-1,0],[-2,-1],[-2,0],[-1,0],[0,0],[-1,1],[0,0]],[[5514,9420],[2,-1],[0,0],[1,0]],[[5517,9419],[0,-2],[1,-1],[1,0],[1,0],[2,0],[1,1],[1,2],[2,1],[-1,1],[0,2],[0,2],[1,1],[-1,1],[2,2]],[[5527,9429],[1,-1],[2,-2],[1,-3],[1,-1],[-1,-1],[1,-1],[1,0],[0,-2],[1,-1],[1,-1],[1,-1],[1,-1],[1,-2],[0,0],[1,-1],[2,0],[2,1]],[[5543,9412],[0,-1],[0,-2],[-1,-2],[-1,2],[-1,-1],[-1,-2],[0,-1],[-2,-1],[2,0],[1,-1],[1,-1],[1,-1],[1,1],[1,1],[1,-1],[1,1],[1,-1],[-1,0],[0,-1],[1,-1],[0,-2],[0,-1],[0,-1],[-2,-1]],[[5527,9429],[1,1],[0,1],[0,1],[0,2],[1,1],[1,0]],[[5553,9420],[-1,1],[-2,0],[-1,-3],[-1,-3],[-1,1],[-1,0],[-1,-1],[0,-2],[-1,-1],[-1,0]],[[5515,9429],[3,0],[1,1]],[[5519,9430],[1,2],[2,0]],[[5522,9432],[0,-1],[0,-6],[0,-1],[0,-1],[-2,0],[0,0],[-1,0],[0,-3],[-1,0],[-1,-1]],[[5521,9436],[1,1],[1,0],[0,2]],[[5529,9437],[-1,-1],[-1,1],[-1,-2],[-1,0]],[[5525,9435],[-2,0],[0,1],[-2,0]],[[5515,9448],[-2,-3],[2,0],[0,-2],[2,0],[1,-1],[1,-1],[0,-1],[-1,-2],[-1,0],[1,-1],[0,-1],[0,-2],[1,0]],[[5519,9434],[-1,-1],[1,-1],[-1,-1],[1,-1]],[[5522,9432],[1,0],[0,0],[2,-1],[0,2],[0,1],[-1,1],[1,0]],[[5519,9434],[1,1],[1,1],[0,0]],[[5524,9880],[0,1],[-1,1],[-1,0],[-1,1],[0,2]],[[5521,9885],[1,-1],[2,1],[1,0],[1,0],[2,0]],[[5528,9885],[1,0],[1,1],[1,-1],[1,-1],[1,-1],[0,1],[1,0],[0,-1]],[[5534,9883],[0,-1]],[[5534,9882],[1,-1],[1,-2],[-2,-1],[-1,-2]],[[5533,9876],[0,-2],[-1,0],[-1,-2],[1,0]],[[5532,9872],[-1,-2],[-2,-1],[-2,-1],[-1,1]],[[5526,9869],[0,-1],[-2,1],[0,1],[0,1],[-1,-1],[-2,0],[-1,0],[0,-1]],[[5520,9869],[-2,0],[0,1],[-1,1],[0,1],[3,0],[0,1],[1,1],[-1,1],[0,1],[-1,0],[0,1],[1,2],[3,0],[1,1]],[[5514,9867],[-1,0],[-2,0],[-1,-2],[-1,-1],[-1,1],[0,2],[0,1],[1,2],[1,0]],[[5510,9870],[2,0],[0,1],[1,0],[1,2],[1,-1],[1,0],[0,-1],[-1,-1],[0,0],[-1,-1],[0,-2]],[[5532,9895],[1,1],[1,0],[1,0],[1,1],[1,0]],[[5537,9897],[1,0],[1,-1],[1,0],[1,1]],[[5541,9897],[1,-1],[2,1],[0,-1],[1,0]],[[5545,9896],[0,-1],[-1,-2]],[[5544,9893],[-1,0],[-1,-1],[1,-1],[0,-1],[1,-1],[-2,-1],[0,-1],[-1,-1],[0,-1],[0,-1],[1,-2]],[[5542,9882],[-2,-2],[-1,1],[0,1],[-1,1],[0,0],[-1,1],[-1,-1],[-2,0]],[[5528,9885],[0,1],[0,1],[1,0],[1,0],[0,1],[-1,2],[-1,1],[0,1],[1,1],[0,-1],[1,1],[2,1],[0,1]],[[5592,9855],[0,2],[0,0],[-1,2],[-1,0],[-1,1],[-2,1],[0,3],[0,1],[1,0],[0,1],[-1,1],[0,3],[1,1],[1,-1],[2,0],[0,1],[1,1]],[[5592,9872],[0,1],[0,1],[0,1]],[[5592,9875],[0,2],[1,2],[-1,1]],[[5592,9880],[1,0],[1,1],[0,2],[1,1],[-1,1],[-3,0],[0,-1],[0,2],[1,1],[1,0],[1,1],[1,0],[1,0],[1,1],[1,-1],[1,0],[0,0],[1,-2],[1,1],[0,1],[2,-2],[1,0]],[[5604,9886],[1,1],[0,-2],[1,-1],[1,0],[1,2],[-1,0],[-1,1],[0,1],[1,1],[1,-1],[0,-1],[2,0],[1,-1],[1,-2],[0,0],[-2,-2],[0,0],[-1,-1],[-1,-2],[-2,-1],[1,-1],[-1,-2],[0,-1],[0,-1],[0,-1],[0,-1],[-1,-1],[0,-2],[-1,-1],[0,0],[2,-1],[1,1],[1,0],[2,0],[0,-1],[0,-2],[0,0],[1,-1],[-1,0],[1,-1],[1,-1],[0,-1],[1,-1],[0,-1],[-1,-1],[-2,0],[0,-1],[-2,-1],[-1,0],[-1,-2],[-1,-1],[0,-1],[1,-2],[1,-1],[-1,-1],[-1,-1]],[[5533,9919],[3,0]],[[5536,9919],[1,0]],[[5537,9919],[-1,-1],[1,-3],[1,0],[1,-1],[-1,-1],[-2,-1],[0,-1],[-1,0],[0,1],[0,-2]],[[5535,9910],[0,0],[-1,-1],[-4,0],[0,-1],[0,-1],[-2,-1],[-1,0],[-1,-1],[-1,-2],[-1,0],[-2,0],[-1,1]],[[5521,9904],[-1,1],[-1,0],[0,0],[-2,-1],[-1,1],[-1,-1],[-1,1],[-2,0],[-1,1]],[[5511,9906],[0,1],[1,1],[2,0],[0,1],[1,1]],[[5515,9910],[1,1],[1,0],[0,1],[1,1],[1,0],[1,0],[2,-1],[1,2],[-1,1],[1,1],[1,1],[1,1],[0,2],[1,0],[0,0],[1,1],[2,0],[1,0],[0,-1],[0,0],[2,-1],[1,0]],[[5504,9926],[1,-3],[0,-1],[1,-1],[2,0],[0,1],[1,0],[1,0],[2,-2]],[[5512,9920],[0,-1],[-1,-2],[1,-1],[0,-2],[1,-2],[0,0]],[[5513,9912],[-1,-1],[0,-1],[-2,0]],[[5510,9910],[0,1],[-1,1],[1,1],[0,1]],[[5510,9914],[0,2],[-1,0],[0,1],[-1,0],[-3,3],[-1,-1],[-2,0],[-1,-1]],[[5501,9918],[-1,0],[-1,0],[-1,1]],[[5498,9919],[0,1],[1,2],[0,0],[0,1],[-1,0],[-2,-1]],[[5496,9922],[-3,-1],[-1,1],[-1,0]],[[5491,9922],[0,1],[0,2],[1,0],[0,1],[1,1],[-1,2],[-2,0]],[[5490,9929],[0,1],[2,2],[2,2]],[[5494,9934],[1,2],[0,-1],[1,0],[1,1]],[[5497,9936],[1,0],[1,2]],[[5499,9938],[1,-1],[2,-2],[-1,-1],[-2,0],[0,-1],[1,-1],[1,0],[0,-2],[1,1],[1,-1],[0,0],[1,0],[1,-2],[0,-1]],[[5505,9927],[-1,-1]],[[5572,9886],[-3,-4],[-2,-2],[-1,2],[1,1],[-2,1],[-1,-1],[-1,1],[1,2]],[[5564,9886],[-1,1],[1,1],[-2,2],[-1,0],[-1,2]],[[5560,9892],[1,0],[0,1],[1,1],[1,-1],[1,0],[0,1],[1,1]],[[5565,9895],[1,-1],[0,0],[2,-3],[1,0],[0,1],[1,0],[0,0],[1,3],[0,2],[1,0],[1,0],[1,1],[2,-1],[1,1],[0,0],[0,-2],[1,0],[0,2],[1,0],[2,-1],[1,-2],[2,1],[0,-1],[-1,-1],[3,0],[0,1]],[[5586,9895],[1,-1],[-1,-2],[2,-1],[0,-1],[1,-1],[-2,-1],[0,-1],[-1,0],[0,-1],[1,-1]],[[5587,9885],[-1,0],[-1,0],[-1,0],[-1,-1],[0,-1],[1,0],[-1,-1],[1,-2],[-1,0],[2,-2],[0,-2],[1,-1],[0,0],[-2,-1],[0,-2],[-1,-1]],[[5583,9871],[-1,0],[-1,-1],[-2,2],[-1,0],[0,-1],[-1,0],[-1,-1],[-1,-1],[-1,2]],[[5574,9871],[0,1],[1,1],[0,1],[0,0],[-1,1],[0,1],[-1,1],[0,2],[4,1],[1,2],[1,1],[-1,2],[1,0],[-1,1],[0,-1],[-2,-1],[0,0],[-2,0],[-2,2]],[[5521,9885],[-1,0],[-1,1],[-2,0],[-2,0],[-2,0]],[[5513,9886],[0,1],[-1,0],[-1,-1]],[[5511,9886],[-1,-1],[-1,1],[1,2],[1,0],[1,0],[1,0],[0,1],[-1,0],[1,1],[2,1],[0,1]],[[5515,9892],[-1,1],[-1,1],[0,1]],[[5513,9895],[1,1],[2,0],[0,0]],[[5516,9896],[2,1],[1,1],[2,3],[1,-1],[1,0],[1,1],[1,1],[-1,-2],[2,-1]],[[5526,9899],[1,0],[1,-2],[1,0],[0,-1],[1,0],[0,1],[2,-2]],[[5523,9933],[0,-1],[-1,0],[-1,0],[0,-1],[-1,1]],[[5520,9932],[-1,0],[-1,2]],[[5518,9934],[1,1],[-1,2]],[[5518,9937],[1,1],[-1,0]],[[5518,9938],[0,1]],[[5518,9939],[2,1],[0,2],[1,-1],[0,0],[1,-1],[0,-1],[1,0],[1,0],[0,-2],[1,-1],[1,0],[0,1],[1,2],[0,1],[1,1],[0,0]],[[5528,9941],[1,0]],[[5529,9941],[0,-1],[0,-1],[0,-2],[0,0],[1,-2]],[[5530,9935],[-2,0],[-3,0],[1,0],[-1,0],[-2,-1],[0,-1]],[[5515,9910],[-1,1],[0,1],[-1,0]],[[5512,9920],[0,2],[2,0],[0,2],[0,0],[0,2],[1,1],[1,0],[0,1],[0,1],[0,1]],[[5516,9930],[1,0],[1,3],[2,-1]],[[5530,9935],[0,0],[1,-2],[0,-1],[1,-3],[0,-1],[0,-2],[0,-2],[0,-1],[1,-1],[1,-1],[1,-1],[1,-1]],[[5550,9900],[1,1],[-1,2],[0,0],[2,0],[0,1],[1,1],[2,1],[0,0],[-3,4],[1,0]],[[5553,9910],[0,0],[3,-2],[-1,2],[0,1],[2,0],[1,-1],[1,0],[1,-1],[-1,-2],[0,-1],[-1,-1],[1,0],[1,0],[0,-1],[0,-1],[1,-1],[1,-2],[-1,-1],[-2,0]],[[5559,9899],[-2,3],[-1,3]],[[5556,9905],[-1,-1],[0,-1],[-1,-2],[-1,1],[-1,-2],[-1,-1],[0,0],[-1,1]],[[5450,9986],[0,1],[3,0],[1,1],[1,2],[1,0],[0,1],[2,1],[3,1]],[[5461,9993],[0,-2],[1,-1],[1,1],[0,1],[0,2],[0,0],[1,-2],[1,0],[1,-1],[1,-2],[1,-1]],[[5468,9988],[-2,-1],[-2,0],[-1,-1],[0,-1],[-3,-2],[1,-1],[-1,0]],[[5460,9982],[-1,-1],[-1,-1],[-1,-1]],[[5457,9979],[-1,-1],[-1,0]],[[5455,9978],[-1,1],[-1,1],[-1,2],[-1,-1],[-1,0],[-3,2]],[[5447,9983],[1,1]],[[5448,9984],[2,2]],[[5496,9943],[1,3]],[[5497,9946],[1,0],[2,-2],[1,0],[-1,2],[2,0],[0,1],[0,2],[1,0],[0,1],[0,1],[0,1],[1,1],[2,-1],[1,1]],[[5507,9953],[0,0],[-1,-1],[1,-1],[2,-2],[-2,-1],[-2,0],[0,-1],[2,-3],[-1,-1],[0,-2],[1,-1]],[[5507,9940],[-1,0],[0,-1],[0,-1],[0,-1]],[[5506,9937],[-2,0],[0,1],[-2,2],[-2,-2],[-1,0]],[[5497,9936],[-2,3],[0,0],[-2,1],[-1,1]],[[5492,9941],[0,2],[1,-1],[2,0],[1,1]],[[5473,9976],[2,-1],[0,-1],[0,-2],[0,-1],[0,-1],[0,-1],[0,-1],[-1,-1],[0,-1],[2,0],[0,-1],[0,-1],[1,-1],[0,-2]],[[5477,9961],[0,-1],[0,-1],[-1,0],[-1,0],[-2,-1],[-1,-1],[0,0],[-1,1],[0,0],[-3,0],[-1,1],[0,1],[2,0],[-2,1],[0,1]],[[5467,9962],[-4,-2],[0,1],[-1,-1],[0,-1],[1,0],[0,-1],[-1,-1],[1,-3],[1,-1]],[[5464,9953],[-1,0],[-2,2],[-1,0],[-1,-1],[0,-1]],[[5459,9953],[-1,1],[0,1]],[[5458,9955],[-2,1],[-1,1],[-1,-1],[-2,1],[-2,0],[0,0],[-2,-1],[0,1],[-2,0],[-1,0],[-1,2],[-2,1],[-1,1],[0,1],[0,1],[0,1],[-1,1]],[[5440,9965],[0,1],[-1,2],[0,1]],[[5439,9969],[1,0],[1,-2],[1,0]],[[5442,9967],[1,2],[1,1],[1,2],[2,-1],[0,1],[3,1],[1,0],[1,1],[1,-1],[1,1],[2,0],[-1,4]],[[5468,9988],[1,-2],[1,0],[1,1],[1,0],[0,0],[0,1],[0,0],[0,0],[0,1],[0,0]],[[5472,9989],[0,-1],[0,0],[0,-1],[2,-1],[1,0],[0,-2],[1,-2],[1,-3],[-2,-2],[-2,-1]],[[5550,9900],[-1,-1],[0,-1],[1,-1],[0,-1],[1,-1],[1,0],[0,1]],[[5552,9896],[2,-1],[2,-1],[0,-1],[-1,0],[0,-1],[0,-2]],[[5555,9890],[0,0],[0,-1],[0,-1],[-1,-1]],[[5554,9887],[-1,0],[-1,0],[-2,0],[0,-1],[-1,-3]],[[5549,9883],[-2,1],[0,0],[-2,0],[-2,-2],[-1,0]],[[5541,9897],[0,1],[1,1],[1,1],[2,1]],[[5545,9901],[0,1],[1,1],[0,-1],[1,-1],[1,2],[2,-3]],[[5592,9880],[0,0],[-1,2],[-1,1],[-1,-1],[-1,1],[-1,2]],[[5586,9895],[4,2],[0,-1],[1,1],[1,-1],[1,1],[1,0],[1,1],[1,0],[0,-2],[2,0],[0,-1],[1,-1],[1,-1],[0,-1]],[[5600,9892],[1,0],[2,-2],[1,0],[0,-1],[0,-3]],[[5569,9858],[-2,2],[0,1],[-1,2],[-1,1],[-2,1],[-1,1],[-2,1]],[[5560,9867],[-2,0],[-1,-1],[-1,0],[-1,-1],[0,2],[0,1]],[[5555,9868],[1,1],[-1,1],[1,1],[0,1]],[[5556,9872],[-1,2],[0,1],[1,1],[0,1]],[[5556,9877],[1,2],[0,1],[0,1],[0,2],[0,0],[-1,1],[0,0],[0,1],[-1,0],[-1,2]],[[5555,9890],[3,1],[1,1],[1,0]],[[5555,9868],[-1,1],[-2,1],[-1,1],[-1,1],[-2,0],[0,-1],[0,-1],[0,-1],[1,-1],[-1,-1]],[[5548,9867],[-1,1],[-1,1],[0,-2],[0,-1],[0,-1],[0,-1],[0,-1],[-1,1],[0,-1],[-1,1],[-2,-1],[0,1],[-1,1],[1,2],[-2,0],[0,1],[-1,1],[-1,-1],[-1,1],[0,0],[-2,-1],[-1,0],[0,2],[0,1],[-1,1],[-1,0]],[[5523,9850],[-1,2],[-1,0],[0,1],[-2,-1],[-1,1],[0,1],[-1,1],[-1,1]],[[5516,9856],[0,2],[0,1]],[[5516,9859],[0,1],[1,0],[1,2],[-1,1],[0,1],[-1,2],[1,1],[3,1],[0,1]],[[5492,9941],[-1,-1],[-2,0],[-1,0],[0,-1]],[[5488,9939],[-2,2],[0,1],[0,-1],[-2,0],[-2,0],[-1,1],[-1,0],[-1,0],[-1,-1],[-1,0],[-3,0],[0,1],[-1,3],[-2,2],[1,1],[-1,1],[0,2],[2,1],[-1,1],[0,1],[-2,-2],[-1,0],[-1,-1],[-3,1],[-1,0],[-1,-1]],[[5463,9951],[-1,-1],[-1,1],[-2,2]],[[5477,9961],[2,0],[0,0],[2,1],[0,-1],[3,0],[1,-1],[-1,-1],[1,-1],[1,-2],[1,0],[1,-1],[-1,-1],[1,-1],[1,-1],[1,-3],[2,-1],[3,1],[1,-2],[1,-1]],[[5506,9937],[0,-1]],[[5506,9936],[1,0],[1,-1],[1,0],[1,0],[0,-2],[2,-1]],[[5512,9932],[-1,-2],[0,1],[-2,1],[-1,2],[-2,0],[-1,-1],[1,-1],[1,-1],[-1,-2],[0,-1],[-1,-1]],[[5488,9939],[0,-1],[3,-2],[-1,0],[-2,0],[0,-1],[-1,-2],[0,0],[-2,1]],[[5485,9934],[-1,0],[1,1],[-1,1],[-2,0],[0,0],[-1,1],[-1,-1],[1,-1],[-3,0],[-1,-1],[-1,1],[-1,0],[0,1],[-1,0],[0,0],[-1,1],[-1,-1],[-1,0],[0,-1],[0,0],[-1,0],[-1,1],[-1,2],[-2,-2],[-1,0],[-2,1]],[[5463,9937],[0,1],[-1,1],[-2,0],[-1,2],[-1,0],[0,1],[-1,1],[-1,-1],[0,-1],[-1,1],[-1,1]],[[5454,9943],[2,2],[-2,2],[-1,1]],[[5453,9948],[-1,2],[0,1],[1,0],[1,1]],[[5454,9952],[1,0],[1,1],[1,1],[1,1]],[[5518,9938],[-1,1]],[[5517,9939],[-2,0]],[[5515,9939],[-1,2],[1,2],[-1,1],[1,1],[-1,2],[0,1]],[[5514,9948],[1,0],[0,1],[1,0],[1,0]],[[5517,9949],[0,-1],[1,1]],[[5518,9949],[2,-1],[0,-1],[0,1],[1,-2],[-1,-2]],[[5520,9944],[-1,0],[-1,0],[0,-1],[0,-1],[0,-1],[0,-1],[0,-1]],[[5448,9984],[-2,3],[1,1],[-2,1],[1,4]],[[5446,9993],[3,1]],[[5449,9994],[0,-2],[-1,0],[0,-2],[2,0],[1,-2],[-1,-1],[0,-1]],[[5437,9975],[-1,2],[0,0],[0,2],[-1,1],[0,0],[0,2],[-1,1],[-1,1],[-1,1],[1,0],[-2,2]],[[5431,9987],[1,1],[0,0],[2,1],[1,1],[1,2],[1,0],[1,1],[1,-1],[1,0],[1,-1],[3,1]],[[5444,9992],[0,-3],[1,-1],[1,-2],[1,-3]],[[5439,9969],[0,1],[-1,3],[-1,2]],[[5514,9948],[-1,1],[-1,0],[0,-1],[0,-1],[-1,-1],[-1,-1],[-1,0],[1,-1],[0,-1],[0,-2]],[[5510,9941],[2,-3],[0,0]],[[5512,9938],[-1,-1],[0,-1],[-1,1],[-2,2],[-1,1]],[[5507,9953],[1,1],[2,2],[1,-1],[1,1],[1,1],[2,-2],[1,1]],[[5516,9956],[1,-2],[-1,-1],[1,-2],[1,-1],[-1,-1]],[[5537,9919],[2,-1],[1,-1],[2,1],[1,0],[1,0],[2,1]],[[5546,9919],[1,1],[2,2],[1,0],[1,0],[1,-1],[0,-1],[-2,-2],[1,-2],[0,0]],[[5551,9916],[-1,0],[0,-1],[2,-1],[1,-1],[1,0],[-2,-3],[1,0]],[[5537,9897],[1,2],[0,1],[0,1],[0,2],[0,2]],[[5538,9905],[-1,1],[1,0],[0,1],[-1,0],[-1,0],[0,2],[-1,1]],[[5465,9997],[5,2],[1,-3],[1,-7],[0,0]],[[5461,9993],[-1,0],[0,2]],[[5460,9995],[3,1]],[[5463,9996],[2,1]],[[5516,9896],[0,1],[0,1],[1,2],[0,1],[-1,0],[2,3],[1,0],[0,-2],[1,0],[0,1],[1,1]],[[5512,9932],[1,0],[0,1],[1,0]],[[5514,9933],[1,-1],[1,-2]],[[5552,9896],[1,0],[1,3],[2,-1],[1,-1],[2,2]],[[5551,9916],[2,1],[3,0],[1,0],[1,-1],[2,1],[2,-2],[1,-2],[1,0],[1,-1],[0,-2],[0,-1],[0,-2],[0,-2],[0,-3],[0,-1],[-1,-1],[1,-1],[0,-2],[1,-1],[-1,-1]],[[5513,9895],[-1,2],[-1,-1],[0,2],[-2,0],[0,1],[-1,1],[0,2]],[[5508,9902],[-1,1],[-1,2]],[[5506,9905],[1,-1],[1,0],[0,0],[3,2]],[[5520,9944],[1,0]],[[5521,9944],[1,-1],[0,-1],[1,-1],[1,0],[1,0],[1,2],[0,0]],[[5526,9943],[2,-2]],[[5449,9994],[3,1],[1,-1],[1,0],[2,-1],[2,1],[2,1]],[[5444,9992],[2,1]],[[5516,9956],[1,1],[1,1],[1,-1],[2,1],[0,-2],[1,-1],[2,-2],[0,-1]],[[5524,9952],[-2,-1],[-2,0],[-2,-2]],[[5526,9943],[1,1],[-2,1],[-1,2],[-1,-1]],[[5523,9946],[0,1],[2,3],[0,0]],[[5525,9950],[0,0],[-1,-1],[2,-1],[0,-1],[3,0],[1,-1],[0,-2],[0,-2],[-1,-1]],[[5514,9933],[1,1],[1,0],[1,0],[1,0]],[[5512,9938],[1,1],[1,-1],[1,1]],[[5517,9939],[-1,-1],[0,-1],[1,-1],[1,1]],[[5521,9944],[1,2],[1,0]],[[5524,9952],[0,-1],[1,-1]],[[5399,9767],[1,4],[1,1],[0,1]],[[5401,9773],[1,0],[0,1],[1,1],[1,1],[0,2],[0,1],[1,-1],[0,2],[0,1],[-2,0],[0,0],[-1,-1],[0,-1],[-2,1],[-1,0],[0,1],[2,2],[0,0],[0,1],[1,1]],[[5402,9785],[-2,1],[0,2],[-1,1],[0,2],[-2,-1],[0,0],[0,1],[0,0],[2,0],[1,1],[-1,0],[-1,0],[0,1],[-1,1],[2,2],[1,1],[-1,1],[-1,1],[0,1],[0,0],[1,1],[1,1],[0,2],[1,0],[1,1],[0,2],[-1,0],[-1,0],[-1,-2],[-1,0],[-1,2],[2,2],[0,3],[1,0],[1,1],[1,0],[-1,1],[0,1],[1,1],[1,-1],[2,0]],[[5405,9815],[1,-1],[1,1],[1,-2],[1,0],[1,-1],[-2,-1],[1,-1],[0,-1],[1,-1],[2,0],[1,-1],[1,0],[2,2],[2,1],[1,-3],[1,1],[0,2],[1,0],[0,-1],[2,0]],[[5423,9809],[2,-1],[1,1],[0,-1],[2,-1],[0,-1],[-1,0],[1,0],[1,-1],[1,2],[1,-1]],[[5431,9806],[2,0],[1,0]],[[5434,9806],[0,-1],[0,-1],[-1,-1],[-2,0],[-1,0],[0,-1],[-1,0],[-1,0],[-1,0],[-1,-2],[2,0],[1,-1],[1,-1],[-1,0],[0,-2],[0,-1],[0,-1],[-1,-2],[0,-1]],[[5428,9791],[2,-1],[-1,-1],[2,0],[-1,-2],[1,-2]],[[5431,9785],[-1,0],[0,0],[-1,0],[-1,-1]],[[5428,9784],[-1,1],[-1,0],[-1,-2],[-1,-1],[-1,0],[-1,1],[-1,1],[-1,-1],[1,-2],[0,-1],[1,-1],[0,-1],[-2,0],[0,-1],[-1,0],[-1,0]],[[5418,9777],[-1,-1],[1,-1],[0,-2]],[[5418,9773],[-1,2],[-2,-1],[-1,1],[0,-1],[0,-1],[0,-1],[-1,0],[0,-1],[0,-2],[-1,-2]],[[5412,9767],[-1,-1],[1,-1],[-1,-1],[-2,-1]],[[5409,9763],[0,1],[-1,0],[-1,1],[-1,-1],[1,2],[0,0],[-3,0],[-1,-3],[1,0],[0,0],[-1,-1]],[[5404,9756],[2,0],[1,-1],[2,0],[1,-1],[1,3],[0,-1],[1,-1],[1,2],[1,-1],[2,1]],[[5416,9757],[0,-2],[1,1],[2,2],[1,1],[0,-1],[1,1],[2,-1],[1,1],[-1,0],[0,2],[2,-1],[0,-1],[1,0],[2,-1],[0,-1],[2,0],[-2,-2],[0,0],[2,-1],[1,1],[1,1],[0,1],[1,1],[-1,2],[1,1],[-1,1],[0,1]],[[5432,9763],[1,-1],[1,0],[1,0],[0,1],[2,-1],[0,1],[2,-1],[0,1],[0,1],[1,0]],[[5440,9764],[1,0],[2,-2],[0,-1],[1,-1],[-1,-1],[0,-1],[0,-1],[2,-1],[0,-1],[1,-1]],[[5446,9754],[1,-1]],[[5447,9753],[-1,-1],[0,0],[-2,-3],[1,-1],[-1,-1],[-1,1],[0,-2]],[[5443,9746],[-1,0],[-1,0]],[[5441,9746],[-1,0],[-1,-1],[-1,1],[0,2],[-1,1],[-1,0],[-1,0],[-1,0],[-1,-1],[-2,0],[0,-4]],[[5431,9744],[0,1],[-1,0],[-1,-1],[0,0],[0,-1],[-1,-1],[0,-1],[1,0],[1,0],[0,-1]],[[5430,9740],[-1,-1],[-1,-1],[-1,0],[-1,-1]],[[5426,9737],[-1,0],[-2,-2],[-2,1],[-1,-1],[-1,-1],[-1,1],[-1,0],[-4,-2],[0,2],[-1,0],[-1,-1],[-1,0],[-1,0]],[[5409,9734],[0,1],[-1,1],[-1,-1],[-1,1]],[[5406,9736],[-1,0],[-1,0]],[[5404,9736],[-2,-1],[-1,1],[0,2],[-1,0],[0,0],[-1,1],[1,1],[1,0],[0,1],[0,1],[-2,1],[-1,0]],[[5439,9782],[0,0],[-1,-1],[-2,1],[0,1],[-2,0],[-1,1]],[[5433,9784],[-2,1]],[[5434,9806],[1,0],[1,1],[1,1],[1,0],[1,0],[1,0],[0,-1],[2,1],[1,0]],[[5443,9808],[1,0],[1,-1],[2,-1],[1,-1],[1,0],[1,1],[1,-1],[1,-2],[1,-1],[0,0],[1,1],[1,-2],[1,0],[1,1],[2,0],[2,-1]],[[5461,9801],[0,-1],[1,-1],[1,0]],[[5463,9799],[0,-2],[1,-1]],[[5464,9796],[-1,0],[-1,-2],[-2,0],[1,0],[-1,-1],[0,-1],[0,-1],[1,-1],[0,0],[1,-2],[1,1],[1,-1],[0,-1],[0,-2],[1,-1],[0,0],[3,-1],[1,0],[-1,-1],[0,0],[-1,-1],[0,-1],[-1,0],[2,-3]],[[5468,9777],[0,-2],[-1,-1],[-1,0],[2,-1],[0,-1],[0,-1]],[[5468,9771],[0,-1],[-1,0],[-1,0],[0,1],[-1,1],[-1,-1],[0,0],[-2,0],[-1,-1]],[[5461,9770],[-1,-2],[-2,-1],[-1,-1],[0,0],[1,2],[-1,1],[0,1],[0,1],[-1,0],[-1,1]],[[5455,9772],[-1,-1],[-2,-1]],[[5452,9770],[-1,2],[-1,0],[0,2],[-2,1],[-3,-1],[0,1],[-1,0],[0,1],[1,0],[1,3],[-2,1],[0,1],[-1,-1],[-1,1],[-2,0],[-1,1],[0,0]],[[5514,9727],[-1,-2],[0,-1],[1,-1],[-3,0],[-2,0],[0,0],[-2,-1],[0,-1],[-1,0],[0,2],[-1,0],[-1,0],[0,0],[-1,-1],[-1,0],[-2,1],[-1,-2],[0,1],[-2,-1],[-1,-1]],[[5496,9720],[-1,3],[-1,-1],[-1,1],[-1,1],[-2,-1]],[[5490,9723],[0,-1],[-1,0],[1,-1],[-2,-1],[-1,-1],[-1,0],[-1,2],[0,1],[-1,-1],[-1,-1],[-1,1],[0,0],[-1,2],[-3,2],[0,0],[-1,1]],[[5477,9726],[0,1],[0,1],[-1,0],[0,1],[-1,1],[1,1],[-2,1],[0,1],[0,0],[1,1],[1,0],[1,0],[2,2],[1,3]],[[5480,9739],[1,1],[1,0],[0,-1],[1,0],[1,0],[1,0],[0,1],[0,1],[3,1],[0,0]],[[5488,9742],[2,0],[0,-1],[1,-1],[-1,-2],[1,0],[1,-1],[1,-1],[1,3],[1,1],[1,1],[1,1],[1,-1],[2,0],[0,-1],[1,0],[1,1],[0,1],[1,1],[1,0],[1,0]],[[5464,9752],[1,1]],[[5465,9753],[0,0],[-1,2]],[[5464,9755],[3,1]],[[5467,9756],[1,0],[0,2]],[[5468,9758],[-1,3],[1,0],[0,1],[2,1]],[[5470,9763],[1,1],[0,0],[1,-2],[0,0],[1,-3],[0,1],[1,0],[1,0],[0,2],[1,1],[1,1],[0,1],[1,0],[0,-1],[0,-1],[-1,-3],[0,0],[1,0],[-1,-1],[0,-2],[-1,0],[3,-2],[1,0],[2,-1],[1,0]],[[5483,9754],[0,-1],[1,-1],[-1,-1],[1,0],[-1,-2],[0,-1],[1,0],[2,1]],[[5486,9749],[1,-1],[-1,-1],[2,-2],[-1,0],[0,-2],[1,-1]],[[5480,9739],[-2,1],[1,1],[0,2],[-1,0],[-1,-1],[-1,2],[0,1],[-1,0],[1,1],[0,2],[-1,1],[-2,0],[-1,0]],[[5472,9749],[-2,2],[0,1],[-2,0],[-1,0],[0,-1]],[[5467,9751],[-2,2]],[[5465,9753],[-1,-1]],[[5456,9762],[-1,-1],[0,1],[0,0],[-1,1],[0,0],[-1,1],[1,1],[1,3],[-1,0],[-2,1],[0,1]],[[5468,9771],[1,-1],[0,1],[1,-1],[1,0],[-1,-1],[-1,-1],[0,-1],[-1,-2],[2,-1],[0,-1]],[[5464,9755],[-2,-1],[-1,2],[-1,-1]],[[5460,9755],[-1,1],[0,1],[0,1],[1,1],[-1,1],[-1,-1],[0,1],[-1,1],[-1,1]],[[5418,9773],[1,0],[0,-2],[0,0],[0,-1],[1,0],[1,1],[0,0],[2,1],[2,-1],[1,1]],[[5426,9772],[2,-2],[0,-1],[1,-1],[0,-1],[3,0],[1,0],[1,2]],[[5434,9769],[1,0],[2,-3],[1,1],[-1,-1],[1,-1],[2,0],[0,-1]],[[5436,9736],[-1,1],[-1,1],[-1,-1],[-2,0],[0,1],[0,1],[-1,1]],[[5443,9746],[3,-1],[0,1],[2,0],[1,0]],[[5449,9746],[1,-1],[0,-2],[1,-1]],[[5451,9742],[-2,-1],[0,-1],[-2,-1],[0,-2],[-1,-1],[1,-1],[-1,-1],[-1,-1]],[[5445,9733],[0,-1],[-1,0],[-2,0],[0,1],[1,1],[-1,2],[-1,-1],[-2,0]],[[5439,9735],[-1,0],[0,-1],[-1,0],[0,1]],[[5437,9735],[0,1],[-1,0]],[[5491,9802],[2,0],[1,0],[1,0],[0,0],[0,1],[0,1],[1,0],[0,1],[1,0],[2,-2],[0,2],[-2,3],[1,1],[0,0]],[[5498,9809],[1,-2],[1,0],[1,2],[0,-1],[1,-2],[0,-1],[1,-1],[1,0],[0,-1]],[[5504,9803],[0,-1]],[[5504,9802],[-1,-1],[0,-1],[-1,0],[-1,-2]],[[5501,9798],[1,-1],[2,-2],[-1,-1],[-1,-1]],[[5502,9793],[0,0],[0,-2],[0,-1],[0,-2],[-1,-1],[0,-1],[1,0],[2,1],[1,-1],[2,0],[0,1],[0,-3],[1,0],[-1,-2],[1,0],[0,-1],[0,-1],[3,-1]],[[5511,9779],[0,-2],[-1,1],[-1,-1],[-2,2],[0,-1],[-1,0],[0,-2],[-3,-2],[-3,-1],[0,1],[-2,0],[-1,0]],[[5497,9774],[-2,-1]],[[5495,9773],[-1,2],[0,0],[1,1],[0,1],[-1,0],[-1,2],[-1,1],[-1,-1],[-1,1],[-1,1],[0,1],[1,0],[1,0],[1,3],[-2,0],[-1,0],[-1,2],[2,2]],[[5490,9789],[-1,0],[-2,0],[0,0],[0,2],[0,0],[-1,1],[1,2],[1,2]],[[5488,9796],[1,0],[1,-1],[1,1],[0,0],[0,2],[-1,1],[1,2],[0,1]],[[5460,9755],[-1,0],[-1,-1],[-1,-1]],[[5457,9753],[0,1],[-2,-1],[0,-2],[-1,-1],[-1,1],[-1,1],[-1,1],[-1,0],[-2,0],[-1,0]],[[5434,9769],[0,2],[1,1],[-1,0],[-1,1],[0,-1],[-2,2],[1,0],[-1,2],[0,1],[-1,0],[0,-1],[-1,-1],[-1,0]],[[5428,9775],[-1,0],[0,1],[-2,1],[1,1],[1,1],[0,2],[1,3]],[[5464,9796],[1,2],[1,1],[2,-2],[0,1],[1,-2],[1,0],[1,0],[0,-1],[1,-2],[1,1],[1,1],[1,0],[1,0],[0,0]],[[5476,9795],[0,-1],[1,-1],[0,-1],[0,-1],[1,-1],[2,0],[0,1],[0,1],[0,2]],[[5480,9794],[2,2],[0,0],[0,1],[1,0],[0,0],[1,0],[1,0],[1,0],[2,0],[0,-1]],[[5495,9773],[-1,1],[-1,-1],[-1,-1],[-2,1],[-1,-1],[0,-1]],[[5489,9771],[-2,1],[0,1],[-2,0],[0,-1],[0,-2],[1,0],[0,-1],[-1,-1],[0,-1],[-1,0],[1,-1],[0,-3]],[[5485,9763],[0,-3],[2,0],[1,-2],[-1,0]],[[5487,9758],[0,0],[-1,-2],[-1,-2],[-1,0],[-1,0]],[[5516,9782],[0,1],[-2,-1],[1,-1],[-2,-1]],[[5513,9780],[-1,-1],[-1,0]],[[5504,9803],[0,1],[0,1],[0,2],[1,-1],[1,1],[1,1]],[[5507,9808],[1,1],[1,-1],[0,-2],[1,0],[0,-1],[1,0]],[[5511,9805],[1,1],[1,1],[0,1],[0,1],[2,0],[0,-1],[0,-2],[1,1],[0,1],[2,0]],[[5470,9742],[-1,-1],[-1,-1],[0,0],[-4,1],[-1,-2],[1,-1],[2,0],[-1,-2],[0,0],[1,-2],[2,1],[0,-2],[-3,0],[1,-1],[-2,-3]],[[5464,9729],[-2,1],[-2,-1],[0,1]],[[5460,9730],[1,1],[-3,1],[-2,-1],[0,2],[-1,0],[-1,-2],[-1,2],[-3,3],[1,0],[-1,0],[-1,0],[0,-1],[-2,-1],[1,-1],[-2,-1],[-1,1]],[[5451,9742],[1,-2],[0,-2],[2,-1],[1,-1],[1,2],[0,1],[1,0],[1,0],[1,1],[1,2],[1,1],[1,2]],[[5462,9745],[0,-1],[2,0],[1,-1],[2,1],[0,1],[0,1],[0,0],[1,-2]],[[5468,9744],[0,0],[1,-2],[1,0]],[[5505,9755],[-1,0],[-1,1],[-2,1],[-1,1],[-1,-1],[-1,0],[-3,-1],[-2,-3],[1,2],[-3,0],[-1,-2],[-1,0],[-1,1],[1,1],[0,1],[-1,-1],[-1,1],[0,1],[0,1]],[[5489,9771],[2,-1],[1,-2]],[[5492,9768],[-1,0],[0,-2],[-1,0],[-1,-2],[2,0],[1,-3],[3,1],[4,0],[-1,3],[2,1],[2,2],[0,0]],[[5502,9768],[2,-1],[-1,-1],[1,-2],[2,-1],[0,1],[2,1],[0,2],[1,0],[0,-1],[2,-1]],[[5511,9765],[1,-1],[0,-2],[2,1],[1,-1]],[[5502,9768],[-1,1],[-1,2],[-2,-1],[-2,0],[-1,1],[-1,-1],[-2,-2]],[[5468,9744],[2,1],[1,1],[0,1],[1,2]],[[5477,9726],[0,-1],[-1,-1],[-1,0],[-1,-1],[-1,-1]],[[5473,9722],[-1,1],[0,1],[-1,0],[-1,2],[0,1],[-1,1],[-1,-1],[0,-2]],[[5468,9725],[-1,0],[-2,0],[0,1],[1,1],[0,1],[-2,1],[0,0]],[[5457,9753],[1,0],[0,-1],[1,-1],[1,-1]],[[5460,9750],[1,-2],[1,-1]],[[5462,9747],[0,-1],[0,-1]],[[5426,9772],[1,1],[-1,0],[2,1],[0,1]],[[5467,9751],[-1,-2],[-1,0]],[[5465,9749],[-3,-2]],[[5261,9630],[-1,0]],[[5260,9630],[1,1],[-1,0],[-1,1]],[[5259,9632],[0,1],[1,0],[1,2],[1,-1]],[[5262,9634],[1,0],[1,-1]],[[5264,9633],[-1,0],[0,-2],[-1,-2],[-1,1]],[[5260,9670],[0,1]],[[5260,9671],[1,-1],[1,2],[1,-1],[1,1],[1,-1],[2,0],[1,-1]],[[5268,9670],[0,-1],[2,-2],[2,0],[1,0],[0,-1],[1,-1],[2,0]],[[5276,9665],[0,-1],[-1,-1],[-1,-2],[1,-2],[0,0],[0,-2],[0,-1],[1,-2],[1,0],[0,-1],[0,0],[2,-2],[1,-1]],[[5280,9650],[-2,0],[-2,0],[-1,-1],[-1,1],[-1,0],[-1,1],[0,-1],[-1,0],[-3,-1],[0,-2],[1,0],[1,-2],[-1,0],[-2,0],[0,0],[-1,1],[-1,0],[0,1],[-2,0],[-2,0],[-1,0],[-2,1],[0,0]],[[5258,9648],[-1,1]],[[5257,9649],[-5,0],[-1,1],[0,3],[0,2],[0,0],[0,1],[-1,2],[-1,-1],[-1,1],[1,2],[-3,2],[0,1],[0,1]],[[5246,9664],[2,-1],[1,0]],[[5249,9663],[0,-1],[3,-1],[2,-1],[0,1],[1,2],[2,-1],[1,2],[1,1],[0,1],[-1,0],[-2,2],[1,1],[2,1],[1,0]],[[5321,9600],[-3,-2],[-1,0],[-1,0],[0,2],[-1,0],[0,1],[-1,2],[-2,3],[0,0],[-1,2],[-1,0],[0,1],[-1,0],[-2,0],[0,-1],[0,-1],[0,-2]],[[5307,9605],[-1,2],[-1,-1],[-1,1],[-2,0],[-1,0],[-1,0],[-1,0]],[[5299,9607],[0,1],[-1,1],[-1,1]],[[5297,9610],[-1,1],[-1,1],[1,1],[-1,2],[-1,-1],[-1,1],[-2,0],[-1,0],[0,1],[-1,1],[-1,-1],[-1,1],[-1,2],[0,1],[0,1],[0,1],[0,2],[-1,2]],[[5285,9626],[1,1],[0,0],[1,1],[2,1],[1,0],[1,2],[0,1]],[[5291,9632],[1,-2],[1,-1],[0,-1],[3,0],[2,2],[-1,1],[2,1],[1,1],[1,0],[2,0],[0,-1],[0,-1],[3,-1]],[[5306,9630],[-2,-1],[1,-1],[0,-3],[1,1],[1,-3],[1,0],[-1,-1],[1,-2],[-1,1],[-1,-2],[-1,0],[0,-2],[0,0],[1,-1],[1,-1],[0,-1],[2,0],[1,0],[2,-1],[1,1],[-1,0],[1,2],[0,0],[1,2],[2,0],[0,1],[-1,1],[1,0],[1,-1],[2,0],[1,0]],[[5254,9673],[0,0],[1,-1],[0,-1],[-2,-1],[1,-2],[-1,0],[0,1],[-1,2],[0,1],[-1,2],[-1,0],[-1,1],[0,2],[1,1],[2,1],[1,0],[0,-2]],[[5253,9677],[0,-2]],[[5253,9675],[0,-1],[1,-1]],[[5240,9686],[0,-2],[1,-1],[0,0],[-2,-3]],[[5239,9680],[-1,-2]],[[5238,9678],[-1,0],[0,-1],[-1,-1],[0,-1],[0,0],[0,-2],[-2,-1],[-1,0],[-1,0],[0,-1],[-1,-1],[-1,-1],[2,-2],[1,-1],[0,0],[-2,-1],[0,-1],[-1,-1],[-1,-1],[0,-1]],[[5229,9661],[-1,-1],[-2,0],[0,-1],[-1,0],[-1,0],[-2,0],[0,1],[2,2],[1,0],[1,1],[1,1],[0,1],[-1,1],[0,-1],[-2,0],[-1,-1],[-1,-2],[-1,0],[-2,-1],[-2,0],[0,1],[-1,0],[0,1],[1,1],[0,1],[0,1],[3,2],[0,2],[0,1],[-1,1],[-2,0],[-1,0],[-1,1],[-1,1]],[[5214,9674],[-1,1],[2,2],[-2,-1],[-2,1]],[[5211,9677],[-1,0],[-1,1],[-2,1]],[[5207,9679],[0,1],[0,2],[-1,1],[0,1],[1,0],[0,1],[2,2],[0,1],[0,1],[1,1]],[[5308,9685],[-2,-1],[0,-1],[-1,0],[1,-1],[0,-1],[-2,0],[0,0],[-2,-1],[1,-2],[1,-1],[-1,-2],[1,-1],[0,-1]],[[5304,9673],[0,-1],[-2,-2],[-1,0],[-1,0],[0,0],[0,1],[0,1],[-1,2],[-1,-2]],[[5298,9672],[0,2],[0,1],[-1,-1],[-2,0]],[[5295,9674],[0,-3],[-1,-1],[-2,-2],[0,-1],[1,-1],[-1,-1],[1,-1],[-1,-1],[-1,-2],[1,-1]],[[5292,9660],[0,-1]],[[5292,9659],[-2,2],[-1,-1],[-2,2],[-1,3],[0,-1],[-1,2],[-1,-1],[0,1],[-1,1],[-1,0],[-1,-1],[-1,0],[0,-1],[-1,1],[-1,0],[-1,-1],[0,0]],[[5277,9665],[-1,0]],[[5268,9670],[1,0],[0,1],[0,2],[1,1],[1,-1],[1,2],[2,1]],[[5274,9676],[0,1],[1,-1],[2,-2],[0,2],[2,1],[1,0]],[[5280,9677],[1,-1],[0,-1],[1,0],[0,0],[0,-1],[0,-1],[2,2],[1,1],[1,1],[0,1],[1,1]],[[5287,9679],[-1,2],[0,0],[2,2],[-2,1],[2,1]],[[5288,9685],[1,2],[0,1],[-2,0],[-1,1],[0,1],[-1,0],[-1,1],[-1,2],[1,2],[1,1],[0,1],[1,2],[0,-1]],[[5274,9676],[-1,2],[2,1],[0,2],[-1,0],[-1,1],[-1,0],[-1,1],[0,1],[1,2],[-1,1],[1,3],[0,0],[0,1],[-1,-1],[-1,1],[-1,1]],[[5269,9692],[0,-1],[-2,-1],[-1,0],[-1,0],[0,1],[2,2],[0,0],[-1,0],[-2,0],[-1,1],[0,0],[-1,2],[-1,-1],[0,2],[0,2],[-1,1],[-1,-1]],[[5207,9679],[0,-1],[-1,-1],[-1,0],[-1,0]],[[5204,9677],[-1,2],[1,3],[1,0],[-1,2],[0,1],[-1,1],[0,1],[-1,1]],[[5214,9674],[-1,0],[-2,0]],[[5211,9674],[-1,0],[-1,0],[-2,-1],[0,0],[-1,-1],[-1,0]],[[5205,9672],[0,2],[1,1],[2,0],[3,2]],[[5333,9638],[-1,0],[0,0],[-1,3],[-1,-1],[0,1],[-1,2],[2,1],[-2,0],[-1,0],[-1,0],[-1,-1],[-2,-1],[-1,-2],[1,0],[-1,-1],[-1,-1],[0,-1],[0,0],[-1,2],[-2,0],[-1,-1],[-1,2],[-2,0],[-1,2],[0,-1],[-1,-1],[0,-1],[0,-1],[-1,-1],[-1,1],[1,2],[0,0]],[[5312,9640],[-1,1],[-1,0],[1,4],[1,0],[0,2],[0,2],[-1,0],[-2,0],[-2,2],[-1,0],[-1,-1],[-1,1],[-4,2],[-1,-1],[0,2],[1,2],[1,1],[-1,1],[1,1],[2,1],[2,1],[0,1],[-1,0],[-1,1],[0,-1],[-2,1]],[[5301,9663],[-1,-1],[-1,0],[-1,0],[-1,1],[-1,-1],[0,0],[-1,-1],[-2,-1],[-1,0]],[[5304,9673],[2,1],[0,-1],[3,1],[1,-1],[1,-1],[1,-1],[0,-2],[1,1],[2,0]],[[5292,9659],[-1,-1],[-2,-2],[0,-2]],[[5289,9654],[0,-1],[0,-1],[0,-1],[0,0],[0,-1],[0,0],[1,-1],[0,-1]],[[5290,9648],[-1,-1],[-1,-2],[0,-1],[1,0],[0,-3]],[[5289,9641],[1,-1],[-1,0],[2,-2],[-1,-1],[-2,0],[0,1],[-1,0],[-1,-1],[0,-1],[-1,-1],[0,1],[-1,1],[-1,-1]],[[5283,9636],[-1,0],[-1,2],[-1,0],[-1,0],[0,1],[-1,0],[-1,0],[0,0],[-1,0],[-1,0],[-1,-1],[0,1],[-1,-1],[-1,0],[-2,-1],[-2,0],[0,0],[0,-2],[-1,0],[-1,1],[-1,0]],[[5265,9636],[-1,3],[0,0],[-1,1],[0,0],[-1,-1],[-1,0],[-1,0],[-1,1],[0,1],[0,1],[0,2],[0,2],[-1,2]],[[5247,9689],[1,-1],[0,-1],[1,-1],[-1,-1],[1,-1],[-1,0],[3,-2],[0,-1],[1,0],[1,0],[1,-2],[-1,-2]],[[5253,9675],[2,0],[1,1],[0,1],[1,-1],[1,-1],[-2,0],[1,-1],[1,0],[2,-3]],[[5249,9663],[0,1],[1,3],[1,2],[0,0],[-1,0],[-1,1],[-1,0],[0,1],[1,2],[-1,1]],[[5248,9674],[0,1],[0,1],[-3,0],[0,1],[-1,1],[1,1],[-1,1],[-1,1],[-2,-2],[-2,1]],[[5219,9643],[1,2]],[[5220,9645],[2,-1],[1,1],[1,1],[1,0],[-2,1],[0,3],[0,1],[0,1],[-1,1],[2,1],[1,2],[2,1],[1,-1],[2,0],[0,1],[0,1],[0,1],[-1,1],[0,1]],[[5258,9648],[-1,-1],[-2,-2],[0,-1],[-3,-1],[0,0],[-2,-1],[1,-1],[1,0],[-1,-2],[-2,0],[0,2],[-1,0],[-1,1],[0,-1],[-1,1],[-1,-1],[-1,-1],[0,0],[-1,0],[-3,0]],[[5195,9686],[1,0],[1,-1],[0,-1],[1,-1],[1,0],[-1,-3],[0,-1],[-3,-2],[0,-1],[-1,0],[0,-2],[1,0],[3,2],[0,-1],[1,-3],[-1,-2],[-1,0],[1,-1],[-1,-2],[1,0],[1,0],[0,0],[2,-1],[1,-1],[1,-1],[0,-1],[1,0]],[[5204,9663],[0,-1],[-1,-1],[1,-1],[1,0],[1,-1],[1,0],[1,1],[0,0],[1,1],[0,0],[1,-1],[2,-2],[2,-2],[-2,-2],[4,0]],[[5216,9654],[-2,-2],[-3,0],[-2,1],[-1,0],[-2,1],[-1,-1],[0,-1],[-1,-1],[-2,0],[-1,-2],[0,-1],[1,-1],[0,-1],[-1,-1],[-1,0],[0,1],[-1,1],[-1,-1],[0,2],[0,0],[-1,2],[-1,0],[0,1],[-1,1],[-1,0],[-1,0]],[[5193,9652],[-1,1],[0,1],[-2,0],[-1,1]],[[5204,9663],[0,2],[0,1],[2,2]],[[5206,9668],[-1,1],[-1,0],[0,1],[1,1]],[[5205,9671],[0,1]],[[5220,9645],[2,2],[-2,2],[0,1],[-1,1],[-1,2],[1,0],[-1,1],[-1,2],[-2,-1],[1,-1]],[[5312,9640],[-1,-1],[-1,-2],[-1,0],[0,-2],[-2,-1],[0,0],[0,-2],[0,-1],[-1,-1]],[[5285,9626],[0,1],[0,3],[1,0],[0,2],[-1,0],[-1,1],[0,2],[-1,1]],[[5204,9677],[-1,-2],[-1,0],[-2,-2],[1,0],[1,-1],[2,-1],[1,0]],[[5262,9634],[1,1],[1,1],[2,-2]],[[5266,9634],[0,-1],[-2,0]],[[5265,9636],[1,-2]],[[5259,9632],[-3,0],[0,-1],[0,-1],[1,-1],[1,0],[1,0]],[[5259,9629],[-1,-2],[0,-1]],[[5258,9626],[0,-1],[-1,0],[-2,0],[-1,1],[-1,2],[-2,-1],[0,-1],[-1,0],[0,-1],[-1,0],[0,1]],[[5260,9630],[-1,-1]],[[5480,9899],[-1,1]],[[5479,9900],[-1,2],[-2,1]],[[5476,9903],[1,1],[-1,1],[0,1],[1,2]],[[5477,9908],[1,-1],[0,1],[1,1],[1,1],[1,2],[0,0],[1,1],[0,1],[1,1]],[[5483,9915],[1,1],[1,-1],[1,-1],[2,-1]],[[5488,9913],[-1,-2],[0,1],[-1,0],[-1,0],[1,-2],[1,-1]],[[5487,9909],[-1,-1]],[[5486,9908],[1,-1],[2,-2],[-1,-2],[0,0],[0,-2]],[[5488,9901],[-1,-1],[-1,0],[-1,-1],[-2,0],[-1,0],[-1,1],[-1,0],[0,-1]],[[5516,9856],[0,-1],[-1,0],[-2,1],[-1,0],[-1,1],[-1,-1],[-1,1],[0,-1],[-1,0],[-2,-1],[0,0],[-1,1],[-1,0],[-1,0],[0,-1],[-2,0],[0,-1],[-2,0],[-1,-1],[0,-1],[-2,0]],[[5496,9852],[0,2],[1,0],[1,1],[-1,1],[0,1],[-1,0],[0,3],[-1,0],[-1,-2],[0,-1],[-2,0],[-1,-1]],[[5491,9856],[-1,0],[-1,-1]],[[5489,9855],[-1,-1],[-1,0],[-1,1],[2,2],[0,1],[1,2],[1,1],[-1,2],[1,1],[-1,1],[-1,-1],[-1,0],[-2,2],[-2,1],[0,-1]],[[5483,9866],[-1,0],[-1,0],[-1,1],[0,0],[-1,2],[0,1],[1,1],[1,1],[0,1]],[[5481,9873],[1,0],[1,1],[2,1],[1,-1]],[[5486,9874],[1,0],[2,2]],[[5489,9876],[1,0],[0,1],[1,-1],[1,0],[0,-1],[1,-1]],[[5493,9874],[1,1],[1,1]],[[5495,9876],[1,0],[0,2],[1,1],[1,0],[1,1],[0,2],[2,0],[0,1]],[[5501,9883],[0,0],[2,-3],[-1,-1],[0,-1],[0,-1],[2,-1],[0,-2],[1,0],[1,1],[1,1],[1,-1],[1,1],[1,2],[1,1],[0,1],[1,1],[1,1],[-1,0],[0,1],[0,2],[-1,1]],[[5498,9903],[2,-1],[-1,-1]],[[5499,9901],[-1,0],[-1,0],[-1,0]],[[5496,9901],[-1,1],[-2,1],[-2,0],[-1,2],[2,1],[0,0],[1,1]],[[5493,9907],[1,0],[1,0],[1,2]],[[5496,9909],[1,-2],[2,0]],[[5499,9907],[0,-1],[0,-1],[-1,0],[0,-2]],[[5486,9885],[-1,0],[1,2],[0,1]],[[5486,9888],[1,-1],[2,1],[1,-1],[0,-1],[1,1],[1,1],[0,1]],[[5492,9889],[0,0],[2,0],[0,-1],[0,-1],[2,-1]],[[5496,9886],[2,-1],[2,-1],[1,0]],[[5501,9884],[0,-1]],[[5489,9876],[-1,1],[1,0],[-1,2],[0,1],[0,2],[-1,0]],[[5487,9882],[-1,2],[0,1]],[[5487,9882],[-1,-1],[-1,0]],[[5485,9881],[-1,1],[-1,1],[-1,1],[-2,-2],[-1,-1],[-1,1],[0,-1],[-1,2],[2,1],[1,-1],[1,1],[1,1],[0,0],[-1,2],[0,1],[1,0],[1,1],[2,0]],[[5485,9889],[1,0],[0,-1],[0,0]],[[5478,9895],[0,2],[0,2],[1,1]],[[5488,9901],[1,0],[1,-2]],[[5490,9899],[-1,0],[0,-2],[1,0],[1,-1],[0,0],[1,-2],[1,0],[-2,-1],[-1,-1],[-1,0],[0,-2]],[[5489,9890],[-1,0],[-1,0],[-1,2],[-1,0]],[[5485,9892],[-1,0]],[[5484,9892],[-1,0],[-1,0],[-1,0],[-1,0],[-1,1],[1,1],[-2,1]],[[5428,9953],[1,-1]],[[5429,9952],[1,0],[1,1],[1,0],[1,-1],[1,0],[3,2],[0,1],[1,0],[1,-2],[0,-1]],[[5439,9952],[0,-1],[1,-1],[1,0],[0,0]],[[5441,9950],[0,-1],[-1,-1]],[[5440,9948],[0,-2],[0,-2],[-1,-1]],[[5439,9943],[2,1],[1,0],[1,-2]],[[5443,9942],[0,0],[-2,-2],[0,0],[-1,-2]],[[5440,9938],[0,0],[0,-2],[0,-1],[-2,-1],[-2,-1],[-1,0],[0,1],[2,2],[0,1],[-1,1],[-1,-1],[0,0],[-1,1],[0,1],[-1,1],[-2,-1],[0,-1],[-1,0],[-1,-1],[-1,1],[-1,0],[-1,1],[-1,-1],[-1,0],[-1,-1],[1,-1],[1,0],[1,-3],[-2,-1],[0,0],[1,-1],[1,0],[0,0],[1,-3],[1,0],[0,-1],[2,-2],[-1,-1],[-1,0],[-1,-1],[0,-2],[-2,1],[-1,-1],[-1,1],[-1,-1],[-2,0],[0,-2],[-1,1],[-1,-1],[-1,0],[1,-2],[-1,-1]],[[5417,9916],[-1,0],[-1,0],[-1,1],[0,3],[-2,0],[-1,-2],[-2,0]],[[5409,9918],[-1,2],[1,2],[1,1],[1,1],[-2,-1],[-1,0],[-1,0],[-1,1],[-1,0],[1,2],[-2,2]],[[5404,9928],[-1,2]],[[5403,9930],[2,2],[0,1],[1,1],[3,-1],[0,-1],[1,2],[2,1],[2,1],[-1,0],[0,3],[2,-1],[1,0],[1,0],[1,0],[1,1],[-1,0],[0,2],[2,1],[1,1],[1,2],[0,1],[-2,0],[0,1],[0,1],[0,-1],[-2,0],[-2,1],[0,0],[0,1],[-1,1],[-1,1]],[[5414,9951],[2,1],[1,1],[0,1],[1,0],[1,-1],[-1,2],[1,0]],[[5419,9955],[1,2],[0,2],[2,1],[1,0]],[[5423,9960],[1,-1],[1,0],[1,0],[0,-1],[0,-2],[1,-1],[0,-2],[1,1],[0,-1]],[[5485,9892],[0,-2],[0,-1]],[[5483,9866],[0,-1],[1,-1],[-2,-1],[1,-1],[1,-1],[-1,-1],[-1,2],[-2,0],[-1,1],[-1,-1],[-1,1]],[[5477,9863],[0,1],[-2,0],[-1,0],[-1,0],[-1,0],[0,1],[0,1],[0,0],[1,2]],[[5473,9868],[-1,0],[-1,0],[-1,0],[0,-1],[0,-1],[-2,-1],[-1,2],[0,1],[-2,0],[-1,0],[-1,-1],[-1,0],[-1,-1],[0,-1],[-1,-4]],[[5460,9861],[-1,1],[-1,1],[-1,0],[0,1],[-2,0],[0,1],[0,1],[2,3],[-1,1],[1,0],[0,2],[1,-1],[0,2],[1,0],[2,1],[1,-1],[1,2],[1,0],[1,1]],[[5465,9876],[0,1],[-1,0],[-1,1],[-1,1],[0,2],[-2,-1],[-2,0],[0,1],[-1,-1],[-1,0]],[[5456,9880],[-1,-1],[-1,-2]],[[5454,9877],[0,1],[-1,1],[-1,2],[0,1]],[[5452,9882],[-1,1],[0,1],[0,1],[1,3],[-1,0],[2,2],[1,1],[2,1],[1,-1]],[[5457,9891],[1,1],[1,0],[1,1],[-1,2],[0,0],[1,0],[2,0],[1,1],[0,1],[0,2],[-1,0],[-1,-1],[0,1],[-2,1],[2,2],[1,0],[1,1],[-1,1],[0,1],[0,1]],[[5462,9906],[1,0],[2,1],[1,-1],[1,0],[1,0],[1,-2],[0,-1]],[[5469,9903],[1,-1],[2,1],[0,-1],[2,0],[0,1],[0,0],[2,-1],[0,1]],[[5463,9937],[0,-1],[2,-1],[1,0],[0,-2],[-1,-1],[0,-1],[-1,0],[-1,0],[-2,1],[0,-1],[-1,0],[-3,0],[-1,-1],[-1,-1],[1,-1],[1,1],[2,0],[0,-2],[-1,-1],[0,0],[-2,-1],[-1,0],[-1,1]],[[5454,9926],[-1,-1],[-2,-1]],[[5451,9924],[-1,1],[0,2],[1,2],[-1,1],[-1,0],[0,3]],[[5449,9933],[1,1],[0,0],[2,1],[0,3],[-1,0],[-1,1],[-1,1],[1,1],[0,1],[3,0],[0,1],[1,0]],[[5393,9911],[1,-1],[2,0],[1,1],[0,1],[1,1],[0,2],[-1,0],[0,2],[1,0],[1,1],[3,0],[0,1],[1,1],[1,1],[0,1],[0,1],[-1,0],[-1,2],[0,1],[1,0],[1,2]],[[5404,9928],[-1,0],[-2,1],[0,-1],[-2,-1],[-1,2],[1,1]],[[5399,9930],[1,1],[1,-1],[2,0]],[[5409,9918],[0,-2]],[[5409,9916],[-1,-2],[-1,0],[-1,-1],[0,-1],[2,-1],[-1,-3],[0,-1],[-1,1],[-1,-1],[-2,1],[0,-1],[0,-1],[-1,-2],[1,0],[-1,-1],[1,-1],[0,-1],[-1,0],[0,-1],[1,-1]],[[5403,9899],[-2,-1],[-1,-1],[-2,-1],[-1,0]],[[5397,9896],[0,-1],[-3,-1],[0,2],[-1,1]],[[5393,9897],[-1,1],[0,1],[-1,1],[0,0],[-1,0],[-1,1],[-2,0],[0,2],[-2,1],[1,1],[0,2],[1,2]],[[5387,9909],[2,0],[3,-1],[1,1],[0,2]],[[5417,9916],[1,0],[2,-1]],[[5420,9915],[0,-1],[-1,-1],[2,-3],[1,-1],[1,1]],[[5423,9910],[1,1],[1,-1],[2,-2],[2,0],[1,1]],[[5430,9909],[1,2],[1,2],[0,1],[1,0],[1,0],[1,1],[1,0]],[[5436,9915],[1,-1],[-1,-2],[1,0]],[[5437,9912],[0,-2],[2,-1],[1,-2],[1,-2],[-1,0],[1,-1],[-1,-1],[0,0],[-1,-1],[0,-2]],[[5439,9900],[0,-1],[0,-1],[0,-2],[1,-1],[1,-1],[-1,-1],[-1,0],[-1,-1],[-1,-2],[0,-1],[1,-2],[1,0],[0,-1],[0,-1],[2,0],[0,0],[0,-2]],[[5441,9883],[2,-1],[-1,0],[1,-1],[-1,-2]],[[5442,9879],[-2,-1],[-1,0],[-1,-1],[-1,-1],[-1,-1],[-1,2],[0,0],[-2,1],[0,-1],[-2,0],[-1,0],[0,2]],[[5430,9879],[-1,1],[0,1]],[[5429,9881],[0,1],[1,1],[-1,1],[-2,0],[-1,1],[-1,1],[-1,0],[-1,0],[0,1],[-3,1],[0,1],[-1,0],[-1,1],[1,2],[1,1],[-1,1],[0,1],[-2,-2],[-1,-1],[-1,0],[-1,1],[-1,0],[0,0],[-1,2],[-1,1]],[[5411,9896],[-2,0],[-1,1],[-1,1],[-2,0],[0,1],[-2,0]],[[5411,9954],[-1,0],[0,0],[-3,-1],[-1,1],[-1,0],[2,1],[1,2],[-1,2],[0,2],[-1,1],[1,2],[-2,0],[2,2],[-1,1]],[[5406,9967],[1,0],[1,-1],[3,4],[1,1],[0,0],[1,1]],[[5413,9972],[0,2],[-1,1],[-1,0],[0,2]],[[5411,9977],[1,0],[0,1],[3,-1],[0,-1]],[[5415,9976],[2,-1],[1,1],[1,0],[0,-1],[2,1],[1,-2],[1,-1],[0,-2],[1,-3]],[[5424,9968],[0,0],[1,-3],[1,-1],[0,-2]],[[5426,9962],[0,-1],[-1,-1],[-2,0]],[[5414,9951],[-1,0],[-1,1],[1,0],[-1,0],[-1,1],[0,1]],[[5399,9930],[-1,1],[-1,-1],[-1,1],[-1,0]],[[5395,9931],[-1,1],[1,0],[1,1],[0,2],[-1,0],[0,1],[1,1],[1,0]],[[5397,9937],[0,2],[1,1],[0,1],[1,0]],[[5399,9941],[0,0],[1,0],[1,1],[1,0],[-1,1],[1,1],[-1,2],[1,1],[0,1],[0,1]],[[5402,9949],[0,1],[-1,1],[0,1],[-1,1],[-1,0],[-1,1],[-1,1],[-1,0],[-1,-1],[0,-1],[-1,1],[0,2],[0,1],[1,1],[-1,1],[0,1],[-1,0],[-1,-1],[-3,1]],[[5389,9960],[0,2],[-1,2],[0,2],[-1,0],[1,3],[2,0],[0,0],[2,1],[1,0],[2,2],[2,3]],[[5397,9975],[2,-2],[1,0],[1,-1],[0,-1],[2,-1],[0,-1],[1,-1],[0,0],[1,0],[1,-1]],[[5485,9934],[-1,-2],[0,-1],[-1,0],[-1,1],[-2,-1],[-1,-1],[-1,0],[-1,1]],[[5477,9931],[0,-1],[-1,-1],[-1,-1],[0,-2]],[[5475,9926],[-1,0],[0,0],[-1,-1],[-1,0],[-1,0],[-2,-1],[-1,0],[0,-1],[-1,-2],[-1,-1]],[[5466,9920],[-1,1],[-1,-1],[-1,0],[-1,1],[-1,0],[0,-1],[-1,-1]],[[5460,9919],[-1,0],[-1,1],[-1,-1],[-1,0],[0,1],[-1,3]],[[5455,9923],[-1,2],[0,-1],[-1,-1],[-1,0]],[[5452,9923],[-1,1]],[[5452,9923],[0,-1],[-2,-1],[1,0],[-1,-1],[-2,-1],[-1,1],[-1,1],[-1,-1],[-2,2],[-1,0],[-1,1],[-1,-1],[0,-1],[0,-2],[0,-2],[1,-1],[1,0],[0,-1],[1,-2],[-1,0],[-3,-1]],[[5439,9912],[-1,0],[-1,0]],[[5443,9942],[1,0],[2,1],[1,0],[-1,3],[2,0],[2,0],[1,-1],[1,0],[-1,2],[2,1]],[[5501,9913],[-1,0],[-1,-1],[-2,-1],[0,-2],[1,0],[-2,0]],[[5493,9907],[0,0],[-1,0],[-1,1],[-1,2]],[[5490,9910],[1,0],[2,1],[0,1],[1,0],[1,-1],[1,1],[1,1],[1,1],[2,0],[1,-1]],[[5498,9919],[-2,0],[-1,-1],[0,0],[-1,-1],[-1,0],[-1,0],[0,0],[-2,-1],[0,-2],[-1,1],[-1,-2]],[[5483,9915],[-1,2],[0,2]],[[5482,9919],[1,1],[1,0],[1,1],[-1,1],[1,2],[-2,-1],[0,1],[1,1]],[[5484,9925],[1,0],[3,1],[1,0],[1,1],[-1,1],[1,1]],[[5475,9926],[1,-1],[2,2],[0,-1],[0,-1],[1,-1],[1,-1],[-1,-1],[0,-2],[-1,-1],[-1,1],[0,0]],[[5477,9920],[-1,1]],[[5476,9921],[-2,1],[-1,-2],[-1,-1]],[[5472,9919],[-1,0],[-2,1],[0,-2],[-1,0]],[[5468,9918],[-1,0],[-1,2]],[[5460,9919],[1,-2],[-1,-2],[-1,0],[1,-2],[0,-1],[1,0],[-1,-1],[-1,-2],[0,-2],[1,-1],[1,1],[1,0]],[[5462,9907],[0,-1]],[[5452,9882],[-2,-1],[1,-2],[0,-1],[-1,1],[-1,-1],[-3,2],[-1,-2],[-2,0],[-1,1]],[[5501,9884],[1,1],[-1,2],[0,-1],[-2,2],[1,1],[-1,0],[-1,1],[1,2]],[[5499,9892],[1,1],[1,0],[0,1],[-1,1],[-1,1],[-2,-1],[0,2],[-2,0],[2,2],[-1,2]],[[5499,9901],[1,0],[1,-2],[0,1],[2,1],[-1,0]],[[5502,9901],[2,0]],[[5504,9901],[1,0],[1,0],[0,0],[2,1]],[[5441,9950],[1,0],[0,2],[2,0],[1,-1],[1,1],[1,0],[1,0],[0,1],[1,-1],[2,1],[0,1],[1,1],[1,0],[1,-1],[0,-1],[0,-1]],[[5489,9890],[1,-1],[2,0]],[[5490,9899],[2,0],[2,1],[0,0],[2,1]],[[5468,9918],[-1,-2]],[[5467,9916],[1,-1],[0,-1],[1,-1],[0,0],[-1,0],[-2,-1],[0,-1],[-1,0],[0,-1],[-1,0],[-1,-2],[-1,-1]],[[5440,9965],[-1,0],[-1,-1],[-3,1],[-1,0],[0,-2],[1,-1],[-1,0],[-2,-1],[-1,2],[-2,-1],[-1,2],[-1,0],[-1,-2]],[[5415,9976],[2,1],[0,2],[-1,4],[0,1]],[[5416,9984],[0,1],[2,0],[1,0],[2,0],[2,1],[2,0],[2,1],[0,0],[4,1],[0,-1]],[[5396,9949],[1,-1],[1,0],[1,1],[1,0],[2,0]],[[5399,9941],[-1,2],[-2,0],[0,1],[-1,0],[-1,1],[-2,-1],[0,2],[-2,0],[0,1]],[[5390,9947],[1,0],[0,2],[0,0],[0,2]],[[5391,9951],[1,0],[2,-1],[1,1],[1,0],[0,-1],[0,-1]],[[5387,9949],[1,0],[0,-2]],[[5388,9947],[0,0],[-1,-1],[0,-1],[-1,-1]],[[5386,9944],[0,1],[1,1],[0,2],[-1,1],[1,0]],[[5472,9919],[1,-1],[0,-2],[-2,-1],[-1,-2],[1,-1]],[[5471,9912],[2,0],[0,-1],[1,-1],[1,-1],[1,-1],[1,0]],[[5477,9920],[-1,-1],[1,0],[0,-2],[2,-1]],[[5479,9916],[1,0],[0,1],[0,1],[0,1],[1,0],[1,0]],[[5501,9918],[0,-2],[1,-1],[-1,0],[0,-2]],[[5490,9910],[-1,-1],[-2,1],[0,-1]],[[5501,9913],[2,0],[0,0],[-2,-3],[1,-1]],[[5502,9909],[-1,-1],[0,-1],[1,-2]],[[5502,9905],[0,-1]],[[5502,9904],[0,0],[-1,-2],[1,-1]],[[5397,9975],[1,1],[2,2],[1,1],[4,2],[4,1]],[[5409,9982],[-1,-2],[-1,-1],[1,-1],[2,-1],[1,0]],[[5390,9947],[-2,0]],[[5387,9949],[2,1],[0,2]],[[5389,9952],[1,0],[1,-1]],[[5387,9909],[0,5],[0,2],[0,4],[0,2],[1,1],[1,-1],[1,-1],[2,-2],[1,0]],[[5393,9919],[-1,1],[-1,1],[0,1],[-1,1],[-1,2],[-1,2],[-1,1],[0,1]],[[5387,9929],[5,0],[1,2],[1,-1],[1,1]],[[5409,9982],[1,0],[0,1],[1,1],[1,0],[1,-1],[3,1]],[[5510,9914],[-1,0],[-3,0],[-1,0],[1,-2]],[[5506,9912],[-1,-1],[0,-1],[-1,-1],[-1,0]],[[5503,9909],[-1,1],[0,-1]],[[5387,9929],[0,3],[0,5],[0,0],[0,0],[0,3],[-1,3],[0,1]],[[5389,9952],[0,1],[1,2],[-1,2],[1,1],[-1,2]],[[5506,9905],[0,1],[0,0]],[[5506,9906],[1,1],[2,2],[1,1]],[[5502,9904],[1,0],[1,-1],[-1,0],[1,-2]],[[5506,9906],[0,1],[-1,1],[-1,0],[2,2],[0,1],[1,1],[-1,0]],[[5503,9909],[0,-1],[-1,-3]],[[5535,9305],[-1,-1],[-1,-1],[-1,-2],[-1,-2]],[[5531,9299],[-1,-2],[1,-1],[1,-1],[1,-1],[-1,-3],[0,0],[0,-3],[2,0],[0,0],[1,-2],[-1,-2],[1,0],[0,-1]],[[5535,9283],[-1,-2],[-2,0],[0,-1],[-1,-2],[0,-2],[3,-1]],[[5534,9275],[-1,-2],[-1,-1],[-1,-1]],[[5531,9271],[-2,1],[0,-1],[-2,1],[-1,0]],[[5526,9272],[0,0],[-1,1],[1,3],[0,1],[0,1],[-1,1],[1,1],[-2,0]],[[5524,9280],[-1,1],[0,3]],[[5523,9284],[0,3],[0,0],[-1,1],[1,2],[1,0],[1,0],[0,1],[0,1],[-1,0],[-2,0],[0,1],[-1,1],[0,1]],[[5521,9295],[-1,1],[-3,1]],[[5517,9297],[1,1],[0,1],[1,1],[-1,1],[0,1],[-1,1],[1,2],[0,1],[1,1]],[[5576,9252],[-1,-1],[-1,0],[-1,0],[2,-2],[-2,-1],[-1,1],[0,0],[-1,0],[-1,-2],[0,0],[-1,0],[-1,-1],[2,-2],[-1,0],[0,-3],[0,-1],[-2,0],[-1,0]],[[5566,9240],[0,-2],[1,-1],[-1,-1],[0,0],[-1,-1],[0,0],[-1,-1],[0,-1],[-1,-1],[0,0],[0,-3],[1,0],[1,-1],[-1,-2],[0,-1],[1,-1],[1,-2],[1,0],[-1,-1],[0,0],[-1,-1],[-1,1],[-1,0],[-1,-3],[-1,0],[0,-1],[1,0],[-1,-1],[0,1],[-2,-1],[-2,0],[0,-1]],[[5551,9218],[0,2]],[[5551,9220],[-1,0],[-2,0],[-1,1],[0,1],[2,1],[1,-1],[0,1],[2,0],[-1,3],[1,0],[-1,1],[1,1],[-1,1],[0,1],[0,1],[-1,0],[1,2],[-1,0],[-4,1],[0,0],[0,1],[0,2],[0,1],[0,2],[-1,1],[0,2],[0,1]],[[5545,9244],[1,0],[1,2],[0,1],[1,0],[1,-1]],[[5549,9246],[0,2],[2,-1],[0,2],[-1,2],[1,1],[0,1],[0,1],[0,1],[-1,-1],[0,2],[0,0],[-1,0],[2,2],[0,1],[1,0],[-1,1],[-1,1],[0,0],[-2,0],[-1,1],[0,1],[1,2]],[[5548,9265],[0,2],[1,1],[-1,0],[2,1],[1,3],[1,0]],[[5552,9272],[0,0],[0,-2],[1,-1],[0,-1],[1,0],[1,-1],[1,0],[1,1],[0,2],[1,0],[0,1],[4,-1],[1,0],[1,-1],[0,-2],[0,0],[0,-1],[0,-1],[0,0],[2,0],[2,0],[1,-2],[1,0]],[[5521,9295],[-1,-1],[0,-1],[-1,-2],[0,0],[0,-2],[-2,0],[0,-1],[-1,-1]],[[5516,9287],[-1,1],[-1,1],[-1,0],[-1,-1],[-1,0],[0,-1],[1,0],[0,-2],[-1,0]],[[5511,9285],[0,1],[-2,0],[-1,0],[-1,0],[-2,0],[-1,0],[-1,-2],[-1,-1],[-1,0],[-1,1],[0,1],[-2,0],[-2,0],[-1,1],[-1,-1],[-1,-1],[-1,0],[-1,0],[0,1],[-1,1],[-1,0],[0,1]],[[5489,9287],[1,3],[0,2],[0,1],[1,0],[1,0]],[[5492,9293],[0,1],[2,2],[0,0],[0,-1],[3,-1],[1,1],[0,1],[0,1],[1,-1],[2,0],[-1,2],[1,1],[-1,1],[0,3],[1,1],[0,2],[1,0],[-1,1],[0,1],[1,2],[0,1],[0,1],[2,0],[1,1],[1,1]],[[5499,9211],[0,2],[1,1],[0,0],[0,2],[0,1],[1,-1],[0,-1],[2,-1],[1,0],[1,0],[0,1],[2,2],[1,1],[-1,0],[-1,0],[2,2],[0,0],[0,1],[1,1],[1,1],[0,1],[1,1],[-1,3],[1,0],[2,0],[1,0],[0,2]],[[5514,9230],[2,0],[1,0],[0,-2],[-1,0],[0,-1],[1,0],[1,-1],[1,1],[1,-1],[0,1],[1,0],[0,1],[1,1],[2,0],[1,1],[1,1],[1,0]],[[5527,9231],[1,0],[-1,-2],[1,0],[0,-2],[0,-2],[1,0],[0,0],[1,0],[2,2],[-1,1],[1,1],[0,1],[-1,0],[0,2],[0,2],[1,0]],[[5532,9234],[1,-1],[0,0],[1,0],[2,1],[1,1],[0,1],[1,2],[0,1]],[[5538,9239],[1,1],[0,0],[1,1],[1,1],[-1,2],[1,1],[0,1]],[[5541,9246],[1,-1],[1,0],[2,0],[0,-1]],[[5552,9272],[-1,2],[0,1],[-1,2],[-1,1],[0,1],[0,1],[-1,1],[-2,0],[0,0],[-1,1],[1,2],[0,1]],[[5546,9285],[1,-1],[1,0],[1,2],[1,-1],[2,-2],[2,0],[1,0],[0,0],[1,1],[2,1],[-2,1],[-1,0],[-1,0],[0,0],[-1,3],[1,-1],[1,1],[0,1],[2,0],[1,0],[1,1],[0,1],[1,0],[2,0]],[[5489,9287],[-2,0],[-1,0],[0,1],[-1,1],[-2,2],[0,0],[0,-2],[-1,-1],[-2,2],[-2,0],[0,-2],[-1,1],[-1,0],[1,2],[-2,1]],[[5517,9262],[0,2]],[[5517,9264],[1,0],[1,-1],[1,1],[1,-1]],[[5521,9263],[0,-1],[0,-1],[1,-1]],[[5522,9260],[-1,-1],[-1,0],[-1,1],[-1,-1],[-1,-1],[0,0],[0,-2],[-2,-1],[-1,1],[-1,1],[-1,0]],[[5512,9257],[-1,0],[1,1],[2,0],[1,2],[1,1],[0,1],[1,0]],[[5524,9269],[0,-1],[-2,-2]],[[5522,9266],[0,2],[0,2],[-1,1],[-1,0],[-1,1]],[[5519,9272],[0,1],[1,3]],[[5520,9276],[1,0],[1,1],[0,2]],[[5522,9279],[1,0],[0,1],[1,0]],[[5526,9272],[0,-1],[0,-2],[-2,0]],[[5503,9257],[3,-2],[1,0],[1,0],[1,-1],[1,0],[1,-1],[2,0]],[[5513,9253],[2,0],[2,0],[-1,-1],[1,-3],[2,1],[0,-3]],[[5519,9247],[0,-1],[-1,-1]],[[5518,9245],[0,0],[-3,1],[0,0],[-1,-2],[0,-1],[-2,-1],[0,1],[-1,0],[-1,2],[-2,0],[-1,0],[0,-2],[-1,0],[-1,0],[0,-1],[-1,-1],[0,0],[-2,0],[-1,1],[-1,0],[-2,1],[0,-1],[-2,1],[0,-1],[-2,0],[-1,0],[0,2]],[[5493,9244],[-2,-1],[-1,1],[-1,0],[-2,1],[0,1],[-1,1],[-2,0],[0,1]],[[5484,9248],[1,0],[0,3],[-1,1],[0,2],[1,0],[1,0],[1,2],[-3,0],[-2,1],[0,2],[1,1],[1,1],[0,1],[1,2],[0,1],[0,1],[2,3],[1,-1],[0,1],[1,0],[1,0],[1,1],[1,0],[-1,-4],[2,-1],[1,0],[2,1],[0,1],[0,2],[1,1],[1,0],[0,1],[2,0],[1,-1],[1,-1],[1,1],[1,1],[1,1],[0,1],[0,1],[1,1]],[[5506,9275],[2,-1],[1,0]],[[5509,9274],[3,0],[0,-2],[0,-2],[-1,-1],[0,0],[1,-2],[1,0]],[[5513,9267],[-1,0],[0,-2],[-1,0],[-1,0],[0,-2]],[[5510,9263],[-1,0],[-2,0],[-2,1],[-1,0],[0,0],[0,-3],[0,0],[0,-2],[-1,-2]],[[5526,9246],[-1,0],[-1,-1]],[[5524,9245],[-2,0],[-1,2],[-1,1],[-1,-1]],[[5513,9253],[-1,1],[1,1],[-1,0],[0,2]],[[5522,9260],[1,-1]],[[5523,9259],[1,-2],[0,0],[1,-1],[0,1],[1,1]],[[5526,9258],[0,-2],[0,0],[-1,-2],[0,-1],[2,0],[0,-1],[0,-2],[-1,1],[-1,-2],[0,0],[1,-1],[0,-2]],[[5467,9235],[0,1],[1,1],[0,1],[2,2],[1,1],[2,2],[1,0],[1,1],[1,0],[1,1],[1,0],[0,1],[1,1],[1,0],[1,0],[-1,1],[1,1],[1,0],[0,-1],[2,0]],[[5518,9245],[1,0],[0,-2],[2,-1],[0,-1],[-1,-2],[1,-1],[1,-1]],[[5522,9237],[0,-1],[-1,-1],[0,-1],[1,-2],[1,1],[1,1],[0,-1],[1,-1],[1,0],[0,1],[1,0],[0,-2]],[[5546,9285],[1,0],[-1,2],[0,0],[0,2],[-1,-1],[-1,0],[-1,2],[-1,-1],[-2,-2],[1,0],[-2,-2],[-1,-1],[0,-2],[-1,0],[-1,0],[-1,1]],[[5510,9263],[0,-1],[2,0],[2,2],[0,1]],[[5514,9265],[1,-2],[2,1]],[[5541,9246],[-1,0],[0,0],[-1,2],[-1,1],[0,1],[-1,0],[-1,1],[-1,1],[0,-1],[-2,1],[-1,1],[0,1],[0,2],[0,1],[0,2]],[[5532,9259],[-1,1],[-1,0]],[[5530,9260],[-1,2],[1,0],[1,2],[-1,1],[0,1],[0,1],[2,1],[1,1],[-2,2]],[[5534,9275],[0,-1],[1,-2],[0,-1],[0,-2],[0,-1],[1,0],[0,-2],[0,-1],[1,-1],[1,0],[1,0],[1,1],[1,0],[1,0],[2,-1],[1,1],[3,0]],[[5513,9275],[1,0],[1,0],[2,1],[3,0]],[[5519,9272],[-3,-1],[-1,-1],[-1,-1],[-1,-2]],[[5509,9274],[0,2],[0,1],[3,0],[0,-2],[1,0]],[[5511,9285],[0,-1],[0,-2],[-2,0],[-2,-2],[0,-1],[-1,-2],[1,0],[-1,-2]],[[5522,9237],[0,1],[1,-1],[1,1],[1,0],[1,1],[0,0],[2,2],[1,-1],[1,0],[0,2],[1,1],[2,1],[-1,1],[1,1],[1,0],[1,-1],[0,0],[1,-1],[0,-2],[1,0],[-1,-2],[2,-1]],[[5526,9258],[0,1],[1,1]],[[5527,9260],[3,0]],[[5521,9263],[0,1],[2,0],[0,0]],[[5523,9264],[1,-1],[1,0],[2,1],[0,-1],[0,-1],[0,-1],[0,-1]],[[5513,9267],[1,0],[0,0],[1,-1],[-1,-1]],[[5516,9287],[0,-1],[0,-1],[-2,-1],[1,-1],[1,1],[0,-1],[1,-2],[-1,0],[1,-1],[0,-2],[0,1],[1,1],[1,0],[1,-1],[2,0]],[[5522,9266],[0,-1],[1,-1]],[[5247,8925],[0,1],[0,1]],[[5247,8927],[2,1],[2,0]],[[5251,8928],[-1,-2],[-1,-1],[0,-2],[1,-1],[1,0]],[[5251,8922],[1,-1],[-1,-2],[0,-1],[-1,-1],[-1,-2],[0,-1]],[[5249,8914],[0,-1],[-1,1],[-1,0],[0,-4],[0,0],[0,-2],[-2,-1],[0,-1],[-1,1],[0,1],[-1,0],[0,-2],[-1,-1],[0,-1]],[[5242,8904],[-1,0],[0,-2],[0,-1]],[[5241,8901],[-1,-1],[-1,0],[-1,-2],[-1,1],[0,-1]],[[5237,8898],[-2,-1],[-1,1],[1,1],[-2,1],[1,2],[-1,0],[-1,5],[1,-1],[0,1],[-1,1],[-1,0],[0,1],[0,1],[-1,1],[0,1]],[[5230,8912],[0,1],[-1,1],[-1,0],[0,1],[1,2],[1,2],[1,0]],[[5231,8919],[1,0],[0,-1],[1,-1],[0,1],[0,2],[1,0],[0,3],[1,-1],[1,0],[0,0],[1,2],[1,0],[0,1],[1,0],[1,-1],[2,-2]],[[5242,8922],[-1,-1],[1,-2],[0,-1],[1,-1],[0,-1],[1,1]],[[5244,8917],[0,1],[1,0],[1,1],[0,0],[0,2],[0,0],[-1,1],[1,3]],[[5246,8925],[1,0]],[[5246,8925],[-1,0],[-1,1],[-1,-1],[-1,-2],[0,-1]],[[5231,8919],[0,1],[-1,0],[0,2],[-1,0]],[[5229,8922],[-1,0]],[[5228,8922],[0,2],[1,1],[-1,1],[1,0],[-1,1]],[[5228,8927],[-1,1],[-3,2],[1,0],[-1,1],[1,1],[-1,0]],[[5224,8932],[1,2],[1,1],[-1,1],[1,0],[0,2],[-1,3],[1,1],[1,1],[1,-1],[1,-1],[1,0],[1,0],[1,1],[2,1],[0,-1],[0,-2],[1,-2],[1,-1],[1,0],[0,1],[0,2],[1,-1],[1,-2],[0,0],[1,-2],[0,0],[1,1],[2,1],[0,2],[1,-1],[2,0],[0,-1],[1,3]],[[5247,8940],[2,0],[0,0],[1,1],[0,1],[1,0],[1,2],[1,0],[0,-1],[1,-2]],[[5254,8941],[0,-1],[-1,-2]],[[5253,8938],[0,-1],[0,-1],[0,-2],[1,0],[0,-1],[0,0],[1,-2],[1,0],[-1,-1]],[[5255,8930],[-1,-2],[-1,1],[-2,0],[0,-1]],[[5247,8927],[0,1]],[[5247,8928],[1,2],[0,1],[0,1],[-1,1]],[[5247,8933],[-2,2],[-1,-1],[0,-1],[2,0],[0,-2],[0,-2]],[[5246,8929],[-2,1],[-1,-1],[0,-1],[1,-2],[1,0],[0,0],[2,-1]],[[5199,8939],[1,-1],[1,1],[0,-1],[1,0],[1,-1],[2,-1]],[[5205,8936],[1,-1],[1,-1],[1,-1],[1,-1]],[[5209,8932],[0,-2],[-1,-1],[1,-1],[0,-1],[1,-3]],[[5210,8924],[0,-1],[1,-1],[-1,-1],[1,-1],[0,-2]],[[5211,8918],[-1,-2],[0,-1],[-2,0],[0,-1],[-1,2],[-1,-2],[-1,2]],[[5205,8916],[0,1],[-1,0],[0,1]],[[5204,8918],[0,1],[-1,0],[-1,-2],[-1,1],[-1,-2],[-1,1],[-1,0]],[[5198,8917],[1,1],[-1,2],[-1,1],[-1,1],[-1,-1],[-1,-1]],[[5194,8920],[-2,1],[-1,-1],[0,-1],[-1,1],[0,-1],[-1,-1]],[[5189,8918],[-1,1],[-1,1]],[[5187,8920],[-2,1],[-1,0],[-1,1],[0,2],[0,1]],[[5183,8925],[-1,-1],[-2,0],[0,-1],[-1,0],[0,1],[1,1],[-1,1],[0,1],[-2,0],[0,0]],[[5177,8927],[0,2],[0,0],[-1,2]],[[5176,8931],[1,0],[0,1],[3,1]],[[5180,8933],[1,-1],[1,0],[0,1],[0,1],[1,-1],[2,0],[1,2],[0,0],[1,0],[0,1],[2,1],[0,1],[0,0],[-1,1],[-1,0],[-1,1],[-2,0],[-1,1],[-1,1],[0,1],[0,2],[2,0],[1,1],[1,1],[1,1],[0,0],[1,-1],[1,0],[0,1],[1,1]],[[5190,8949],[1,-2],[1,0],[2,-1]],[[5194,8946],[1,-1],[0,-1],[1,-3],[0,-1],[1,-2],[2,0],[0,1]],[[5185,8960],[0,-1],[0,-1],[2,-1],[1,-2],[1,1],[1,0],[0,-1],[0,-2],[0,-1],[2,1],[0,-1],[0,0],[-1,-1],[-1,-3],[0,1]],[[5176,8931],[-1,0],[-1,0],[0,1],[-1,0],[1,1],[0,2],[0,0],[-1,0],[-1,0],[0,2],[-2,-1],[0,-1],[0,2],[-2,1],[-1,2],[0,1],[-1,0],[-1,1],[0,1],[0,2],[-1,1],[-1,0],[0,1],[0,1],[0,2],[0,1],[-1,2]],[[5211,8879],[0,-3],[0,-1],[-1,-2],[0,-1],[0,-1],[1,-1],[0,0],[0,-1],[1,-1],[-1,0],[1,-2],[-1,-1],[0,-2],[0,-1],[0,-3]],[[5211,8859],[-1,0],[-2,-2],[1,-2],[-1,-1],[-1,1],[-1,-2],[-1,0],[0,1],[0,1],[0,1],[-2,0],[-1,0],[0,1],[0,3],[-1,1],[-2,2],[-1,0],[-1,1],[0,1],[-1,2],[-2,-1],[-1,1],[-1,0],[-1,2],[0,2],[1,1],[-1,1],[0,2],[0,1],[-1,0],[0,1],[-1,2],[-1,0],[-1,-1]],[[5187,8878],[-1,1],[-1,2],[1,1],[1,1],[1,0],[1,1],[-1,1],[-1,0],[-1,0],[-3,2],[0,0],[0,1],[0,1],[0,2],[1,0],[1,1],[0,1],[1,2],[0,0],[0,2],[0,1],[1,1],[0,2],[0,2],[0,0],[1,2],[-1,1],[0,1],[1,2],[0,1],[1,0],[0,1],[1,0],[-1,1],[0,1],[-1,1],[0,2],[0,1],[1,1]],[[5194,8920],[1,-1],[0,1],[1,-2]],[[5196,8918],[0,-1],[1,-1],[0,-1],[1,-1],[0,-1],[1,-1]],[[5199,8912],[-1,0],[1,-1],[0,-1],[-2,0],[1,-1],[-1,0],[-1,-1],[-1,1],[0,-1],[2,-2],[0,-1],[0,-1],[2,1],[1,1],[1,1],[0,0],[1,1],[0,0],[0,-1],[1,-2],[2,-3],[0,0],[0,-2],[-2,0],[0,-2],[1,-2],[0,0],[2,0],[1,-1],[2,0]],[[5209,8895],[-1,-2],[1,0],[0,-2],[0,0],[2,-2],[-1,-1],[1,-2],[1,0],[0,-1],[0,-1],[1,-1],[0,-1],[-1,-1],[0,-2],[-1,0]],[[5171,8918],[1,0],[0,1],[0,1],[1,-1],[1,1],[-1,1],[1,1],[1,0]],[[5175,8922],[0,1],[1,1],[0,1],[1,1],[0,1]],[[5187,8878],[-2,-1],[-1,-1],[-1,0],[-1,1],[-1,-1],[-1,0],[-1,1],[-2,0],[-1,1],[0,0],[-1,-1],[-1,0],[-1,0],[-1,1],[-2,0],[0,1],[-2,1],[0,2],[-1,0],[-1,0],[-1,0],[-2,1],[-2,0],[0,2],[-1,0],[-1,0],[-1,1],[-1,-2],[-1,1],[0,1],[-1,2],[-2,0],[0,0],[-3,2],[0,0],[-1,1],[-2,-2],[-1,0],[-1,2],[-1,1],[-2,1],[0,1],[1,2],[2,3],[-3,0],[-1,0],[-1,-1],[0,-1],[-1,-1],[0,-2],[0,-1],[0,-2],[-1,-4],[-1,0],[-6,2],[-2,3],[-1,2],[0,1],[1,2],[2,1],[0,0],[1,1],[0,1],[1,1],[0,1],[0,1],[0,1],[1,1],[0,3],[1,1],[1,2],[-1,1],[1,1],[0,1],[0,1],[0,1],[0,2],[-2,3],[-1,0]],[[5133,8921],[2,1],[0,1],[2,1],[0,1],[1,0],[2,-1],[2,0],[1,-1],[1,1]],[[5144,8924],[1,-2],[1,-1],[0,-1],[0,-1],[1,-2],[1,-1],[1,-2],[0,-1]],[[5149,8913],[3,0],[1,0],[0,1],[1,1],[1,-1],[1,0],[1,-1],[1,-2],[1,-1],[0,-1],[0,-2]],[[5159,8907],[0,-2],[1,-2],[3,-3],[1,-1]],[[5164,8899],[1,0],[1,2],[0,1],[1,2],[-1,2],[0,1],[1,2],[-1,2],[1,1],[1,-1],[2,1],[1,0],[0,2],[-1,1],[0,1],[1,2]],[[5117,8938],[0,2],[2,1],[1,1],[0,0],[1,1],[0,1],[1,0],[0,1]],[[5122,8945],[1,2]],[[5123,8947],[1,-1],[0,-1],[1,0],[1,0]],[[5126,8945],[1,1]],[[5127,8946],[1,0],[0,-2],[1,0],[0,-2],[2,-1],[1,0]],[[5132,8941],[-1,-2],[0,-1],[0,-1],[-1,0],[-2,-2],[0,0]],[[5128,8935],[-2,-1],[0,-1],[-1,0],[-1,-3],[1,-1],[0,-1],[2,0],[0,-2],[1,-2],[1,-1],[1,-1],[0,-2]],[[5130,8920],[-1,1],[-1,0],[-1,1],[-1,0],[-1,2],[-2,0],[0,0],[-2,-1],[-1,0],[1,-1],[-1,-3],[-1,-1],[-2,0],[-1,0],[-1,1],[0,3],[0,2],[0,1],[-1,1]],[[5114,8926],[0,1],[-1,0],[-1,1],[0,2],[1,0],[0,2]],[[5113,8932],[1,1],[0,1],[1,-1],[1,1],[0,2],[1,1],[0,1]],[[5144,8924],[-1,2],[0,1],[0,0],[-1,2],[-1,2],[-1,0],[1,0],[1,1],[1,0],[0,2],[2,0],[1,1],[-1,2],[-1,0],[0,1],[1,2],[0,1],[1,2],[1,1]],[[5147,8944],[1,-1],[1,1],[1,-1],[1,1],[1,1],[1,-1],[0,1],[0,0],[1,1],[-1,1],[0,2],[0,1],[1,1]],[[5126,8956],[0,-1],[0,-1]],[[5126,8954],[1,-2],[-2,-3],[1,0],[0,-1],[0,-3]],[[5123,8947],[0,3],[-1,1]],[[5122,8951],[2,5]],[[5245,8963],[0,-2],[1,-1],[-1,-2],[1,0],[0,1],[2,0],[0,-1],[0,-1],[1,-1],[0,-1],[1,-1],[-1,-1],[0,-1],[0,-1],[1,-1],[0,-1],[1,0],[1,-1],[0,-1],[-2,0],[-2,0],[0,-1],[0,-2],[-1,-1],[1,-1],[1,-1],[-1,0],[-1,-1]],[[5224,8932],[-1,0],[-1,0],[-1,-1]],[[5221,8931],[0,1]],[[5221,8932],[-2,1],[-1,1],[0,1],[0,2],[0,0],[0,2],[-1,2],[-1,1]],[[5216,8942],[1,0],[-1,1],[1,2],[1,1],[1,0]],[[5219,8946],[1,1],[0,1],[0,0],[1,3]],[[5221,8951],[0,2],[1,0],[1,1],[-2,1],[2,1],[0,1],[1,0]],[[5224,8957],[-1,3]],[[5209,8932],[1,-1],[1,0],[1,0],[1,2],[1,0],[1,1],[1,1],[-2,4],[0,1]],[[5214,8940],[1,1],[1,1]],[[5221,8931],[0,-4]],[[5221,8927],[-1,0],[-1,-2],[-1,-1],[-1,1],[-1,1],[-1,1],[-1,-2],[0,0],[0,-1],[0,-1],[-1,1],[-1,1],[-2,-1]],[[5224,8921],[0,1],[1,1]],[[5225,8923],[1,-1],[2,0]],[[5237,8898],[-1,-1],[1,-1],[0,0],[0,-1],[-1,-2],[0,-2],[2,-1]],[[5238,8890],[-1,0],[-1,-1],[-1,0],[0,-1],[-1,0],[-1,1],[-2,-1]],[[5231,8888],[-1,1],[-1,-1],[-1,2],[-1,0],[0,1],[1,1],[0,1],[1,1],[-1,1],[0,0],[0,1],[-1,1],[0,1],[-1,0],[-1,1],[1,1],[0,1],[-1,1],[0,1],[0,1],[-1,0],[0,1],[-1,1],[-2,1],[0,1],[-1,0],[-1,-3],[-1,0],[1,1],[-1,1],[-1,-2],[-2,0],[0,3],[1,1],[0,1],[1,0],[0,2],[0,0],[-1,1],[0,2]],[[5216,8915],[0,2],[2,0],[3,1]],[[5221,8918],[0,-2],[1,-2],[1,1],[0,2],[-1,1]],[[5222,8918],[1,1],[0,1],[1,1]],[[5209,8895],[2,5],[-1,0],[-1,1],[-1,1],[-1,0],[-1,0],[0,1],[-1,3],[-1,1],[0,1],[0,1],[-1,0],[0,1],[-1,0],[1,1],[0,0],[1,2],[1,1],[-1,1],[1,1]],[[5211,8918],[1,-1],[2,0],[1,-1],[1,-1]],[[5231,8888],[0,-2],[0,-1],[0,-1],[-1,0],[-1,0],[-1,-2],[1,-3],[-1,-1],[1,-1],[0,-2],[0,-1],[0,-1],[-1,1],[-1,-1],[-1,-1],[-1,0],[1,-2],[0,-1],[0,-2],[1,-2],[0,-3]],[[5227,8862],[-1,-2],[-1,1],[-1,-1],[-1,0],[-1,-2],[-1,-2],[-1,0],[-1,0],[-1,1],[-1,-2],[-2,0],[0,1],[-1,0],[-1,1],[-1,1],[-1,0],[0,1]],[[5204,8918],[-1,-3],[-1,-3],[-1,-1],[0,0],[-1,1],[-1,0]],[[5221,8927],[0,-2],[-1,-1],[1,-2]],[[5221,8922],[0,-2],[0,-2]],[[5147,8944],[-1,0],[-1,1],[-2,-2],[0,0],[-2,0],[-3,0],[-1,1],[-1,-2],[-1,0],[-1,0],[-1,-1],[-1,0]],[[5127,8946],[1,2],[1,0],[0,1],[1,0],[0,1],[0,0],[1,1],[2,1]],[[5126,8954],[3,0]],[[5122,8945],[-1,0],[-1,0],[0,2],[-1,0]],[[5119,8947],[1,3],[2,1]],[[5113,8932],[-1,1],[-1,2],[-1,0],[0,3]],[[5110,8938],[0,-1],[1,0],[1,0],[0,2],[1,0],[1,1],[1,0],[0,1],[1,1],[1,1],[2,4]],[[5114,8926],[-1,-1],[0,1],[-2,1],[-1,-1],[-1,0],[-1,0],[0,-2],[-1,0],[-1,0],[-1,2],[1,3],[-2,0],[0,1],[0,1],[-1,0],[0,-1],[-1,1],[-1,1],[1,1],[-1,1],[0,1],[1,0],[1,0],[1,1],[2,0],[1,0],[3,2]],[[5222,8918],[0,2],[1,0],[-1,1],[1,2]],[[5223,8923],[0,0],[1,1],[1,1],[1,0]],[[5226,8925],[0,-1],[-1,-1]],[[5133,8921],[-1,-1],[-2,0]],[[5221,8922],[0,1],[2,0]],[[5226,8925],[1,1],[1,1]],[[5238,8890],[0,0],[2,0],[1,-1],[0,0],[2,0],[1,1],[2,0],[1,0],[1,0],[1,0]],[[5249,8890],[-1,-1],[0,-1],[0,-1],[1,0],[1,-1],[1,0],[1,-2],[0,0],[0,-1],[1,-3],[0,-1],[1,0],[1,-1],[1,0],[1,1],[1,1]],[[5258,8880],[0,-2],[-1,-1],[2,-1],[1,-1],[1,-1],[0,1],[2,-1],[2,0],[0,-1],[1,-1],[0,-2],[0,-1],[1,-2],[1,0]],[[5268,8867],[0,-1],[-1,-2],[-1,-1],[-2,0],[0,0],[-1,-1],[0,-2],[-1,-1],[0,-2],[0,-1],[1,-3],[0,-2],[0,0],[2,-3],[-1,-1],[1,-2]],[[5265,8845],[-1,-1],[-2,-1],[-1,1],[-1,0],[-1,-2],[-1,-1],[-1,0],[-2,1],[-1,0],[0,-1],[0,-1],[-2,0],[-2,0],[-1,1],[-1,0],[-1,3],[-1,0],[0,1],[-2,0],[0,1],[-1,2],[-2,3],[-1,0],[1,1],[-1,1],[0,2],[0,0],[-1,-1],[-1,-1],[-2,2],[-1,0],[-2,2],[0,1],[0,1],[-1,-1],[-1,1],[-1,0],[0,1],[-2,1],[-1,0],[0,1]],[[5252,8906],[0,-1],[0,-1],[0,-2],[0,-2],[2,1],[1,0],[0,-1],[0,0],[1,-1],[1,0],[0,-1],[1,0]],[[5258,8898],[0,-1],[0,-1],[1,-1],[-1,-1],[0,-2]],[[5258,8892],[2,0],[-1,-3],[0,-1],[1,-2],[0,-1],[-1,-1],[-1,1],[0,1],[-1,0],[1,-2],[1,-2],[0,-2],[-1,0]],[[5249,8890],[1,1],[0,1]],[[5250,8892],[0,1]],[[5250,8893],[0,-1]],[[5250,8892],[1,0],[0,3],[1,1],[0,0],[0,2],[-1,2],[-1,1]],[[5250,8901],[-1,1]],[[5249,8902],[2,3],[1,1]],[[5294,8842],[-1,-1],[-2,-1],[-2,0],[0,1],[-2,0],[0,1],[0,2],[-1,-1],[-1,1],[-1,1],[-1,-2],[-2,-1],[0,-1],[-1,-1],[-2,-2],[-2,2],[0,2],[-1,2],[0,0],[-3,0],[-1,2],[-3,1],[-1,-2],[-2,0]],[[5268,8867],[2,-1],[0,-1],[1,0],[1,0],[1,0],[2,2],[-2,0],[0,3],[1,1],[0,1],[0,1],[1,1],[2,1],[1,-1],[2,-1],[0,2],[-1,0],[0,3],[-1,-1],[0,3],[-1,0],[0,0],[0,2],[-1,1]],[[5276,8883],[0,2],[0,0],[0,1],[0,1],[0,0],[1,0],[1,0],[0,1],[0,1],[1,-1],[1,0],[0,2],[0,1],[0,0],[-1,2],[-1,0]],[[5278,8893],[2,2],[3,-1],[0,0],[-2,2],[-1,0],[0,0],[-2,1],[0,1],[1,0],[-1,1],[-1,1],[1,1],[1,-1],[1,1],[1,-1],[1,1]],[[5282,8901],[0,-1],[1,0],[1,-1],[1,0],[-1,-3],[1,-1],[0,0],[2,1],[2,1],[0,-1],[0,-2],[1,-1],[-1,-1],[1,-1],[0,-1],[-1,-1],[2,0],[-1,-2],[0,-1],[1,-1],[0,-1],[-2,-1],[0,-1],[0,-1],[1,-2],[4,-3],[0,0],[0,-1],[-1,0],[-2,-1],[0,-1],[0,-1],[1,0],[0,-1],[0,-1],[1,-2],[0,0],[1,-2]],[[5265,8907],[-1,0],[0,-2],[1,0],[1,-1],[0,-1]],[[5266,8903],[0,-2]],[[5266,8901],[-3,1],[-1,1],[0,0],[-2,-1]],[[5260,8902],[-1,0],[1,2],[-1,0],[-1,1],[-2,2],[1,1],[-1,1]],[[5256,8909],[0,2],[1,1]],[[5257,8912],[1,1],[1,0],[1,0],[1,0]],[[5261,8913],[0,-2],[-1,0],[1,-1],[1,0],[1,2],[1,1],[0,2],[-1,1],[0,1],[1,0]],[[5264,8917],[1,-1],[0,-2],[1,-1]],[[5266,8913],[0,-2]],[[5266,8911],[1,-1],[1,1],[1,1],[1,0]],[[5270,8912],[-1,-1],[-1,0],[-2,-1],[0,-2],[0,-1],[-1,0]],[[5247,8928],[-1,1]],[[5254,8941],[1,1],[0,0],[2,2],[0,-1],[1,0],[2,0],[0,-1],[1,0],[0,-2],[0,-1],[0,-1],[1,-2],[0,-1]],[[5262,8935],[-1,-1],[0,0],[0,-3],[0,-1]],[[5261,8930],[0,-1],[0,-1],[1,-1],[2,0],[0,0]],[[5264,8927],[0,-1]],[[5264,8926],[-2,0],[0,-3]],[[5262,8923],[-1,0],[0,1],[-1,0],[-1,0],[-1,0],[-1,0],[-1,0],[-2,-1],[0,1],[-1,-1],[0,-1],[0,-1],[-1,1],[-1,0]],[[5282,8901],[0,2],[2,-1],[0,2],[1,2]],[[5285,8906],[0,1],[1,0],[1,-1],[0,0],[1,2],[1,0],[0,-3],[1,0],[0,1],[0,1],[1,2],[0,1]],[[5291,8910],[2,0],[0,-2],[1,0],[1,1],[0,1],[1,1]],[[5274,8934],[0,-1],[1,-2],[1,0]],[[5276,8931],[0,-1],[0,-2]],[[5276,8928],[-1,-2],[-1,0],[-1,0],[0,1],[-1,1],[-1,0]],[[5271,8928],[-1,0],[-1,-1],[-1,1],[0,1],[-1,-1],[-2,0]],[[5265,8928],[-1,0],[0,-1]],[[5291,8910],[1,2],[-1,0],[1,2],[0,1],[-1,0],[1,2],[-2,0],[0,0],[0,2]],[[5290,8919],[-1,0],[0,2],[-1,0],[-2,0],[-1,0],[-1,0],[-1,-1],[0,-1],[3,-1],[0,-1],[-1,-2],[-1,1],[0,-1],[-2,0],[-1,-1],[-1,-1],[0,1],[0,2],[-1,1],[0,0],[-2,0],[0,0],[-1,-1],[0,0],[-1,0],[1,1],[-1,1],[-1,0],[-1,1]],[[5273,8919],[-1,-1],[0,-1],[-1,-1],[1,0],[0,-1],[-2,0]],[[5270,8915],[0,-2],[-1,0],[-2,0],[-1,0]],[[5264,8917],[0,2]],[[5264,8919],[0,1],[1,2],[0,1],[-1,0],[0,3]],[[5258,8898],[1,0],[1,0],[0,2]],[[5260,8900],[0,1],[0,1]],[[5266,8901],[0,-1]],[[5266,8900],[1,-2],[-1,-2]],[[5266,8896],[1,0],[1,-1],[1,1],[0,-1],[-1,-2],[2,-1],[-1,-1],[1,-1],[1,0]],[[5271,8890],[0,-1],[1,-1],[-1,-1],[2,0],[1,0],[-2,-3],[3,-2],[1,1]],[[5241,8901],[0,-1],[1,-1],[1,0],[1,0],[1,0],[0,2],[-1,1],[-1,1]],[[5243,8903],[2,2],[2,0]],[[5247,8905],[1,-1],[1,-2]],[[5250,8901],[0,-2],[-1,0],[-1,0],[0,0],[-1,-1],[-2,1],[-1,-1],[1,-1],[-1,0],[-2,0],[1,-2],[1,0],[3,1],[0,-1],[1,-1],[2,0],[0,-1]],[[5261,8913],[0,2],[-1,2],[0,3]],[[5260,8920],[2,-1],[1,0],[1,0]],[[5249,8914],[3,-1],[1,1],[1,-1],[0,0],[2,-1],[1,1]],[[5257,8913],[0,-1]],[[5243,8903],[-1,1]],[[5260,8920],[-1,-1],[0,-1],[0,-1],[-2,0],[0,-2],[-1,-2],[1,0]],[[5502,8811],[-1,-3],[-1,0],[-1,1],[0,0],[-2,1],[0,-1],[-1,-1],[-1,0],[0,0],[-1,-2],[-1,0],[-2,-2],[0,-1],[-1,0],[-1,-1],[-1,1],[-1,1],[-2,-1]],[[5485,8803],[0,3],[0,2],[1,1],[-1,3],[0,1],[1,1],[-1,0],[0,1]],[[5485,8815],[1,1],[0,1],[0,1],[1,2],[2,0],[1,1],[1,-1],[1,0],[0,0],[0,1],[3,-1],[1,-1],[1,2],[1,0],[1,1],[1,0],[1,1],[0,1]],[[5501,8824],[2,0],[0,0]],[[5503,8824],[0,-1],[1,-2],[1,0],[0,-1],[1,-1],[0,-1],[0,-2],[2,0],[2,-1],[1,-2],[-1,-1],[-1,-1],[-1,-1]],[[5508,8810],[-1,1],[-1,-1],[-1,-1],[0,2],[-1,1],[-2,-1]],[[5509,8834],[-1,0],[-1,-1],[0,-3],[0,0],[2,0],[0,-2],[1,0],[0,-1],[1,0],[1,1]],[[5512,8828],[0,-1]],[[5512,8827],[-2,0],[-1,-1],[-3,0],[-2,0],[-1,-2]],[[5501,8824],[0,1],[-2,1],[-2,1],[0,1],[0,1],[0,1],[0,1],[1,0],[1,1]],[[5499,8832],[0,1],[0,2]],[[5499,8835],[0,0],[0,1],[1,-1],[1,0],[1,0]],[[5502,8835],[3,-1]],[[5505,8834],[2,1],[1,0],[1,-1]],[[5485,8803],[-1,0],[-2,-2],[-2,0],[0,-2],[-1,-1],[1,-2],[-1,0],[1,-1],[1,-1],[0,-2],[-2,0],[-1,1],[-1,0],[-2,0],[-1,1],[-1,0],[-2,0],[-1,0],[0,-1],[-1,-2],[-1,0],[-1,1],[-1,0],[-2,0],[0,1],[-1,2],[-1,0],[-2,2],[0,2],[0,0],[-2,0],[-2,1],[0,0],[-1,0],[-2,1],[-1,2],[-1,0],[-1,1],[-1,0],[0,0],[-1,-1],[-2,2],[-1,1]],[[5445,8806],[0,1],[0,1],[0,1],[1,1],[0,1],[1,1],[1,-1],[1,1],[2,2],[0,1],[1,2],[0,1],[0,2],[0,1],[1,1],[0,2],[-1,2],[1,0],[1,0],[1,1],[1,1],[0,-1],[1,0],[0,-1],[1,0]],[[5458,8826],[1,0],[1,1],[0,-1],[0,-2],[3,-2],[-1,2],[1,1],[0,3],[-1,0],[1,0],[1,2],[0,0],[-1,2],[2,2],[-2,1]],[[5463,8835],[2,0],[1,-1],[1,1],[1,0],[0,1],[0,1],[0,1],[0,2],[0,1]],[[5468,8841],[1,-1],[1,0],[0,-1],[1,-1],[0,0],[1,-2],[2,0],[0,0],[1,0],[2,1],[0,-1],[0,0],[1,-2],[0,-1]],[[5478,8833],[-1,0],[-1,-1],[1,-3],[-2,-1],[1,-1],[0,-1],[1,0],[1,1],[1,0],[1,-3],[1,0],[-2,-1],[-1,0],[1,-3],[-1,-1],[0,-1],[3,1],[0,-1],[2,-1],[1,-2],[1,0]],[[5451,8843],[1,0],[2,-1],[0,0],[1,-2],[1,0],[2,-1]],[[5458,8839],[2,0],[0,1],[1,-1],[0,-1],[1,0],[1,-3]],[[5445,8806],[-1,-2],[-3,-1],[0,0],[-2,0],[-2,1],[0,0],[-2,-1],[-1,-1],[0,0],[0,-2],[-1,0],[0,-2],[-2,-1],[0,-2],[-2,1],[-1,-2],[-2,1],[-1,-1],[0,-1],[-2,1],[-1,1],[-1,1],[0,1],[-1,2],[0,2],[-1,1],[1,2],[-2,0],[0,1],[0,1],[0,2],[-2,-1],[-1,0],[-1,0],[-1,0],[0,2],[-1,0],[-1,0],[-1,1],[0,1],[-2,1],[0,0],[-1,1],[-1,-1],[-3,0],[-1,1],[-2,0],[0,1],[0,2],[1,3],[0,2],[1,2],[2,0],[1,1]],[[5422,8813],[-1,-1],[-1,-1],[0,-1],[-1,-2],[1,0],[2,-1],[1,0],[1,0],[0,0],[-1,1],[-1,1],[0,2],[1,1],[0,0],[-1,1],[0,0]],[[5509,8863],[-4,-4],[-1,-2],[-1,-1],[0,-1],[0,-1],[0,0],[-2,0],[0,-2],[0,-1],[-2,1],[0,-2],[0,-2]],[[5499,8848],[-2,-1]],[[5497,8847],[0,2],[-1,1],[-1,1],[-1,0],[-2,0],[-3,0],[-1,1],[-2,0],[0,0],[-1,-1],[0,-1],[1,-1],[-1,-1],[-1,-1],[1,-1]],[[5485,8846],[-2,0],[0,-1],[-2,1],[-1,-1],[0,-1],[-1,0],[0,0],[-2,-2],[-1,1],[-1,-1],[-1,0],[-1,2],[-1,1],[-1,0],[-1,0],[0,-1],[0,-1],[-1,-2],[-1,0]],[[5512,8827],[0,-6],[1,-1],[0,-1],[2,0],[2,-2],[0,1],[1,-1],[1,0],[0,-1],[0,-2],[0,-1],[0,-1],[1,-1],[1,0],[0,-1],[1,-1],[0,0],[0,-1],[1,-2],[0,-1],[-4,0],[-1,1],[-1,-1],[0,-1],[-1,0],[-1,1],[-2,2],[-1,1],[0,3],[-1,0],[-2,-2],[-1,1]],[[5495,8841],[-2,-1]],[[5493,8840],[-1,0],[-1,0],[-2,0],[0,-1],[-2,1],[-1,0],[1,3],[-1,0],[-1,3]],[[5497,8847],[-1,0],[0,-1],[0,-1],[1,-2],[1,0],[-1,-1],[-1,-1],[-1,0]],[[5478,8833],[1,-1],[1,0],[0,2],[3,2],[0,1]],[[5483,8837],[1,-1],[1,0]],[[5485,8836],[2,0],[2,1],[1,-1],[1,0]],[[5491,8836],[0,-1]],[[5491,8835],[2,-1],[1,0],[0,-1],[1,1],[1,0],[0,1],[0,1]],[[5496,8836],[1,0],[2,-1]],[[5512,8861],[0,-4],[0,-2],[-1,-2],[0,-5]],[[5511,8848],[-1,-1],[-1,0],[-1,0],[-2,0],[-1,-1],[0,0],[0,1],[-1,0],[-1,0],[0,0],[-1,-1]],[[5502,8846],[-1,0],[-2,1],[0,1],[0,0]],[[5511,8848],[1,-3],[-1,0]],[[5511,8845],[0,-2],[-1,1],[-1,0],[-1,-1],[0,1],[-1,0]],[[5507,8844],[-1,-1],[-1,1],[0,1],[-2,-1],[-1,0],[0,2]],[[5505,8840],[2,-1],[-1,-1],[-1,0],[0,-1],[-1,0],[0,0],[-2,0]],[[5502,8837],[0,0],[-1,2],[0,2],[1,0],[3,-1]],[[5502,8835],[0,1],[0,1]],[[5505,8840],[1,0],[0,1],[0,2],[1,1]],[[5511,8845],[1,0],[-1,-6],[0,-3],[0,-2],[0,-2],[1,-2],[0,-2]],[[5491,8835],[1,1],[1,0],[0,0],[2,1]],[[5495,8837],[1,-1],[0,0]],[[5493,8840],[0,-1],[-1,0],[0,-1],[-1,-2]],[[5495,8837],[0,1],[0,0],[0,1],[-2,1]],[[5900,9654],[2,1],[0,2],[1,0],[1,0],[1,0]],[[5905,9657],[-2,-1],[1,0],[0,-4],[0,-1],[1,0]],[[5905,9651],[1,0],[2,0]],[[5908,9651],[0,-1]],[[5908,9650],[-1,-1],[0,-1],[0,-2],[0,0],[1,-2],[0,-1],[0,-1],[0,-1],[0,-1],[0,-1]],[[5908,9639],[-2,1],[0,0],[-1,0],[-1,-1],[-1,0],[-1,1],[0,-1],[-2,0],[0,-1]],[[5900,9638],[-2,2],[1,1],[-1,3]],[[5898,9644],[1,-1],[1,2],[0,0],[0,3],[-1,1],[-1,0],[0,1],[-1,0],[0,2],[0,0],[1,1],[-2,0],[-2,1],[0,1]],[[5894,9655],[1,1],[1,0],[1,-1],[1,-1]],[[5898,9654],[2,0]],[[5892,9703],[-1,-2],[1,-1],[-1,0],[-1,-1],[1,-1],[-1,-1],[-1,0],[1,-1],[1,0],[1,0],[2,1],[0,-1],[1,1],[1,-1],[1,0],[-1,-2],[-2,0],[0,-1]],[[5894,9693],[0,-1],[-1,0],[0,-1],[0,-1],[-1,1],[-1,-1],[-2,1],[0,0],[0,-2],[-2,0],[0,0],[0,2],[1,1],[-1,0],[-2,0],[0,-1],[0,-2]],[[5885,9689],[0,-1],[1,-2],[-2,-1],[1,-1],[-1,-1]],[[5884,9683],[0,0],[-1,-1],[-1,0],[0,1],[-1,1],[-1,-1],[-2,0],[-1,0]],[[5877,9683],[-2,0],[-2,-1]],[[5871,9655],[1,-1],[1,1],[1,-1],[1,0],[1,0],[2,0],[1,-1],[1,0],[1,-1],[1,-1],[1,0]],[[5883,9651],[1,0],[1,-1]],[[5885,9650],[1,-1],[1,0],[1,0],[0,-1],[1,0],[0,-1],[0,-1],[-1,0],[-2,0],[0,-2],[-1,1]],[[5885,9645],[-2,-1],[-1,-1],[-1,-1],[0,2],[0,2],[-2,-2],[-1,1],[-1,-2],[0,0],[-1,0],[-2,-1],[-1,0],[0,-1],[-1,-1],[1,-2],[-1,-1],[-1,0],[1,-2],[0,-1]],[[5872,9634],[1,-2],[0,-1]],[[5873,9631],[-1,-2],[-1,0],[0,-1],[0,-1],[1,-1],[1,1],[1,-1],[1,0],[1,-1],[2,-1],[1,0],[1,-1],[0,-1],[0,-1],[1,0]],[[5881,9621],[0,-1],[-1,-2],[0,-1],[-1,0],[0,-2]],[[5879,9615],[-2,-1],[-2,-1],[-1,0],[-1,0]],[[5873,9613],[-1,1],[0,1],[-2,0],[-1,0],[-1,0],[-3,1]],[[5865,9616],[-1,1],[0,1],[-1,0],[1,2],[-1,0],[-1,-1],[-1,0],[-1,0],[-2,0],[-1,1],[-2,2]],[[5855,9622],[0,1],[2,1],[0,1],[0,1],[-1,1],[-1,1],[1,1],[0,0],[0,1],[0,2],[1,1],[0,0],[0,1]],[[5857,9634],[0,1],[0,2],[1,1],[0,2],[-2,0],[0,2],[0,1],[1,-1],[2,0],[0,1],[0,1]],[[5884,9683],[1,0],[1,-2],[0,0],[1,1],[1,0],[0,1],[1,1],[1,0],[0,-2],[0,-1],[1,-1],[-1,-1],[-1,-1],[0,-2],[1,0],[0,-1],[2,1],[-1,-1],[0,-2],[1,0],[1,0],[0,-4],[-1,-1],[0,-1],[0,1],[-2,0],[1,-1],[-2,-2],[0,-1]],[[5889,9664],[1,0],[-1,-1]],[[5889,9663],[0,-1],[-1,-1],[0,0],[-1,-1],[-1,-2],[0,0],[1,0],[1,-1],[0,-1]],[[5888,9656],[2,-1],[-2,-1],[-2,0],[-1,-2],[-2,-1]],[[5894,9655],[0,1],[0,2],[1,1],[-2,0],[0,1],[0,1],[0,0],[-2,2],[-2,0]],[[5894,9693],[1,-1],[1,0],[1,0],[0,-2]],[[5897,9690],[1,-1],[0,-1],[1,-2],[2,1]],[[5901,9687],[0,-3]],[[5901,9684],[-1,0],[1,0]],[[5901,9684],[0,0],[1,-2],[1,0],[0,-2],[-1,-1]],[[5902,9679],[-1,0],[0,-1],[0,-1],[1,-1],[1,0],[1,-2],[1,0]],[[5905,9674],[0,-2],[-1,1],[-1,0],[0,-2],[0,0],[0,-1],[-1,-1],[1,-1],[1,0],[1,0],[1,-2],[1,-1]],[[5907,9665],[-2,0],[0,-2],[1,-1],[1,0],[0,-1],[1,0],[-1,-1],[0,-1],[-1,-1]],[[5906,9658],[0,0],[-1,-1]],[[5900,9638],[-1,0]],[[5899,9638],[-2,2],[-2,0],[-1,-1],[-1,1],[-1,-1],[-2,0],[-1,0],[-2,-1],[0,1],[-1,-1],[-1,-1],[1,-2],[-1,0],[0,-1],[-1,0],[0,-1],[-1,0],[-1,-2],[-1,0],[-1,1],[-1,0],[-1,0],[-2,0],[-1,0],[-1,0],[-1,-1]],[[5899,9638],[-1,-1],[0,-1],[0,-2]],[[5898,9634],[1,0],[-1,0]],[[5898,9634],[-1,-1],[0,-1],[-1,0],[-1,-1],[0,-1],[-1,-3],[0,-1],[-1,-2],[0,-1],[0,-1],[-1,0],[0,-1],[-1,-2],[0,-1]],[[5891,9618],[-1,-1],[-2,-2],[0,0],[-2,0],[0,0],[-2,-1],[0,2],[-1,0],[-1,0],[-1,0],[-1,0],[-1,-1]],[[5903,9601],[-1,-1],[0,-2],[-2,-2],[-1,-2],[0,-2],[0,-1],[-1,-1],[-1,-1]],[[5897,9589],[-1,1],[-3,0],[-1,1]],[[5892,9591],[0,2],[0,1],[-3,0],[-1,1]],[[5888,9595],[0,3],[0,2],[1,1],[-3,1],[0,1],[-1,0],[-2,1],[0,1],[-4,2],[-1,0],[-2,0],[-1,1],[0,1],[0,0],[1,1],[1,0],[-2,0],[-2,0],[0,0],[1,2],[-1,1]],[[5891,9618],[2,-1],[1,1],[1,-2],[0,1],[1,0],[2,0],[0,0],[1,0],[0,-1],[1,-1],[0,0],[1,-1],[0,-1],[1,0],[0,-1],[1,-1],[1,-1],[1,1],[0,-2],[1,-1]],[[5906,9608],[-1,-4],[-1,-1],[-1,-1],[0,-1]],[[5938,9690],[1,1],[-1,2],[-1,1],[-1,-1],[-1,-1]],[[5935,9692],[-1,0],[-2,0],[-1,0],[-1,0]],[[5930,9692],[-1,0],[-4,4],[-4,0],[-1,1],[-1,0],[-2,0]],[[5917,9697],[-1,0],[0,3],[2,0],[1,-1],[1,1],[1,0],[0,1],[1,1],[0,1],[-1,1],[0,2],[-1,1],[-2,0],[0,0],[2,3]],[[5920,9710],[-1,1],[0,1],[0,2],[1,1],[1,1]],[[5921,9716],[1,-1],[0,1],[2,2],[2,-2],[1,1],[0,2],[2,-1],[0,-1],[1,0],[1,-1],[0,-2],[2,1],[1,-1],[1,-1],[1,0],[3,-1],[0,-1],[2,-2],[1,0],[2,0],[0,-1],[1,0],[2,0],[1,0],[2,0],[0,-2],[2,1],[0,0],[0,-1],[-2,-1],[-1,-2],[-1,-3],[-3,-4],[-2,-4],[0,-3],[-1,-2]],[[5942,9687],[-1,1],[-2,1],[-1,1]],[[5901,9687],[0,1]],[[5901,9688],[1,-1],[1,1],[1,1],[0,1]],[[5904,9690],[-1,0],[-1,1]],[[5902,9691],[1,1],[2,0],[0,-1],[2,-1],[1,1],[-1,1],[0,1],[1,1],[-2,0],[2,1],[0,-1],[1,-1],[0,0],[3,-1],[1,2],[1,1],[1,-1],[2,0],[0,1],[-1,1],[1,1]],[[5930,9692],[-1,-2],[3,0],[2,1],[-1,-3],[-1,0],[-2,0],[-1,0],[0,-2],[-1,-2],[-1,0],[0,1],[-1,-1],[-2,0],[-1,-1],[-3,-1],[-1,1],[-1,1],[-1,-2],[2,-2],[-1,0]],[[5918,9680],[-1,0],[-2,1],[-1,0],[-1,0],[-1,0],[1,-1],[0,-1],[-1,-1],[0,0],[-3,1]],[[5909,9679],[-1,-1]],[[5908,9678],[-1,0],[-2,0]],[[5905,9678],[0,1],[-1,-1],[-2,1]],[[5908,9639],[-1,0],[0,-1],[0,-2],[0,-1],[1,0],[1,0],[1,-1],[1,-1],[1,0]],[[5912,9633],[-2,-5],[0,-2],[1,-3],[0,-3],[1,-1],[-1,-2],[-1,0],[-2,-1],[-1,-1],[0,-2],[0,-1],[-1,-4]],[[5918,9680],[1,-1],[1,-1],[-1,-1],[1,-1],[0,-2],[1,0],[2,1],[0,0]],[[5923,9675],[-1,-1],[1,-1],[-1,-1],[0,-1],[1,0],[1,0],[2,-1],[1,-2]],[[5927,9668],[-3,-3],[-1,-1],[-3,-2],[-1,-2]],[[5919,9660],[-1,0],[0,1],[-2,0],[0,0]],[[5916,9661],[-1,0]],[[5915,9661],[0,2],[-2,0],[0,2],[0,0],[-1,-2],[-2,0]],[[5910,9663],[-3,2],[0,0]],[[5902,9718],[4,-1],[0,1],[1,0],[1,0],[2,0],[0,-1],[2,0],[1,0],[1,0],[0,2],[1,0],[1,1],[1,-1],[0,-1],[4,-1],[0,-1]],[[5902,9691],[0,0],[-2,0],[-1,-1],[-2,0]],[[5901,9688],[-1,0],[1,2],[1,0],[1,-1],[1,1]],[[5909,9658],[4,0],[0,0],[1,1],[0,1],[1,1]],[[5916,9661],[0,-1],[-1,-1],[0,-1],[-1,0],[-1,-2],[-2,-1],[-1,1],[-2,0]],[[5908,9656],[0,2],[1,0]],[[5942,9687],[0,-1],[-1,-2],[-2,-2],[-1,0],[-1,0],[-1,-1],[-1,0],[0,-2],[0,-1],[-1,0],[-2,0],[-1,0],[-1,-1],[0,-3],[0,-2],[-3,-4]],[[5908,9656],[-1,-1],[0,-1],[0,-1],[0,-1],[1,-1]],[[5908,9650],[2,0],[0,-1],[2,-1],[1,-2],[0,-1],[0,-1],[0,-1],[0,-1],[0,-1],[1,0]],[[5914,9641],[-1,-1],[0,-3],[0,-2],[-1,-2]],[[5919,9660],[-1,-2],[-1,-3],[-1,-2],[1,-4],[-1,-2],[1,-2],[0,-1],[-2,-2],[-1,-1]],[[5897,9589],[0,-1],[0,-3],[0,-1],[0,-3],[0,-1],[0,-2],[0,-2],[3,-3],[1,-1],[0,-2],[0,-1],[-1,-2],[-1,-1],[-1,-2],[0,-1],[0,-1],[0,-3],[-1,-1],[-1,-1],[-1,-1],[0,-1],[1,-3]],[[5896,9552],[-1,1],[-1,-3],[-1,1],[-2,0],[-3,-1],[-1,-1],[-1,0],[-2,1],[0,-1],[-2,1],[0,0],[-2,0]],[[5880,9550],[-3,0],[-1,0],[-1,0],[0,1],[1,2],[-1,0],[0,1],[1,2],[0,2],[-1,1]],[[5875,9559],[0,1],[1,1],[0,1]],[[5876,9562],[0,2],[1,2],[0,0],[0,2],[-1,1],[1,1],[0,1],[0,1],[0,2],[1,1]],[[5878,9575],[1,-1],[0,-1],[1,-1],[0,1],[3,-1],[0,-1],[1,0],[2,-1],[0,-1],[1,2],[1,1],[-2,1],[-1,0],[-1,1],[-1,1],[0,2],[2,0],[1,1],[2,0]],[[5888,9578],[0,1],[0,2],[-1,1],[0,1],[1,1],[0,1],[0,1],[2,0],[0,2],[2,0],[0,2],[0,1]],[[5856,9515],[0,1],[-1,1]],[[5855,9517],[-1,1]],[[5854,9518],[0,0],[-2,0],[-1,-1],[-1,0],[0,-1],[0,1],[-1,1]],[[5849,9518],[0,2],[0,1],[0,1],[1,2],[0,1],[1,0],[0,1],[1,2],[-1,0],[1,1],[-1,1]],[[5851,9530],[0,2]],[[5851,9532],[0,2],[0,1],[-1,1],[0,2],[-2,0],[-2,1],[-3,2],[0,0],[-1,0]],[[5842,9541],[-2,1]],[[5840,9542],[-1,0],[-2,1],[-1,1],[0,1],[-1,1],[0,1],[0,1]],[[5835,9548],[1,0],[1,1],[2,1]],[[5839,9550],[1,2],[1,0]],[[5841,9552],[1,0],[1,0],[2,0],[0,-1],[2,0]],[[5847,9551],[0,-1],[2,-1],[0,-1],[1,0],[1,-1],[-2,0],[0,-1],[0,-1],[1,-1],[0,-2],[1,-1],[2,-1],[1,0],[1,0],[1,0],[3,-1]],[[5859,9539],[2,-1],[1,-1],[1,-2],[1,1]],[[5864,9536],[0,-1],[0,-1],[1,-1],[1,0],[-1,-1],[1,-1]],[[5866,9531],[-1,-2]],[[5865,9529],[-1,-2],[1,-2],[-1,-1],[-1,-1],[1,-2],[-1,-1],[-1,0],[1,-1],[-2,-1],[1,-1],[2,0],[0,-1],[0,-1],[1,-1],[0,-1],[1,0]],[[5866,9513],[0,-2]],[[5866,9511],[-1,-3],[1,-1],[0,0],[1,0],[0,-1],[1,-1],[-1,-1],[-2,-1]],[[5865,9503],[0,0],[-3,-1],[-1,1],[-2,1]],[[5859,9504],[1,1],[0,2],[0,1],[-1,1]],[[5859,9509],[-1,1],[-1,1]],[[5857,9511],[0,1],[0,1],[-1,1],[0,1]],[[5866,9531],[2,0],[0,-1],[1,1],[-1,1],[0,1],[1,0],[1,2],[0,-1],[2,0]],[[5872,9534],[1,0],[0,-2],[-1,-1],[0,-1],[1,-2],[1,0],[1,-1],[0,-2],[2,-2],[-1,-1],[1,-2]],[[5877,9520],[1,0],[1,0],[1,-1],[1,0],[0,0],[1,-1],[0,-1],[1,-1]],[[5883,9516],[0,-1],[-2,-2],[0,-1],[1,-1],[2,0],[0,-1],[1,-1],[-1,-1],[0,-1],[1,0],[1,-2],[-1,0],[0,-1]],[[5885,9504],[-1,-3],[1,1],[2,-2],[-1,-1],[-1,-1],[-1,-2],[-2,-1],[-1,-1],[-4,1],[0,1],[-1,0],[-2,-1],[-1,0],[-1,0],[-1,-1],[-1,-1],[-2,1],[0,1],[0,1],[-2,-1],[-3,1],[0,2],[0,1],[1,3],[1,1]],[[5888,9595],[-1,0],[-1,3],[-1,0],[0,-1],[-2,0],[-1,0],[-1,0],[0,-1],[1,-1],[-1,-1]],[[5881,9594],[-1,0],[-1,-3],[0,-1],[-1,0]],[[5878,9590],[-2,0],[0,-1]],[[5876,9589],[-1,0],[-1,0],[0,-1],[-1,-1],[0,-1]],[[5873,9586],[-1,0],[0,1],[-2,0],[0,1],[-2,-1],[-1,-1],[-1,0],[-1,-1],[0,-1],[-1,1],[-1,-1],[-1,0],[-1,0],[-2,0],[-1,1],[-1,2],[-2,1]],[[5855,9588],[0,2],[0,1],[-1,0],[-1,1],[1,2],[1,2],[0,0],[0,1]],[[5855,9597],[2,3],[0,1],[1,1],[1,2],[0,1],[0,1],[0,1],[2,2],[1,1]],[[5862,9610],[0,1],[0,1],[1,1],[0,1],[2,1],[0,1]],[[5878,9575],[0,1],[0,1],[0,1],[0,1]],[[5878,9579],[2,0],[1,0],[1,1],[0,1],[-1,1],[0,3],[1,1],[0,2],[0,0],[1,2],[0,1],[1,0],[1,1],[1,0],[1,-1],[1,2],[0,1],[0,1]],[[5881,9594],[0,-2],[0,-1],[0,-1],[-1,-1],[-2,0],[0,1]],[[5841,9552],[0,1],[-1,1],[0,1],[-1,2],[0,1],[2,1],[0,0],[1,1],[0,1],[-1,1]],[[5841,9562],[1,1],[-1,2],[1,1],[0,1],[0,2],[1,1],[0,2],[0,1],[1,0],[1,0],[1,1],[1,0]],[[5847,9574],[-1,-1],[0,-2],[1,-1],[1,-2],[1,-1],[2,-1]],[[5851,9566],[0,-1],[1,-1],[-1,-2],[1,-1],[2,0],[0,-1],[1,0],[1,0],[1,-1],[-1,0],[1,-1],[2,-1],[0,-2],[0,0],[0,-2],[2,1],[1,0],[1,-1],[1,-1]],[[5864,9552],[2,-1],[1,-2]],[[5867,9549],[0,-1],[-2,-1],[0,-1],[1,-3],[0,-1]],[[5866,9542],[-1,0],[0,-1],[-1,0],[0,-1],[0,-1],[0,-1],[2,-2],[-2,0]],[[5893,9522],[0,1],[0,1],[-1,1],[1,1]],[[5893,9526],[1,-2],[2,-1],[0,-1],[1,-2],[1,-1],[1,-2],[-1,-2],[0,-1],[-1,0],[-1,1],[-1,-1],[0,-1],[-2,-2],[-1,-1],[-1,0]],[[5891,9510],[0,-1],[0,-1],[1,0],[0,1],[1,-1],[0,-2],[-2,0],[-1,1],[1,-1],[0,-1],[1,-2],[-1,0],[-1,-2],[-2,0],[-1,1],[0,0],[-2,2]],[[5883,9516],[1,1],[1,0],[1,1],[1,1]],[[5887,9519],[1,1],[2,1],[1,1],[2,0]],[[5878,9545],[0,1],[2,1],[0,-1],[0,3],[0,1]],[[5896,9552],[0,-1],[-1,-2],[0,-2],[-1,-1],[-1,-3],[0,-2],[1,-2],[1,-2],[0,-2],[-1,-1],[-2,-2]],[[5892,9532],[0,0],[-2,0],[-2,0],[0,1],[-4,0],[-1,0],[-1,2],[0,1],[-2,-1],[-1,-1]],[[5879,9534],[-1,0],[-1,1]],[[5877,9535],[1,1],[0,1],[1,2],[0,1]],[[5879,9540],[1,0],[1,1],[1,1],[-2,-1],[-1,1],[-1,1],[0,2]],[[5872,9534],[1,2]],[[5873,9536],[1,-1],[2,1],[0,-1],[1,0]],[[5892,9532],[0,-1],[0,-2],[0,-2],[1,-1]],[[5870,9563],[1,0],[0,-1],[1,-1],[1,1],[2,0],[1,0]],[[5875,9559],[-1,-1],[-1,-1],[0,-1],[-2,-1],[-1,1],[-1,-1],[0,-2],[-1,0]],[[5868,9553],[-1,0],[-3,0],[0,-1]],[[5851,9566],[2,0],[2,0],[0,2],[3,2],[1,0]],[[5859,9570],[1,0],[1,0],[1,-2],[1,-1],[2,-1],[1,-1],[0,1],[1,0],[2,-1],[1,-1],[0,-1]],[[5878,9545],[-2,0],[-1,0],[-3,-1],[-2,0],[0,-1],[0,0],[0,-2],[-2,0],[-2,1]],[[5873,9586],[1,-1],[2,0]],[[5876,9585],[0,-2],[-1,0],[1,-1],[0,-1],[1,-1],[1,0],[0,-1]],[[5847,9574],[0,2],[1,0],[2,2],[-1,1]],[[5849,9579],[1,1],[1,2],[0,1],[0,1],[2,0],[1,3],[0,1],[1,0]],[[5876,9585],[0,2],[0,2]],[[5878,9545],[-1,-2]],[[5877,9543],[-1,-1],[-1,0],[0,-2],[-1,-1],[-1,0],[-1,-1],[0,0],[1,-1],[0,-1]],[[5879,9540],[-1,0],[-1,1],[0,2]],[[5623,9287],[0,2],[1,-1],[1,0],[1,1],[0,1],[0,1],[2,2],[0,1],[1,2],[0,1],[0,2],[1,1],[-1,1],[2,1],[-1,1],[1,2],[2,-1],[1,0],[0,0],[1,0],[-1,1],[1,2],[2,0],[0,-1],[2,0]],[[5639,9306],[0,-1],[0,-1],[-2,-2],[0,-2],[1,1],[1,-2],[1,-2],[0,0]],[[5640,9297],[-1,0],[-1,0],[-2,1],[-1,-1],[-2,-2],[1,0],[-2,-1],[1,0],[0,-1],[1,-1]],[[5634,9292],[0,-1],[0,-1],[0,-1],[0,-1],[1,-3],[2,-1],[1,0],[3,-1],[0,-1],[1,1],[1,-3],[-1,0],[-2,-2],[0,-1],[1,-1]],[[5641,9276],[-1,-2],[-1,0],[-2,-2],[-1,0],[-2,0],[-2,1],[-1,1],[0,0]],[[5631,9274],[-1,0],[-1,-1],[0,0],[-2,1],[-1,1]],[[5626,9327],[0,1],[1,1],[-1,2]],[[5626,9331],[0,2],[1,1],[0,1],[0,1],[1,1],[0,1],[1,0],[0,1]],[[5629,9339],[1,-1],[1,-1],[1,1],[1,-2],[1,0],[1,1],[1,-3],[1,0],[2,0],[1,1],[0,1],[1,2],[1,-1]],[[5642,9337],[0,-2],[1,-1],[1,0],[2,0]],[[5646,9334],[1,-2],[1,0],[-1,-1],[-1,0],[0,-2],[-1,0],[0,-1],[0,-2],[1,-2],[0,0],[0,-1]],[[5646,9323],[-1,-1]],[[5645,9322],[-2,0],[-1,1],[-1,3],[-1,0],[-2,-1],[-1,0],[-2,0],[0,0],[-1,-1],[1,0],[1,-2],[1,-1],[-1,-2],[0,-2],[0,-1],[2,-2]],[[5638,9314],[0,-2],[1,-1],[0,-1],[1,0],[0,-1]],[[5640,9309],[-1,-3]],[[5683,9271],[0,-2],[0,-1],[0,-1]],[[5683,9267],[0,-1],[0,-1],[-2,0],[0,-1],[1,-1],[-2,0],[-2,-1],[-2,-2],[0,-2],[1,0],[1,-1],[0,-2],[-1,-1],[0,-2],[-1,1],[0,-1],[0,-1],[0,-2],[-1,0],[0,-1]],[[5675,9248],[-4,2],[0,-2],[-2,0],[0,2],[0,1],[-3,-1],[0,-3],[0,0],[-2,-1],[-1,0],[0,2],[-1,-1],[0,-1]],[[5662,9246],[0,-1],[-1,-2],[-1,-2],[-1,-1]],[[5662,9238],[-2,-2],[-2,0],[0,1],[0,2],[-1,-1],[-1,1],[-1,-1],[-1,0],[0,2],[3,1],[0,1],[1,1]],[[5658,9243],[1,0],[0,1],[1,0],[2,2]],[[5662,9246],[-1,1],[-2,0],[0,1],[-1,1]],[[5658,9249],[1,0],[1,2],[0,1],[-1,1],[0,1],[-1,0],[0,3],[1,1],[1,1],[-1,1],[-1,-1],[-2,0],[0,0],[-1,2],[-1,-1],[-1,1],[1,2],[0,0],[-1,1]],[[5653,9264],[1,1],[0,1],[-2,0],[0,2]],[[5652,9268],[1,1],[-1,2],[0,2],[2,0],[1,0],[0,1],[1,1],[0,1],[0,3],[0,0],[0,1],[1,0],[0,-2],[1,-2],[1,0],[1,1],[0,2],[0,2],[1,2],[-2,0],[-1,0],[-1,0],[-1,1],[0,1]],[[5656,9285],[1,1],[1,2]],[[5649,9287],[1,0],[0,-1],[0,-2],[1,0],[-1,-3],[2,0],[0,-1],[0,-1],[-1,0],[-1,-2]],[[5650,9277],[-1,0],[-2,-1],[-1,-1],[-2,1],[0,-1],[-1,0],[-2,1]],[[5640,9297],[1,-1],[1,0],[1,0],[2,0],[1,0],[0,1],[1,-1],[0,-2],[1,0],[1,0],[2,-1]],[[5651,9293],[-1,-2],[0,-1]],[[5650,9290],[-1,-2],[0,-1]],[[5652,9268],[-1,0],[-2,0]],[[5649,9268],[0,1],[-2,1],[0,2],[0,1],[1,0],[1,0],[1,1],[1,1],[-1,2]],[[5651,9293],[1,1],[1,-2],[2,0],[0,0],[1,1]],[[5656,9293],[1,-1]],[[5642,9239],[0,0],[0,2],[1,1]],[[5643,9242],[1,1],[1,1],[0,1],[0,1],[0,1],[1,1],[3,1],[0,1],[0,2],[2,1]],[[5651,9253],[0,1],[1,1],[1,1],[1,-1],[1,-1],[0,-1],[0,-1]],[[5655,9252],[-1,1],[0,-1],[-2,-1],[0,-1],[1,-2],[0,-3],[1,0],[1,0],[1,-2],[2,0]],[[5649,9268],[-1,-2],[-1,-1],[-1,-1],[0,-1]],[[5646,9263],[-1,0],[0,-2],[-1,-2],[-3,-1],[1,0],[-1,-1],[0,-1],[-1,-1],[-1,0],[-1,1],[-1,0],[0,-1],[-1,-1],[-2,1],[0,1],[-1,-1],[-1,0],[-1,-1],[-1,0],[-1,1],[-2,0],[0,-1],[-2,0]],[[5657,9308],[-2,1],[-2,-1],[1,-1],[-1,0],[0,-1],[-2,-1],[-1,2],[0,1],[-2,0],[0,-1],[-2,-1],[-3,2],[0,1],[-1,0],[-1,-1],[-1,1]],[[5646,9334],[0,0],[0,2],[0,1],[1,0],[0,2],[2,0],[1,-1],[1,1],[1,0],[0,-1],[1,-2],[1,-1],[-1,-1]],[[5653,9334],[-1,0],[0,0],[-1,0],[0,-1],[0,-1],[1,-1],[1,1],[0,-1],[1,0],[2,-2],[-1,-1],[-1,0],[0,0],[2,-2],[-1,0],[-1,-2],[1,-2],[0,0],[2,-1],[1,0],[1,0],[1,0]],[[5657,9297],[-1,0],[-2,0],[-1,0],[0,-2],[0,-1],[3,0],[1,0],[-1,-1]],[[5653,9264],[-1,0],[-1,-1],[-2,0],[0,-1],[-1,0],[1,0],[1,0],[2,-1],[1,-1],[-3,-2],[0,0],[-1,0],[-1,-2]],[[5648,9256],[1,-3],[2,0]],[[5658,9249],[0,-2],[-1,0],[0,2],[0,1],[-1,1],[0,1],[-1,0]],[[5675,9248],[1,-2],[0,-1],[1,-1]],[[5784,9564],[2,1],[1,1],[1,1],[1,-1],[2,0],[1,1],[0,0],[2,1],[4,-2],[0,-1]],[[5798,9565],[-1,-1],[-2,0],[-1,-2],[1,0],[0,-1],[-1,-2],[0,-1],[0,-1],[0,-1],[1,-2],[1,-1],[-1,-1]],[[5795,9552],[-2,-2],[-1,0],[-1,0],[-2,-1]],[[5789,9549],[-1,0],[0,0],[0,-1],[-1,-1],[1,-1],[2,-2],[0,-1]],[[5790,9543],[1,0],[0,-1],[0,-2]],[[5791,9540],[-1,-2],[-1,0]],[[5789,9538],[-1,0],[0,-2],[-1,0],[1,-2],[-1,-1],[-1,0]],[[5786,9533],[-1,1],[-1,0],[-1,3],[-1,1]],[[5782,9538],[0,-1],[-1,-1],[-1,0],[0,-1],[-1,-1]],[[5779,9534],[0,1],[0,3],[0,1],[1,0],[-1,2],[0,2],[1,1],[1,1],[-1,0],[-2,0],[0,1]],[[5778,9546],[1,1],[0,1],[1,0],[0,2],[0,0],[1,0],[1,0]],[[5782,9550],[1,1],[-1,1],[2,2],[-1,0],[0,2]],[[5783,9556],[0,1],[1,0],[2,3],[1,2],[-1,1],[-2,1]],[[5753,9563],[1,0],[0,1],[1,1],[0,0],[1,1],[0,3],[1,0],[1,1],[1,0],[0,-1],[1,-1],[-2,-2],[-1,-2],[2,0],[0,0],[2,2],[0,1],[2,0],[0,0],[1,2],[1,0],[0,1],[0,2],[2,1],[2,2],[1,0],[1,0],[1,0],[1,0],[1,1]],[[5774,9576],[1,-1],[1,0],[0,-1],[0,-2],[1,-1],[0,0],[0,-2],[-1,0],[0,-1]],[[5776,9568],[-1,0],[-1,-1],[1,-1],[-1,-2],[-1,-1],[0,-1],[0,-2],[-1,-1],[-1,0],[-1,0],[0,-1],[-3,1],[-1,-1],[0,-1],[-1,0],[-1,-1],[0,-1],[0,-1],[-1,-1],[0,-1]],[[5763,9552],[-1,-2],[0,0],[-1,1],[-1,-1],[-1,0],[0,-2],[1,0],[2,0],[0,-2]],[[5762,9546],[2,-3],[0,-2],[0,-1],[2,0],[0,-2],[0,-1],[-1,-1],[0,-2],[-3,-1],[0,-1]],[[5762,9532],[-1,1],[-2,1],[-1,-1],[1,0],[1,0],[-1,-2],[0,-2],[-3,2],[0,-2],[0,-1],[0,-1],[-1,-2],[-2,-1],[-1,1]],[[5752,9525],[-1,0],[0,3],[0,1],[-1,-1],[-2,0],[-1,1],[-1,-1],[-1,1],[-1,0],[-2,1],[-1,-3],[0,0],[-1,-1],[-1,1],[-1,-1],[0,2],[0,1],[-1,1]],[[5752,9525],[0,-1],[0,-2],[1,0],[1,-1],[1,0],[1,1],[0,-1],[-1,-1],[-3,-2],[0,-3],[-1,0],[0,1],[-1,1],[-1,0],[0,0],[0,-1],[0,-1],[-2,-1],[-1,-1],[-1,0],[-1,2],[-1,0],[0,-1],[-1,-2],[-1,0],[1,-2],[0,-2],[-1,0],[0,1],[-1,1],[-1,0],[-1,-2],[1,-1],[-2,0],[0,1],[-1,1],[-2,0],[0,-1],[0,-1],[0,-2],[0,-2],[1,-1],[0,-1],[0,-1]],[[5735,9500],[-1,-1],[-2,-1],[0,1],[-2,0],[-1,2],[-1,-1],[-1,1],[-2,-1],[0,0],[-1,0],[-1,1],[-2,-4],[-1,0],[1,-2],[0,0],[-1,-2],[0,0],[0,-2],[0,1],[-1,1],[-3,-2]],[[5796,9531],[0,-1],[-1,1],[0,-1],[-1,-2],[-1,0],[-2,-1],[0,0],[0,-4]],[[5791,9523],[-1,2],[0,-1],[-1,1],[0,2],[0,1],[-1,0],[-1,0],[-2,-1]],[[5785,9527],[-1,2],[0,1],[0,1],[2,1],[0,1]],[[5789,9538],[1,0],[1,-1],[1,1],[2,-1],[0,-1],[-1,-1]],[[5793,9535],[1,1],[1,0],[1,1],[1,-2],[1,0],[0,1],[1,2],[1,0],[1,0],[-1,2],[2,1]],[[5802,9541],[0,-1],[1,0],[0,-1],[1,0],[0,-1],[1,-1],[1,0],[2,1],[1,-1],[1,-1],[1,0],[1,-1]],[[5812,9535],[1,-1],[1,1],[1,0],[0,0],[1,1],[2,1],[1,0],[1,0],[2,0]],[[5822,9537],[0,-1],[-1,-1],[-2,-1],[0,-1],[0,-2],[-1,-1],[-1,0]],[[5817,9530],[-1,1],[-1,-1],[-1,1],[-1,0],[-1,1],[-1,-1],[-1,1]],[[5810,9532],[-2,-1],[0,-1]],[[5808,9530],[-1,1],[0,2],[-1,0],[0,1],[-2,1],[0,-1],[-1,-2],[-1,-1],[1,-1]],[[5803,9530],[-1,-1],[-3,1],[-2,1],[0,-1],[-1,1]],[[5794,9506],[0,1],[0,-1],[-1,1],[-2,2],[0,1],[-2,0],[-1,-2],[0,1],[-1,0],[-1,1],[0,1],[1,1],[-1,1],[-1,0],[-1,-1],[0,0],[-2,-1],[-1,0],[0,1],[-1,-1],[-2,0],[0,-1],[-2,1],[0,1],[-1,2],[-2,0]],[[5773,9514],[3,1],[1,2]],[[5777,9517],[1,0],[2,-1],[0,-1],[1,-1],[0,-1],[2,-1],[0,4],[-2,0],[0,1],[-1,2],[-1,1],[2,1],[1,0],[1,2],[1,-1],[1,1],[0,2],[0,1],[0,1]],[[5791,9523],[2,1],[0,-1],[1,0],[2,-1],[0,-2],[1,-1],[1,-1],[2,0]],[[5800,9518],[2,0],[0,2],[1,1],[1,-1],[1,-1],[1,3],[0,1],[1,-1],[0,-1],[1,0],[0,-1],[1,-1],[1,-1],[1,1],[0,-1],[1,0],[2,-1]],[[5814,9517],[1,-2],[-1,-1],[1,-2],[-1,0],[1,-2],[0,-1]],[[5795,9552],[1,-1],[1,0],[1,2],[1,1],[0,1]],[[5799,9555],[1,-3],[1,-1],[0,-1],[0,-1],[1,-1],[0,-1],[0,-1],[-1,-1],[1,-1],[-1,-1],[0,-1],[1,-1]],[[5827,9544],[-1,-2],[-1,0],[0,-1]],[[5825,9541],[-1,-2],[-2,-1],[0,-1],[0,0]],[[5799,9555],[2,1],[1,1],[2,0]],[[5804,9557],[2,2],[1,0],[2,0],[0,1],[1,1],[1,1]],[[5811,9562],[0,1],[2,2],[1,0]],[[5814,9565],[1,-1],[1,-1],[1,-1],[1,0],[-1,-2],[1,0],[2,-2],[2,-1]],[[5822,9557],[1,0],[1,-1],[2,-2]],[[5826,9554],[0,0],[2,-1],[0,0],[2,-1],[0,-1],[0,-1],[0,-1]],[[5830,9549],[1,-1],[-1,-2],[-1,0],[-1,-1],[0,-1],[-1,0]],[[5779,9534],[1,0],[-1,-1],[2,0],[0,-3],[-1,-1],[-1,-1],[0,1],[-1,-1]],[[5778,9528],[0,0],[-2,0],[-1,1],[-1,1]],[[5774,9530],[-1,-1],[-1,-1],[-1,0],[0,-1],[0,-1],[0,-1],[-1,1]],[[5770,9526],[0,-1],[-2,-1],[-1,0],[0,-1]],[[5767,9523],[-1,0],[0,1],[0,1],[-1,0],[0,1],[-1,1],[0,1],[0,1],[-2,2],[0,1]],[[5776,9568],[1,-1],[0,-1],[2,1],[2,-1],[0,-1],[0,-2]],[[5781,9563],[1,1],[1,0],[1,1],[0,-1]],[[5803,9530],[1,-2],[0,0],[1,-1],[0,-1],[1,0],[0,-2],[1,0],[1,-1],[0,1],[-1,1],[0,1],[0,0],[1,2],[0,2]],[[5817,9530],[0,-1],[-2,-1],[0,-1],[-1,0],[1,-1],[0,-1],[1,-1],[1,0],[-1,-1]],[[5816,9523],[1,0],[-1,0]],[[5816,9523],[0,-1],[2,-1],[-2,0],[0,-2],[0,-1],[-2,-1]],[[5735,9500],[1,0],[0,-1],[2,0],[0,-1],[1,2],[1,1],[0,0],[2,3]],[[5742,9504],[1,-2],[1,1],[1,-1],[-1,-1],[0,-2],[1,1],[1,0],[1,-1]],[[5747,9499],[-1,-1],[-1,-1],[-2,-2],[-1,0]],[[5742,9495],[-1,-2],[0,-1],[-1,0],[0,0],[0,-2],[0,-1],[-1,-1],[-1,0],[-1,0],[1,-1],[-1,-1],[0,1],[-1,-1],[-1,0],[-2,-1]],[[5733,9485],[0,2],[-2,-1],[-1,0],[0,1],[-1,-2],[-2,1],[-1,-1],[-1,0],[0,-1],[-1,0],[-1,1],[-1,-1],[-2,0]],[[5773,9514],[0,-1]],[[5773,9513],[-1,1],[-2,-1],[-1,1]],[[5769,9514],[0,1],[-1,2],[-1,0],[1,2],[-1,0],[0,1],[0,1],[1,0],[0,1],[-1,1]],[[5778,9528],[0,-1],[0,-2],[-1,0]],[[5777,9525],[-1,-1],[-1,-1],[-1,0],[1,-1],[0,-1],[0,-1],[1,0]],[[5776,9520],[0,-3],[1,0]],[[5773,9513],[0,-1],[0,-1],[-1,-1],[-1,-1],[-1,0],[0,-1],[0,-1],[0,-2],[-1,-1]],[[5769,9504],[-1,0],[-2,1],[-1,-1],[-2,0],[-1,1],[-1,-2],[0,-1],[-2,-4],[0,-1]],[[5759,9497],[-1,-1],[2,-1],[-1,0],[1,-2],[-1,-2]],[[5759,9491],[-2,-1],[-1,1],[0,-1],[-1,0],[-1,1],[0,1]],[[5754,9492],[1,2],[-1,2],[-2,2],[0,0],[-2,1],[-1,0],[-1,1],[-1,-1]],[[5759,9491],[0,-1],[-1,-2],[0,-1],[1,-1],[0,-2],[-1,-2]],[[5816,9523],[2,0],[0,1],[1,1],[0,1],[2,1],[1,0],[2,0],[-1,-1],[1,0],[0,-1],[1,-1],[0,-1],[0,0],[-1,-2],[-1,0],[-1,-1],[-1,0]],[[5821,9520],[2,-2],[1,-1],[0,1],[2,-2],[0,0]],[[5826,9516],[-1,-1],[-1,0],[1,-1],[0,-2]],[[5827,9511],[0,1],[2,-1],[0,-2]],[[5831,9513],[-1,1],[-1,0],[1,1],[0,2]],[[5830,9517],[-2,0],[-1,0],[0,-1],[-1,0]],[[5830,9549],[3,-2]],[[5833,9547],[-1,-3],[-2,-1],[-1,-2],[-1,-1],[0,-2],[0,-1],[0,-1],[-1,-1],[1,-1],[1,-1],[0,-1],[0,-1],[0,-1]],[[5829,9530],[0,-2],[0,-1],[1,-2],[0,-1]],[[5830,9524],[1,0],[0,-2],[-1,-1]],[[5830,9521],[-1,-1],[1,-2]],[[5830,9518],[1,0],[-1,-1]],[[5830,9517],[1,-1],[0,0],[2,-2]],[[5833,9514],[-1,-1],[0,0]],[[5776,9520],[1,0],[1,0],[0,3],[-1,2]],[[5798,9565],[2,0],[0,-1],[2,-3],[0,-1],[2,-3]],[[5676,9368],[0,1],[1,1],[0,1],[-1,1],[0,1],[0,0],[-1,1],[0,1],[-1,1],[-1,1],[0,1],[0,1]],[[5673,9379],[-1,0],[1,2],[1,2],[0,1],[0,3]],[[5674,9387],[1,0],[1,0],[1,-1],[0,-1],[3,0],[0,1],[0,1],[1,1]],[[5681,9388],[1,-1],[2,0],[1,0],[0,-2],[1,0],[1,2],[0,1],[2,-1],[0,-1],[0,-2],[0,-1],[1,-1],[0,-1],[1,0],[1,0],[0,-1],[0,0],[0,-2],[0,0],[0,-1],[1,-1],[2,-1],[1,-1],[1,2],[0,0],[1,3],[1,-2],[0,0],[2,-1],[0,-1],[1,0],[1,0],[0,0],[1,-1],[2,0],[0,-1],[1,2],[0,1],[1,0],[1,3],[0,1],[0,1]],[[5709,9381],[3,0]],[[5685,9402],[0,-1],[3,-1],[-1,-2],[1,-1]],[[5688,9397],[-1,0],[-1,-2],[-1,0],[-1,2],[-1,1],[-1,-1],[-2,-1],[0,0],[1,-1],[0,-2]],[[5681,9393],[0,-3],[0,-2]],[[5674,9387],[0,2],[-1,3]],[[5673,9392],[0,1],[0,2],[-1,0],[-2,2],[2,1],[0,0],[0,2],[-1,1],[0,1],[-1,1],[1,1],[0,2],[-1,-1],[0,1],[-1,-1],[-1,1]],[[5668,9406],[0,1]],[[5668,9407],[1,1],[1,-1]],[[5670,9407],[1,1],[2,2],[1,1],[1,-1],[-1,-1],[1,-1],[1,0],[1,-1],[0,2],[0,1],[2,-2],[1,2],[1,0],[1,1],[1,2],[1,0],[1,0],[1,0]],[[5686,9413],[1,-1],[0,-1],[0,-1],[0,-2],[2,-1],[1,0],[-2,-1],[-1,-1],[-2,1],[-1,-2],[1,-1],[0,-1]],[[5696,9432],[0,-1],[1,-2],[0,-1],[1,0],[0,-2],[0,-1],[-1,0],[0,-1],[-1,-1],[-2,3],[-2,-1],[0,0],[-1,-2],[0,-1],[0,-1],[-1,-2],[0,-1],[1,0],[0,-1],[-1,-2],[1,-1],[0,-1],[-2,0],[-1,0],[-1,0],[-1,0]],[[5670,9407],[0,2],[0,1],[0,1],[-1,2],[-1,1],[1,0],[-1,1],[1,1],[-2,2],[-1,0],[0,-2],[-1,-2],[0,0],[-1,1],[-1,1]],[[5663,9416],[0,2],[0,1],[0,1],[0,2],[0,0],[-1,2],[0,1]],[[5663,9416],[0,-1],[0,0],[-1,-1],[-1,-1],[0,-1],[0,-1]],[[5661,9411],[-2,0],[-2,1],[0,1],[-1,0],[0,3],[-1,-1],[-1,0],[-2,-2],[0,-1],[-1,-1],[-2,-1],[0,-1],[-1,-1],[-2,0],[0,-1],[0,-1],[-1,-1],[-4,-2]],[[5641,9403],[-1,1],[0,1],[-1,0]],[[5639,9405],[1,0],[-1,1],[-1,2],[0,1],[-2,0],[1,1],[0,0],[2,2],[1,1],[0,1],[-1,1],[0,2],[-2,0]],[[5637,9417],[1,0],[1,1],[0,1],[-2,1],[1,1],[1,1],[0,0]],[[5639,9422],[2,-1],[0,0],[2,1],[1,2],[1,-1],[1,0],[1,0]],[[5647,9423],[-2,1],[0,2],[0,1]],[[5598,9323],[0,1],[1,1],[0,1],[-3,2],[1,0],[0,1],[1,0],[0,1],[2,0],[0,1],[1,0],[0,1],[-1,0],[-1,1],[-1,1],[0,1],[1,1],[0,1]],[[5599,9337],[1,0],[0,3],[2,1],[0,1],[0,0],[0,1],[-1,3]],[[5601,9346],[1,1],[3,-2],[2,2],[1,-1],[1,0]],[[5609,9346],[0,0],[1,-1],[1,-1],[0,0],[1,0],[1,0],[1,-1],[2,0],[0,1],[1,0],[1,1],[1,-1],[1,-2],[1,0],[0,0],[1,0],[2,3],[0,-1],[1,1]],[[5625,9345],[2,-3],[0,-1],[0,-1],[1,0],[2,0],[-1,-1]],[[5656,9360],[0,-1],[-2,-1],[0,-1],[0,-1],[0,0],[-2,-2],[0,-1],[0,-2],[0,-1],[-1,-1],[0,2],[-2,1]],[[5649,9352],[0,-2],[0,-1]],[[5649,9349],[-1,0],[-1,1],[0,-1],[-1,0],[-1,-1],[0,1],[-1,-1],[-2,2],[0,-1],[-1,1],[-1,1],[-1,1],[-1,-1],[-1,0],[0,1],[-1,1],[-2,1]],[[5634,9354],[0,2],[0,0],[1,2],[1,2],[-2,1],[-1,1],[1,3],[0,1],[-1,0],[-1,1],[-1,-3],[-1,1],[0,1],[-2,2],[0,1],[0,0],[0,1],[0,1],[0,1],[2,2],[1,1],[2,-1],[0,-1],[1,0],[1,1],[0,0],[1,2],[1,0],[0,2],[-1,0]],[[5636,9378],[1,1],[1,-1],[1,-1],[-1,-1],[2,0],[0,-1],[1,0],[0,3]],[[5641,9378],[0,2],[1,0],[-1,1],[0,1],[1,0],[0,2],[0,1],[1,-1],[1,1]],[[5644,9385],[1,-1],[0,-1],[1,-2],[1,0],[0,1],[1,1],[0,1],[1,0],[1,0],[1,-1],[0,-2],[-1,-1],[1,-1],[1,-1],[1,0]],[[5653,9378],[1,-1],[1,-1],[2,-1],[0,1],[1,-1],[1,-2],[-1,-1]],[[5658,9372],[0,-1]],[[5658,9371],[1,-1],[0,-1],[0,-1],[-1,0],[0,-2],[0,-1]],[[5658,9365],[0,-1],[0,-2],[-1,-1],[0,0],[-1,-1]],[[5639,9422],[1,1],[-1,1],[-1,0],[-1,0],[0,0],[-1,-1],[-1,1],[0,-1],[-1,0],[-1,2],[0,1],[0,1],[1,2],[1,0],[-3,0],[-1,0],[-2,1],[-3,-1],[-1,0]],[[5625,9429],[-1,0],[0,1],[-1,1],[-2,1],[1,1],[0,1],[-2,0],[-1,-2],[0,0],[-1,0],[-1,0],[-1,0],[-1,0],[-2,0],[2,-1],[0,-2],[0,-1],[0,-1]],[[5615,9427],[-2,-1],[-1,0],[-1,0],[-1,1],[0,1],[-1,1],[0,2],[0,1],[0,1],[-2,1],[-1,0],[-2,2],[-1,0],[-1,-1],[-1,0],[-1,-1],[-2,2],[-2,-1]],[[5615,9427],[1,-3],[0,-1],[0,-1]],[[5616,9422],[1,2],[1,0],[1,0],[1,0],[1,-2],[1,0],[0,-2],[1,-1],[1,1],[-1,1],[1,3],[0,1],[-1,1],[0,2],[2,1]],[[5637,9417],[-1,-1],[-2,1],[-1,0],[-1,0],[0,1],[-1,1],[-1,-1],[0,-2],[-1,-2],[-1,1],[0,-1],[-1,-1],[-1,-2],[1,0]],[[5627,9411],[-1,-3]],[[5626,9408],[-1,0],[-1,-1],[1,-2],[0,-1]],[[5625,9404],[-2,-1],[0,-1],[0,0],[-1,-1],[0,-2],[1,-1]],[[5623,9398],[-1,0],[-2,0],[-1,1],[-1,0],[-1,2],[-1,1],[-1,0],[-1,-1],[1,-2],[0,-2],[-1,-1],[-1,-2],[0,-1]],[[5613,9393],[-2,-1]],[[5611,9392],[-1,1],[0,1],[-1,1],[-1,0],[-1,0],[0,2],[-1,1],[-1,-1],[0,-1],[-1,1],[0,3],[0,1],[-1,2],[-1,0],[1,1],[-2,0],[-1,0],[-1,-1],[-2,1]],[[5593,9356],[2,0],[0,-2],[1,1],[3,1],[0,0],[0,2],[-2,0],[-1,1],[0,1],[-1,4],[2,0],[2,-2],[1,1],[0,1],[1,1],[0,1]],[[5601,9366],[2,-1],[0,1],[4,-1],[0,1],[1,2],[1,0],[0,-2],[0,-2],[0,-1],[-1,-1],[2,-1],[1,-1],[-1,-1],[-1,0],[1,-1],[1,-1],[0,-1],[-1,-1],[-1,1],[-1,-1],[0,-2],[1,-1],[0,-1],[1,-1],[-2,-1],[1,-1],[0,-2]],[[5709,9381],[-1,1],[0,2],[-1,1],[1,0],[0,1],[1,1],[1,1],[-1,2],[-1,1],[-1,0],[-1,1],[0,1],[-1,2],[-2,0],[-1,1],[0,-1],[-1,0],[-1,0],[0,1],[-2,1],[0,-1],[-1,0],[-1,0],[0,2],[-1,1],[-1,1],[-2,-1],[0,-1],[0,-1],[-1,-1],[-1,0],[0,1],[-1,0],[-1,0]],[[5666,9348],[-1,0],[0,1],[-2,0],[0,-2],[-1,0],[0,-1],[0,-1]],[[5662,9345],[0,-1]],[[5662,9344],[0,-2],[-1,-1]],[[5661,9341],[-1,1]],[[5660,9342],[0,-2],[-2,0]],[[5658,9340],[-2,0],[-1,0],[-1,2],[-1,0],[-1,1],[0,1],[0,0],[-1,1],[-2,1],[0,0],[0,1],[0,2]],[[5658,9371],[2,-1],[0,-2],[2,0],[0,-1],[0,0],[1,-1],[0,0],[2,0],[0,-1],[1,0],[1,0],[1,-1],[3,-1]],[[5601,9366],[-1,1],[-1,1]],[[5599,9368],[0,2],[1,-1],[1,2],[1,0],[0,1],[0,1],[1,1],[0,1],[2,-1],[0,1],[0,2],[-1,3],[2,0],[2,0],[0,1]],[[5608,9381],[1,-1],[1,-1],[0,-1],[1,0],[-1,-1],[1,0],[1,-1],[1,0],[2,-1],[0,-1],[-1,0],[1,-2],[1,1],[0,0],[1,1],[0,-1],[2,0],[0,1],[1,0],[-1,3],[1,-1],[2,1],[0,0],[-1,2],[0,3],[0,1],[2,0],[1,0],[1,0],[1,1],[2,3],[0,0]],[[5628,9387],[1,-1],[0,-2],[-1,0],[2,-1],[0,-1],[1,0],[0,-2],[1,0],[1,0],[2,-1],[1,-1]],[[5634,9354],[-2,0],[-1,0],[0,2],[-1,0],[-1,-1],[0,0],[-1,-2],[1,-1],[-1,-1],[0,-2]],[[5628,9349],[-1,-2],[-2,-2]],[[5661,9411],[1,-1],[-1,-1]],[[5661,9409],[-1,-2],[1,0],[0,-1],[-1,-1],[0,-1],[0,-1],[0,-1],[1,0]],[[5661,9402],[1,-1],[-1,-1],[0,0],[-1,0],[-1,-1],[0,-2],[-1,0],[1,-2],[1,-2],[1,1],[1,-1]],[[5662,9393],[0,-1],[-1,0],[-1,-1],[-1,-1],[-1,0],[0,-1],[2,-3],[-1,0],[-2,-2],[-1,-1],[-1,-1],[-2,-1],[1,0],[-1,-2],[0,-1]],[[5644,9385],[-1,1],[0,2],[-1,1],[1,0],[0,2],[-1,1],[-1,0],[0,0],[0,1],[0,1],[0,1],[-2,0],[-1,0],[0,1],[0,1],[1,2]],[[5639,9399],[1,2],[0,1],[1,0],[1,0],[-1,1]],[[5662,9393],[1,1],[2,-1],[1,1],[1,-1],[1,-1],[2,1],[3,-1],[0,0]],[[5628,9403],[1,-3],[1,0],[1,-1],[1,1],[1,2],[2,0],[1,1],[1,1]],[[5637,9404],[2,1],[0,0]],[[5628,9387],[-1,1],[-1,1],[0,1]],[[5626,9390],[0,1],[-2,2],[-1,0],[0,1],[0,1],[-2,0],[1,2],[1,1]],[[5625,9404],[0,0],[2,0],[1,-1]],[[5578,9394],[0,-1],[1,-2],[1,0],[1,-2],[1,0],[-1,-3],[0,-1],[1,-1],[2,0],[0,-2],[0,-1],[0,-1],[0,-1],[0,-1],[-1,-2],[1,-2],[1,0],[1,0],[1,0],[1,0],[0,1],[1,-1],[1,0],[0,-1],[1,0],[0,-4],[1,-1],[2,-1],[2,0],[1,0],[1,1],[1,0]],[[5658,9340],[1,-2],[-1,0],[0,-1]],[[5658,9337],[0,-2],[1,0],[1,0]],[[5660,9335],[1,0],[0,-2],[0,-1]],[[5661,9332],[1,0]],[[5637,9404],[-2,-1],[-1,0],[-1,1],[-1,2]],[[5632,9406],[0,2],[0,1],[0,1],[-1,1],[-1,0],[-1,-1],[-2,1]],[[5665,9410],[1,0],[0,-1],[2,-2]],[[5668,9406],[-1,-1],[0,-1],[-1,-2]],[[5666,9402],[-1,1],[0,1],[-2,0]],[[5663,9404],[1,1],[0,2]],[[5664,9407],[1,1],[0,2]],[[5664,9407],[-2,2],[-1,0]],[[5611,9392],[2,-1],[0,-1],[2,0],[0,-1],[-1,-2],[0,-1],[-2,-1],[-3,0],[-1,-2],[0,-1],[0,-1]],[[5661,9402],[0,1],[1,0],[1,1]],[[5666,9342],[-3,1],[-1,1]],[[5662,9345],[1,0],[1,0],[0,1],[2,0]],[[5661,9341],[1,-1],[1,0],[0,-1],[-1,0],[-1,-2],[-1,0],[-2,0]],[[5613,9393],[1,0],[1,-1],[1,0],[1,0],[3,0],[0,-1],[1,-2],[0,0],[0,-1],[2,-1],[1,0],[0,2],[1,0],[1,1]],[[5632,9406],[-3,0],[-2,0],[-1,2]],[[5663,9335],[-1,1],[-2,-1],[0,0]],[[5260,9582],[0,2],[1,0],[0,1]],[[5261,9585],[1,1]],[[5262,9586],[2,-1],[0,0],[1,-1],[1,-1],[1,0],[1,0],[1,-1],[1,0],[1,0],[0,-1],[-3,-2],[1,-1]],[[5269,9578],[-1,-1],[0,-1],[-2,1],[-1,0]],[[5265,9577],[-1,0],[0,2],[-1,1],[-1,-1],[-1,0]],[[5261,9579],[0,2],[-1,1],[0,0]],[[5297,9610],[-1,0],[-1,0],[-1,-3],[-1,1],[-1,-1],[-1,1],[0,-2],[-1,0],[-1,0],[-1,0],[0,1],[0,1],[-2,-1],[-1,-1],[0,1],[-2,-1],[2,-2],[-1,-2],[1,-2]],[[5285,9600],[-2,0],[0,0],[-2,1],[0,-2],[-2,-2],[0,1],[-1,1],[-2,0],[-1,1],[0,-1],[-2,-1],[0,2],[0,0],[-2,0],[0,1],[-2,1]],[[5269,9602],[1,2],[-1,1],[0,1],[0,1],[1,1],[0,0],[0,1],[0,1],[0,1],[0,3],[1,0],[1,2],[0,2],[-1,0],[-2,0],[0,-1],[0,1],[-1,0],[0,2],[2,1],[0,1],[2,-1],[0,1]],[[5272,9622],[0,3],[-2,2],[-2,-2],[-1,0],[-1,0],[-1,-1],[0,-1],[-2,1],[-2,1],[0,1],[-1,0],[-2,0]],[[5265,9577],[0,-2],[0,0]],[[5265,9575],[-2,0],[0,-1],[0,-1],[1,-2],[1,1],[0,-1],[1,0]],[[5266,9571],[0,-1],[1,-1],[1,-1],[0,-1]],[[5268,9567],[0,-2]],[[5268,9565],[-1,0],[0,0],[-2,0],[-1,-1],[-1,0],[0,1],[0,1],[0,1],[-1,0],[-2,2],[0,1],[-1,0],[-1,1],[0,-1],[-1,0],[-1,0]],[[5256,9570],[1,2],[-1,2],[1,1],[0,1],[0,1],[1,0],[1,1],[1,-1],[1,2]],[[5234,9583],[1,-1],[0,1],[2,-1],[1,1],[0,1],[-1,2],[0,1],[2,-1],[1,0],[0,1],[1,0],[2,1],[0,1],[3,3],[2,0],[0,0],[1,1],[1,1],[-1,1],[1,0],[2,2],[0,0],[1,0],[3,0],[0,-1],[1,0],[1,1],[1,1],[0,0],[0,-2]],[[5259,9596],[0,-1],[1,-1],[0,-1],[2,1],[1,-1],[0,-2],[0,-1],[-1,-1],[0,0],[0,-2],[0,-1]],[[5256,9570],[-1,0],[-2,1],[1,0],[0,1],[-1,0],[-1,-1],[0,-1],[1,0],[0,-1],[-2,-1],[-1,0],[1,-3],[-1,-1],[-1,-1],[0,-2]],[[5249,9561],[-1,-4],[0,-1],[1,0],[0,-1],[-1,0],[-1,-3],[1,-1],[-1,-2],[-1,0],[0,-2],[-2,1]],[[5244,9548],[-1,1],[0,2],[-3,1],[0,0],[0,0],[1,2],[0,2],[-2,-1],[0,2],[-1,0],[-1,1],[-1,-1],[-1,0],[-1,2],[-1,1],[-1,0],[0,-1],[-2,-1],[-1,1],[-1,2],[0,0],[-1,2],[-1,1]],[[5269,9602],[0,-2],[-1,-1],[-2,0],[0,0],[0,-1],[-1,-2],[-2,0],[0,0],[-1,1],[-1,0],[0,-1],[-2,0]],[[5290,9570],[-1,0],[-1,-2],[0,2],[0,1],[-1,0],[0,-1],[-3,0],[-1,2],[0,1],[1,0],[-1,4],[-1,0],[0,1],[-2,0],[0,1],[0,1],[2,1],[-1,1],[-1,0],[-1,-1],[0,-1],[-1,0],[-1,0],[0,1],[-1,0],[-2,0]],[[5274,9581],[1,1],[0,1],[-1,2],[-1,0],[2,2],[1,0],[2,0],[1,0],[0,1],[0,1],[1,0],[1,0],[1,0],[3,4],[2,0],[0,1],[1,0],[3,-1],[1,1]],[[5292,9594],[1,-2],[-1,0],[0,-1],[0,-1],[-1,-1],[0,-2],[-1,0],[0,-1],[1,0],[1,-1],[0,-2],[1,0],[1,0],[1,-1],[1,-1]],[[5296,9581],[-1,-2],[-1,-1],[1,-1],[0,-2],[1,-1],[1,-1],[2,2],[1,-1],[-1,-1],[1,-1],[-1,-2],[-3,1],[-2,-1],[1,-1],[-1,0],[-1,0],[-2,0],[-1,1]],[[5268,9567],[2,-1],[0,-1],[1,0],[0,-1],[1,-1]],[[5272,9563],[0,-1],[-1,-1],[-1,0],[-1,-1],[-1,1]],[[5268,9561],[-1,0],[2,2],[0,0],[-1,2]],[[5229,9534],[0,1],[0,1],[1,1],[1,2],[0,0],[1,2],[1,0],[1,-1],[2,-1],[0,-1],[1,0],[0,-1],[1,1],[1,1],[0,0],[1,1],[2,0],[0,2],[-1,2],[1,1]],[[5242,9545],[1,0],[2,0],[1,1],[0,-1],[0,-1],[1,-1],[1,1],[-1,1],[0,1],[1,-1],[1,1],[2,0],[1,0],[1,1],[1,0],[1,-1]],[[5255,9546],[1,0],[-1,-1],[0,-1],[0,-2],[0,0],[-1,-2],[0,-1],[1,-1],[0,-1],[0,-1],[1,-1],[0,-1],[-1,-1],[0,-2],[1,0],[1,0],[1,-1],[2,-2],[-1,-2],[1,0],[-2,-1],[-2,-1],[-1,-1],[-1,-1]],[[5244,9548],[0,-1],[-2,1],[0,-1],[0,-2]],[[5255,9546],[2,2],[-1,1],[-2,0],[0,1],[2,2],[3,2],[1,0],[1,-1],[0,0],[0,-1],[2,-1],[0,0],[1,-1],[1,1],[2,4]],[[5267,9555],[1,0],[1,-1],[0,-1],[0,-1],[0,-1],[0,-3],[-1,-1],[2,0],[1,0],[1,0],[1,-1],[0,1],[1,-2],[1,-1],[1,1],[2,0],[1,0],[3,-1],[1,-2]],[[5283,9542],[-1,-2],[0,-2],[-3,0],[1,-2],[1,-2],[-1,-2],[2,0],[1,-3],[1,0],[1,-1]],[[5285,9528],[0,0],[0,-2],[1,-1],[-1,-1],[1,0]],[[5324,9597],[-2,-1],[-1,-1],[-1,0],[0,-1],[-1,-1],[-1,1],[0,2],[-1,1],[-1,0],[-1,-1],[-1,-1],[-1,-1],[0,-1],[0,-1],[0,-1],[-2,0],[-1,1],[-2,-1],[0,0],[-4,-2],[1,-1],[1,-1],[2,-1],[1,-2],[2,0],[-2,-1],[0,-1],[-2,1],[0,-1],[-1,-1],[-1,0],[-1,0],[0,-1],[-2,1],[0,0],[-1,1],[-2,-2],[-1,0],[-2,1],[0,0]],[[5292,9594],[1,1],[0,1],[1,0],[1,0],[1,1],[2,0],[0,0],[2,1],[0,1],[1,1],[-2,2],[1,1],[0,1],[0,0],[-1,3]],[[5274,9581],[0,0],[-2,-1]],[[5272,9580],[-1,-1],[0,0],[0,-2],[-1,0],[0,-1]],[[5270,9576],[-1,2]],[[5283,9542],[1,1],[0,0],[0,3],[3,0],[0,2],[-1,1],[0,2]],[[5286,9551],[1,0],[0,3],[1,0],[1,2],[1,2],[1,1],[1,1]],[[5292,9560],[3,0],[1,1],[1,-1],[0,-1],[0,0],[2,-2],[1,-1],[0,-1],[2,1],[1,1],[0,-2],[1,-1],[1,-1],[0,-1],[1,-1]],[[5306,9551],[0,-1],[1,-1],[0,1],[1,-3],[1,1],[-1,0],[2,1],[1,0],[1,0],[0,-1],[1,-1],[0,-1],[1,-2]],[[5292,9560],[0,1],[-1,2],[1,0],[-1,1],[1,1],[-1,3],[-1,2]],[[5286,9551],[-1,2],[-2,-1],[-2,0],[-1,-1],[-1,0],[-1,2],[-1,0],[0,1],[2,2],[0,2],[0,0],[1,1],[-2,4],[1,0],[0,0],[-1,1],[0,2],[-2,1],[-1,0],[-1,1]],[[5274,9568],[-1,1],[2,1],[-1,1],[-1,1],[0,1],[1,1],[1,1],[-1,0],[-2,1]],[[5272,9576],[0,1],[0,2],[1,0],[-1,1]],[[5268,9561],[-2,-1],[1,-1],[0,-1],[1,-1],[0,-1],[-1,-1]],[[5272,9576],[-2,0]],[[5272,9563],[0,1],[1,1],[-1,2],[2,1]],[[5266,9571],[1,0],[0,1],[0,2],[-1,1],[-1,0]],[[5733,9239],[1,1],[1,-1],[0,-2],[1,-1],[3,0],[1,1]],[[5740,9237],[0,1],[0,2],[1,0],[1,-1],[1,0],[1,-2],[0,0],[0,-1],[0,0],[2,1],[0,-1],[0,1],[0,1],[0,0],[-1,2],[-1,1],[3,2]],[[5747,9243],[1,-3],[0,-1],[1,-1],[1,1],[0,-2],[1,1],[1,0]],[[5752,9238],[1,-1]],[[5753,9237],[0,-1],[0,0],[1,-1],[1,-1],[0,1]],[[5755,9235],[1,-1],[1,0]],[[5757,9234],[0,-1],[0,-1],[0,-2]],[[5757,9230],[-1,-1],[-1,-1],[-1,0],[2,-3]],[[5811,9245],[0,-3],[1,-1],[0,-1],[0,-1],[-1,-1],[0,-1],[0,-1],[-1,-1],[1,-1],[-1,-2],[1,-1],[1,0],[0,-1],[2,1],[1,1],[2,-2],[1,-3],[1,0],[1,0],[0,-1],[1,-1],[1,1],[0,0],[2,1],[1,-1],[1,1],[1,0],[2,1],[0,-1],[2,0],[1,-1],[0,-2],[1,0],[0,-1],[1,-1],[1,-1],[0,1],[1,0],[1,-1],[-1,-1],[2,-1],[1,-2]],[[5839,9217],[-2,-2],[-2,0],[-2,0],[0,-1],[-1,0],[-1,-1],[-1,-1],[1,-1],[0,-1],[-1,-1],[-1,-1],[-1,0],[-1,-1],[0,-2],[-1,-1],[0,-1],[0,-1],[-1,-2],[-1,-1],[-1,1],[0,-1],[-1,0],[-1,-2],[0,-1],[-1,0],[-1,0],[-1,1],[-1,0],[-1,1],[0,-1],[-1,-1],[-1,0],[-3,0],[-2,-2],[-2,1],[0,1],[-1,0],[0,2],[-2,1],[-1,0],[-2,1]],[[5801,9200],[0,2],[-1,1],[-1,2],[0,0],[-1,1],[-1,1],[0,3],[0,1],[-1,1],[0,1],[1,1],[1,4]],[[5798,9218],[-3,1],[-2,1]],[[5793,9220],[1,2],[0,1],[1,2],[0,2],[0,1],[1,1],[1,1],[0,2],[1,1],[-1,1],[0,1]],[[5797,9235],[1,0],[1,2],[2,1],[1,0],[2,1],[1,0],[0,-1],[1,1],[0,1],[0,1],[-1,1],[1,0],[2,-1],[1,2],[1,2]],[[5810,9245],[1,0]],[[5773,9240],[-1,-2],[-1,-2]],[[5771,9236],[-1,-1],[0,-2],[-1,-2]],[[5769,9231],[-1,0],[-2,-1]],[[5766,9230],[-1,3],[-1,0]],[[5764,9233],[0,2],[-1,-1],[0,2],[0,1],[-2,-1],[0,2],[0,0],[-2,0]],[[5759,9238],[-1,-1]],[[5758,9237],[-1,3],[0,1],[1,1]],[[5758,9242],[0,1],[0,1]],[[5758,9244],[1,4],[1,0],[0,3]],[[5760,9251],[1,1],[0,1]],[[5761,9253],[2,-1]],[[5763,9252],[2,1],[0,2],[1,3],[0,2],[1,1]],[[5767,9261],[1,2],[1,-1],[2,-1],[0,-1],[1,0],[0,2],[0,1],[0,1]],[[5772,9264],[0,0],[2,-1],[1,1],[0,0],[2,-1],[0,-1],[1,0]],[[5778,9262],[0,-1],[1,-1],[1,0],[0,-2],[-1,-3],[1,0],[0,1],[1,0],[0,1],[2,-1]],[[5783,9256],[0,-1],[0,-2],[1,1],[1,-1]],[[5785,9253],[0,-1],[0,-2],[-1,-1],[-1,-1],[1,0],[-1,-2],[1,-1],[-1,-1],[-1,-1]],[[5782,9243],[-1,0],[-2,-2],[-1,0],[0,1],[-1,1],[-2,-3],[-1,0],[-1,0]],[[5811,9245],[2,2],[1,-1],[0,-2],[1,1],[0,2],[2,-1],[1,0],[1,3],[1,1],[0,1],[2,1],[0,2],[0,1],[0,2],[1,0],[1,2]],[[5824,9259],[1,1],[0,1],[1,1],[0,1],[2,2],[1,0],[2,2],[0,-1]],[[5831,9266],[1,-2],[0,-2],[1,-1],[-1,-2],[1,-1],[1,-2],[1,0],[0,-2],[2,-1],[1,0],[2,0],[0,-1],[0,-1],[1,-1],[0,-1],[1,-1],[3,1],[1,0],[0,-1],[1,0],[1,-1],[-1,-2],[0,-1],[0,0],[-1,-3],[1,-2],[1,-1],[0,0],[-1,-1],[0,-1],[1,-2],[-1,-2],[2,-2],[-1,-1],[2,-2],[2,1],[1,-1],[0,-1],[-1,0],[0,-1],[0,-1],[1,0],[1,0],[3,0],[0,-1],[0,-1],[1,-2],[0,-1]],[[5858,9219],[-1,-1],[-1,1],[-2,-1],[-1,0],[-1,1],[-1,-2],[-1,-1],[-1,-2],[0,-2],[-1,-2],[0,0],[-1,0],[-1,1],[-1,0],[-1,0],[-1,1],[-2,0],[0,5],[-1,1],[-1,-1]],[[5782,9243],[1,-1],[1,-2],[1,-1],[1,1],[1,1],[1,-1],[-1,-1],[1,-1],[2,0],[0,0],[3,-1],[0,0],[1,0]],[[5794,9237],[1,-1],[2,-1]],[[5793,9220],[-1,-1],[-1,-1],[-1,1],[-2,1],[0,0],[-1,-2],[-1,-1],[-2,1],[-2,0],[0,-1]],[[5782,9217],[-1,1],[0,1],[0,0],[0,2],[0,1],[1,1],[1,2],[1,1],[1,2],[1,1],[0,1],[-2,-1],[-1,0],[-1,0],[-1,-1],[-1,0],[-1,0],[-2,-2],[0,0],[-1,1]],[[5776,9227],[2,3],[-1,0],[-1,0],[1,1],[-1,1],[-1,-1],[-1,0],[-1,-2],[-2,-2]],[[5771,9227],[2,3],[-1,1],[-1,-2],[-2,2]],[[5752,9254],[0,3]],[[5752,9257],[3,1],[0,1],[1,-2],[1,0],[0,-1],[1,0],[0,-1]],[[5758,9255],[-1,-2],[-1,0],[0,-1]],[[5756,9252],[0,-1],[-1,0]],[[5755,9251],[0,3],[-1,0],[-2,0]],[[5752,9257],[0,3]],[[5752,9260],[-1,4],[-1,3],[2,0],[0,2],[0,2],[0,2],[0,2]],[[5752,9275],[1,-1],[0,-1],[2,0],[0,-2],[1,-1],[1,0],[1,1],[1,0],[1,0],[0,-2],[1,0],[1,-2],[-1,-1],[0,-1],[2,-1],[0,-1],[0,-1],[1,1],[1,-1],[2,-1]],[[5761,9253],[-2,1],[-1,0],[0,1]],[[5795,9252],[2,1],[0,1],[1,-1],[1,0],[2,0],[1,1],[0,-1]],[[5802,9253],[-2,-1],[-1,-2],[1,0],[-3,-3]],[[5797,9247],[0,3],[-3,-1],[0,1],[0,1]],[[5794,9251],[1,1]],[[5780,9208],[1,2],[-1,3],[0,2],[1,0],[0,1],[1,1]],[[5801,9200],[0,-1],[0,-2],[0,-2],[-1,-1],[0,-1],[0,-1],[1,-1],[0,-1],[-1,-2],[0,-2],[-1,-1],[-2,0],[-1,-1],[-1,0],[-1,-2],[-1,-2],[1,-1],[-1,-2],[-1,0],[0,-1]],[[5802,9253],[2,0],[1,0],[1,-2],[0,0],[0,-1],[1,-1],[1,-1],[-1,-1],[2,-1],[1,-1]],[[5794,9237],[1,2],[0,0],[1,2],[0,1],[1,3],[0,1],[0,1]],[[5794,9251],[-3,-1]],[[5791,9250],[0,1],[-2,1],[1,0],[-1,3]],[[5789,9255],[2,0],[0,1],[1,1],[0,1],[1,2]],[[5793,9260],[0,-1],[1,-1],[2,0],[0,-1],[0,-1],[-1,0],[0,-2],[0,-2]],[[5757,9230],[1,0],[1,1],[1,0],[0,2],[1,0]],[[5761,9233],[0,-1],[0,-1],[1,0],[1,1],[0,1],[1,0]],[[5858,9219],[2,-1],[1,-1],[1,-1],[2,-1],[-1,-1],[0,-2],[-1,0],[0,-2],[0,-1],[-1,-1],[-1,-1],[-1,-1],[1,-1],[-1,-1],[-1,0],[-1,-1],[1,-1],[1,-2],[1,-2],[-1,-2],[0,-1],[1,-1],[-1,-1],[-1,0],[-1,-1],[-1,-2],[-1,0],[0,-1],[0,-1],[-1,0],[-1,2],[-1,0],[-2,-1],[-1,0],[-1,-1],[-3,0],[0,-1],[0,-1],[-1,-1],[0,-1],[-2,-1],[-1,-1],[0,0],[-2,0],[-1,-2],[1,-1],[0,0],[0,-1],[-2,0],[0,-1],[-2,0],[0,1],[-1,0],[0,0],[-2,2],[-1,0],[-3,1],[-1,-1],[0,-1],[-1,-1],[-1,0],[-1,1],[-2,-1],[-1,0],[-1,-1],[0,-1],[-1,0],[-1,-1],[-1,0],[0,-1]],[[5749,9288],[0,0],[1,0],[1,0]],[[5751,9288],[1,-2],[-1,0],[1,-2],[0,-1],[0,-1],[1,-4],[0,-2],[-1,-1]],[[5752,9260],[-2,0],[-1,2],[0,-1],[0,-1],[0,-1],[1,-2],[0,-1],[0,-2],[-2,-3]],[[5748,9251],[0,-1],[0,-2],[0,-4],[-1,0],[0,-1]],[[5757,9234],[0,1]],[[5757,9235],[1,1],[0,0],[0,1]],[[5793,9260],[0,1],[2,2],[0,2],[-1,0],[2,1],[1,1],[1,1],[1,2],[1,2],[1,2],[0,1],[0,1],[1,1],[-1,1],[1,0],[1,3],[2,1],[1,1],[0,1]],[[5806,9284],[1,0],[1,-1],[0,0],[3,-1],[0,-1],[1,0],[0,-1],[-1,-1],[0,-1],[0,0],[-2,0],[1,-2],[0,-1],[0,-1],[0,-1],[1,-1],[1,0],[1,-2],[0,0],[1,-2],[0,1],[2,0],[1,0],[2,0]],[[5819,9269],[0,0],[1,-1],[1,-1],[1,-2],[0,-2],[1,-1],[-1,-3],[1,0],[1,0]],[[5785,9253],[0,1],[2,-1],[2,2]],[[5752,9254],[0,-3],[0,-1],[3,0],[0,1]],[[5756,9252],[1,0],[1,0],[1,0],[1,-1]],[[5758,9244],[-1,0],[-1,4],[0,-1],[-1,0],[0,-3],[0,0]],[[5755,9244],[-2,0],[1,-2],[0,-1],[-1,-1],[-1,-2]],[[5757,9235],[-1,1],[-1,0],[0,0]],[[5755,9236],[-1,2],[-1,0],[0,-1]],[[5755,9244],[0,-1],[2,0],[0,-1],[1,0]],[[5755,9236],[0,-1]],[[5831,9325],[1,-1],[0,-2],[0,0],[0,-1],[-2,-2],[0,-1]],[[5830,9318],[-1,0],[-2,-1],[0,0],[-2,-1],[0,1],[-1,-1],[-2,3],[0,-3],[1,0],[-2,-2],[-1,2],[-1,-1],[0,-2],[-1,2],[-1,0],[-1,2],[-1,1],[1,1],[-1,2],[-1,-1],[0,1]],[[5814,9321],[0,1],[0,1],[1,2],[-1,1],[-1,1],[-1,0],[0,1],[0,2],[0,0],[0,2],[0,0],[0,3],[1,2],[-1,2],[1,0],[-1,2],[1,1],[-1,2],[-1,0],[-1,0],[-1,1],[-2,2]],[[5807,9347],[-1,1],[0,2],[1,3]],[[5807,9353],[0,0],[2,-1],[1,-1],[1,1],[2,0],[2,1],[1,0],[1,0],[3,0],[1,0],[3,0],[1,0],[3,0],[0,-1],[2,-1],[1,0],[0,-1],[1,-1],[-1,0],[-1,-1],[0,0],[-1,-1],[0,-2],[1,-2],[1,0],[0,-2],[1,0],[1,-1],[1,-1],[2,-2],[1,-1],[-1,-1],[0,-1],[0,-2],[-1,-1],[-1,-2],[-1,0],[0,-1],[-1,-2],[-1,-1]],[[5751,9288],[1,1],[1,1],[1,2],[2,-1],[0,-1],[0,-2],[1,0],[0,2],[1,0],[2,2],[1,0],[1,0]],[[5762,9292],[1,-1],[0,-1],[0,-1],[1,0],[1,-2],[-1,-1],[1,-1],[-1,-1],[1,-1]],[[5765,9283],[0,-2],[1,-2],[0,-2],[0,0],[1,0],[1,-1]],[[5768,9276],[0,-1],[-1,-1],[2,-1],[0,1]],[[5769,9274],[1,-1],[1,-1],[1,-1],[0,0],[1,-1],[-1,-1]],[[5772,9269],[0,-1],[-1,-1],[0,-1],[1,0],[0,-2]],[[5778,9262],[1,4],[1,4],[0,1],[0,1],[1,0],[0,2],[-2,0],[-1,2]],[[5778,9276],[-1,2],[-1,3]],[[5776,9281],[0,2],[1,0],[2,1],[1,-1],[1,1],[-1,0],[0,2],[0,0]],[[5780,9286],[0,0],[1,0],[0,3],[1,1],[1,0],[1,1],[2,0],[0,0],[3,-1],[1,0],[2,-1]],[[5792,9289],[0,-1],[1,-1],[2,1],[1,1],[0,-1],[1,0],[1,1],[-1,1],[1,1],[1,2],[1,1],[0,0],[1,1],[0,1],[1,1]],[[5802,9297],[2,-2],[0,0],[2,-1],[2,1],[1,-2],[0,-1],[1,-1]],[[5810,9291],[-1,-1],[0,-2],[-1,-1],[-1,-2],[-1,-1]],[[5799,9341],[2,3],[0,1]],[[5801,9345],[0,2]],[[5801,9347],[3,2],[0,1],[0,1],[1,1],[2,1]],[[5814,9321],[-2,0],[0,0],[-2,1],[1,1],[0,1]],[[5811,9324],[0,1],[-1,2],[-1,0],[-1,-1],[-1,2],[0,2],[-1,-1],[-1,-1]],[[5805,9328],[0,1],[0,2],[0,1],[0,0],[0,2],[-1,1],[-2,0],[0,-2],[-1,-1]],[[5801,9332],[0,2],[-1,2],[0,1]],[[5800,9337],[-1,0],[-2,2],[1,1],[1,0],[0,1]],[[5774,9296],[0,-1],[0,-1],[0,-2],[-1,1],[-1,-1]],[[5772,9292],[0,1],[-1,1]],[[5771,9294],[-1,0],[1,1],[1,0],[-1,2],[-1,0],[0,0],[0,-1],[0,2],[-1,0],[-2,1],[-1,-1],[-1,0]],[[5765,9298],[0,1],[0,0],[-1,1],[1,1],[0,1]],[[5765,9302],[1,1],[-1,2],[-1,0],[1,2],[0,1],[1,0],[2,0],[0,1],[1,0],[2,-2],[1,-1],[2,1],[0,1]],[[5774,9308],[2,3],[1,1],[1,1],[0,2],[1,1],[0,2]],[[5779,9318],[1,1],[1,1],[1,1],[2,-1]],[[5784,9320],[1,-1],[0,-1],[1,0],[1,0],[1,0],[0,1],[1,0],[1,0]],[[5790,9319],[0,-2],[0,-1],[1,-1],[1,-2],[0,-1],[-2,1],[-1,-1],[0,-1],[1,-1],[1,0],[0,-1],[1,0],[1,-3],[-1,-2],[3,0],[0,-1],[1,-2],[-2,0],[-2,-1],[1,-1],[0,-1]],[[5793,9298],[-5,3],[0,0],[-2,0],[-2,1],[0,1],[0,1],[-1,1],[1,1],[-2,1],[-1,-1],[-1,0],[0,-1],[0,-1],[0,-1],[-2,0],[0,-1],[-2,-1],[0,0],[-1,-2],[0,-1],[1,-1],[0,0],[-1,-1],[0,0],[-1,0]],[[5782,9323],[-1,1]],[[5781,9324],[2,1],[0,0],[1,0],[1,1],[2,1]],[[5787,9327],[0,-1],[0,-1],[0,-1]],[[5787,9324],[-3,-1],[0,-1],[-1,-1],[0,1],[-1,0],[0,1]],[[5776,9281],[-1,0],[-1,-1],[0,-2],[-2,-2],[0,-1]],[[5772,9275],[-1,1],[-1,1],[0,-1],[-1,-1],[0,-1]],[[5768,9276],[1,1],[-1,2],[1,0],[0,2],[1,1],[0,1]],[[5770,9283],[1,1],[-1,2]],[[5770,9286],[1,1],[2,-1],[1,2],[-1,1],[-2,2],[-1,1],[0,0]],[[5770,9292],[0,1],[1,1]],[[5772,9292],[2,-1],[1,0],[0,-1],[-1,-1],[0,-1],[1,0],[1,1],[2,-1],[0,-1],[2,-1]],[[5805,9328],[-1,-2]],[[5804,9326],[-1,-2],[-1,-2],[-1,0],[-2,0],[-1,2],[-1,-3],[-2,1],[0,0],[-2,2]],[[5793,9324],[0,0],[0,2]],[[5793,9326],[0,1],[0,2]],[[5793,9329],[0,1],[-1,2],[0,1],[-1,0],[0,1],[-1,-1],[-2,1],[0,-1]],[[5788,9333],[-1,-1],[-1,-1],[-1,1],[-1,1],[-1,3],[2,1],[0,0],[-1,1],[0,1],[2,4],[1,2],[1,2],[2,1],[2,0],[1,0],[0,-2],[1,-1],[2,-1],[0,0],[1,1],[1,0],[0,2],[2,0],[1,0]],[[5810,9291],[1,3],[1,0],[-1,1],[1,1],[1,1],[0,2],[1,1],[0,2],[0,1],[1,0],[0,1],[-1,1],[2,1],[1,0],[1,1]],[[5818,9307],[2,-3],[0,-1],[1,-1],[1,-1],[1,0],[1,-1],[0,-1],[0,-1],[1,-1],[0,0],[0,-2]],[[5825,9295],[-2,-1],[-1,-1],[-1,-1],[-1,0],[-1,-1],[0,0],[1,-4],[-2,0],[0,-1],[1,-1],[1,0],[2,-1],[0,-1],[-1,0],[-1,-1],[1,-2],[-1,-1],[-1,-1],[0,-1],[1,-2],[0,-2],[1,0],[-1,-1],[0,-1],[0,-1],[-1,-1]],[[5759,9315],[1,0],[1,0],[0,1],[1,0],[1,1],[0,0],[1,0],[2,-1],[1,1],[1,1],[2,-1],[1,1],[1,-1],[1,0],[1,-1],[1,0],[1,1],[0,1],[2,1]],[[5778,9319],[1,0],[0,-1]],[[5765,9298],[-2,0],[-1,1],[-1,-1],[0,0],[1,-2],[0,-1],[0,-2],[0,-1]],[[5790,9319],[0,1],[2,0],[0,1],[1,1],[0,1],[0,1]],[[5811,9324],[-1,-1],[0,-1],[-1,-1],[-1,-1],[-2,0],[-1,0],[-1,0],[0,0],[0,-2],[0,-1],[1,-1],[1,-1],[0,-1],[1,-2],[1,0],[0,-1],[-1,-2],[0,-2]],[[5807,9307],[-1,-2],[0,1],[-2,-1],[0,1],[-2,-1],[0,-1],[0,-1],[-1,-3],[0,-2],[1,-1]],[[5792,9289],[0,1],[-1,3],[2,3],[0,2]],[[5770,9286],[0,1],[0,1],[-1,1],[1,0],[0,1],[-1,0],[0,2],[1,0]],[[5787,9327],[1,1],[2,3],[-1,1],[-1,0],[0,1]],[[5778,9319],[1,1],[0,1],[1,1],[1,1],[0,1]],[[5770,9283],[-2,1],[0,-1],[0,0],[-1,-1],[-1,0],[-1,1]],[[5825,9295],[0,-3],[2,0],[1,0],[1,1],[1,1],[-1,3],[0,2],[2,-1],[0,0],[1,0],[1,-1],[1,1],[0,1],[1,0],[1,1],[-1,1],[1,2],[1,1]],[[5837,9304],[2,-1],[0,1],[1,0],[2,2],[1,0],[0,-1],[0,-1],[1,0],[1,-3],[2,-1],[0,-2],[2,-1],[0,-2],[1,0],[0,-1],[-1,-1],[0,-1],[2,-1],[0,-2],[0,-1],[1,-2],[-2,-1],[-2,-2],[1,-2],[-1,-1],[0,-1],[-2,0],[-2,-1],[-1,-2],[-1,0],[-1,-1],[-1,0],[-1,0],[-1,1],[-1,0],[0,-1],[0,-2],[-1,1],[0,0],[-1,1],[-2,-1],[-1,-2],[0,-1],[0,-1],[0,-1],[0,-1],[-1,-2]],[[5772,9275],[1,-1],[1,0],[2,1],[1,1],[1,0]],[[5830,9318],[1,-2],[1,0],[0,-1],[2,0],[1,0],[1,-1],[1,0],[1,0],[1,0],[0,0],[0,-2],[0,-1],[-1,-1],[1,-1],[0,-2],[-1,0],[-1,-3]],[[5442,9691],[1,2]],[[5443,9693],[1,1]],[[5444,9694],[1,-1],[0,1],[2,0],[0,1]],[[5447,9695],[2,1]],[[5449,9696],[1,1]],[[5450,9697],[1,0],[2,0]],[[5453,9697],[1,0]],[[5454,9697],[1,0],[1,0]],[[5456,9697],[1,0],[0,-1],[0,-1],[1,-1]],[[5458,9694],[0,-1],[0,-2]],[[5458,9691],[1,-1]],[[5459,9690],[0,0],[-1,-2],[1,0],[1,1]],[[5460,9689],[0,0],[1,0]],[[5461,9689],[2,0]],[[5463,9689],[0,-2]],[[5463,9687],[-1,-1],[-2,0],[0,1],[-1,0],[-2,0],[-1,0]],[[5456,9687],[-2,-1]],[[5454,9686],[-1,-1],[-1,0],[-1,1]],[[5451,9686],[-1,0],[-1,1]],[[5449,9687],[-1,0]],[[5448,9687],[-1,1],[-1,-1],[0,1]],[[5446,9688],[-1,0],[0,2],[-3,1]],[[5307,9791],[-1,2]],[[5306,9793],[1,-1],[1,2],[0,1],[1,1],[-1,1]],[[5308,9797],[2,3]],[[5310,9800],[2,2],[2,-1],[1,2],[-1,1],[0,1],[-2,-1],[0,1],[-1,0],[0,1],[-1,1],[1,1],[1,0],[-1,1],[1,1],[1,1],[1,0],[0,0],[1,1],[0,1],[2,0],[0,1],[1,1],[1,2],[2,0]],[[5321,9817],[1,0],[1,2],[1,0],[2,0],[0,-2],[1,0],[0,1],[1,1]],[[5328,9819],[0,-1],[0,-2]],[[5328,9816],[0,-1],[2,0],[1,-1],[-1,-1],[1,-1],[1,-2],[0,-1],[0,-1]],[[5332,9808],[0,-1],[1,-2],[1,1],[1,-2],[1,0],[2,-2],[-1,-2],[1,-1],[1,-2],[1,0],[1,-1],[1,0]],[[5342,9796],[-1,-1],[-2,-2]],[[5339,9793],[-1,1],[0,-1],[-1,1],[0,1],[0,1],[-1,1],[-1,1],[-1,1],[-1,-2],[-1,1],[-1,0],[-1,0],[-1,-1],[1,-1],[0,-1],[0,-2],[-2,0],[-1,3]],[[5327,9796],[-1,-2],[-2,2]],[[5324,9796],[-1,1],[-2,1],[-1,1]],[[5320,9799],[1,-2],[0,-1],[0,-1],[0,-1],[0,-2]],[[5321,9792],[0,-1],[-1,-1],[0,1],[-2,-2]],[[5318,9789],[-1,0],[-1,1],[0,1],[0,1],[-1,0],[0,-1],[-1,0],[-1,0],[-1,0],[1,-2],[-3,0],[0,0],[-1,1],[-1,1],[-1,-1],[0,1]],[[5306,9793],[0,1],[-1,0],[-1,0],[0,1],[-2,0],[0,0],[-1,1],[-2,1],[0,-1]],[[5299,9796],[-2,-1],[-1,2],[0,2],[0,2]],[[5296,9801],[1,0],[0,3]],[[5297,9804],[1,0],[0,0],[1,-1],[1,3],[1,0],[1,3],[1,0]],[[5303,9809],[0,1],[-1,1],[-1,1],[1,2],[1,0],[-1,1],[0,1],[-1,1],[-1,1],[1,1],[1,0],[0,1],[0,2]],[[5302,9822],[0,2],[-1,0],[-2,-1],[-1,1],[0,1]],[[5298,9825],[1,1],[2,1],[2,1],[1,1],[1,0],[2,1],[1,0],[1,0],[1,0],[3,1],[1,0],[3,0],[1,0],[3,1],[3,2],[1,-1],[3,1],[2,1]],[[5330,9835],[1,-1],[0,-1],[1,-1],[0,-2]],[[5332,9830],[-1,-1],[0,-1],[-1,-1],[1,0],[0,-1]],[[5331,9826],[-1,-1],[-1,0],[-1,-1],[0,-1],[1,0]],[[5329,9823],[0,-2],[-1,-1],[1,-1],[-1,0]],[[5337,9828],[0,1],[-3,-1],[1,2],[-3,-1],[0,1]],[[5330,9835],[2,1],[2,1],[2,1],[4,-1],[0,0],[2,1]],[[5342,9838],[0,0],[2,-2],[0,0],[1,-1],[1,1],[0,1]],[[5346,9837],[3,-2],[-1,0],[-1,-1],[0,-1],[0,-2],[1,-2],[1,1],[0,1],[1,0],[2,-2],[1,-1]],[[5353,9828],[-1,0],[-2,-1],[-1,-1],[-1,0],[-1,2],[-1,0],[-1,0]],[[5345,9828],[-2,-1],[0,-1],[0,0],[-1,2],[-2,-1],[-1,1],[0,1],[0,-1],[-2,0]],[[5350,9756],[-1,0],[-1,0],[1,3],[0,1]],[[5349,9760],[0,1]],[[5349,9761],[0,1],[-1,1],[1,1],[-1,2]],[[5348,9766],[0,3],[0,1]],[[5348,9770],[0,1],[2,-1],[0,1],[0,1],[1,2],[-1,1]],[[5350,9775],[1,1],[0,1],[-1,1],[1,0],[1,0],[1,2],[1,0]],[[5354,9780],[-1,-1],[1,-2],[1,0],[1,-1],[1,-1],[1,0],[0,-2],[1,0],[0,-1],[-1,-2],[0,-1],[0,-1],[0,-1],[-1,-1],[-1,1],[-3,1],[0,0],[-1,0],[0,1],[-1,0],[0,1],[-2,-1],[0,-1],[0,-1],[1,0],[0,-1],[1,0],[1,-1],[2,0],[-1,-2],[-1,0],[1,-2],[1,1],[2,-1],[-1,-2]],[[5343,9789],[-1,1],[-1,0],[-2,1],[-1,1],[1,1]],[[5342,9796],[0,2],[1,-1],[1,0],[-1,2],[2,1],[2,-1],[0,0]],[[5347,9799],[3,-1],[1,-1],[1,-1]],[[5352,9796],[0,-1]],[[5352,9795],[2,0],[1,-1],[0,1],[1,2],[1,0],[1,-1],[0,-2]],[[5358,9794],[-2,-1]],[[5356,9793],[-1,0],[0,-2],[1,-2],[-1,-1],[0,-1],[0,0],[0,-2],[1,0],[1,-1],[0,0],[0,-2]],[[5357,9782],[-3,-2]],[[5350,9775],[-1,0],[0,-1],[-1,-1],[-1,1],[-1,0]],[[5346,9774],[1,1],[0,3]],[[5347,9778],[1,-1],[1,2],[0,0],[1,1],[-1,0],[-1,2],[1,1],[-1,0],[-1,0],[-1,0],[0,1],[-2,0],[-1,1],[1,2],[-1,0],[-1,1],[1,1]],[[5346,9837],[1,0],[2,2],[-1,2]],[[5348,9841],[4,2],[2,1],[1,1],[1,1],[2,1],[2,2],[1,1]],[[5361,9850],[1,0],[1,-1],[0,0],[1,-1],[0,-1],[0,-1],[1,0],[1,-2],[1,0],[1,-1],[0,-1],[0,-1],[0,-1]],[[5368,9840],[1,-2]],[[5369,9838],[1,0],[2,-3],[1,-1],[1,0],[-2,-2],[0,0],[-2,2],[0,0],[-2,-2],[0,-1],[-2,-3],[0,0],[1,0],[-2,-2],[0,-2],[-1,0],[-1,0],[0,-1],[0,-1],[-1,-2],[-1,0],[-1,0],[1,-1],[-1,0],[0,0],[-1,1],[-1,0],[1,1],[-2,1],[-1,-1],[-1,0]],[[5355,9821],[0,1],[-1,2],[0,1],[2,0],[0,1],[-1,1],[-1,1],[-1,0]],[[5287,9807],[-1,1],[-2,-2],[-1,0],[0,-1]],[[5283,9805],[-1,1],[-1,0],[-3,-1],[-1,0],[-1,-1],[-1,0],[-1,2],[1,1],[1,1],[0,1],[-1,2],[1,0]],[[5276,9811],[0,1],[2,1],[1,0],[1,0],[2,1],[1,1],[2,2],[1,0],[4,2],[4,3],[2,1],[1,1],[1,1]],[[5297,9804],[-1,0],[-1,1],[-1,0],[2,2],[1,0],[0,1],[-1,0],[0,1],[-2,1],[-1,0],[-1,0],[-1,0],[-1,0],[-1,0],[0,-2],[0,0],[-2,-1]],[[5282,9772],[0,1],[-3,0],[-2,0],[-1,0],[-1,1]],[[5275,9774],[1,5],[2,2],[-1,1]],[[5277,9782],[-1,1],[-1,0],[-1,1]],[[5274,9784],[1,0],[-1,1],[1,1],[0,0],[1,-1],[1,1],[-1,1],[1,1],[-1,1],[1,1],[0,1],[2,0],[1,0],[1,2],[0,1],[-1,-1],[-3,0],[1,4]],[[5278,9797],[0,2],[-1,2],[1,2],[1,-2],[2,2],[0,0],[2,1],[0,1]],[[5296,9801],[-1,0],[-1,-2],[-1,-1],[0,0],[0,-2],[-1,-1]],[[5292,9795],[-2,2],[0,0],[-1,-2],[-1,-1],[0,0],[-1,-1],[-1,1],[-1,-1],[-1,-1],[2,0],[-1,-3],[2,1],[0,-1],[1,-1],[1,1],[1,0],[-1,-1],[0,-1],[0,-2],[1,0],[0,-1],[0,-2],[1,1],[1,-3],[0,-1],[-1,0],[-1,-5]],[[5274,9784],[-1,-1],[-1,0]],[[5272,9783],[-1,2],[2,1],[1,1],[-2,0],[-1,2],[-1,0],[0,-1],[-1,-1],[-1,1],[-1,1],[0,0],[-1,-1],[0,-1],[0,-1],[1,0],[0,-1]],[[5267,9785],[-1,-2],[0,1],[-2,0],[-1,0],[-1,0],[-2,1]],[[5260,9785],[3,7],[1,3],[1,3],[1,2],[0,2],[1,1],[0,2],[1,2],[1,0],[1,1],[1,1],[1,1],[1,0],[3,1]],[[5355,9821],[-1,0],[2,-1],[0,-1],[-2,0],[1,-1],[2,-1],[-1,-1],[0,-1],[-3,0],[-1,-1],[0,1],[-2,0],[0,-2],[-1,0],[1,-1],[-1,-2],[1,-1],[1,1],[0,2],[1,1],[0,-2],[1,0],[2,0],[1,-1],[-1,-1],[0,0],[-1,-1],[0,-1],[-1,0],[1,-2],[-1,0],[-1,-1],[0,-1],[0,0],[-1,0],[-1,-1],[1,-2],[2,0],[0,-1],[-1,0],[0,-2],[0,-1]],[[5321,9770],[1,1],[1,1],[0,2],[-1,1],[0,1],[-2,1],[-1,1]],[[5319,9778],[1,2],[0,0],[2,0],[0,1],[-1,1],[1,2],[-1,1]],[[5321,9785],[1,0],[0,1],[1,-1],[1,1],[1,1],[1,0],[-1,2],[0,0],[0,3]],[[5325,9792],[1,0],[1,-2],[0,-1],[2,1],[0,1],[1,-1],[1,-1],[-1,0],[1,-1],[1,0],[1,1],[1,-1],[1,1],[1,0],[0,-1],[1,-1],[0,-1],[-1,-2],[0,0],[-2,-1],[0,-2],[1,-1],[-2,-1],[-1,-1],[1,0],[1,1],[2,-1],[1,-1],[-1,-2]],[[5336,9775],[1,-3]],[[5337,9772],[0,-3],[0,-1],[-1,-4],[-2,2],[0,1],[-2,1],[0,-1],[-1,-3]],[[5299,9775],[-1,2],[1,1],[1,1],[0,2],[0,1],[0,1],[0,1],[1,1]],[[5301,9785],[1,1],[-1,1],[-1,0],[0,0],[-1,1],[0,1],[3,1],[0,0],[0,2],[-1,0],[-1,1],[0,1],[-1,1],[0,1]],[[5318,9789],[0,-2],[0,0],[2,-1],[0,-1],[1,0]],[[5369,9838],[2,2],[0,0],[2,-1],[1,0],[0,1],[2,-1],[2,1],[1,0],[1,0],[1,1]],[[5381,9841],[2,-2],[0,-1],[-1,-1],[-1,-2],[0,-1],[2,-1],[0,-1],[0,-1],[0,-1]],[[5383,9830],[0,-1],[0,-2],[1,0],[0,-2],[1,-1],[-1,-4],[1,0]],[[5385,9820],[0,-1],[0,-2],[2,0],[0,-1],[2,-1],[-1,-1],[2,0],[0,-1],[-1,-1],[0,-1],[1,-1],[-1,0],[0,-2],[-3,0],[-1,1],[0,-1],[-1,-2],[0,-1],[-1,-1],[-1,1],[-1,1],[0,-3],[-1,-1],[-1,0],[-1,0]],[[5378,9802],[0,-1],[2,-1],[0,-1],[0,-1],[-2,-1],[0,0],[-2,0],[-1,-1]],[[5375,9796],[0,1],[-1,0],[-2,1],[0,0],[0,-1],[-1,-2],[-1,0],[-2,-1],[-2,0],[0,-1],[-4,-1],[0,0],[-1,3],[-2,0],[0,-1],[0,-1],[-1,1]],[[5371,9775],[2,1],[-1,0],[-1,1],[-1,2],[0,0],[0,1],[1,0],[1,0],[0,1],[1,2],[0,1],[3,1],[-1,3]],[[5375,9788],[1,0],[-1,1],[1,1],[0,1],[0,1]],[[5376,9792],[-1,1],[0,0],[-1,1],[0,1],[1,1]],[[5385,9820],[1,0],[2,0],[1,1],[2,0],[0,2],[0,0],[1,2],[2,-1],[1,0],[1,0],[1,1],[0,1],[0,1],[-2,-1],[1,2],[2,1],[1,1]],[[5399,9830],[0,-2],[1,-1],[0,-1],[1,-3],[0,-1],[1,-2],[1,-1],[1,-1],[1,-1],[0,-2]],[[5361,9850],[2,3],[2,0],[1,2],[1,1]],[[5367,9856],[2,1],[1,0],[1,1]],[[5371,9858],[0,-1],[2,0],[1,1],[2,1],[1,-1],[0,-1],[0,-1],[0,-1],[0,-1],[1,-1]],[[5378,9853],[2,-1],[1,-1],[1,-1],[0,-1],[1,0],[0,-1],[2,-1],[1,-1],[1,-1],[2,-3],[1,-1],[1,-1],[2,-1]],[[5393,9839],[2,-1],[1,-1]],[[5396,9837],[1,-2],[0,-1],[2,-1],[0,-2],[0,-1]],[[5332,9760],[1,-1],[1,0],[1,0],[1,1],[2,1],[1,2]],[[5339,9763],[1,-2],[2,0]],[[5342,9761],[-1,-1],[-1,-2],[1,-1],[0,-1],[-1,0]],[[5340,9756],[-1,-1],[-1,-1],[0,-1],[1,-2],[1,0],[-1,-2],[1,-1],[1,0],[1,0],[-1,-1]],[[5337,9772],[2,0],[1,1],[0,2]],[[5340,9775],[0,1],[0,1],[1,1],[1,0],[0,-1]],[[5342,9777],[0,-1],[-1,0],[0,-1],[2,-2]],[[5343,9773],[-1,-2],[-1,-1]],[[5341,9770],[-1,0],[-1,-2],[0,-2]],[[5339,9766],[0,-3],[0,0]],[[5347,9778],[-1,-1],[-2,0],[-1,-1],[-1,1]],[[5340,9756],[2,0],[1,0],[1,0],[2,1],[1,0],[1,1],[1,2]],[[5346,9774],[0,-1],[-2,0],[-1,1],[0,-1]],[[5342,9838],[2,0],[2,2],[1,0],[1,1]],[[5275,9774],[-1,0],[-2,0],[-2,-1]],[[5270,9773],[0,7]],[[5270,9780],[1,0],[0,1],[0,2],[1,0]],[[5341,9770],[1,0],[1,-3],[1,0]],[[5344,9767],[-1,-2],[1,-2],[-1,-2]],[[5343,9761],[-1,0]],[[5270,9780],[-1,1],[0,1],[0,1],[-1,0],[-1,2],[0,0]],[[5270,9773],[-2,1],[-5,1],[1,1],[1,0],[0,1],[-2,0],[-1,1],[-2,2]],[[5260,9780],[1,0],[-1,2],[-1,0]],[[5259,9782],[1,3]],[[5343,9761],[3,-1],[0,1],[3,0]],[[5341,9770],[1,1],[2,0],[0,-2],[1,-1]],[[5345,9768],[-1,-1]],[[5348,9770],[-2,-1],[0,0],[-1,-1]],[[5260,9780],[-1,1],[0,1]],[[5344,9767],[1,0],[0,-1],[3,0]],[[5457,9617],[0,1],[0,1],[0,0],[1,0],[2,0],[0,0],[0,2],[0,2],[0,0],[1,1],[1,-1],[0,2],[1,0],[1,1],[-1,1],[1,0],[2,1],[0,-1],[1,1],[1,1],[2,-1],[-2,2],[-1,2],[-1,0],[0,1],[0,1],[0,1],[0,1]],[[5466,9636],[0,1],[0,1],[0,1],[0,1],[1,0],[0,1],[0,2]],[[5467,9643],[1,1],[0,-1],[1,0],[1,0],[1,-1],[0,-1],[1,0],[1,0],[-1,2],[0,0],[1,1],[4,-3],[1,0]],[[5478,9641],[1,-1],[0,2],[1,-2]],[[5480,9640],[0,-1],[3,-3],[1,1],[0,2],[1,1],[2,0]],[[5487,9640],[1,0],[1,-2],[0,-1],[1,-1],[0,-1],[1,0],[1,0],[1,0],[-1,-1],[1,-2]],[[5493,9632],[-1,0],[0,-1],[-1,-1],[-1,0],[-2,0],[-1,0],[0,-1],[1,0],[1,-1],[0,-1],[0,-2],[1,-1],[1,-1],[0,-2],[0,0]],[[5491,9621],[-2,0],[0,0],[-3,0],[-2,1],[1,-2],[0,-3]],[[5485,9617],[-3,0],[-2,2],[0,-1],[0,-1],[-2,-3],[0,0],[-2,0],[-1,0],[0,3],[-1,-1],[-1,0],[-1,-2],[-1,0],[-1,0],[0,-1],[0,-1],[1,-1],[0,0],[1,-1],[0,-2],[0,-1],[-2,0],[0,-1],[-2,-1],[1,-1],[0,-1],[-2,-1]],[[5542,9677],[0,-1],[-1,-1],[-1,0]],[[5540,9675],[-1,0],[0,-2],[-1,-1],[-1,0],[-2,0],[-1,1],[-1,0],[-2,-2],[0,2],[-1,0],[0,1],[-2,0],[0,-1],[-1,-1],[-2,0],[-1,0],[0,-1],[0,-2],[-3,0],[-1,1],[0,1],[-1,-1]],[[5519,9670],[-1,1],[-1,0],[0,3],[-1,0],[-1,-1],[-2,0],[0,-1],[-1,0],[-1,1],[-1,-1],[-1,-1],[-1,2],[-2,0],[-1,1],[0,2],[-1,1],[0,1],[-1,0],[0,2],[0,1],[1,0],[0,1],[1,0],[0,3],[1,2],[1,0],[0,-2],[-1,0],[1,-1],[0,-4],[1,-2],[1,-1],[0,-1],[1,0],[0,1],[-1,3],[0,2],[0,1],[1,0],[0,1],[1,0],[0,1],[-1,2],[-1,0],[1,2],[-1,1],[-1,-2],[-1,0],[-1,2]],[[5506,9690],[0,1],[-1,1],[1,1],[0,1],[2,0],[2,-2],[1,-1],[0,1],[1,1]],[[5512,9693],[1,-1],[2,0],[0,0],[1,0],[2,0],[-1,1],[2,0],[0,1],[1,1],[-1,1],[1,2],[0,0],[1,0],[1,1],[-1,1],[2,1],[0,1],[1,1],[3,-2],[-1,-1],[1,-1],[2,-1],[1,0],[0,0],[1,0],[1,-1],[1,0],[1,0],[1,3]],[[5495,9663],[1,0],[1,1],[1,0],[1,0],[0,2],[1,0],[0,-1],[1,-2],[1,0],[0,-2],[-1,-1],[1,-1],[1,1],[2,0],[0,-1],[2,0],[0,1],[3,2]],[[5510,9662],[2,-1],[1,0],[0,-1],[2,-1],[0,0],[2,-1],[0,1]],[[5517,9659],[2,0],[2,-2],[-1,-1],[1,-1],[2,-2],[-1,0],[-2,0],[0,-1],[-1,0],[-1,0],[1,-2],[0,0],[1,-2],[0,0],[-2,-1],[0,-1],[-1,0],[-1,-1],[0,-1],[-1,0],[-2,0],[-1,1],[0,0],[0,-1],[-2,0],[1,-1],[-2,-1],[-2,1],[1,-3],[-2,0]],[[5506,9640],[-1,0],[-1,1],[-1,-1],[0,-1],[0,-1],[2,-1],[0,0],[0,-4],[0,2],[-2,-1],[0,0],[-1,-1]],[[5502,9633],[-1,-1],[-1,1],[-1,-1],[-1,1],[-1,-1],[0,0],[-2,0],[0,-1],[-1,0],[-1,1]],[[5480,9640],[1,0],[-1,1],[3,1],[0,1],[2,0],[0,0],[0,2],[0,0],[-1,1],[0,1],[1,0],[0,1],[0,3],[-1,1],[1,1],[0,1],[-1,1],[0,2]],[[5484,9657],[0,2],[2,1],[1,2],[-1,0],[1,1],[1,-1],[1,2],[2,0],[1,-1],[1,-1],[-1,-1],[2,2],[1,0]],[[5496,9720],[1,-1],[0,-1],[1,0],[-1,-1],[0,0],[-1,-1],[0,-1],[2,0],[2,-1]],[[5500,9714],[1,-1],[0,1],[2,0],[0,-1],[1,-1],[-1,-2],[-1,0],[0,-1],[-1,0],[-1,-2]],[[5500,9707],[-1,1],[-1,0],[-1,-2],[0,-1],[0,0],[1,-1],[-1,-1],[1,0]],[[5498,9703],[0,-1],[0,-2],[0,-1],[1,0],[1,0]],[[5500,9699],[-1,-1],[-2,1],[-2,-1]],[[5495,9698],[0,-1],[-2,1],[0,1],[-1,0]],[[5492,9699],[-1,3],[-1,-1]],[[5490,9701],[-1,-1],[-2,0],[-1,0],[-1,-1],[0,-2]],[[5485,9697],[-1,1],[-1,0],[-1,1]],[[5482,9699],[-1,1],[-1,0],[0,1],[-2,0],[-1,1],[0,1],[1,1]],[[5478,9704],[1,1],[-1,1],[1,1],[1,1]],[[5480,9708],[1,1],[1,0],[1,1],[1,0],[1,0],[2,0]],[[5487,9710],[0,1],[0,1],[1,1],[0,1],[1,1],[0,1],[-1,1],[1,0],[1,0],[-1,1],[0,1],[2,1],[1,1],[-2,2]],[[5512,9693],[-1,1],[0,1],[-1,1],[-2,0],[0,1],[1,2],[-1,2],[-1,1],[-1,0],[0,1]],[[5506,9703],[-1,-1],[-2,-1],[0,0],[-1,0],[-1,0],[0,-2],[-1,0]],[[5498,9703],[0,0],[2,-1],[1,1],[2,1],[0,1],[-1,0],[-1,1],[0,0],[-1,1]],[[5491,9621],[-1,-2],[-1,1],[-1,-1],[1,-1],[0,-1],[3,0],[0,0],[2,0],[1,-1],[1,0],[1,0],[0,3],[3,-1],[0,1],[1,0],[1,2],[1,1],[0,-2],[0,-1],[1,0],[2,-3],[-1,1],[2,1],[2,1],[0,-1],[0,-2],[0,-1]],[[5509,9615],[1,-1]],[[5510,9614],[0,0],[1,-2],[-1,-1],[2,-1],[0,-1],[0,-2],[-1,0],[-1,-2],[0,0],[-1,-1],[0,-3],[-2,1],[-1,-1],[0,-1],[-2,-1],[-1,-1],[0,-3]],[[5543,9627],[-1,0],[-1,1],[-1,0],[-1,-1],[0,-1],[-1,-1],[0,-1],[-1,0],[-1,0],[-1,1],[0,-1],[-1,0],[-2,2],[-1,-1],[-1,-1],[0,-1],[-1,1],[-2,0],[-1,-1]],[[5526,9623],[-2,1],[0,0],[0,1],[-1,0],[-1,-1],[-2,0],[-1,0],[0,0]],[[5519,9624],[-1,1],[-3,-1],[0,1],[-1,1],[1,2]],[[5515,9628],[0,1],[-1,3],[0,1],[-2,0],[-1,1],[-1,-1],[-1,3],[-1,-1],[0,2],[-2,2],[0,1]],[[5517,9659],[0,6],[0,3],[1,0],[1,2]],[[5491,9687],[-1,0]],[[5490,9687],[-1,2],[0,1]],[[5489,9690],[0,1],[-1,0],[0,2],[-1,1],[0,1],[1,1],[1,-2],[0,1],[1,1],[-1,1],[2,1],[0,0],[1,1]],[[5506,9690],[-1,0],[-1,-1],[-2,0],[-1,-1],[0,-1],[-1,-1],[0,-1],[-2,0],[0,0]],[[5498,9685],[-1,1],[-1,1],[-1,0],[0,1],[-2,-1],[-1,1],[-1,-1]],[[5519,9624],[-1,-1],[-1,-2]],[[5517,9621],[-2,2],[-1,-1],[-2,1],[0,-1],[-1,-2],[0,-1],[1,0],[-3,-4]],[[5484,9657],[-1,-1],[-1,0],[-1,1],[0,1],[-1,0]],[[5480,9658],[-1,1],[-1,-1],[-1,1]],[[5477,9659],[0,2],[-2,1],[0,1],[0,1],[-1,1],[0,0],[1,1],[1,1],[2,0],[-1,-1],[1,-1],[1,0],[-1,2],[-1,0],[1,2]],[[5478,9669],[2,1],[2,0],[1,3],[0,0],[0,0],[4,0],[1,0],[2,-1],[1,2],[1,-1],[1,1],[-1,2],[-1,1],[0,2],[1,1],[0,0],[-1,2],[1,1],[1,-1],[2,0],[1,1],[1,0],[-1,-1],[1,0],[1,3]],[[5477,9646],[-2,-2],[-1,0],[-1,1],[0,1],[-2,1],[0,1],[2,0],[0,1],[-2,0],[0,2]],[[5471,9651],[0,1],[1,1],[0,1],[-1,0],[-2,1]],[[5469,9655],[0,2]],[[5469,9657],[2,0],[2,-1]],[[5473,9656],[1,-1],[0,-1],[1,1],[2,0],[1,0]],[[5478,9655],[1,-1],[0,-1],[-1,-2],[1,-1],[-1,0],[-1,-1],[1,0],[0,-2]],[[5478,9647],[-1,-1]],[[5478,9647],[1,-2],[-1,-2],[0,-2]],[[5467,9643],[-2,1],[1,3],[0,1],[0,1],[1,1],[0,2],[1,0]],[[5468,9652],[-1,1],[2,1],[0,1]],[[5473,9666],[-1,2],[0,0]],[[5472,9668],[0,2]],[[5472,9670],[1,-1],[1,1],[1,1],[0,1],[2,-1],[1,1],[1,-1],[-1,-1],[0,-1]],[[5480,9658],[-1,0],[0,-2],[-1,-1]],[[5469,9657],[-1,0],[0,1],[-1,2],[0,0],[2,0],[0,1],[1,1],[-1,2],[1,2],[1,0],[0,-1],[1,1],[1,0]],[[5482,9699],[0,-2],[-1,0],[-2,0],[0,-2],[0,-2]],[[5479,9693],[-2,-2],[0,0]],[[5477,9691],[-2,0],[0,1]],[[5475,9692],[1,1],[0,0],[0,2],[0,1],[-1,2],[-1,0]],[[5474,9698],[-1,1],[1,1],[0,1],[0,1],[0,0],[-1,2]],[[5473,9704],[2,1],[1,-1],[2,0]],[[5485,9690],[0,1],[1,-1],[1,0],[2,0]],[[5490,9687],[-1,-1],[0,-2],[-1,0],[-1,1],[0,-1],[-1,0],[-1,-1],[-1,1],[1,1],[-1,1],[1,1],[-1,0],[-2,0],[-1,0],[1,-2],[-1,0]],[[5481,9685],[0,2],[-1,1],[-1,0],[-1,1],[-1,0],[0,1],[0,1]],[[5479,9693],[0,1],[1,-2],[0,-2],[1,0],[1,1],[1,-1],[2,0],[0,0]],[[5473,9692],[1,0],[1,0]],[[5481,9685],[1,-2],[-1,0]],[[5481,9683],[-2,1],[0,1],[-2,-1],[0,2],[-1,1],[-1,0],[-2,1]],[[5473,9688],[-1,3],[1,0],[0,1]],[[5473,9692],[-2,0]],[[5471,9692],[1,2],[-1,1]],[[5471,9695],[0,1],[2,0],[0,2],[0,0],[1,0]],[[5472,9670],[-1,1],[2,3],[1,0],[-1,1],[1,2],[0,1],[1,0]],[[5475,9678],[1,1],[2,0],[0,1],[2,0],[0,0],[0,1],[2,-1],[1,1],[-1,2],[-1,0],[0,0]],[[5473,9704],[-2,4],[1,0],[1,1],[-1,2],[-1,2],[-1,-1]],[[5470,9712],[-1,1],[0,1]],[[5469,9714],[1,0],[1,1],[1,1],[0,1],[2,0],[-1,1],[-1,0],[0,1],[1,1],[0,2]],[[5475,9678],[0,2],[-1,-1],[-1,1],[0,1],[1,2],[-1,0]],[[5473,9683],[0,1]],[[5473,9684],[1,1],[0,2],[-1,1]],[[5390,9668],[1,-1],[0,2],[1,0],[1,2],[2,-1],[1,0],[0,1],[1,0],[1,0],[1,3],[-3,1],[0,2],[1,0]],[[5397,9677],[2,0],[0,1],[-1,1],[-1,0],[1,2],[1,-1],[1,1],[0,-1],[1,-1],[1,-1],[1,1],[2,0],[1,-1],[2,0],[0,-1],[-1,-1],[1,-1],[3,1],[0,-2],[1,0],[3,1]],[[5415,9675],[0,-1],[0,-2],[1,1],[2,-1],[0,-1],[0,-2],[0,0],[0,-1],[0,-1],[2,-1],[1,0],[1,0],[1,-1],[0,-1],[1,-1]],[[5424,9663],[0,-1],[1,-1],[1,1],[1,-3]],[[5427,9659],[1,-1],[0,-1],[-2,-1],[0,-1],[0,-1],[-1,-1],[0,-2],[0,-1],[-1,-1],[-2,1],[-1,-1],[-1,1],[-1,0],[-1,1],[0,-2],[0,-1],[1,-1],[2,-1],[-1,-1],[-1,0],[0,-1],[0,-1],[-1,0],[0,-2],[-1,-2]],[[5417,9639],[0,0],[-1,-1],[0,-1],[1,-1]],[[5427,9705],[1,2],[1,2],[1,0],[4,0]],[[5434,9709],[2,0],[1,-1],[1,-1],[0,-1]],[[5438,9706],[0,1],[-1,1],[-2,1],[-1,0],[-2,-1],[-2,1],[1,-2],[-2,-1],[1,-2],[-1,-1],[-1,0],[1,-1],[-1,-2],[-1,0],[0,-1],[-2,0],[0,0],[-1,-1],[0,-1],[-1,-1],[0,0]],[[5423,9696],[-1,1],[1,2],[1,1],[1,1],[-1,1],[-1,1],[1,1],[1,0],[1,1]],[[5426,9705],[0,1],[1,-1]],[[5390,9722],[0,-1],[1,0],[1,1],[1,0],[2,0],[2,-1],[0,-1],[0,-1]],[[5397,9719],[-1,-1],[-3,-2],[-2,-1],[0,0]],[[5391,9715],[-1,-2],[0,0]],[[5390,9713],[-1,-1],[-1,1],[-1,-1],[-2,-2],[0,0],[1,-1],[2,0],[1,-1],[1,1],[1,-1],[0,1],[2,-1],[1,0],[1,-1]],[[5395,9707],[1,-1],[1,-1],[1,0],[0,1],[1,0],[1,0],[0,0],[0,2]],[[5400,9708],[2,-2],[1,0],[-1,-1],[1,-1],[0,-1]],[[5403,9703],[1,-1],[1,-1]],[[5405,9701],[0,-1],[1,-1],[1,0]],[[5407,9699],[0,-2],[-2,-1],[-1,0],[-1,-1],[-1,-1],[-1,-1],[-1,0],[0,-2],[-1,0],[0,-1],[-1,-2],[1,-1],[0,-2],[-1,0],[0,-1],[0,-1]],[[5398,9683],[-2,0],[-3,-1],[-1,-1],[1,-1],[-2,-1],[1,-1],[0,0],[3,0],[1,0],[1,-1]],[[5438,9706],[-2,0],[-1,-1],[-1,-2],[0,-1],[-2,-2],[0,-2],[1,0]],[[5433,9698],[0,-1]],[[5433,9697],[0,0],[0,-1],[0,-1],[-1,0],[-1,-1],[-1,0],[0,-1],[0,0],[-1,-2]],[[5429,9691],[-1,0],[-1,1],[-1,1],[1,1],[-1,0],[-1,1],[-2,1]],[[5415,9701],[1,-1],[1,2],[2,1],[0,2]],[[5419,9705],[0,1],[0,1],[0,1],[-1,0],[1,4],[1,-1],[2,-1],[0,1],[2,1]],[[5424,9712],[0,-1],[1,0]],[[5425,9711],[0,-1],[0,-1],[0,-2],[1,-2]],[[5429,9691],[0,-3],[-1,-1]],[[5428,9687],[0,1],[-1,1],[-1,1],[-1,-1],[0,1],[-1,0],[0,1],[-2,0],[0,0],[-1,1],[-1,-2]],[[5420,9690],[-3,1],[0,0],[-1,1],[-1,0],[-1,1],[-1,1]],[[5413,9694],[1,0],[0,1],[1,0],[1,2],[-1,1],[0,1],[-2,0],[2,2]],[[5413,9694],[-2,-1],[-2,0],[0,-2],[1,-1],[0,-1],[0,-2]],[[5410,9687],[0,1],[2,0],[1,0]],[[5413,9688],[1,2],[1,-1],[1,-1],[1,-1],[-1,-1],[0,-2],[1,-1],[1,0],[0,-1]],[[5418,9682],[0,-2]],[[5418,9680],[-1,1],[0,-1],[-2,1],[-1,-1],[1,-1],[-1,-1],[0,-3],[1,0]],[[5407,9699],[0,1],[1,0],[1,1],[0,1],[0,2]],[[5409,9704],[1,1],[0,2],[-1,1],[-1,-1],[1,1],[2,1],[1,0]],[[5412,9709],[1,1],[0,-2],[1,-1],[0,1],[1,0],[1,-1],[0,-2],[-1,-1],[-1,-1],[0,-1],[1,-1]],[[5425,9711],[1,0],[1,0],[2,1],[0,-1],[1,2]],[[5430,9713],[3,-1],[0,1]],[[5433,9713],[1,0],[-1,-3],[1,-1]],[[5429,9691],[2,-1],[0,1],[1,0],[0,2],[0,0],[1,1],[1,0],[0,-1],[2,0]],[[5436,9693],[0,-1],[0,-1],[1,-1]],[[5437,9690],[-1,0],[0,-2],[0,-1]],[[5436,9687],[-1,0],[0,-2],[-2,1],[-2,1],[-1,-1]],[[5430,9686],[-1,0],[-1,1]],[[5420,9690],[1,-1],[0,-1]],[[5421,9688],[1,0],[1,-1],[0,-2],[0,-2]],[[5423,9683],[-1,0]],[[5422,9683],[-2,0],[0,-1],[-2,0]],[[5430,9686],[0,-1],[-1,-3]],[[5429,9682],[-1,0],[-1,1],[-2,0],[-2,0]],[[5400,9708],[0,1],[0,1],[-1,1],[-1,1],[0,0],[-3,0],[-1,0],[-2,-1],[-2,2]],[[5397,9719],[3,-2],[0,1],[1,0],[1,-1],[0,1],[1,2],[0,-1],[2,0],[1,0],[0,1],[0,1],[1,0],[1,0],[2,-1]],[[5410,9720],[2,-1],[-1,-2],[0,-2],[0,0],[1,-1],[-1,-1]],[[5411,9713],[0,-1],[0,-1],[1,-2]],[[5434,9677],[-2,0]],[[5432,9677],[0,4]],[[5432,9681],[2,-1],[1,2],[1,-1],[1,0],[0,1],[0,1],[0,2]],[[5437,9685],[1,0]],[[5438,9685],[1,-2],[1,0],[1,-1],[1,-1]],[[5442,9681],[0,-1]],[[5442,9680],[0,-1],[-1,0],[-1,1],[-1,0],[1,-2],[-1,-1],[0,1],[-2,-1],[0,-1],[-1,1],[-1,-2]],[[5435,9675],[-1,1],[0,1]],[[5437,9700],[0,1],[1,1],[1,0],[1,0]],[[5440,9702],[1,-2],[-1,0],[0,-2]],[[5440,9698],[-2,-1]],[[5438,9697],[-1,1],[-2,-1],[0,1],[-1,1],[0,-1],[-1,-1]],[[5433,9698],[1,2],[1,2],[2,-2]],[[5411,9713],[1,1],[1,0],[0,1],[1,1],[1,1],[1,0]],[[5416,9717],[1,-1],[1,-2],[1,0],[0,0],[1,0],[1,0],[2,0]],[[5423,9714],[1,-2]],[[5418,9680],[0,-1],[1,-1],[0,0],[-1,-1],[0,-1],[1,0],[1,1],[1,0],[1,-1],[1,0],[1,2]],[[5424,9678],[1,-1],[2,2],[1,0],[1,-1],[0,-1],[1,0],[1,0],[1,0]],[[5435,9675],[-2,0],[-1,0],[0,-1],[1,-1],[-1,-1]],[[5432,9672],[1,-1],[-1,-1],[-1,-1],[0,-1],[-1,-1],[-1,1],[-1,0],[-1,0],[-1,-1],[0,-3],[0,0],[-2,0],[0,-1]],[[5438,9697],[0,-1]],[[5438,9696],[-1,-2],[-1,-1]],[[5423,9683],[0,-1],[2,0],[0,-2],[-1,0],[0,-1],[0,-1]],[[5429,9682],[1,0],[1,-1],[1,0]],[[5438,9706],[0,-1]],[[5438,9705],[0,-1],[3,0]],[[5441,9704],[0,-1]],[[5441,9703],[-1,-1]],[[5436,9687],[0,-1]],[[5436,9686],[1,-1]],[[5206,9382],[-1,1],[-1,0],[0,-1],[-1,0],[-1,0],[-1,1]],[[5201,9383],[-2,2],[-1,0],[0,1],[0,1],[1,1],[-2,2],[-2,2],[2,2],[-1,2],[-1,1],[0,0],[-1,1],[0,2],[0,1],[-1,-1],[-1,1]],[[5192,9401],[0,1],[-1,1],[0,2],[1,1],[0,1],[1,1],[1,1],[-1,1],[-2,0],[-1,1],[-1,1],[-2,1]],[[5187,9413],[3,2],[0,0],[1,0],[1,0],[1,1],[-1,2],[-1,1],[1,0],[1,0],[1,0],[1,2],[1,1],[1,1],[0,-1],[1,-1],[2,-2],[0,0],[1,1],[1,-1],[1,1],[1,-1],[1,0],[1,1]],[[5206,9420],[-1,-2],[0,-1],[0,-1],[-1,-1],[0,-1],[-2,-1],[1,-2],[0,-1],[1,-1],[0,-1],[2,-2],[2,-1],[1,-1],[1,1],[1,1],[1,0],[1,-1],[0,-1],[-1,0],[0,-2],[1,0],[1,-1],[1,1],[2,-1],[0,-1],[2,2],[1,0],[1,-1]],[[5221,9401],[1,-1],[0,-1],[-1,-1],[0,-1],[1,-2],[-1,-2],[0,0],[-2,-1]],[[5219,9392],[-1,0],[0,-1],[-1,-1],[1,-2],[-1,0],[-1,-1],[-1,-1],[-1,0],[0,1],[-1,0],[-1,-1],[-2,-1],[-2,2],[0,-1],[-1,-1],[-2,-1],[1,-1],[0,-1]],[[5228,9392],[-1,0],[-1,-1],[-3,-2],[-1,1],[-1,0],[-1,0],[0,1],[-1,1]],[[5221,9401],[1,1],[2,0],[1,1],[2,2]],[[5227,9405],[1,0],[0,-2],[3,0],[-1,-1],[1,-2],[0,0],[1,0],[1,0]],[[5233,9400],[2,-2],[0,-1],[-1,-1],[0,-2],[1,-3],[-1,-1],[0,-1],[1,-1],[1,0],[0,-1],[1,-2],[2,-1],[0,-1],[1,-2],[-1,-1],[0,-1],[-2,0],[-1,1],[-1,-1],[0,-1],[-2,2],[-1,0],[0,0],[-1,1],[-1,0],[-1,-1],[0,1],[-2,0],[-1,1],[0,-1],[0,1],[0,2],[-2,1],[1,0],[2,1],[1,0],[0,0],[2,1],[-1,2],[0,0],[0,2],[-1,1]],[[5215,9333],[0,3],[0,1],[-1,1]],[[5214,9338],[2,-1],[0,1],[1,2],[2,-1],[1,0],[0,3],[-1,2],[-1,0],[-1,0],[1,1],[-1,0],[0,1],[-2,0],[1,2],[-1,0]],[[5215,9348],[0,1],[-3,0],[0,0],[0,1],[2,0],[-1,2],[1,0],[1,-1],[0,3],[1,2],[1,0],[1,0],[1,-1],[1,0],[0,-1],[1,-1],[2,-1]],[[5223,9352],[-1,-1],[1,-2],[0,-1],[1,-1],[0,-1],[-1,-1],[0,-1],[1,0],[0,-1],[1,-1],[0,1],[1,-1]],[[5226,9342],[0,-1],[-1,-1],[1,-1],[0,-1],[0,-1],[0,-1],[0,-1],[-1,-1],[3,-2],[-1,-1],[0,-1],[0,0],[1,-1],[2,0],[0,-1],[0,-1],[-1,-1],[-1,-1],[1,0]],[[5229,9325],[-1,-1],[-2,-2],[0,-2],[-2,1],[0,1],[-1,1]],[[5223,9323],[-1,1],[-1,0],[-1,2],[0,1]],[[5220,9327],[0,1],[1,2],[0,1],[-1,0],[0,2],[-1,0],[-1,-1],[-2,1],[-1,0]],[[5245,9444],[0,-4],[1,-1],[0,-1],[0,-1],[-1,-1],[1,-3],[0,0],[1,1],[1,0],[2,-1],[0,-1],[-1,-2],[0,-1],[1,-1],[1,-1],[0,-1],[1,-2],[0,-2],[0,-1],[-1,0],[0,-3],[-1,0],[1,0],[2,-1],[0,-1],[2,-1],[1,0],[-1,-3],[-1,0],[0,1],[-2,1],[-1,-1],[-1,-1],[-1,0],[0,-2],[1,0],[1,0],[0,-1],[2,1],[1,-1],[0,0],[-1,-1],[-2,-2],[1,-1],[-1,-1]],[[5251,9404],[0,-1],[-1,-1],[1,0],[0,-1],[-3,-1],[0,1],[-1,2],[-2,0],[-1,-1],[0,-1],[-1,-1],[-1,-1],[-2,3],[-2,0],[0,-1],[0,-1],[-2,1],[0,1],[1,1],[-3,0],[0,-2],[-1,-1]],[[5227,9405],[1,2],[0,2],[1,2],[0,1],[1,0],[0,2],[-1,-1],[-1,0],[-3,1],[0,1],[0,2],[2,2],[1,0],[-1,1],[1,1],[-2,-1],[-2,0],[-1,0],[-1,0],[0,1],[0,0],[0,1]],[[5222,9422],[1,1],[1,1],[0,1],[1,1],[0,1],[0,1]],[[5225,9428],[1,0],[1,-1],[2,-1],[1,0],[1,-1],[2,2],[2,0],[0,1],[0,1],[1,-2],[1,0],[2,0],[2,0],[0,2],[-1,1],[-1,2],[-1,1],[2,1],[-1,3],[1,1],[1,1],[-1,1],[0,0],[-1,1],[-1,0],[0,-1],[-1,0],[-2,0],[0,-1],[-2,1],[0,-1],[-1,-1],[-1,-2],[-2,3],[-1,-2],[-1,0],[0,-2],[-2,0],[-1,-3]],[[5224,9432],[-1,0],[-1,1],[-2,1],[-2,2],[1,1],[1,-1],[1,1],[-1,3],[-1,-1],[-1,1],[1,1],[0,1],[0,1],[0,2]],[[5251,9404],[0,-1],[1,-2],[1,1],[1,-1],[1,-2],[1,0]],[[5256,9399],[0,-2]],[[5256,9397],[-1,1],[-1,-2],[-1,-2],[-1,-1],[0,-1],[1,-1],[-2,-2]],[[5251,9389],[-1,-2],[-1,-1],[-2,-2],[1,-1],[3,0],[1,2],[1,1],[0,0],[0,-2],[0,-1],[-1,-1],[1,-1],[2,1],[0,-1],[0,-2],[2,0],[-1,-1],[-1,0],[-2,-3],[-1,-1],[1,-1],[1,0],[0,-1],[-1,-2],[0,-1]],[[5253,9369],[-1,1],[-1,-1],[0,0],[0,-2],[-1,-1],[0,-2],[0,-1],[-1,-1],[1,0],[2,1],[0,-1],[0,-1],[0,-1],[0,-1]],[[5252,9359],[-1,0],[-1,1],[-2,-2],[0,1],[-1,0],[0,2],[-1,0],[-2,-2],[-1,0]],[[5243,9359],[-1,1],[-1,0],[-1,-1],[0,1],[0,2],[0,0],[0,1],[-2,1],[0,0],[-1,0],[0,-2],[-1,0],[0,-2],[-1,0],[0,0],[-1,1],[-1,-1],[-2,-1],[0,1],[0,1],[-1,2],[-1,1],[-1,-1],[0,2],[-1,-1]],[[5227,9364],[0,2],[-1,-1],[-1,-1],[-1,0],[0,0],[-1,2],[-2,2],[-1,0],[0,2]],[[5220,9370],[-2,-2],[-1,0],[1,3],[0,1]],[[5218,9372],[-1,0],[-1,0],[-1,0],[0,0],[-1,1],[1,2],[-1,1],[-1,0],[0,1],[0,1],[0,0],[0,1],[-1,2],[0,1],[-1,0],[-1,-3],[-1,-1],[0,0],[-1,-1],[0,1],[0,1],[-1,1],[-1,1],[0,1]],[[5220,9327],[-4,1],[-1,-1],[-1,-1],[0,0],[-1,-1],[-2,1],[0,0],[-1,0],[-1,-1],[0,0],[-2,0],[-1,0],[-1,1],[-2,0],[-1,0],[-1,1],[0,2],[1,0],[0,2],[-2,1],[0,-1],[-1,0],[0,1],[0,2],[1,1],[0,1],[-1,0],[-1,1],[-1,1],[0,-2],[-1,1],[0,-2],[-1,0],[-2,1],[-1,1],[-1,2]],[[5191,9339],[1,2],[1,0],[1,1],[2,-1],[2,0],[1,0],[0,1],[0,1],[1,1],[2,1],[0,2],[2,-1],[1,1],[1,0]],[[5206,9347],[2,-1],[0,-1]],[[5208,9345],[0,-1],[-1,-2],[0,-1],[1,-1],[1,-1],[1,0],[1,0],[1,0],[0,-1],[0,-1],[1,-1],[1,2]],[[5227,9364],[1,-2],[-1,-2],[-1,-1],[-1,-1],[2,-2],[0,-2],[-1,-1],[0,1],[-1,-1],[0,-1],[-1,0],[-1,0]],[[5215,9348],[-1,-1],[-1,0],[0,0],[-1,0],[-1,0],[-1,1],[-1,-1],[1,-2],[0,0],[-2,0]],[[5206,9347],[1,2],[0,1],[-1,1],[-1,0],[0,1],[-1,0],[-1,1],[-2,1],[-1,-3],[-1,1],[1,1],[-1,1],[0,1],[0,2],[2,1],[1,2],[-1,1],[0,2],[-1,0],[0,1],[0,2],[-1,1],[-1,0],[1,2],[0,0],[1,1],[1,0],[1,1],[0,1],[-1,1],[1,2],[-1,-1]],[[5201,9374],[0,2],[-1,1],[1,1],[0,2],[-1,0],[1,3]],[[5224,9432],[1,0],[1,-2],[-1,-2]],[[5222,9422],[-1,0],[-3,0],[-1,1],[0,2],[1,0],[0,2],[-1,1],[0,0],[-1,-1],[0,-2],[-1,-1],[-1,-2],[-2,-1],[-1,0],[-2,0],[-1,-1],[-2,0]],[[5187,9413],[0,0],[0,1],[-1,2],[-2,1],[0,1],[-2,1]],[[5182,9419],[2,3],[-1,1],[1,0],[-1,2],[0,1],[-1,0],[-1,1],[-3,1],[1,1],[-1,1],[1,1],[-1,0],[-1,0],[0,1]],[[5189,9339],[2,0]],[[5229,9325],[2,1],[1,-1],[1,0],[1,0]],[[5234,9325],[1,0],[0,-2],[1,-1],[-1,0],[0,-2],[2,-1],[-2,-1],[2,-1],[1,2],[3,0],[0,-1],[1,-2],[0,-1],[-2,-1],[0,-2],[1,0],[-1,-1],[0,-2],[1,-1],[-1,-1],[0,-2],[-3,-1],[0,-1]],[[5234,9325],[2,1],[1,2],[1,2],[0,1],[1,0],[-1,2],[1,0],[1,-1],[1,1],[1,2],[0,0],[0,-1],[2,1],[1,-1],[-1,-1],[1,0],[1,1],[1,0],[-2,-2],[0,-1],[1,-1],[1,0],[1,-1],[1,1],[1,-1],[1,0],[0,0],[0,-1],[2,-2],[1,-2],[1,1],[1,2],[2,0],[0,3],[2,0],[0,-1],[0,-1],[3,-1],[0,-1]],[[5263,9326],[0,-1],[0,-1],[-1,-1],[3,-1],[1,-1],[0,-2],[2,-1]],[[5268,9318],[0,0],[1,-1],[1,2],[1,0],[1,0],[0,-3],[-1,0],[0,-2],[-1,-1],[-1,-1],[0,-1],[1,-1]],[[5243,9359],[0,-1],[-1,-3],[0,-1],[2,0],[0,-1],[0,-1],[-1,-2],[1,-1],[-1,0],[-1,-1],[-1,-1],[0,-2],[0,-1],[0,-1],[1,-1],[-2,0],[-1,1],[-1,1],[-2,0],[-1,0],[0,-1],[-2,2],[-1,0],[-1,-1],[-1,-1],[0,1],[-1,0],[-2,0],[0,-2],[-1,0]],[[5256,9349],[-2,-3],[1,-1],[0,-2],[0,-1],[1,0],[0,0],[2,-1],[0,0],[2,-2],[2,2],[-1,1],[1,1],[1,1],[1,1],[1,0],[1,0],[2,-2],[0,-1],[-1,-1],[1,-2],[-1,0],[-1,-1],[2,-2],[0,-1],[-1,-1],[0,0],[-1,0],[-2,0],[1,-3],[0,-1],[0,-1],[-1,-2],[-1,-1]],[[5252,9359],[0,0],[0,-2],[0,-1],[0,-1],[0,-2],[1,-2],[0,0],[2,0],[0,-2],[1,0]],[[5412,9862],[-1,-2],[0,0],[-1,0],[-3,1],[0,0],[-2,2],[1,2]],[[5406,9865],[1,1],[0,2],[0,1],[1,-2],[1,1],[2,-2],[1,-2],[0,-1],[0,-1]],[[5507,9808],[-1,1],[-1,2],[-1,-2],[-1,0],[-1,1],[0,2],[-1,1],[-2,-2],[-1,1]],[[5498,9812],[-1,0],[-2,-2]],[[5495,9810],[0,1],[-1,1],[0,2],[2,0],[1,0],[1,-1],[1,1],[0,2],[-1,0],[-1,0],[0,1],[-1,0],[-2,0],[0,1],[1,1],[-1,0],[-1,0],[-2,0]],[[5491,9819],[0,0],[0,2],[-1,1],[0,1],[-2,0],[0,-1],[-1,0],[-1,1],[-1,1],[1,1],[-2,1],[0,-1],[-2,1],[-1,2],[1,1],[-1,1],[1,1],[-1,1]],[[5481,9832],[0,1]],[[5481,9833],[2,1],[-1,1],[1,1],[-1,0],[1,1],[1,-1],[0,-2],[1,0],[1,-1]],[[5486,9833],[0,1],[0,3],[1,-1],[1,0],[1,1],[2,2],[1,0],[1,-1]],[[5493,9838],[1,-2],[1,0],[2,-1],[0,-1],[1,-1],[0,0],[0,-1],[-1,0],[0,-3],[1,1],[0,0],[2,0],[1,0],[2,0],[1,1],[1,1],[2,0],[-1,-1],[1,0],[1,-2],[0,0],[0,-2],[1,0]],[[5509,9827],[1,0],[0,2],[0,1],[0,1],[2,0],[1,1]],[[5513,9832],[1,0]],[[5489,9855],[1,-2],[0,-1],[2,-1],[0,-1],[-1,-2],[1,-2],[0,0],[1,0],[1,0],[0,-2],[-1,-2],[1,-1],[0,-2],[-1,-1]],[[5481,9833],[-1,1],[0,1],[-1,4],[1,0],[-2,1],[-1,0],[-1,0],[-1,0],[-1,1],[0,0],[0,1],[0,1],[-1,0]],[[5473,9843],[-1,3],[-1,1],[0,1],[1,1],[0,1],[-1,0],[0,3],[-1,1]],[[5470,9854],[-1,0],[-2,-1],[-1,-1],[-1,2],[0,0],[-1,-2],[-1,0],[-2,0],[-1,1],[1,-2],[-3,-1],[0,1],[0,1],[-1,1],[-1,1]],[[5456,9854],[0,1]],[[5456,9855],[0,2],[-1,1],[1,1],[2,0],[1,1],[1,1]],[[5412,9862],[2,-1]],[[5414,9861],[0,-1],[1,0]],[[5415,9860],[0,-2],[-1,-2]],[[5414,9856],[-2,0],[-1,-1],[-2,0],[0,-1],[-1,-1],[-2,0],[-1,0],[0,1],[-1,0],[-1,-1],[-1,1],[-1,0],[0,-1],[-1,-1],[1,-1],[-1,0],[0,1],[-1,-1],[-1,-1],[-1,2],[-2,0],[-1,0],[-1,1],[0,1],[0,1],[1,2],[0,1],[1,1],[-1,1],[0,1],[-1,-1]],[[5393,9860],[0,1],[-2,0],[0,3],[-1,0],[-1,2],[0,2],[0,1],[1,1],[0,1],[0,1],[-1,0],[0,2],[-1,1]],[[5388,9875],[1,-1],[1,1],[1,0],[2,-1],[2,-1],[0,0],[1,1]],[[5396,9874],[2,-2],[1,-1]],[[5399,9871],[2,-1],[1,-1],[1,-1],[-1,-1],[4,-2]],[[5456,9855],[-2,2],[-1,0],[-1,1],[0,2],[-1,-1],[-1,-1]],[[5450,9858],[-1,1],[-1,-1],[-1,-1],[-1,0]],[[5446,9857],[-1,1],[-1,0],[-1,1],[-2,1],[-2,0],[-1,-1]],[[5438,9859],[0,1],[-2,1],[1,0],[-1,1],[1,1],[0,1],[0,-1],[-1,0],[0,1],[0,1],[-1,-1],[0,1],[0,1],[-1,1],[0,0],[-3,-1],[-1,0],[0,1]],[[5430,9867],[0,2],[-1,-1],[0,1],[1,1],[-1,1],[-1,1],[-1,0],[0,2],[-1,1],[2,0],[1,3],[1,1]],[[5396,9874],[-1,1],[0,2],[0,1]],[[5395,9878],[0,1],[1,0],[0,1],[1,1],[1,2],[-1,1],[1,1],[1,-1],[2,-1],[1,1],[1,-1],[0,0],[1,-1],[-1,-1],[2,0],[0,-1],[2,0],[0,-1],[1,-1],[1,0],[1,-1],[2,0],[2,2],[1,-1],[1,1],[2,0],[-1,-1],[1,-2],[2,1],[0,-1],[1,0],[0,-2],[0,-1],[0,-1],[-1,-1],[-1,0],[0,0],[-1,-1],[-1,-1],[0,-2],[-1,0],[0,-1],[-1,0],[1,-2]],[[5416,9864],[1,0],[0,-1],[0,-1],[1,-2],[-1,0],[-2,1],[0,-1]],[[5378,9853],[2,2],[-1,0],[2,1],[1,-1],[1,1],[1,0],[1,-1],[2,-1],[0,2],[1,3],[1,0],[1,0],[1,-1],[2,0],[0,2]],[[5414,9856],[0,-1],[0,0],[2,-1],[0,2],[1,-1],[1,0],[2,-1],[0,0],[1,-2],[2,1],[0,0]],[[5423,9853],[1,-1],[0,-1],[-1,-2],[1,-2]],[[5424,9847],[-1,-1],[-1,1],[-1,0],[-1,-1],[-1,1],[0,1],[-1,1]],[[5418,9849],[-2,-1],[-1,-1],[0,-1],[0,-1],[1,-2],[0,-1],[-2,-1],[0,0]],[[5414,9841],[-2,-1],[-1,2],[-1,-1],[-1,0],[-1,1],[1,1],[-1,1],[-1,0],[-1,1],[0,1],[-2,0],[0,1],[-1,0],[-1,1],[-1,-1],[-2,-1],[1,-1],[0,-2],[0,0]],[[5400,9843],[-1,0],[-2,0],[0,1],[-1,0],[0,1],[1,1],[0,1],[-1,0],[0,0],[-1,-1],[-2,0],[-1,0],[1,-2],[1,-1],[2,-2],[-2,-1]],[[5394,9840],[-1,-1]],[[5430,9867],[-1,-1],[0,-3]],[[5429,9863],[1,-3],[-1,0]],[[5429,9860],[0,-2],[1,-1],[1,0],[-1,0],[-1,0],[0,0],[-2,1],[-1,0],[1,-2],[1,0],[1,-1],[1,-2],[-1,0],[-1,1],[-1,0],[-1,2],[-2,0],[0,-2],[-1,-1]],[[5395,9878],[-2,1],[-2,-1],[-1,2],[-1,1],[0,2],[0,1],[-1,0],[-2,0],[-1,1],[0,1],[-1,1],[0,1],[0,3],[1,3],[0,4],[0,1],[1,0],[1,-1],[2,0],[1,1],[1,0],[1,-1],[1,-1]],[[5423,9809],[0,1],[2,2],[1,0],[0,0],[2,1],[-1,2],[0,3],[2,0],[1,1],[0,2]],[[5430,9821],[0,1],[0,1],[2,1],[1,1],[1,-1],[1,1],[2,-1],[0,1],[2,1]],[[5439,9826],[1,1],[3,-1],[0,-1],[1,-1]],[[5444,9824],[0,-1],[1,0],[0,-2]],[[5445,9821],[1,0],[0,-1],[1,-1]],[[5447,9819],[2,3],[2,-1],[0,-1],[1,1],[0,1],[1,1]],[[5453,9823],[2,1],[0,1],[2,0],[1,0],[1,0],[1,1]],[[5460,9826],[2,-1]],[[5462,9825],[0,-1],[0,-1],[-1,-1],[-1,0],[-1,1],[-1,-1],[0,-1],[1,-2]],[[5459,9819],[2,-2],[-1,0],[0,-2],[4,0],[0,0],[1,-1],[-1,-1],[0,-1],[1,-1],[0,0],[0,-2],[0,-1]],[[5465,9808],[-1,0],[0,-1],[1,-2],[1,0],[1,-1],[-1,0],[-1,0],[-1,-1],[-1,-1],[-1,0],[-1,0],[0,-1]],[[5424,9847],[2,0],[1,2],[0,1],[0,0]],[[5427,9850],[0,-1],[1,-1],[2,1],[1,0],[2,0]],[[5433,9849],[3,0],[0,0],[2,-2]],[[5438,9847],[1,-3],[1,0],[0,-1],[1,1],[1,0],[0,-1],[2,-1],[0,1],[2,0]],[[5446,9843],[1,-1]],[[5447,9842],[-1,-1],[0,-1],[-1,-1],[0,-1],[-2,-1],[-1,-1],[1,-2]],[[5443,9834],[-2,-1],[-1,0],[0,-1],[-1,0],[1,-1],[-1,-1],[0,0],[1,-1],[-1,0],[0,-2],[0,-1]],[[5430,9821],[-3,-1],[2,1],[-1,1],[1,1],[-1,1],[-1,1],[-1,0],[0,1],[-2,-1],[-1,1],[0,-1],[-1,0],[-1,1],[-1,0],[0,1],[2,1],[0,1],[-1,2],[-1,0],[-1,1],[1,2],[-1,1],[0,1],[0,1],[-1,-2],[0,-1],[-1,-1],[-1,0]],[[5416,9833],[0,2],[2,1],[-1,2],[-1,0],[-1,-1],[-1,1],[1,1],[0,1],[-1,1]],[[5371,9858],[1,1],[2,2]],[[5374,9861],[2,2],[1,1],[1,4],[1,4],[2,3],[1,2],[2,1],[2,0],[1,-2],[1,-1]],[[5453,9838],[-1,1]],[[5452,9839],[-1,1],[0,-1],[-2,0],[-1,1],[0,1],[-1,0],[0,1]],[[5446,9843],[0,2],[1,1],[1,1],[0,1],[0,1],[0,2],[1,1]],[[5449,9852],[2,0],[0,0],[1,-1],[0,-1],[1,-1],[1,-1],[-1,-1],[1,-1],[1,1],[1,-2],[1,1],[1,0],[1,0],[0,-2],[0,-1],[2,-1],[-1,-4]],[[5460,9838],[-1,1],[-3,-1]],[[5456,9838],[-2,1],[-1,-1]],[[5452,9839],[-1,-1],[1,-1],[-2,-1],[0,-2],[1,0],[1,-2]],[[5452,9832],[0,-1],[1,-1]],[[5453,9830],[-2,-1],[-1,-1]],[[5450,9828],[0,0],[0,1],[-1,0],[-2,1],[-1,2]],[[5446,9832],[-1,-1],[0,1],[-1,2],[-1,0],[0,0]],[[5465,9808],[1,1],[1,3],[2,0],[1,0],[2,1],[1,-1],[0,0],[2,0],[1,-1],[0,-1],[-1,-2],[1,0],[1,0],[1,1],[0,2],[1,1],[1,1],[2,-1],[0,1],[1,-1],[1,0],[0,1],[3,0],[1,1],[1,1],[1,0],[0,3],[-1,0],[1,1],[1,0]],[[5462,9825],[1,1],[0,1],[1,0],[1,1],[1,0],[1,0],[0,-1],[1,0],[1,0],[0,1],[1,1]],[[5470,9829],[1,-4],[2,0]],[[5473,9825],[1,1],[-1,2],[1,1],[1,0],[0,1],[0,2],[1,0],[1,0],[2,-1],[1,0],[1,1]],[[5460,9838],[2,0],[0,-2],[2,0],[1,-1],[0,-1],[0,-1],[0,-2]],[[5465,9831],[-1,0],[0,0],[-2,0],[0,2],[-1,0],[-1,0],[-2,0]],[[5458,9833],[-2,0],[-2,0],[-1,-1],[-1,0]],[[5470,9829],[-1,1],[1,1]],[[5470,9831],[-1,1],[-1,1],[-1,0],[-2,-1],[0,-1]],[[5449,9852],[-1,0],[-2,0],[-1,0],[-1,0],[0,2],[0,0],[0,2],[1,0],[0,0],[1,1]],[[5460,9826],[1,1],[-1,1],[-1,1],[-2,0],[-2,1],[-2,0]],[[5453,9823],[-1,2],[0,1],[-1,1],[-1,1]],[[5444,9824],[1,1],[0,1],[0,2],[0,1],[1,3]],[[5399,8978],[1,0],[1,-1],[1,1],[1,1],[0,0],[-2,1],[0,1],[-1,1],[1,1],[1,0],[1,2],[2,-2],[0,-2],[1,0],[1,0],[0,2],[2,0],[0,0],[1,-1],[0,-1],[1,0]],[[5411,8981],[1,0],[0,-2],[0,0],[1,-2],[1,1],[1,-1],[0,-2],[0,-1],[-2,1],[0,0],[0,-1],[0,-1]],[[5413,8973],[-2,-2],[3,-1],[0,-1],[0,-1],[2,-1],[0,-1],[1,0]],[[5417,8966],[1,-2],[0,1],[1,-1],[-1,-3],[0,1],[-1,-1],[0,-1],[0,0],[3,-1],[0,-1],[0,-2]],[[5420,8956],[0,-1],[0,-1],[0,-2],[-1,-1]],[[5451,8948],[-1,-1],[-1,-1]],[[5449,8946],[0,1],[0,2],[0,1],[0,1],[1,2],[-1,2],[-1,1],[0,1],[0,0],[0,1],[0,2]],[[5448,8960],[0,1],[-2,2],[1,1],[1,1],[1,-2],[1,0],[0,1],[1,0],[0,2]],[[5451,8966],[4,-1],[0,1],[1,-1],[1,0],[1,2],[1,-1]],[[5459,8966],[0,0],[-1,-1],[0,-1],[1,-2],[0,-1],[2,1],[0,-1],[1,0]],[[5462,8961],[0,-1],[0,0],[-1,0],[-1,0],[-1,-1],[-2,0],[-1,-1],[-1,1]],[[5455,8959],[-1,-2],[0,0],[0,-2],[0,-1],[2,0]],[[5456,8954],[-1,-1],[0,-1],[-1,-1],[1,-1],[-1,-1],[-2,-1],[-1,0]],[[5471,9000],[-2,0],[-2,-2],[-2,0],[1,-2],[-1,-1],[-1,-1],[0,-2]],[[5464,8992],[1,-2],[-1,-1],[0,0],[0,0],[-2,2],[-2,1],[0,-1],[-2,-1],[-1,1],[-1,-2],[0,0],[1,-1],[1,0],[0,-1],[0,-2],[-2,-1],[1,-1],[0,-1],[0,-2],[0,-2],[0,-1],[-2,-1],[-1,1],[-1,-1],[-1,0],[-2,1],[-1,0]],[[5449,8977],[-1,0],[0,1],[-1,2],[-2,0]],[[5445,8980],[-1,2],[-1,0]],[[5443,8982],[0,1],[-1,2],[0,2],[0,2]],[[5442,8989],[-1,0],[-1,0],[0,-1],[-2,1],[-1,0],[0,1],[-1,1],[-1,0],[-1,0],[0,0],[-2,-1],[0,1],[-2,2],[0,-1]],[[5430,8992],[-1,2],[0,1],[0,1],[-1,2],[0,1],[2,2],[0,1]],[[5430,9002],[0,1],[1,0],[1,1],[1,-1],[1,0],[0,1],[1,0],[1,1],[1,-2],[1,-1],[1,-1]],[[5439,9001],[-1,0],[0,-2],[1,-1],[0,-1],[1,-1],[1,0],[0,2],[2,-1],[0,1],[0,2],[0,0],[1,1],[1,1],[0,1],[-1,2],[0,1],[0,1],[0,1]],[[5444,9008],[0,1],[2,1],[-1,1]],[[5445,9011],[1,1],[1,1],[0,-1],[1,1],[1,0],[0,-1],[0,0],[1,0],[1,0],[1,0],[2,1],[1,1],[0,1],[1,0],[1,-1],[0,-2],[1,2],[2,1]],[[5460,9015],[1,-1],[2,0],[0,-1],[1,0],[2,0]],[[5433,9007],[1,0],[0,2],[-1,1],[-2,0],[-1,-2]],[[5430,9008],[-1,-1],[-1,0]],[[5428,9007],[1,2],[2,1],[0,1],[1,1],[1,0],[0,3],[2,0],[1,2]],[[5436,9017],[0,-1],[1,-1],[1,-2],[1,0]],[[5439,9013],[1,-1],[0,-1]],[[5440,9011],[0,-1],[1,-3],[-1,-1]],[[5440,9006],[-1,1],[0,1],[-1,1],[-3,-3],[0,0],[-1,1],[-1,0]],[[5463,8943],[0,1],[0,1],[-1,1],[-2,1],[1,2],[0,2],[-2,0],[-2,0],[-1,2],[0,0],[0,1]],[[5462,8961],[0,1],[1,1],[1,-1],[1,-2],[-1,-1],[2,-1],[2,0],[1,-2],[1,-1],[1,0],[2,0],[0,-1],[1,0],[0,-1],[0,-1],[1,-3],[-1,-1],[1,0],[1,0],[0,2],[-1,1],[0,2],[1,0],[1,1],[2,1],[0,-1]],[[5385,9010],[2,0],[0,0],[0,2],[0,1],[-1,0],[-1,0],[-1,1],[0,1],[1,0],[0,1],[1,0],[2,0],[2,-1],[1,1],[0,1],[0,2],[1,1],[2,0],[0,1],[-1,2],[2,0],[0,0],[1,1],[1,0],[1,3],[0,0]],[[5398,9027],[1,0],[1,0],[1,1],[0,1],[1,-1],[2,1],[1,-1],[2,0],[1,-1],[0,1],[1,-1],[1,0],[1,-1],[1,-1],[0,1],[2,-2],[1,1],[0,-1],[2,-1],[0,-1],[1,-1],[1,0]],[[5419,9021],[1,-3],[-1,-1],[-1,0],[-1,-1],[0,-1]],[[5417,9015],[-1,0],[-1,1],[-1,-1],[-2,0],[0,1]],[[5412,9016],[0,-1],[0,-1],[-1,0],[-1,-3],[0,-1],[-1,-1],[1,-3],[1,-2]],[[5411,9004],[-1,-1],[-1,0],[-1,-1],[-1,-1],[1,-2],[-1,0]],[[5407,8999],[-1,0],[-1,-1],[-1,0],[-1,1],[-1,-2],[-1,0],[-1,0],[-1,-2],[-1,0],[-2,-4],[-1,0],[-1,0],[0,-1]],[[5445,9011],[0,1],[-2,2],[1,0],[0,2],[1,1],[0,1],[-1,0],[-1,-1],[0,0],[-1,1]],[[5442,9018],[-1,1]],[[5441,9019],[0,2],[-1,2],[-1,1],[-1,1]],[[5438,9025],[1,1],[-1,1],[1,1],[0,2],[-1,1],[0,0],[-1,1]],[[5437,9032],[-2,0],[0,1],[0,1],[-1,1],[1,1],[1,0],[0,1],[-1,1],[-1,0],[0,0],[-1,1],[1,2],[0,2],[0,0],[-1,1],[0,1],[1,1],[-1,1],[-1,-1]],[[5437,9032],[-1,-1],[-1,-1],[0,-1],[0,-1],[1,0],[1,-1],[0,-2]],[[5437,9025],[-1,-1],[-1,-1],[-1,0],[1,0],[0,-2]],[[5435,9021],[-2,0],[-1,1],[-1,1],[0,1],[-1,0],[-1,0],[-1,0],[-1,1],[-2,2],[-1,-1],[0,-1],[0,-2],[-1,-1],[1,-1],[0,-1]],[[5424,9020],[-1,0],[-2,0],[0,1],[-1,2],[-1,-1],[0,-1]],[[5398,9027],[-1,3],[-2,0],[0,1],[0,1],[0,1],[-1,1]],[[5394,9034],[0,2],[0,1]],[[5394,9037],[2,0],[1,-1],[1,1],[1,0],[1,0],[0,0],[2,0],[0,-1],[1,0],[1,-2],[0,0],[2,1],[-1,0],[0,2],[1,0],[1,1],[1,-1],[0,-1],[1,-1],[1,2],[-1,2],[0,2],[1,-1],[2,1],[1,-1],[1,1],[0,-1],[1,-1],[1,1]],[[5416,9040],[-1,2],[-1,0],[1,1],[1,1],[0,0],[1,-1],[1,-1],[1,-1],[0,1],[2,-1],[1,1]],[[5407,8999],[0,-1],[0,-2],[-1,-1],[-1,-1]],[[5405,8994],[1,-1],[1,0],[1,-1],[1,-1],[1,-1],[1,-1],[0,-1]],[[5411,8988],[-1,0],[0,-1],[1,-1],[0,0],[1,-1],[0,-1],[0,0],[1,-2]],[[5413,8982],[-1,0],[-1,-1]],[[5459,8966],[0,3],[-1,1],[-1,0],[0,1],[-1,0],[0,2],[-1,-1],[-1,0],[-1,0],[-2,1],[0,0],[-1,1],[-1,1],[0,2]],[[5417,8966],[1,2],[1,0],[1,0],[0,-1],[1,-1],[1,0],[1,2],[1,1],[1,2],[1,-2],[0,-1],[1,0],[1,2],[0,1],[1,-2],[2,-1],[0,-1],[0,0],[0,-2],[-1,-1],[0,-1],[2,1],[2,0],[1,0],[0,1],[1,0],[1,1],[1,1]],[[5438,8967],[1,-1],[-1,-1],[1,-1],[1,0],[1,0]],[[5441,8964],[0,-1],[-1,-1],[-1,-1],[2,-1],[0,-1]],[[5441,8959],[-1,0],[0,-1],[0,-1],[-1,-2],[-1,0],[0,1],[-1,0],[-1,1],[-1,0],[-1,-1],[1,-1],[-1,0],[-1,1],[-1,-1],[0,-1],[-2,0],[-1,-1],[0,-1],[-1,1],[0,-1],[-1,0]],[[5441,8959],[1,-1],[1,1],[1,0],[-1,1],[1,1]],[[5444,8961],[0,-1],[2,1],[2,-1]],[[5449,8946],[0,-1]],[[5439,9013],[1,1],[0,2],[0,1],[1,0],[1,1]],[[5439,9001],[2,0],[0,1],[1,-2],[0,2],[-2,3],[0,1]],[[5428,9007],[0,-2],[0,-2],[0,-1],[2,0]],[[5430,8992],[0,0],[-2,-1],[0,-1]],[[5428,8990],[-2,2],[0,1],[-1,1],[-2,-2],[0,0],[-1,-2],[-1,2],[-1,1],[0,-1],[-3,1],[-1,0],[-1,0],[-1,1],[-1,0],[-1,0],[0,-1],[0,-2],[0,-1],[-1,-1],[1,-1],[-1,0]],[[5411,9004],[1,-1],[1,0],[1,1],[1,-1],[0,-1],[1,1],[1,0],[1,0],[1,0],[0,2],[1,0],[0,0],[0,2],[1,1],[-1,0],[-1,1],[-1,0],[0,1],[0,0],[0,1],[-1,3],[0,1]],[[5424,9020],[1,-1],[0,0],[2,0],[1,0],[0,0]],[[5428,9019],[-1,-1],[0,-1],[1,-1],[-1,-1],[1,0],[-2,-2],[-1,0],[1,-3],[-1,0],[-1,-2]],[[5424,9008],[4,-1]],[[5428,8990],[1,-1],[-2,-1],[0,-3],[0,-1],[0,-1],[-1,-1],[-1,0],[2,-2],[0,-1],[-1,-1],[-1,1],[0,0],[-2,1],[-1,1],[-1,0],[-1,1],[0,2],[-1,0],[-2,0],[0,-1]],[[5417,8983],[-1,-1],[0,0],[-2,0],[-1,0]],[[5443,8982],[0,0],[-2,-1],[-1,-3],[1,0],[1,-1],[-1,-1],[1,-1]],[[5442,8975],[-1,-2],[-2,1],[0,1],[-1,0],[-1,-1],[0,-1],[1,-1],[0,-1],[-1,-1],[-1,-1],[1,-1],[1,-1]],[[5451,8966],[1,1],[-1,-1],[-2,2],[0,0],[-1,2],[0,0],[-1,0],[0,2],[-1,1],[-1,1],[0,0],[-2,2],[0,-1],[-1,0]],[[5435,9021],[0,-1],[1,0],[1,-1],[0,-1],[-1,-1]],[[5438,9025],[-1,0]],[[5444,8961],[0,1],[-2,1],[-1,1]],[[5361,9025],[-1,2],[0,2],[1,0],[1,2]],[[5362,9031],[1,-2]],[[5363,9029],[0,-1],[0,-1],[0,-1],[0,-1],[1,-1],[0,-2],[0,-1],[1,0],[-1,-1],[-1,-2],[1,0],[0,-1],[2,0],[1,1],[0,-1],[1,-2]],[[5368,9015],[-1,-2],[-1,0],[0,-2],[-1,-1],[-1,0],[1,-3]],[[5365,9007],[-1,0],[-1,0],[0,-1],[1,-1],[-2,-1],[-1,0],[-1,-1],[-1,2],[-1,0],[-1,-1],[0,1],[-1,0],[0,2],[0,0],[-1,2],[-1,-1],[0,3]],[[5354,9011],[0,2],[-1,1],[2,1],[1,0],[-1,2],[0,1],[1,1],[0,1],[2,0],[0,2],[0,1]],[[5358,9023],[0,2],[0,-1],[3,0],[0,1]],[[5385,9053],[0,-1],[1,-2]],[[5386,9050],[-1,-1],[-1,-1],[-1,-1],[-1,0],[-1,-2],[-1,-3],[0,-1],[3,0],[0,-1],[0,-2],[0,-1],[-1,0],[-1,-1],[-1,-2],[-1,2],[-1,-2],[1,0],[1,-2],[0,-2],[-2,-1],[0,0],[-2,1],[-2,1],[0,0]],[[5374,9031],[-1,2],[-1,0],[-1,-1],[-1,-1],[-2,1],[0,1],[0,1],[-2,-1],[-1,1],[0,-1],[0,-1],[-1,-2],[-1,-1]],[[5362,9031],[-1,1],[0,1]],[[5361,9033],[0,1],[1,0],[1,1],[0,2],[0,0],[0,1],[1,1]],[[5364,9039],[1,1],[1,1],[2,-1],[1,2],[1,1],[-1,1],[1,1],[-3,1],[-1,-1],[0,1],[3,3]],[[5330,9007],[1,1],[1,2],[1,2],[0,-1],[2,0],[2,2],[-1,4]],[[5336,9017],[0,1],[-1,1],[1,1],[0,1],[2,1],[2,-1],[0,1],[1,0],[2,-1],[1,-1],[0,2],[1,0],[1,2]],[[5346,9024],[1,0],[1,-1],[-1,-1],[1,-1],[0,0],[1,-1],[1,1],[1,1],[1,1],[3,2],[1,0],[1,-2],[1,0]],[[5354,9011],[-1,0],[-1,-1],[-1,1],[-1,1],[-1,0],[-1,-1],[0,-1],[-1,0],[-1,-2],[0,0],[-1,-2],[1,-1],[2,-1],[1,0],[0,-2],[-2,0],[0,-1],[-2,1],[0,0],[-1,-1],[0,-1],[0,-1],[-1,-2],[2,-1]],[[5321,9039],[1,-1],[1,0],[1,-1],[0,-2],[1,-1],[2,0],[0,0],[1,0],[1,-1],[0,-1],[1,-2],[1,0],[1,-1],[1,0],[2,0],[-2,2],[0,1],[0,1],[1,1],[1,1]],[[5335,9035],[1,1],[1,0],[1,-2],[-1,-1],[3,1],[2,-1]],[[5342,9033],[1,0],[1,-1]],[[5344,9032],[0,-1],[-1,-1],[0,2],[-1,-2],[0,-1],[0,-1],[0,0],[2,-2]],[[5344,9026],[1,-1],[0,-2],[1,1]],[[5365,9007],[1,1],[2,-1],[1,0],[0,-1]],[[5344,9032],[1,0],[1,-1],[1,1],[1,2],[2,0],[1,1],[0,2],[1,0],[1,0],[0,-1],[1,-2],[0,0],[0,1],[2,0]],[[5356,9035],[0,1],[0,1]],[[5356,9037],[1,0],[2,0],[0,-2],[2,-2]],[[5356,9037],[-1,1],[-2,1],[0,1],[0,1],[2,1],[-1,1],[-1,0],[-1,0],[0,-2],[-1,0],[-1,1],[-1,0],[-1,1],[0,1],[1,2],[-1,0],[-1,1],[-1,0],[0,2],[-2,0],[-1,0]],[[5343,9049],[-1,0],[-1,3],[-1,2],[-1,-1],[-1,1],[-1,1],[0,0],[-1,1],[1,1],[-2,1],[-1,1]],[[5356,9035],[0,2]],[[5394,9034],[-1,0],[0,-3],[-2,0],[-1,0]],[[5390,9031],[-1,-3],[1,-1],[1,-1],[1,-2],[-1,0],[-1,-2],[-1,0],[-1,2],[-1,-1],[-1,0],[-2,-1],[-1,0],[0,-2],[0,0],[-1,2],[-1,1],[-1,1],[-3,1],[-1,0],[-2,1]],[[5374,9026],[0,1],[0,0],[1,1],[-1,2],[0,1]],[[5386,9050],[2,-1],[1,-1],[-2,-1],[-2,0],[0,-1],[-1,-1],[1,-1],[0,-1],[2,-1],[1,-1],[-1,-3],[2,-2],[1,-1],[0,2],[1,0],[0,2],[1,1],[1,0],[2,0],[-1,-1],[-1,0],[1,-2]],[[5343,9049],[-1,-1],[-2,-1],[-1,-2],[-1,-1],[0,0],[1,0],[2,-2],[1,-2],[0,-2],[-1,0],[-1,-1],[1,-1],[1,-2],[0,-1]],[[5368,9015],[0,-1],[2,1],[2,-1],[0,1],[1,1],[1,1],[0,1],[2,1],[-1,1],[1,1],[-1,1],[0,2],[-1,2]],[[5843,8949],[-1,-1],[0,-1],[-1,-2],[-1,0],[-1,-2],[0,-1],[-1,0],[-1,1],[-1,0],[0,-3],[0,0],[-1,0],[-1,1],[-3,-1],[-1,-1],[-2,3]],[[5828,8942],[0,1],[1,1],[0,1],[0,0],[4,4],[0,2],[1,2],[1,0],[1,-1],[1,1],[1,-1]],[[5837,8956],[-1,-1],[-2,0],[-1,0],[-1,-1],[-2,1],[-1,1]],[[5829,8956],[0,2],[1,0],[1,2],[0,1],[2,-1],[2,-3],[1,0],[1,-1]],[[5819,8986],[1,0],[2,0],[0,0],[-1,-3],[2,-2],[0,0],[-2,0],[-1,1],[-2,-2],[0,-1],[-1,0],[0,0],[-2,0],[-2,1],[-1,0],[-1,1],[0,-2],[-1,-2],[-2,-1],[0,-2],[2,0],[1,0],[1,-1],[0,-1],[1,-1],[1,-3],[0,0],[0,-1],[2,0],[0,-2],[-1,-1],[0,-1],[0,0],[1,-2],[1,0],[1,-2],[0,-1],[0,-1]],[[5818,8957],[-1,0],[-3,1],[0,0],[-1,-2],[0,0],[-1,-1],[1,-1],[1,-3],[-2,-1],[-2,0],[0,0],[-3,-1],[-1,1]],[[5806,8950],[1,1],[0,3],[1,1],[1,2],[-2,1],[-1,1],[-1,0],[-1,1],[-1,2],[-2,0],[-1,0],[-1,-1],[0,0],[-2,-1],[0,-1],[1,-1],[0,-2],[0,-3]],[[5798,8953],[-1,-1],[-1,1],[-1,1],[-1,0],[-1,0],[-2,0]],[[5791,8954],[0,1],[-1,1],[-1,1],[-1,0],[-1,-1],[-1,1],[-4,0],[-2,0],[-1,0],[-1,1],[-1,1],[-2,1],[-2,0]],[[5773,8960],[0,1],[0,0],[-2,0],[-1,1],[-1,2],[-1,0],[-1,-1],[-2,-1],[0,0],[-2,1],[-1,0],[0,3],[0,2],[1,1],[1,1],[0,0],[1,2],[0,2],[0,1]],[[5800,8952],[1,0],[0,-1],[1,0],[1,-1],[3,0]],[[5818,8957],[0,-1],[0,-2],[-1,0],[-2,-2],[0,-3],[0,-1],[0,-1],[-1,0],[-1,-1],[0,-2],[0,-3]],[[5813,8941],[-1,-1],[1,-2],[-3,-1],[-1,1],[0,-3],[-1,-1],[-1,1]],[[5807,8935],[-1,1],[-1,-1],[-2,0],[-2,-2],[-1,-1],[-2,1],[0,1],[0,2],[-2,2],[-1,2],[1,1],[-1,1],[-1,1],[1,1],[-2,0],[-1,2],[-1,0],[0,1],[-1,0],[-1,1],[0,1],[-1,0]],[[5788,8949],[0,1],[0,2],[1,0],[0,1],[1,1],[1,0]],[[5798,8953],[0,0],[1,-1],[1,0]],[[5773,8960],[0,-1],[-1,-1],[-1,-1],[0,-1],[1,-1],[-1,0],[-3,-1],[-1,-1],[0,-1],[0,-1],[-1,-2],[-1,-1],[-1,0],[-1,0]],[[5763,8948],[-1,-4],[0,-1],[-1,0],[0,1],[-4,1],[-1,0],[0,0],[-1,0],[-1,-2],[0,0],[-2,-2],[-1,-1],[0,-1],[-2,-1]],[[5749,8938],[-1,1],[-1,2],[-1,0],[-1,0]],[[5742,8983],[1,1]],[[5838,8957],[-1,-1]],[[5829,8956],[-1,-2],[-2,0],[-1,1],[-1,-1],[-1,-1],[0,-1],[0,-1],[0,-1],[0,-1],[0,-1],[0,-1],[1,-2],[-1,-1],[-1,0],[-1,-2],[1,-1],[1,-1],[0,-3],[0,-1],[1,-2]],[[5824,8934],[0,-2],[0,-1],[-2,-1],[-1,0]],[[5821,8930],[-2,1],[0,3],[0,1],[-1,1],[-2,3],[-1,0],[-1,1],[-1,1]],[[5743,8905],[2,1],[1,-1],[1,2],[1,0],[1,1],[2,3],[-1,2],[1,1],[1,-1],[2,-1],[2,1],[2,0]],[[5758,8913],[0,-2],[-1,-1],[-2,-2],[0,-1]],[[5755,8907],[-1,-2],[-1,0],[1,-6]],[[5754,8899],[-1,0]],[[5753,8899],[-2,1],[-1,0]],[[5750,8900],[-2,0],[-1,-1]],[[5747,8899],[-2,0],[0,0],[-1,0],[0,2],[1,0],[-1,1],[-2,0],[-2,0]],[[5740,8902],[0,1],[0,2],[1,0],[0,1],[2,-1],[0,0]],[[5749,8938],[-1,-1],[1,-1],[-1,-2],[0,0],[0,-2]],[[5748,8932],[0,-1],[0,-1],[0,-2],[1,-1],[0,1],[2,1],[2,-2],[1,1],[1,-1],[2,0],[1,-1],[-1,-2],[0,-1],[1,-1],[-1,-3],[0,-4]],[[5757,8915],[1,-2]],[[5740,8902],[-1,2],[0,-1],[-2,0],[0,1],[-1,1],[1,1],[0,2],[-2,0]],[[5761,8916],[0,1],[1,1],[1,1],[2,-1],[1,1],[1,1],[0,1],[1,2],[1,0],[1,-1],[0,0],[0,-1],[1,-1],[1,-1],[0,0],[1,-1],[0,-2],[0,-2]],[[5773,8914],[-1,-1],[0,-2],[-1,-1],[0,-1],[-1,-3],[-1,-1],[0,-1],[-2,0]],[[5767,8904],[-2,0]],[[5765,8904],[-1,1],[-1,1],[-1,1],[-1,1],[0,2],[0,0],[-1,0],[-2,3]],[[5757,8915],[2,1],[2,0]],[[5776,8925],[-1,1],[0,1],[0,3],[0,0],[0,2],[0,1],[1,0],[0,1],[2,0],[0,0],[1,1],[-2,1]],[[5777,8936],[0,1],[0,2],[0,1],[1,1],[0,1],[1,2],[0,0],[1,1],[1,1],[1,0],[1,0],[-1,2],[-1,0],[0,2],[0,0],[0,1],[3,-2],[1,1],[1,-1],[2,0]],[[5807,8935],[0,-1],[1,-1],[0,-2],[-1,-1],[-1,0],[0,-1],[0,-1],[1,0],[1,-1],[1,-1],[-1,-1],[-1,-1],[-1,-1],[-4,-1],[-1,-1],[-2,0],[-1,0],[-1,-1],[1,0],[3,1],[0,-1],[0,-1],[1,-2],[-1,-1],[0,-2],[0,0]],[[5801,8914],[-1,0],[-2,0],[-1,1],[-1,-1],[-1,-1],[-1,0],[-1,-1],[-2,-2],[-2,1],[-2,0],[0,0],[-2,0],[0,0],[-1,2]],[[5784,8913],[0,3],[0,1],[0,1],[0,2],[0,1],[-1,2],[-1,1],[0,1],[-1,1],[0,1],[-1,0],[-2,0],[-1,0],[0,-1],[-1,-1]],[[5801,8914],[1,-2],[0,-2],[-1,-2],[1,-1],[2,-1],[0,1],[1,0],[1,1],[-1,-4]],[[5805,8904],[-1,1],[-2,0],[-1,-1],[-1,0],[0,0],[-1,0],[-1,0],[-2,-1],[0,-1],[-1,0],[-1,-2],[0,0],[0,-3],[0,0],[0,-2],[-1,1],[-2,-1],[-1,3],[-1,0],[-1,0],[0,1],[-2,1],[-1,0],[-1,-1],[-1,0]],[[5783,8899],[0,1],[-1,0],[-2,0],[0,2],[0,0],[1,2],[-1,1],[1,0],[-2,4],[-1,0],[-1,1],[0,1]],[[5777,8911],[1,0],[2,0],[1,0],[2,1],[1,1]],[[5770,8899],[-1,0],[-1,0],[-1,1],[0,4]],[[5773,8914],[1,0],[1,-2],[0,0]],[[5775,8912],[-1,-2],[-1,-1],[0,-3],[1,-1],[0,-1],[-1,-1],[0,0],[0,-1],[-1,0],[-1,0],[-1,-1],[0,-2]],[[5777,8936],[-1,0],[-1,0],[-5,1],[-1,-3],[2,0],[0,-1],[1,-1],[-2,-1],[-1,0],[-1,-1],[0,4],[-2,0],[-1,0],[-1,0],[-1,0],[-1,-1],[-2,0],[-1,1],[-3,0],[-1,0],[-2,0],[-1,-1],[-2,0],[-2,-1]],[[5777,8911],[-2,1]],[[5770,8899],[0,-1],[1,0],[1,-2],[0,-1]],[[5772,8895],[0,0],[-2,0],[-1,0],[0,0],[-2,-1],[-1,0],[-1,0],[0,2],[0,1],[-1,0],[-1,1],[-2,0]],[[5761,8898],[1,2]],[[5762,8900],[3,2],[0,2]],[[5821,8930],[-1,-1],[0,-2],[-2,-2],[-1,1],[0,-1],[-1,-1],[-2,-2],[-1,0],[-1,-1],[0,-1],[1,0],[1,-1],[2,1],[1,1],[1,0],[1,-1],[1,0],[1,2],[1,-1],[0,-2],[0,-1],[-1,-1],[-1,0],[0,-1],[-1,-2],[1,-2],[1,-1],[0,-1],[-2,0],[-1,-1],[0,-1],[0,-1],[0,-1],[-1,1],[-1,-1],[-1,1],[-1,1],[0,1],[-2,0],[-1,0],[-1,0],[-1,-1],[0,-1],[0,-1],[-1,0],[-1,-1],[-2,-1]],[[5828,8942],[-1,-1],[-1,-2],[-1,-2],[0,0],[0,-1],[-1,-2]],[[5783,8899],[-2,0],[-2,-1],[-2,-2],[-1,-2],[0,-2],[0,-2],[0,-2],[1,-1],[-1,0],[-2,1],[-1,0],[0,0],[-1,-1],[-1,1],[1,1],[1,-1],[1,1],[0,1],[0,1],[0,3],[-2,1]],[[5777,8883],[2,1],[0,0],[2,0],[1,1],[1,-1],[0,2],[1,0],[1,-2],[-1,-1],[-1,0],[-1,-1],[-1,-1],[-2,1],[-1,0],[-1,1]],[[5800,8884],[0,2],[1,1],[1,0],[1,3],[2,0],[1,0],[0,-1],[-1,0],[0,0],[-2,-4],[-1,0],[0,1],[-1,-2],[-1,0]],[[5795,8883],[0,1],[1,1],[2,0],[0,-1],[1,0],[-1,-2],[-2,0],[0,1],[-1,0],[0,0]],[[5762,8900],[0,1],[-1,1],[0,1],[0,1],[-1,1],[-1,0],[-1,1],[-2,0],[-1,1]],[[5753,8899],[0,-1],[0,-1],[2,0],[0,0],[0,-1],[0,0],[-1,-2],[1,0]],[[5755,8894],[0,-1]],[[5755,8893],[0,1],[-1,0],[-1,-1],[-1,0],[-1,-2],[0,-1],[-1,0]],[[5750,8890],[0,3],[1,2],[0,1],[-1,2],[0,2]],[[5750,8890],[-1,0],[-1,0],[-1,2],[-1,1],[0,1],[1,2],[0,0],[0,2],[0,1]],[[5755,8894],[1,1],[1,-1],[1,1],[1,-1],[0,-1],[-1,-1],[0,1],[-2,-1],[-1,1]],[[5761,8898],[-1,-1],[-1,1],[-1,0],[-1,-1],[1,2],[-1,1],[-1,-1],[-1,0],[-1,0]],[[5673,9024],[0,3],[0,1],[0,3],[-1,0],[-1,4],[1,3],[1,1],[1,0],[0,3]],[[5674,9042],[2,-1],[0,-1],[0,-1],[1,-1],[1,0],[0,1],[0,1],[2,0],[0,0],[2,1],[1,-1],[1,0],[0,-1],[1,0],[1,0],[1,1],[1,0],[1,0],[1,0]],[[5690,9040],[-1,-2],[-1,-3],[0,-3],[-1,0]],[[5687,9032],[-1,1],[0,2],[-1,0],[-1,0],[0,1],[-3,0],[0,1],[-1,0],[0,0],[0,-1],[-2,0],[-1,-1],[1,-1],[-1,0],[0,-3],[-1,0],[0,-1],[1,1],[1,-2],[1,0],[0,0],[1,-2],[1,-2],[0,-1]],[[5681,9024],[-1,-1],[-3,-2],[-2,-2],[-1,-1]],[[5674,9018],[-1,-1],[-1,0],[-1,3]],[[5671,9020],[-1,2],[1,1],[0,1],[1,0],[1,0]],[[5711,8980],[1,1],[2,1],[1,2],[-1,0],[1,2],[1,0],[0,1],[2,0],[0,0],[1,2],[-1,3],[0,1],[0,2]],[[5718,8995],[0,1],[2,0],[2,0],[1,0],[1,0]],[[5718,8995],[-1,0],[-1,1],[-1,-1],[-1,0],[-2,-1],[-1,0],[-1,0],[-2,-2],[-1,1],[-1,-2]],[[5706,8991],[-1,1],[-4,0],[-1,1],[-2,-1],[-3,1]],[[5695,8993],[-2,1],[-2,0],[0,1],[-1,2],[1,3],[0,3],[1,-1],[0,4],[0,3],[0,1],[0,2],[0,1]],[[5692,9013],[0,1]],[[5692,9014],[1,1],[2,-1],[0,2],[1,1],[0,1],[1,1],[1,0],[1,1],[1,1],[2,-1],[1,1],[0,1],[1,2],[1,0],[1,-1],[1,0],[1,-1],[1,-2],[1,1],[1,1],[2,0],[1,1],[2,0]],[[5716,9023],[1,0],[1,1],[2,-4],[1,-1],[1,-2]],[[5687,9032],[-1,-1],[-1,-1],[2,-2],[-1,-3],[-1,0],[-2,0],[-1,0],[-1,-1]],[[5692,9014],[-2,1],[-1,0],[-1,1],[-2,0],[0,-1],[-1,1],[-1,0]],[[5684,9016],[-1,1],[-1,1],[-2,-1],[-2,-1],[0,1],[-3,0],[-1,1]],[[5690,9040],[0,1],[1,1],[2,1],[5,1],[1,1],[3,0],[1,0],[1,-1],[2,-1],[1,0],[1,0],[2,-1],[1,0]],[[5665,9021],[1,-1]],[[5666,9020],[0,-1],[0,-2],[-1,-1],[-1,-1],[0,-1],[2,0],[2,1]],[[5668,9015],[1,-1],[0,-1],[1,-2],[-1,-2],[3,-1]],[[5672,9008],[-1,-1],[1,-1],[0,-1]],[[5674,9042],[-2,0],[0,1],[-1,0],[-1,-1],[0,0],[-1,-1],[-1,-1]],[[5668,9040],[-1,0],[0,1],[-2,1],[0,1],[1,2]],[[5666,9045],[1,0],[1,1],[0,2],[0,1],[3,1],[-1,1],[0,2],[0,1],[1,1],[1,1],[0,0],[0,1]],[[5660,9030],[1,1],[1,2],[2,0],[1,-1],[0,3],[1,1],[2,1],[0,3]],[[5671,9020],[-2,-1],[-1,-1],[-1,2],[-1,0]],[[5666,9045],[-2,0],[-1,-1],[0,0],[0,2],[-1,1],[-1,-2],[0,3],[-1,0],[0,2],[-1,0],[0,0],[-1,-1],[-1,-1],[-1,-2],[1,-1],[-1,-1],[-1,-1],[-1,1]],[[5682,8994],[1,1],[1,0],[1,0],[0,0],[0,1],[1,0],[-2,2],[2,2],[-1,1],[-1,3]],[[5684,9004],[1,0],[0,1],[1,1],[0,1],[1,1],[0,1],[1,-1],[1,0],[1,1],[0,0],[1,4]],[[5691,9013],[1,0]],[[5672,9008],[0,1]],[[5672,9009],[1,-1],[1,1],[1,0],[2,-2],[1,-1],[0,-1],[2,-1],[2,0],[2,0]],[[5672,9009],[-1,1],[1,1],[-1,1],[1,2]],[[5672,9014],[1,-1],[2,1],[-1,1],[0,1],[2,1],[2,-1],[1,-2],[1,0],[2,-1],[1,2],[1,1]],[[5672,9014],[-1,1],[-3,0]],[[5141,9344],[0,0],[1,0],[2,-2],[1,-2],[0,-1],[2,-1],[4,-2]],[[5151,9336],[0,-2],[-2,1],[-2,2],[-1,1],[-1,1],[-1,1],[-2,2],[-1,2]],[[5138,9346],[1,-1],[1,0]],[[5140,9345],[0,-1],[1,-1],[1,-2],[0,0],[1,-2],[1,-1],[-1,-1],[-1,2],[-1,2],[-2,3],[-1,1],[-1,0],[-1,-1],[-1,0],[-1,0],[-2,1],[-1,-1],[-2,0],[-1,1],[-1,3]],[[5127,9348],[2,1],[1,-1],[1,1],[-1,2],[0,2],[2,-1],[1,-1],[0,2],[0,2],[0,1],[0,1],[0,1],[0,2],[1,0],[-1,3],[0,0],[0,1],[-1,-1],[0,-1],[-2,0],[0,2],[-1,-1],[-1,0],[0,2],[-1,1],[0,0],[-2,1],[-1,2],[0,1],[1,1],[1,1],[1,-1],[0,1],[1,1],[-1,2]],[[5127,9375],[1,0],[1,1],[0,1],[1,2],[0,0],[3,-3],[1,-2],[1,-1],[0,2],[1,0],[0,2],[-1,2],[0,0],[1,1],[0,1],[-1,1]],[[5135,9382],[1,1],[1,1],[1,0],[1,2]],[[5139,9386],[2,-2],[0,-1],[1,-1],[1,0]],[[5143,9382],[1,-1],[0,-1],[0,-1],[1,-2],[0,1],[1,1],[2,1],[1,-1],[1,0],[1,0],[0,1],[0,1],[-1,0],[0,1],[2,1],[2,-1],[0,-2],[2,1],[1,-1],[-1,-1],[2,-1]],[[5158,9378],[1,-1],[-1,-2],[1,-1],[1,0],[0,-2],[0,-1],[-1,0],[0,-1],[-1,-1],[0,1],[-1,1],[-1,-1],[-1,-1],[0,-1],[2,0]],[[5157,9368],[0,-1],[-2,-3],[0,0],[-3,0],[-1,1],[0,-1],[-1,1],[-1,-1],[-1,-1],[0,-1]],[[5148,9362],[-1,0],[-3,-1],[0,-2],[-1,-3]],[[5143,9356],[-2,-1],[-1,1],[-1,-3],[-1,-1],[-2,-1],[0,-1],[1,-2],[1,-1],[-1,-1],[1,0]],[[5102,9390],[1,-2],[1,0],[0,-3],[-1,-1]],[[5103,9384],[-1,-2],[0,-1],[-1,-1],[-1,0],[0,-1],[-1,-1]],[[5099,9378],[-1,1],[-1,0],[-1,-1]],[[5096,9378],[-1,3],[-1,1],[0,2],[-2,1],[-1,2],[0,1],[-1,2],[-2,3],[-1,0],[-1,0],[-1,1],[0,2],[-1,1],[-3,4],[-1,0],[-2,3]],[[5078,9404],[2,0],[0,0],[1,-2],[1,-1],[1,-1],[1,1],[1,-1],[1,1],[0,1],[-1,1],[-1,3],[1,0],[1,1],[1,-2],[1,0],[1,-2],[0,-1],[0,0],[1,-1],[0,-1],[0,-1],[1,0],[0,-1],[1,0],[2,0],[0,2],[0,4],[0,0],[1,2],[2,0]],[[5097,9406],[2,0],[0,1],[2,1],[1,-3],[0,-1],[1,-1],[-1,-1],[0,-3],[-1,1],[0,-1],[1,-1],[2,-1],[1,0],[2,1]],[[5107,9398],[1,0],[1,-1],[0,-1],[0,-1]],[[5109,9395],[-1,-1],[-1,0],[0,-2],[-2,-1],[-1,0],[-1,-1],[-1,0]],[[5136,9428],[0,-1],[2,0],[0,-1],[1,0],[0,-3],[-1,-1],[-1,0],[-1,-1],[0,-2],[-1,-2],[1,-2],[2,-1],[0,-1],[1,-1],[1,-1],[-1,-1],[1,-1]],[[5140,9409],[0,-2],[-1,-1],[-1,-1],[-1,-1],[-1,0],[-2,1],[0,-2],[-1,-1],[0,-1],[-1,-1],[-1,-1],[2,-1],[0,-1],[-2,0],[0,1],[-2,0],[-1,0],[0,-2],[0,-1],[-1,0],[-1,-1],[-1,1],[-2,2],[-1,0],[-1,-1],[-1,-1],[-1,0],[-1,1]],[[5118,9396],[-2,0],[-1,-1],[-1,0],[0,-2],[-2,-1],[-1,0],[-2,2],[0,1]],[[5107,9398],[0,2],[1,0],[1,0],[1,0],[1,1],[0,1],[1,1],[1,1],[2,0],[2,1],[1,0],[0,1],[1,1],[1,0],[-1,1],[0,1],[0,2],[1,1],[-1,1],[1,1],[2,0],[0,1],[0,1]],[[5201,9374],[-1,0],[-1,0],[-1,1],[-1,1],[-1,1],[-1,0],[-1,1],[0,0],[-1,-1],[0,-2],[-1,1],[0,-1],[-1,0],[-2,-3],[0,-1],[0,-1],[-1,0],[-1,2],[0,0],[-1,-2],[-1,-1],[-1,-1],[0,-1],[-1,-1],[0,-1],[-1,-1],[-1,0],[-1,0],[-1,0],[0,0],[-1,-1],[-1,-1],[1,-1],[-2,-1],[-1,1],[-2,0]],[[5173,9361],[-1,1],[1,1],[0,1],[2,2],[-1,0],[1,1],[0,1],[-2,0],[-1,1],[-1,0],[-1,-1],[0,-2],[-2,-2],[-1,1],[-2,1],[-3,-1],[-1,-3],[0,2],[0,1],[-1,1],[0,1],[0,0],[-2,1],[-1,0]],[[5158,9378],[0,0],[1,-1],[1,0],[1,1],[1,1],[1,1],[-2,2],[0,0],[1,2],[0,1],[1,1],[1,-1],[3,-1],[0,-1],[1,0],[1,1],[2,4],[0,1],[-1,1],[0,1],[1,1],[0,0],[1,1]],[[5172,9393],[2,-2],[1,0],[2,0],[1,-1],[1,1],[1,0],[1,0],[-1,1],[1,2],[2,0],[1,-2],[1,0],[1,1],[2,1],[1,0],[-1,1],[-1,1],[1,1],[1,2],[1,0],[1,2],[1,0]],[[5097,9406],[0,2],[-2,0],[-1,0],[-1,1],[-1,2],[-1,-1],[-1,2],[0,0],[-1,1],[-1,-1],[-2,1],[0,1],[-1,0],[-1,-1],[-1,1],[-1,-1],[-1,0],[0,1],[0,1],[0,1],[0,1],[1,0],[2,1],[2,1],[2,1]],[[5088,9420],[0,1],[0,2],[-1,1],[0,1],[0,1],[1,2],[-1,1],[1,1],[-1,1],[0,1],[1,0],[0,1],[0,1]],[[5127,9375],[-1,1],[0,2],[-1,2],[-1,0],[-1,1],[0,2],[0,0]],[[5123,9383],[0,2],[1,0],[1,2],[0,1],[1,0],[1,0]],[[5127,9388],[3,-1],[1,-2],[0,-1],[1,-1],[1,-1],[2,-1],[0,1]],[[5139,9386],[1,1],[1,0],[-2,2],[1,2],[0,1]],[[5140,9392],[1,1],[0,0],[1,0],[1,1],[1,0],[1,1],[0,0],[2,1],[0,-2],[1,0],[1,-1],[-1,0],[1,-1],[-3,-1],[1,-1],[-2,-1],[-1,-1],[0,-2],[0,-3],[-1,-1]],[[5178,9342],[0,2],[0,1],[0,0],[0,2],[0,2],[0,1],[-2,0],[-1,1],[0,1],[-1,1],[0,-1],[-1,0],[-1,1],[0,1],[-1,0],[-1,-1],[0,1],[-1,1],[1,2],[0,1],[1,0],[0,1],[0,1],[1,1],[1,0]],[[5118,9396],[0,-1],[0,-1],[0,-2],[-1,-2],[-1,0],[1,-1],[0,-1],[0,-1],[0,-2],[1,0],[3,0],[1,-1],[1,-1]],[[5127,9348],[-1,4],[-2,1],[-2,0],[0,0],[-2,0],[-1,0],[-1,0],[-1,1],[-2,0],[0,1],[-2,0],[1,2],[-1,0],[-2,1],[-1,0],[-2,1],[0,1]],[[5108,9360],[0,2],[0,1],[1,0],[2,1],[0,2],[-1,2],[-1,0],[0,1],[-1,0],[-2,3],[-1,0],[-1,0],[-1,1],[-1,0],[-1,0],[-1,3],[0,0],[-1,2]],[[5078,9404],[-6,5],[-1,1],[0,2],[0,3],[-1,2],[0,2],[0,1],[2,0],[1,1],[0,0],[0,1],[1,2],[1,1],[2,1],[0,1],[1,1],[1,2],[0,2],[2,3],[0,1],[1,1],[1,0],[2,2]],[[5067,9430],[3,-2],[1,-2],[0,-3],[-1,-1],[1,-1],[-1,-1],[-1,2],[-1,4],[-2,2],[-1,2],[-1,0],[-2,0],[-1,-1],[-1,1],[-1,2],[-1,1],[-1,1],[1,2],[-1,2],[2,0],[1,1],[2,0],[0,-1],[2,-1],[1,-1],[0,-2],[-2,0],[-1,0],[1,0],[0,-1],[0,-1],[0,-1],[1,1],[3,-2]],[[5143,9440],[1,-1],[1,-3],[1,0],[0,2],[1,1],[1,1],[0,-3],[1,-1],[0,0],[2,-2],[1,-1],[2,-1],[0,-1],[1,0],[0,-1],[0,0],[-1,-2],[0,-2],[1,0],[2,1],[2,-1]],[[5159,9426],[-1,-1],[-1,0],[0,-2],[0,-1],[-1,-1],[0,0],[1,-1],[0,-1],[2,0]],[[5159,9419],[0,-1],[0,-1],[1,-1],[1,-2],[1,-1],[0,-1],[-1,-1],[0,-2],[-1,-1],[-1,-1]],[[5159,9407],[0,0],[-1,2],[0,0],[-2,1],[-1,-1],[-2,-1],[-1,0],[-1,1],[-1,1],[-1,1],[0,0],[-1,-2],[-1,0],[-2,0],[-1,-2],[-1,0],[-1,1],[-1,0],[0,0]],[[5141,9408],[-1,1]],[[5182,9419],[-1,1],[0,1],[-1,0],[0,1],[-1,1],[0,1],[-1,0],[-1,-1],[-1,0],[-1,-1],[-2,1]],[[5173,9423],[-1,-2],[-1,0],[-1,-1],[-3,3],[0,0],[-3,-1],[-1,0],[0,-2],[-1,0],[-1,-1],[-1,0],[-1,0]],[[5140,9392],[-2,1],[-1,-1],[0,1],[-1,2],[-2,0],[0,1]],[[5134,9396],[1,1],[0,1],[2,2],[0,0],[4,1],[-1,2],[0,1],[1,1],[-1,1],[1,1],[0,1]],[[5159,9407],[0,-1],[0,-4],[1,-1],[-1,0],[0,-1],[1,0],[1,1],[1,1],[1,0],[1,-1],[1,0],[3,-1],[1,1],[0,2],[-2,1],[-1,0],[0,2],[2,2],[0,1],[4,1],[1,0],[1,-1],[2,0],[1,-1],[0,-1],[0,-1],[1,0],[1,-1],[0,-1],[1,0],[-2,-3],[0,0],[-2,0],[-1,1],[0,1],[-2,0],[0,-1],[-1,-2],[0,-2],[-1,0],[0,-1],[1,-1],[0,-1],[0,-1],[0,-1]],[[5159,9340],[0,1],[-1,1],[-1,-1],[1,0],[-2,-1],[0,1],[-2,1],[0,1],[0,-2],[-3,0],[1,-3],[-1,-1],[0,-1]],[[5141,9344],[-1,1]],[[5134,9396],[-1,0],[-1,0],[0,-2],[-2,0],[-1,-1],[0,-2],[-1,1],[0,1],[-1,-1],[0,-1],[-1,1],[0,-2],[-1,0],[0,-1],[1,0],[1,-1]],[[5051,9394],[-2,2],[0,1],[1,0],[1,1],[2,0],[1,-1],[0,-1],[2,0],[1,-1],[1,0],[1,-2],[-1,-1],[-1,1],[-1,-1],[-1,0],[-3,1],[0,1],[-1,0]],[[5108,9360],[-1,0],[-1,2],[-2,0],[-1,2],[-2,1],[0,-1],[-1,0],[-1,1],[0,2],[-1,3],[-1,5],[-1,3]],[[5314,9316],[-1,2],[-3,2],[0,1],[-2,-1],[-3,0],[0,1],[0,2],[-1,1],[1,1],[-1,2],[-1,0],[0,2],[-1,0],[-1,0],[0,1],[-4,1],[-1,0],[-2,2],[0,0],[0,2],[0,0],[0,2],[-1,0],[-1,0],[-1,1],[0,2],[0,1],[0,2],[-1,1],[-1,2],[0,1],[-1,0],[-2,1]],[[5286,9348],[0,1],[-1,2],[1,1],[2,2],[0,0],[2,-1],[1,0],[1,0],[1,0],[1,-1],[1,1],[1,-1],[0,0],[1,-2],[0,2],[1,1],[0,2],[2,0],[1,0],[0,1],[0,1],[1,1],[-3,3],[0,2],[2,0]],[[5301,9363],[1,-1],[1,-1],[2,0],[2,-1],[1,1],[1,0],[0,-1],[2,2],[0,-1],[2,-1],[0,0],[1,-2]],[[5314,9358],[0,1],[2,1],[1,1],[1,0],[0,0],[1,0]],[[5319,9361],[2,-1],[2,-2],[1,0],[0,-2],[1,-1],[0,-1],[-1,-3],[-2,-3],[-2,-1],[1,-1],[-2,-2],[-1,-1],[0,-2],[1,-1],[1,-1],[1,-1],[1,0],[1,-1],[1,1],[1,-2],[0,-1],[1,-2]],[[5326,9333],[1,0],[-1,-2],[-1,-1],[1,0],[-1,-1],[-1,0],[-2,-1],[-1,-1],[0,-1],[0,0],[0,-1],[2,-2],[0,0],[1,-1],[0,0],[0,-1],[0,-1]],[[5324,9320],[0,-1],[0,-2],[1,-1],[0,-1],[-1,0],[-1,0]],[[5256,9399],[-1,1],[1,2],[1,1],[1,-1],[0,1],[2,0]],[[5260,9403],[1,0],[1,1],[-1,1],[2,0],[1,1],[0,-1],[1,0],[1,0],[1,1],[1,0],[3,2],[1,1],[1,0],[0,0],[2,0]],[[5275,9409],[0,-1],[1,-2],[1,1],[1,-1],[3,0],[1,-1],[0,0],[-1,-1],[1,-1]],[[5282,9403],[-2,-1],[-2,1],[-3,-3],[-1,1],[-2,0],[0,1],[0,1],[0,2],[-1,0],[-1,0],[0,-1],[-1,-1],[-1,0],[0,-2],[0,0],[1,-1],[0,-2],[2,-2],[-1,-2],[-2,1],[-1,-1],[0,-2],[1,0],[0,-1],[1,0],[1,0],[2,0],[2,3],[1,0],[1,0],[1,0],[-1,-1],[1,-1],[0,-1],[2,-1],[0,0],[2,0]],[[5281,9390],[1,-2],[0,-1],[1,-1],[1,-2],[0,-1]],[[5284,9383],[0,-1]],[[5284,9382],[-1,1],[-3,-1],[1,0],[-2,-2]],[[5279,9380],[-2,2],[-1,0],[-1,1]],[[5275,9383],[-2,0],[0,1],[-2,1],[0,1],[0,1],[-1,1],[-1,-1],[-3,0],[0,2],[0,2],[-2,0],[0,1],[-1,0],[-1,0],[-2,1],[0,0],[-1,-2],[-1,-1],[-2,0],[0,0],[-3,1],[-1,-1],[-1,-1]],[[5253,9369],[0,0],[1,0],[1,0],[0,-2],[1,0],[1,1],[1,0],[1,-1],[0,-2],[1,0],[1,0],[0,2],[1,1],[0,-2],[1,0],[0,-2],[1,0],[1,2],[-1,0],[2,2],[1,-1],[1,2],[1,-1],[2,0],[1,-1]],[[5272,9367],[0,-1]],[[5272,9366],[0,-1],[-3,-1],[0,-1],[0,0],[0,-2],[0,-1],[1,-1]],[[5270,9359],[0,-1],[0,-1],[0,-1],[0,-2],[0,-1],[1,1],[1,-1],[-2,-4],[2,-1],[2,2],[1,-1],[1,0],[1,-1],[1,0],[1,-2]],[[5279,9346],[0,-2],[-1,1],[-1,-2],[-1,-2],[0,-1],[0,-2],[1,0],[0,-1],[2,1],[1,-2],[1,0],[0,-1],[1,0],[0,-2],[1,0],[1,-2],[0,0],[-1,-2],[-2,1],[0,-1],[-2,1],[0,-1],[-1,-1],[-1,1],[-2,0],[-1,2],[-1,-2],[-1,0],[0,-1],[-1,-3],[0,0],[-1,0],[-1,0],[-1,-1],[0,-2],[-1,0],[0,-1],[1,-3]],[[5353,9350],[-1,1],[-1,-2],[0,-1],[-2,-2],[0,-1],[-2,1],[0,1],[-2,-1],[-1,1],[-2,0],[0,-1],[-2,-2],[1,-1],[-1,-1],[1,-1],[-2,-1],[0,-1],[0,-1],[-1,-1],[1,-1],[0,0]],[[5339,9336],[-1,0],[-3,1],[-1,-1],[0,1],[-1,0],[-1,-1],[-1,0],[-1,0],[-1,-2],[-3,-1]],[[5319,9361],[0,1],[2,4],[1,0],[1,1],[0,0]],[[5323,9367],[-1,0],[0,0],[-1,0],[-1,3],[-1,2],[2,2],[2,1],[0,2],[-2,5],[-2,1],[-2,-1],[-1,0],[0,1],[-1,1],[-1,1],[0,2],[0,2],[0,0],[2,2],[-1,0],[2,2],[0,0],[0,2],[1,0]],[[5318,9395],[1,2],[1,1],[0,-1],[1,-2],[2,0],[1,-1],[1,1],[2,-1],[1,1],[1,-1],[1,2],[0,2]],[[5279,9431],[-2,-2],[0,-1],[0,-2],[1,-2],[0,-1],[1,-1],[0,-1],[-2,-1],[-1,-2],[-1,-1],[1,0],[1,-1],[1,-1],[1,-1],[1,-1]],[[5280,9413],[1,-2],[-1,-2],[-2,0],[0,2],[-1,0],[-2,-2]],[[5315,9419],[-1,-1],[-2,-1],[0,-2],[-1,0],[-1,-2],[-2,-1],[-2,-1]],[[5306,9411],[-2,0],[0,1],[-1,1],[0,1],[-1,-1],[-2,2],[-1,-1],[-2,0],[0,1],[-1,0]],[[5296,9415],[-2,0],[-1,0],[0,1],[0,1],[0,1],[0,1],[-1,0],[-1,0],[0,-2],[1,0],[0,-2],[-1,0],[-1,0],[-1,2],[1,1],[-2,0],[0,-1],[-1,-1],[0,-1],[1,-2],[-1,0],[-1,1],[-1,0],[-1,1],[0,2],[-1,-2],[-1,-1],[-1,1],[-1,-2]],[[5301,9363],[0,1]],[[5301,9364],[0,1],[0,1],[1,0],[1,1],[1,0],[1,2],[-1,1],[1,1],[-1,1],[1,2],[1,1],[0,1],[-1,-1],[-1,1],[1,1],[0,0],[1,1],[0,2],[2,2],[0,3],[-1,0],[-2,1],[-2,-1],[0,1],[0,1],[-1,1],[0,1],[-2,-1],[-3,0],[-1,-1]],[[5296,9387],[-1,3],[0,1],[2,2],[-1,2],[-1,1],[1,1],[-1,1],[-1,1]],[[5294,9399],[1,1],[1,-1],[1,0],[-1,1],[1,2],[1,1],[1,1]],[[5299,9404],[1,0],[1,1],[2,-1]],[[5303,9404],[1,-2],[0,-1],[1,0],[2,0],[0,0],[1,0],[-1,-3],[0,-1],[1,-2],[0,-1],[0,-1],[2,0],[1,0],[-1,1],[1,1],[1,-1],[1,1],[1,0],[1,0],[0,1],[1,-1],[1,1],[1,-1]],[[5272,9366],[1,0]],[[5273,9366],[2,0],[1,1],[0,0],[2,-1],[1,1],[1,-1],[1,0],[1,2],[0,1],[0,1],[0,1],[1,1],[1,-1],[1,0],[1,-1],[1,1]],[[5287,9371],[0,0],[2,-2],[1,-1],[1,1]],[[5291,9369],[2,0],[0,-1],[2,-2],[1,0],[0,0],[0,2],[1,-1],[1,-1],[0,0],[1,-1],[2,-1]],[[5286,9348],[-2,0],[-1,-2],[0,1],[-1,0],[-2,-1],[-1,0]],[[5279,9380],[0,-1],[-1,0],[-1,1],[0,-1],[0,-1],[1,-1],[1,-1],[0,-1]],[[5279,9375],[0,-1],[-1,-1]],[[5278,9373],[-2,-1],[-2,0],[-1,1],[-2,0],[0,-1],[1,-1],[0,-2],[0,-2]],[[5282,9403],[0,-1],[1,0],[2,0],[0,1],[1,1],[0,1],[1,0],[-1,-1],[0,-1],[1,-1],[0,-1],[1,0],[0,1],[1,0],[1,1],[2,0],[0,-1],[0,-1],[2,-2]],[[5296,9387],[-1,0],[-2,-1],[-1,0],[-1,-1],[-1,1],[-3,1],[0,-2],[-1,1],[0,1],[0,1],[0,2],[-1,-1],[-1,0],[-1,2],[-2,-1]],[[5278,9373],[1,-1]],[[5279,9372],[-2,-1],[0,-1],[-3,-2],[-1,-2]],[[5279,9380],[1,-1],[0,-3],[-1,-1]],[[5291,9369],[0,1],[0,2],[-1,0],[1,1],[1,1],[-2,0],[0,0],[0,1],[-1,1],[0,1]],[[5289,9377],[0,0],[1,1],[1,0],[0,2],[-1,0],[-1,0],[-2,0],[0,0]],[[5287,9380],[-1,2],[0,0],[-1,1],[0,-1],[-1,1]],[[5287,9380],[-1,-1],[-1,0],[-3,0],[1,2],[0,0],[1,1]],[[5306,9411],[0,-1],[-1,0],[0,-2],[-2,-2],[0,-1],[-1,0],[1,-1]],[[5299,9404],[-1,1],[0,1],[-1,1],[-2,2],[1,0],[-1,2],[1,1],[1,0],[-1,2],[0,1]],[[5279,9372],[1,0],[0,1],[0,1],[1,0],[2,1],[2,-1]],[[5285,9374],[1,-2],[1,-1]],[[5285,9374],[0,0],[1,-1],[1,1],[0,1],[0,1],[0,1],[2,0]],[[5352,9272],[0,-1],[0,-2],[0,-1],[1,0],[1,-1],[2,0]],[[5356,9267],[0,-1],[2,-1],[0,-1],[1,-1],[0,1],[0,-1],[-1,0],[-1,-1],[0,-2],[1,0],[-1,-1],[1,-1],[-1,-1],[0,0],[-1,-1]],[[5356,9256],[-2,1],[0,3],[0,0],[-1,1],[-1,-1],[0,-1],[0,-1],[-2,0],[0,2],[-2,0],[-1,-1],[-1,1],[0,1],[0,1],[-2,0],[0,-1],[-2,-1],[-2,-1],[0,-1],[-1,1]],[[5339,9259],[2,2],[0,1],[-2,1],[0,1],[1,1],[1,2],[0,1],[1,0],[0,1],[2,0],[-1,2],[-1,2],[0,1],[0,1],[-1,0],[1,2],[1,2]],[[5343,9279],[2,1]],[[5345,9280],[2,0],[1,-2],[1,1],[1,0],[0,1],[1,0]],[[5351,9280],[1,0],[-1,-2],[1,-1],[0,-1],[1,0],[1,-1],[-1,-2]],[[5353,9273],[-1,-1],[0,0]],[[5381,9289],[-1,-1],[-3,0],[0,-1],[-1,-1],[0,2],[-1,0],[-1,-2],[-1,0],[-1,-1],[-2,1],[-1,-1],[-1,1]],[[5368,9286],[0,2],[-1,0],[-1,-1],[-2,0],[0,0]],[[5364,9287],[-3,0]],[[5361,9287],[0,1],[0,1],[-2,-1],[-1,0],[0,1],[1,2],[0,1]],[[5359,9292],[0,0],[3,-1],[1,1],[0,1],[2,-1],[2,2],[-1,0],[-1,1],[1,2],[1,1],[-1,1],[-1,1],[-3,1],[1,2],[1,0],[1,1],[1,0],[0,1],[1,0],[0,2],[-1,0],[0,-1],[-2,1],[0,1],[1,0],[0,2],[-1,0]],[[5364,9310],[0,0],[1,1],[1,1],[1,1],[0,1],[1,3],[-1,1],[0,0],[0,2],[2,-1],[1,1],[1,0],[0,-1],[0,2],[1,0],[1,1]],[[5364,9310],[0,-1],[-4,-1],[0,1],[-1,0],[0,1],[-2,0],[0,-1],[-1,1],[-1,0],[-1,0],[-1,0],[-1,0],[-1,0],[-1,1],[0,2],[0,1],[1,1],[0,1],[-1,0],[-1,1],[-2,1],[-2,0],[-1,1],[0,0],[-2,0],[-1,0],[0,-1],[-3,-1],[-1,0],[-1,2],[-1,0],[0,2],[0,1],[-1,2],[-2,0],[0,-1],[-2,3],[0,-2],[0,-1],[-1,-1],[-1,-1],[-4,-1]],[[5362,9227],[0,1],[0,0],[-1,1],[0,2],[-1,2],[1,1],[0,2],[2,1],[1,-1],[0,1],[1,2],[-1,1],[-1,0],[-1,0],[0,1],[-1,1],[1,2],[0,1],[0,1],[-1,1],[-1,0],[0,1],[0,1],[2,1],[-1,1]],[[5361,9251],[1,1],[1,0],[1,-1],[1,0],[1,0],[1,1],[1,-1],[1,1],[1,0],[1,2]],[[5371,9254],[3,-2],[1,0],[1,0],[0,2],[1,1],[1,0],[-1,-2],[1,-1],[1,0],[1,0],[0,1],[0,1],[0,1],[1,1],[0,1],[1,1],[-1,1],[1,1],[1,1],[1,1],[-1,1]],[[5383,9263],[1,0],[1,1],[1,2],[-1,1],[0,0],[2,0],[0,1],[1,0],[0,0],[0,2],[1,2],[1,0],[1,1],[-1,2],[1,1],[1,0]],[[5383,9263],[-1,0],[-1,0],[0,2],[-1,0],[-1,-1],[-1,0],[0,1],[-1,0],[-1,0],[0,1],[-2,2],[-1,-1],[0,1],[0,1],[0,1],[-2,-2],[-1,0],[0,1],[1,1],[-1,1]],[[5370,9271],[0,1],[-1,0],[-1,0],[0,2],[1,0],[0,1],[-1,1],[0,2],[-1,1]],[[5367,9279],[1,1],[1,1],[-1,1],[1,2],[0,0],[-1,1],[0,1]],[[5359,9292],[-1,1],[0,1],[-1,0],[-1,1],[-1,-1],[0,0],[-1,0],[0,-1],[-1,0],[-1,1],[1,1],[0,1],[-1,0],[0,-1],[0,-1],[-2,0],[-1,0],[0,0],[-1,1],[0,1],[-2,0],[-2,-2],[0,-2],[1,-1],[-1,0],[-1,0]],[[5343,9291],[-2,1],[0,-1],[-2,0],[1,3],[-2,0],[0,-1],[-1,1],[-1,-1],[-1,2],[-2,0],[0,1]],[[5361,9251],[-1,1],[0,1],[-2,0],[-1,0],[1,2],[-2,1]],[[5356,9267],[1,1],[1,1],[1,1]],[[5359,9270],[0,1],[1,0],[0,-2],[1,0],[0,-1],[1,0]],[[5362,9268],[1,0],[2,-1],[1,1],[2,0],[1,0],[1,1],[-2,1],[1,1],[1,0]],[[5336,9242],[1,3],[-1,0],[-1,0],[0,3],[-2,0],[-1,1],[0,2],[0,1],[0,1],[2,1],[0,-1],[2,0],[1,-1],[0,3],[1,1],[0,2],[1,0],[0,1]],[[5343,9291],[1,-2],[0,-1],[1,-1],[-1,-1],[-1,-1],[-1,0],[0,-1],[0,-1],[0,-1],[0,-1],[1,1],[2,-2]],[[5343,9279],[0,1],[-2,0],[0,0],[0,-2],[-1,-1],[-1,0],[0,1],[-1,0],[-1,1],[-1,1],[0,-1],[0,-2],[-1,-1],[0,-1],[-1,-1],[-1,2],[-1,1],[-1,0],[0,-1],[-1,-2],[-1,1],[-1,0],[-3,2],[-1,0],[0,1],[-1,1]],[[5361,9287],[0,-1],[0,-1],[1,-2],[-1,0],[0,-1],[-1,-1],[1,-1],[-1,-2],[-2,-2],[-1,1],[-1,0],[-1,2],[0,1],[-1,0],[-1,1],[-1,-1],[-1,1],[0,-1]],[[5362,9268],[1,1],[0,1],[1,0],[-1,2],[-1,2],[0,0],[1,1],[1,1]],[[5364,9276],[1,1],[1,1],[1,1],[0,0]],[[5353,9273],[1,-1],[2,0],[1,-1],[1,0],[1,-1]],[[5364,9287],[0,-2],[1,0],[0,-1],[-1,0],[0,-1],[1,-1],[-1,-3],[0,-1],[0,0],[0,-1],[0,-1]],[[5736,9594],[2,-1],[1,0],[1,-1],[1,0],[1,-1],[-1,-1],[2,-1],[1,1],[0,1],[0,0],[2,1],[1,0],[0,-1],[2,0],[1,0],[1,0],[0,-1],[3,0],[1,1],[1,0],[1,1],[1,0],[0,2],[1,-1],[1,0],[2,2],[0,1],[0,-1],[1,0],[1,-2],[1,-1],[0,-2],[1,1],[1,2],[0,1],[0,1],[0,0],[-1,2],[1,1],[-1,1],[1,1],[1,0],[1,-1],[0,0],[1,-2],[0,0]],[[5770,9597],[2,0],[1,0],[-1,1],[0,1],[1,1],[0,1],[1,3]],[[5774,9604],[1,0],[1,2],[0,0],[0,1],[1,1],[-1,1],[0,1],[0,1],[3,0],[0,1],[0,1],[1,1]],[[5780,9614],[1,0],[1,0],[2,-1],[2,-1],[-2,-2],[1,0],[0,-1],[0,-1],[1,-1],[0,1],[1,1],[1,0],[1,-1],[0,-2]],[[5789,9606],[0,-2],[1,-1],[1,-1],[-1,-1],[0,-1],[-1,0],[0,-1],[1,0],[1,0]],[[5791,9599],[-1,-1],[-1,0],[-1,0],[1,-1],[1,-1],[2,-1],[0,-1],[1,1],[1,-1],[-1,-2]],[[5793,9592],[0,-1],[-1,-2],[-1,1],[0,0],[-2,-1],[-1,0],[-1,1],[-2,-1],[-2,0],[-1,-2],[0,1],[-1,0],[-1,-1],[-1,1],[-2,-1],[0,1],[-1,-1],[-1,0],[-1,-1],[-2,-1]],[[5772,9585],[1,-1],[1,0],[1,0],[2,0],[0,-2]],[[5777,9582],[-1,-1],[-1,-1],[0,0],[-1,-2],[0,-1],[0,-1]],[[5737,9605],[1,2],[1,0],[1,0],[0,-1],[1,0],[1,0],[0,0],[2,0],[0,1],[-1,1],[0,2],[1,1]],[[5744,9611],[1,-2],[1,0],[1,-1],[1,0],[0,-2],[1,0],[2,1],[0,1],[1,-1],[0,1],[0,1],[0,1],[1,1],[1,1],[0,0],[0,-1],[1,-1],[1,1],[1,1]],[[5757,9612],[1,-1]],[[5758,9611],[0,-1],[1,1],[2,2],[1,-1],[0,-1],[1,1],[0,1],[1,1],[2,-1],[1,1],[0,-2],[1,-1],[0,-1],[1,1],[1,-1]],[[5770,9610],[0,1],[0,-1]],[[5770,9610],[1,0],[2,0],[0,0],[1,-2]],[[5774,9608],[-1,-1],[-1,0],[0,-2],[-1,0],[2,0],[1,-1]],[[5855,9622],[-1,-1],[-1,0],[0,0],[0,-2],[-1,-1],[-1,-1],[0,-1],[-1,0],[-1,0]],[[5849,9616],[-1,0],[-2,1],[0,0],[-2,1],[-1,0],[-2,1]],[[5841,9619],[0,1],[-1,1],[0,2],[-1,-1],[-1,-1],[0,-1],[0,-1],[-2,-2],[0,-1],[-1,0],[-1,1],[0,2],[-3,-1],[-1,0],[-1,1],[-2,1],[-3,0],[-2,0],[-1,1],[-2,-1],[0,1],[0,1],[1,1],[-1,0],[-1,1]],[[5818,9624],[-2,-1],[-1,0]],[[5815,9623],[-1,2],[-1,2],[0,1],[0,1],[-1,1]],[[5774,9623],[2,-1],[0,1],[1,0],[0,-1],[-1,-2],[2,-2],[0,0]],[[5778,9618],[1,-1],[0,-1]],[[5779,9616],[1,0],[0,-2]],[[5744,9611],[1,0],[1,1],[0,1],[0,1],[1,1],[-2,1],[0,1],[-2,1],[-1,1],[0,1],[-1,2],[2,1],[2,1],[1,-1],[1,0],[1,1],[1,1],[1,1],[0,1],[0,2],[1,0]],[[5849,9579],[-2,0],[-2,1],[-1,1],[-2,0],[-1,-2],[-1,-1],[-1,-1],[-1,-1],[-2,1],[-1,2],[0,-1],[-1,1],[-2,1],[-1,-1],[-1,2],[0,1],[-1,2],[0,0],[-1,2]],[[5828,9586],[0,1],[1,1],[1,0],[-1,1],[0,1],[0,2],[-1,1],[0,1],[0,2],[0,1],[1,0],[-1,1],[1,1],[-1,1],[0,1],[1,0],[1,-2],[1,1],[1,1],[2,0],[1,1],[-1,2],[0,0],[0,2],[1,1]],[[5835,9607],[2,-2],[0,-1]],[[5837,9604],[-1,-1],[0,-1],[1,-1],[1,0],[2,0],[0,1],[1,-1],[1,1],[3,-1],[1,1],[0,-1]],[[5846,9601],[1,0],[2,0],[1,-1],[4,-3],[1,0]],[[5808,9585],[-1,2],[-1,1],[0,0],[-1,1],[-1,0],[-2,2],[1,0],[-1,1]],[[5802,9592],[1,0],[1,0],[1,1],[1,-1],[1,0]],[[5807,9592],[0,-1],[1,-1],[1,-1]],[[5809,9589],[1,-4],[0,-2],[-2,2]],[[5798,9599],[1,-1],[0,-1]],[[5799,9597],[1,-1],[-1,-2],[-2,-1],[0,-1],[0,-1]],[[5797,9591],[-1,-1],[-1,0],[-2,2]],[[5791,9599],[1,-1],[2,0],[0,1],[1,-2],[1,2],[1,0],[1,0]],[[5807,9592],[1,2],[0,-1],[2,2],[0,2],[1,0],[1,1],[0,1]],[[5812,9599],[1,-1],[-1,-1],[1,-1],[-1,-2],[0,-1],[0,0],[1,-1],[0,-2]],[[5813,9590],[-1,0],[-1,-1],[0,0],[-1,1],[-1,-1]],[[5810,9601],[1,0]],[[5811,9601],[-2,-2],[0,-1],[-1,0],[-1,1],[-2,-1],[0,0],[-1,0],[-1,2],[-1,2],[-1,-2]],[[5801,9600],[0,1],[0,1],[0,3],[2,1],[1,0],[0,2]],[[5804,9608],[2,0],[1,0],[0,-2],[1,-1],[1,1],[0,0],[1,-1],[0,-1],[0,-1],[0,-1],[0,-1]],[[5841,9619],[-1,-1],[1,-2],[-4,-3]],[[5837,9613],[-1,0],[-1,0],[-1,1],[-2,-2],[-1,0],[-1,0],[-1,-1],[-2,0],[-2,-1],[-2,1],[-1,2],[-1,3],[-2,-1],[0,2],[-1,-1],[-1,0]],[[5817,9616],[0,1],[-1,0],[-3,1],[0,1],[2,2],[0,2]],[[5835,9607],[-1,1],[0,1],[3,2],[0,1]],[[5837,9612],[2,-1],[2,-2],[1,1],[0,-1]],[[5842,9609],[0,-1],[0,-1],[-2,-3],[-1,-1],[-2,0],[0,1]],[[5817,9616],[0,-2],[-1,-2],[-1,-1],[-1,0],[-1,3],[0,0],[-1,0],[-1,2],[-1,0],[0,1],[-1,0],[-1,1],[-1,1],[0,-1],[0,0],[-1,-2],[0,-1],[-1,0],[0,1],[-2,0],[-1,0],[-2,1],[0,0],[-1,-2]],[[5799,9615],[-1,0],[-1,-1],[0,-1],[-1,0],[-1,0],[0,1],[-1,0],[-1,1],[-1,0]],[[5792,9615],[-1,-1],[0,-1],[1,-3],[1,0],[-1,-2],[0,0],[-3,-1],[0,-1]],[[5812,9599],[-1,2]],[[5804,9608],[-1,1],[-1,2],[-1,-1],[-1,2],[0,1],[-1,1],[0,1]],[[5837,9613],[0,-1]],[[5828,9586],[-1,2],[-1,1],[-1,1],[-1,0]],[[5824,9590],[-1,0],[-1,1],[-1,1]],[[5821,9592],[-1,1],[-2,0],[0,-1]],[[5818,9592],[1,0],[0,-3],[-1,0],[-1,-1]],[[5817,9588],[-1,1],[-1,0],[-1,1],[-1,0]],[[5797,9591],[0,-1],[3,0],[1,0],[1,2]],[[5808,9585],[0,-1],[-2,-1],[-1,-1],[-1,0],[0,-1],[-2,-1],[0,-1],[0,-1],[1,0],[2,1],[1,-1],[0,-1],[1,-1],[-1,-4],[1,-1],[1,0],[1,1],[1,-1],[1,-1],[1,1],[2,-1]],[[5814,9570],[0,-2]],[[5814,9568],[0,-1],[0,-1],[0,-1]],[[5842,9609],[2,0],[2,3],[1,-1],[-1,1],[1,1],[1,1],[0,1],[1,1]],[[5841,9562],[-3,-1],[-1,0],[-2,2],[-2,0],[-1,1],[-2,-1],[-1,-1],[0,1],[-1,0],[-1,1],[-1,0],[0,0],[-2,1],[0,1],[-1,2]],[[5823,9568],[0,1],[0,1],[-1,0],[0,2],[-1,0],[0,2],[-1,0],[-1,1]],[[5819,9575],[1,1],[1,1],[-1,0],[1,2],[1,1],[1,1],[0,0],[-1,2]],[[5822,9583],[-1,0],[-2,1],[0,2],[-1,0],[-1,1],[0,1]],[[5835,9548],[-2,-1]],[[5814,9568],[1,1],[0,2],[1,1],[0,1],[-1,1],[1,1],[1,-1],[1,0],[1,1]],[[5801,9600],[0,-1],[-1,0],[-1,-2]],[[5603,9501],[0,-1],[-1,-2],[0,1],[-2,1],[0,0],[-2,-1],[-1,1],[-2,2],[0,0],[-1,0],[0,1],[1,1],[-1,1],[-1,1],[-1,1],[1,1],[1,2],[-1,0],[1,1],[0,1],[-1,-1]],[[5593,9511],[-1,3],[2,1],[-1,2],[-1,0],[0,1],[-1,1],[-1,0],[-1,0],[-2,1],[-1,0],[1,3],[-2,1],[0,1],[-1,-1],[-1,0],[-1,0],[-1,0],[-2,2],[1,0],[0,1],[-1,1],[1,1],[-1,1],[-1,1],[-1,1],[0,0],[-1,0],[-1,-1],[-1,1],[1,1],[0,0],[-1,0],[-1,0]],[[5573,9533],[-2,1],[-2,0],[-1,0]],[[5568,9534],[1,1],[0,1],[-2,1],[1,1],[-2,0],[-1,2],[0,1],[0,1],[2,1],[1,1],[-1,2],[0,2],[0,0],[1,1],[0,1],[0,2]],[[5568,9552],[-2,0],[-1,-1],[-2,-1],[0,-1],[-1,0]],[[5562,9549],[0,3],[-1,1]],[[5561,9553],[1,0],[0,1],[-1,0],[0,1]],[[5561,9555],[2,-1],[0,1],[1,5],[1,1],[0,0],[1,1],[2,1],[2,-1],[1,2],[-1,1],[-1,2],[2,0],[0,1],[2,-1],[1,-1],[0,-2],[1,0],[1,-1],[0,0],[1,0],[1,0],[1,0],[3,1]],[[5582,9564],[0,0],[0,-2],[0,-1],[-2,-1],[0,-1],[-1,-1],[1,-3],[-1,0],[1,-2],[0,-1],[0,-1],[0,-1],[1,-1],[3,0],[0,-1],[0,-1],[1,1],[0,-1],[0,-1],[0,-1],[1,-1],[1,0],[0,-2],[1,-1]],[[5588,9541],[2,0],[1,0],[1,1],[0,1],[1,-2],[1,-2],[0,-1],[0,-1],[1,1],[1,1],[0,-1],[4,-2],[0,-2],[0,0],[0,0],[1,-1],[1,0],[1,-1],[-1,-1],[1,0],[3,1],[0,0],[1,-1],[1,0],[0,-1],[0,-1],[1,0],[-1,-1],[0,-2],[0,-2],[2,-1],[1,-1],[0,0]],[[5519,9572],[1,0],[0,-1],[0,-3],[2,0],[0,-1],[1,0],[1,0]],[[5524,9567],[2,0],[2,1],[2,-2],[1,0]],[[5531,9566],[1,-1],[1,-1],[-1,-1],[1,-1],[-1,-1],[1,0],[0,1],[2,1],[1,2],[1,0],[0,2],[0,1],[2,1],[1,-1],[2,-1],[-1,-2],[-1,0]],[[5540,9565],[0,-1],[1,0],[1,-1],[2,-1],[0,2],[1,0],[1,0],[1,-1]],[[5547,9563],[1,0],[1,0],[1,-1]],[[5550,9562],[0,-2]],[[5550,9560],[-2,0],[0,-2],[0,0],[-1,-1],[1,-1],[1,-1],[-1,-1],[1,-1],[0,-1],[-1,1],[-2,-1],[-1,-1],[0,-1],[-1,-1]],[[5544,9549],[-1,-1]],[[5543,9548],[-1,1],[-1,-1],[-2,0],[-1,-1],[-1,-1],[1,-1],[0,-2],[-2,-1],[-2,-1],[-2,0],[0,3],[-1,1],[0,1],[-2,-1],[0,1],[-1,1],[1,1],[-2,-1],[-1,1],[0,-2],[-1,0],[1,-1],[0,-2],[-2,-2],[-1,0],[0,2],[-1,0],[-3,1],[-1,0],[-1,0],[-1,1],[-1,2],[-1,1],[-3,0],[-1,-1]],[[5582,9564],[-1,1],[0,1],[-1,0],[1,3],[0,1]],[[5518,9515],[0,2],[0,2],[0,0],[1,1],[1,1],[-1,2],[1,0],[0,1],[0,1],[1,0],[0,1],[2,-1],[1,1],[2,0],[1,0],[1,0],[1,0],[1,0],[0,2],[1,0],[2,0],[0,0],[1,-1],[3,0],[0,2],[1,0],[0,-1],[1,0],[0,-1],[1,1],[2,0],[0,1],[1,2],[1,-1],[1,0],[1,0],[0,1],[1,2],[-1,2],[0,1],[0,1],[-1,0],[0,1],[0,0],[1,0],[1,1]],[[5547,9539],[1,-1],[0,-1],[1,0],[0,-2],[0,-1],[1,0],[2,2],[2,-1],[2,1],[1,1]],[[5557,9537],[1,0]],[[5558,9537],[1,-1],[1,-1],[2,-1],[1,0],[0,0],[2,1],[1,-1],[1,1],[0,-1],[1,0]],[[5573,9533],[-1,-1],[-2,0],[-4,1],[-2,-2],[0,-1],[0,-2],[-2,0],[0,-1],[-2,-1],[-1,-2],[-1,0],[1,-1],[-2,-1],[1,-1],[0,-3],[0,-1],[-1,0],[-1,-2],[-1,1],[-1,0],[-1,-1],[0,-2],[-2,0],[0,-1]],[[5581,9494],[-1,0],[-1,1],[-2,0],[0,2],[0,1],[1,0],[1,1],[-1,0],[0,1],[-1,1],[-2,1],[0,1],[2,2],[0,1],[1,1],[-1,1],[-2,0],[0,1],[-1,0],[1,2],[1,0],[2,0],[-1,3],[1,0],[1,1],[1,0],[1,0],[0,0]],[[5581,9515],[2,1],[1,-1],[1,0],[1,1],[1,-1],[0,-1],[1,-2],[1,-1],[3,-1],[1,1]],[[5551,9558],[1,0],[1,0],[0,2]],[[5553,9560],[1,0],[1,-3],[1,0],[1,-1],[1,0],[1,0],[1,-1],[1,0]],[[5561,9553],[-2,-3],[-1,-1],[-1,0],[-2,0],[1,-2],[-1,-1]],[[5555,9546],[-2,1],[-1,0],[-1,1],[-1,-2],[-1,0],[-1,1],[-1,-1],[-2,1],[0,1],[-1,1]],[[5550,9560],[0,-1],[1,-1]],[[5571,9592],[-1,0],[-1,-2],[0,-2],[-3,1],[-1,0],[0,-2],[-1,0],[-1,0],[-1,-1],[0,0],[3,-1],[0,-1],[2,-1],[1,-1],[1,0],[1,2],[-1,-2],[2,-2],[-1,-1],[0,0],[0,-2],[0,0],[0,-1],[0,-2],[-1,0],[-2,1],[-1,-1],[-2,1],[-1,-1],[1,-2],[-1,-2],[0,-1],[-2,1],[-1,-1],[-1,0],[-1,1],[-1,0]],[[5557,9570],[-1,2],[0,3],[-1,1],[-1,1],[0,2],[0,0],[-1,2],[0,1],[1,2]],[[5554,9584],[-2,1],[-1,0],[-2,0]],[[5549,9585],[0,2],[-2,1],[-3,1],[-1,2],[-2,1]],[[5541,9592],[1,1],[-1,0],[-1,1],[0,1],[1,1],[0,0],[-2,0],[-1,1],[1,2],[-1,1],[-1,0]],[[5537,9600],[0,1],[-1,0],[0,1],[0,1],[2,1]],[[5538,9604],[1,1]],[[5539,9605],[1,0],[3,1],[2,-1],[1,2],[1,1],[0,1],[1,1],[0,0],[-2,0],[-2,0],[1,2],[0,1],[1,1],[0,1],[1,0],[1,-2],[0,4],[-1,1],[0,1],[2,1],[0,3],[0,1]],[[5516,9580],[2,2],[0,1],[1,0],[2,1],[0,-1],[1,1]],[[5522,9584],[3,3],[1,-1],[0,1],[0,1],[1,2],[0,1]],[[5527,9591],[2,1],[2,0],[0,1],[1,1],[1,-1],[2,-1],[1,-1],[2,1],[1,-1],[1,0],[1,1]],[[5549,9585],[-1,-1],[-1,-1],[0,-1],[1,-2],[-1,0]],[[5547,9580],[-1,1],[0,-1],[-2,1],[-2,0],[1,-1],[-1,-1],[-1,0],[1,-1],[-1,0],[-1,0],[-1,0],[-1,1],[-1,-2],[-2,1],[0,1],[-1,1],[-1,1],[-1,1],[-1,-1],[-2,-2],[-1,-1],[-1,0],[-2,0],[-1,0],[-1,-1],[-1,2],[-3,0],[0,-2]],[[5559,9541],[1,1],[0,0],[1,1],[0,1],[0,0],[0,2],[-1,0],[0,1],[2,2],[0,0]],[[5558,9537],[0,2],[1,2]],[[5557,9537],[0,2],[-1,0],[-1,1],[-2,0],[0,3]],[[5553,9543],[1,1],[0,1],[1,0],[0,1]],[[5547,9563],[0,1],[0,3],[0,1],[-2,1],[1,0],[-1,1],[2,1],[0,2],[-1,2],[0,0],[1,1]],[[5547,9576],[0,3],[0,1]],[[5557,9570],[-2,-2],[0,0],[0,-3],[1,-2],[-1,0],[0,-1],[-1,0],[-1,0],[-1,0],[1,-1],[0,-1]],[[5543,9548],[-1,-1],[0,-1],[1,-1],[0,0],[0,-1],[3,-2],[0,0]],[[5546,9542],[1,-2],[0,-1]],[[5510,9614],[1,1],[1,0],[1,2],[2,-1],[1,0],[-1,-2],[0,-2],[2,0],[1,-1],[1,-1],[0,1],[1,0],[0,-1],[0,-1],[0,-1],[0,-2],[1,-1],[0,-1],[2,0],[1,1],[-1,1],[1,1],[1,0],[1,0],[2,-2],[1,-1],[0,-1]],[[5529,9603],[-1,-1],[-2,-2],[0,-1]],[[5526,9599],[-1,-1],[1,1],[1,-2],[0,-1],[2,0],[1,1]],[[5530,9597],[-1,-2],[-1,-2],[-1,-1],[0,-1]],[[5517,9621],[0,-1],[0,-1],[1,1],[1,-1],[1,-1],[1,0],[1,-2],[1,1],[0,1],[2,-1],[0,-2],[1,0],[0,0],[1,-2],[0,-2],[1,-2],[1,-1],[0,-1]],[[5529,9607],[1,-2],[0,0],[1,-2]],[[5531,9603],[-1,0],[-1,0]],[[5539,9605],[-1,0],[-3,0],[-1,-1],[-1,1],[0,0],[-1,0],[0,-3]],[[5532,9602],[-1,0]],[[5531,9602],[0,1]],[[5546,9542],[1,0],[2,0],[0,0],[2,0],[2,1]],[[5526,9599],[1,1],[2,0],[1,1],[1,-1]],[[5531,9600],[0,-1],[0,0],[-1,-2]],[[5530,9597],[1,0],[1,-1],[1,-1],[1,0],[-1,3],[1,0],[1,0],[0,1],[0,0],[1,0],[1,1],[0,0]],[[5531,9602],[0,-2]],[[5538,9604],[-1,1],[-2,-1],[-2,-2],[-1,0]],[[5830,9521],[1,0],[1,0],[0,-1],[1,-1],[1,0],[1,0],[1,0],[1,0],[1,0],[1,2]],[[5839,9521],[2,2]],[[5841,9523],[1,0],[1,0],[2,0],[0,0],[0,-1],[-1,0],[0,-1],[0,-1],[0,-1],[-1,-2],[1,0]],[[5844,9517],[1,-1],[-1,-1],[-1,-2],[0,0],[0,-1],[-2,-2],[-1,0]],[[5841,9523],[-1,1]],[[5840,9524],[2,1],[0,1],[0,1],[0,2],[0,1]],[[5842,9530],[1,1],[1,0],[1,-1]],[[5845,9530],[1,1],[2,1],[3,0]],[[5857,9511],[-1,0],[-1,0],[0,-1],[-1,0],[-1,2],[0,0],[0,1],[0,1],[-2,1],[0,0],[-1,-2],[1,-1],[1,-2],[-1,0],[-2,0],[-2,-2],[0,-1],[-2,-1],[-2,0]],[[5842,9530],[-1,0],[-2,0],[0,1],[-2,0],[-1,0],[0,0],[-2,0],[-2,-1],[-1,0],[-2,0]],[[5830,9524],[1,1]],[[5831,9525],[1,0],[2,0],[-1,-1],[0,0],[1,-1],[1,-2],[3,1],[1,2],[0,0]],[[5839,9524],[0,1],[1,-1]],[[5859,9504],[-1,-1],[-2,0],[-1,-1],[-1,1],[-1,0],[-2,1],[-1,0],[-2,0],[-1,-1],[0,-1],[0,-2],[0,-1],[1,0],[0,-1],[-1,-1],[-1,0],[-1,-2],[-2,0]],[[5831,9525],[-1,1],[1,0],[1,1],[1,0],[1,1],[0,-2],[1,0],[1,-1],[2,0],[1,0],[0,-1]],[[5417,9639],[2,0],[0,-1],[2,1],[-1,-2],[1,0],[1,-2],[3,1],[0,0],[0,1],[1,0],[3,0],[0,1],[-1,1],[0,2],[1,1],[0,1],[2,1],[1,-1],[0,-2],[2,0],[-1,-4],[1,0],[1,2],[1,0],[1,-1],[2,1],[1,0],[1,1],[1,2],[0,1]],[[5442,9643],[0,-2],[2,0],[0,-2],[2,0],[0,3],[1,0],[1,0],[1,0]],[[5449,9642],[2,0],[0,-1],[1,1],[1,0],[0,-2]],[[5453,9640],[-1,-1],[1,-1],[0,-3],[0,0],[1,0],[0,-2],[1,0],[-2,-1],[1,-1],[-1,-1],[-1,1],[-1,-1],[0,-1],[0,-1],[0,-1],[0,-2],[0,-1],[-2,0],[0,-2],[2,0],[0,-1],[1,0],[0,0],[-1,-2]],[[5427,9659],[0,2],[1,1],[-1,1],[1,1],[0,0],[3,0],[0,1],[0,-1],[1,0],[1,-1],[1,0],[1,2]],[[5435,9665],[1,-1],[2,-1],[-1,-1],[2,-2],[0,1],[1,-1]],[[5440,9660],[-1,0],[-1,-2],[0,0],[0,-2],[0,0],[0,-1],[0,-1],[-2,-1]],[[5436,9653],[1,0],[3,0],[0,-1],[-1,-1],[0,0],[-1,-2],[1,-1],[1,0],[1,-1],[1,-1],[0,-1],[1,0],[1,-1],[-1,0],[-1,-1]],[[5440,9660],[1,0],[1,0]],[[5442,9660],[0,-1],[1,-2],[2,1],[0,1],[2,0]],[[5447,9659],[0,-1],[-1,-1],[2,-2],[0,-2]],[[5448,9653],[-1,-1],[0,-2],[2,-1],[-1,-1],[1,-1],[-1,-1],[1,-1],[2,-1]],[[5451,9644],[-2,-2]],[[5457,9670],[-1,-2],[0,-1]],[[5456,9667],[-1,0]],[[5455,9667],[-2,2],[1,0],[-1,1]],[[5453,9670],[0,1],[-1,1],[1,1],[0,1],[0,1]],[[5453,9675],[1,1],[1,0]],[[5455,9676],[0,-3],[0,-1],[1,0],[1,1],[1,0],[0,-1]],[[5458,9672],[0,-1],[-1,-1]],[[5451,9644],[1,1],[0,1],[0,1],[2,0]],[[5454,9647],[1,0],[0,1],[1,2]],[[5456,9650],[1,1],[1,0],[1,1],[1,0],[1,0],[2,1]],[[5463,9653],[1,0]],[[5464,9653],[0,-1],[1,-1],[3,1]],[[5449,9665],[-1,-1]],[[5448,9664],[-1,0],[-1,-1],[1,-1],[0,-3]],[[5442,9660],[2,0],[1,1],[-1,1],[1,1],[-1,2],[2,0],[-2,1],[0,1],[0,1],[1,1],[1,0],[0,1],[-1,0]],[[5445,9670],[1,2]],[[5446,9672],[2,-1],[0,-1],[1,-2],[1,0]],[[5450,9668],[1,0]],[[5451,9668],[1,-2],[0,-1]],[[5452,9665],[-1,0],[-1,0],[-1,-1],[0,1]],[[5442,9680],[1,0]],[[5443,9680],[0,-1],[1,-1],[3,-1]],[[5447,9677],[0,-1],[0,-1]],[[5447,9675],[-1,0],[-2,0],[-1,-1]],[[5443,9674],[-1,2],[-1,-1],[1,-1],[-1,-1],[-1,-1]],[[5440,9672],[-2,-1],[0,-1],[0,-1],[0,-1]],[[5438,9668],[-1,0],[0,-2],[-1,0],[0,1],[-1,1],[-1,-1],[0,0],[0,-1],[1,-1],[0,0]],[[5454,9647],[-2,2],[1,1],[-1,2],[0,2],[-1,1],[0,0],[-1,2],[1,1]],[[5451,9658],[2,0],[0,1],[0,2],[1,1]],[[5454,9662],[2,0],[0,0],[2,3]],[[5458,9665],[2,-2],[0,-1]],[[5460,9662],[-1,-1],[-1,-1],[-1,-1],[0,-1],[0,-1]],[[5457,9657],[1,-2],[-1,-1],[-1,-1],[0,-2],[0,-1]],[[5464,9653],[0,2],[1,2],[0,1]],[[5465,9658],[1,0],[1,1],[-1,1],[-1,0],[0,1],[1,2],[1,1],[-1,2]],[[5466,9666],[1,1],[0,2],[1,1]],[[5468,9670],[0,-1],[1,0],[1,-1],[2,0]],[[5448,9664],[1,-1],[-1,-1],[1,0],[2,-2],[0,0],[0,-2]],[[5466,9666],[-1,1]],[[5465,9667],[-1,1]],[[5464,9668],[1,1],[0,1],[2,1],[0,0]],[[5467,9671],[1,-1]],[[5446,9672],[-1,1],[-2,0],[0,1]],[[5447,9675],[0,-1],[2,1],[0,-1]],[[5449,9674],[0,-2],[0,0],[2,0],[0,-1],[0,-1],[-1,-2]],[[5457,9657],[1,0],[1,1],[1,-1],[2,2],[1,0]],[[5463,9659],[2,-1]],[[5458,9672],[2,1],[1,0]],[[5461,9673],[0,-1]],[[5461,9672],[-1,-1],[1,-3],[1,-1]],[[5462,9667],[-1,0],[-1,1],[-1,0],[-2,2]],[[5463,9671],[-1,0]],[[5462,9671],[0,2],[1,0]],[[5463,9673],[1,0]],[[5464,9673],[0,-1],[-1,-1]],[[5462,9667],[1,-1],[0,-1],[1,1],[1,1]],[[5463,9659],[-1,2],[-2,1]],[[5458,9665],[-1,1],[-1,1]],[[5438,9668],[0,0],[0,-1],[1,-1],[0,2],[2,0],[0,2],[2,0],[1,1],[1,-1]],[[5454,9662],[0,2],[0,0],[-1,1]],[[5453,9665],[2,2]],[[5461,9672],[1,-1]],[[5463,9671],[1,0],[-1,-2],[1,-1]],[[5453,9665],[-1,0]],[[5449,9674],[1,0],[0,1],[0,0],[0,1]],[[5450,9676],[1,0]],[[5451,9676],[1,-1],[1,0]],[[5464,9673],[2,1],[1,0]],[[5467,9674],[0,-1],[0,-2]],[[5447,9677],[1,1],[0,1],[2,0]],[[5450,9679],[-1,-2],[1,-1]],[[5446,9701],[0,1]],[[5446,9702],[1,0],[1,-2],[0,-1],[2,1],[1,0]],[[5451,9700],[-1,-1]],[[5450,9699],[-1,0],[-1,-1]],[[5448,9698],[-1,-1]],[[5447,9697],[0,1],[-1,0]],[[5446,9698],[1,2],[-1,1]],[[5450,9679],[-1,1],[1,1],[-1,0]],[[5449,9681],[-1,2],[1,1],[0,1]],[[5449,9685],[1,0]],[[5450,9685],[1,-2],[-1,-1],[1,-1]],[[5451,9681],[-1,-2]],[[5446,9698],[-1,0],[-1,-1],[-1,0]],[[5443,9697],[0,1]],[[5443,9698],[2,1],[0,0],[1,2]],[[5446,9688],[-1,-1],[-2,-1]],[[5443,9686],[-1,2]],[[5442,9688],[0,3]],[[5443,9680],[1,1],[2,1]],[[5446,9682],[1,-1],[2,0]],[[5446,9682],[0,1],[1,2]],[[5447,9685],[1,-1],[1,1]],[[5438,9685],[2,0],[1,0],[1,0],[1,1]],[[5443,9686],[2,-1]],[[5445,9685],[0,0],[-1,-1],[-1,-1],[0,-2],[-1,0]],[[5449,9687],[-1,-1],[-1,-1]],[[5445,9685],[0,0],[1,0],[2,2]],[[5449,9696],[-1,2]],[[5450,9699],[0,-2]],[[5443,9698],[-1,2]],[[5442,9700],[1,1]],[[5443,9701],[1,1]],[[5444,9702],[1,0],[1,0]],[[5447,9697],[-1,0]],[[5446,9697],[-1,-2]],[[5445,9695],[-2,1]],[[5443,9696],[0,1]],[[5442,9688],[0,-1],[-2,0],[0,-1],[-2,-1]],[[5437,9690],[2,0],[1,1],[0,1]],[[5440,9692],[2,-1]],[[5444,9702],[2,1],[2,1]],[[5448,9704],[2,0],[1,-1],[1,-1],[-1,-2]],[[5447,9695],[-1,2]],[[5451,9686],[0,-1]],[[5451,9685],[-1,0]],[[5440,9698],[2,2]],[[5443,9696],[-1,-1]],[[5442,9695],[-1,-2]],[[5441,9693],[-2,2],[-1,1]],[[5444,9694],[1,1]],[[5443,9693],[0,0],[-1,2]],[[5441,9693],[0,0],[-1,-1]],[[5454,9697],[0,3],[1,0]],[[5455,9700],[0,0],[2,0],[1,0]],[[5458,9700],[-2,-3]],[[5462,9705],[1,1],[1,1],[1,-1],[0,1]],[[5465,9707],[1,-1],[2,-2],[-1,-1],[-1,-1],[1,-1]],[[5467,9701],[-1,-1]],[[5466,9700],[-1,-1],[-1,1]],[[5464,9700],[0,2],[-1,2],[0,0],[-1,1]],[[5458,9694],[0,1],[1,1],[1,0]],[[5460,9696],[1,1]],[[5461,9697],[-1,-1],[2,-1],[0,-1]],[[5462,9694],[-1,-1],[-1,1],[-2,-3]],[[5464,9700],[-2,0],[1,1],[-2,2],[0,-1]],[[5461,9702],[-1,0],[0,1],[1,2]],[[5461,9705],[1,0]],[[5464,9699],[-1,-1]],[[5463,9698],[-2,-1]],[[5460,9696],[-2,2],[0,1],[0,0]],[[5458,9699],[0,1]],[[5458,9700],[2,-1],[1,0],[1,-1],[2,1]],[[5466,9700],[1,-3]],[[5467,9697],[-1,0],[0,-1],[-1,0],[0,-1]],[[5465,9695],[-1,0]],[[5464,9695],[-1,3]],[[5464,9699],[0,1]],[[5455,9700],[1,1],[0,2],[1,1]],[[5457,9704],[1,0],[0,1]],[[5458,9705],[1,0]],[[5459,9705],[0,0],[1,0],[1,0]],[[5461,9702],[0,0],[-2,-1],[-1,-1]],[[5458,9699],[0,1]],[[5467,9701],[2,0],[0,1],[2,0]],[[5471,9702],[0,-1],[0,-1],[0,-2],[-1,-1]],[[5470,9697],[-2,-1]],[[5468,9696],[0,1],[-1,0]],[[5471,9695],[-1,0],[0,2]],[[5471,9702],[-1,0],[2,0],[0,1],[-1,1],[0,1],[-1,2],[-1,-1],[-1,2],[-2,-1]],[[5466,9707],[0,1],[1,0],[0,2],[1,2],[2,0],[0,0]],[[5452,9703],[-1,1],[-2,0],[-1,0]],[[5448,9704],[0,1]],[[5448,9705],[1,1]],[[5449,9706],[1,0]],[[5450,9706],[1,-1],[1,0]],[[5452,9705],[1,-2]],[[5453,9703],[-1,0]],[[5471,9692],[0,-1],[-1,0],[-3,-1]],[[5467,9690],[0,3],[0,1],[1,-1],[-1,3],[1,0]],[[5473,9684],[-1,1],[0,1],[0,0],[-2,2],[-1,1],[-1,1],[-1,0]],[[5452,9703],[0,-1],[0,-2],[1,-1],[0,-2]],[[5462,9694],[1,0]],[[5463,9694],[0,-1],[1,-1]],[[5464,9692],[-1,-1],[-1,0],[-1,-1]],[[5461,9690],[-1,1],[0,-1],[-1,0]],[[5467,9690],[-1,1]],[[5466,9691],[-1,1]],[[5465,9692],[1,2],[-1,0],[0,1]],[[5464,9695],[-1,0],[0,-1]],[[5452,9705],[0,1],[1,0],[1,1]],[[5454,9707],[1,0]],[[5455,9707],[0,-2],[-1,0],[1,-1]],[[5455,9704],[-2,0],[0,-1]],[[5465,9692],[-1,0]],[[5455,9704],[1,-1],[1,1]],[[5465,9707],[1,0]],[[5455,9707],[1,0]],[[5456,9707],[1,-2],[1,0]],[[5455,9676],[2,1],[1,-1]],[[5458,9676],[1,1],[1,-1]],[[5460,9676],[1,-2],[0,-1]],[[5458,9680],[1,2],[0,1],[-1,1]],[[5458,9684],[0,2]],[[5458,9686],[1,-1]],[[5459,9685],[0,-1],[1,-3]],[[5460,9681],[0,-1]],[[5460,9680],[-2,0]],[[5451,9685],[1,0],[1,-1],[0,-1]],[[5453,9683],[-1,0],[0,-1]],[[5452,9682],[0,-1],[-1,0]],[[5467,9674],[0,1],[0,1],[-1,0],[-1,2]],[[5465,9678],[1,0],[1,0],[1,-1],[3,0],[1,0]],[[5472,9677],[1,1],[-1,1],[-1,-1],[-2,0],[0,2],[0,1],[2,1],[-1,0]],[[5470,9682],[2,1]],[[5472,9683],[0,-1],[1,0],[0,1]],[[5465,9678],[-1,-1],[-1,1]],[[5463,9678],[1,1],[0,3]],[[5464,9682],[1,-1],[2,0]],[[5467,9681],[1,0],[0,1],[2,0]],[[5472,9683],[-1,1]],[[5471,9684],[0,1],[0,1],[-1,0],[-1,0],[-1,0],[0,1],[-2,0]],[[5466,9687],[1,1],[0,1],[0,1]],[[5471,9684],[-3,0]],[[5468,9684],[-2,1],[-2,0]],[[5464,9685],[0,1],[0,1]],[[5464,9687],[1,0]],[[5465,9687],[1,0]],[[5463,9687],[1,0]],[[5464,9685],[-1,0],[-1,0]],[[5462,9685],[0,0],[-3,1],[0,-1]],[[5458,9686],[-2,1]],[[5467,9681],[1,2],[0,1]],[[5451,9676],[1,0],[0,1],[-1,1],[1,2],[1,0],[1,0]],[[5454,9680],[0,-1],[1,0],[2,1]],[[5457,9680],[1,-1],[0,-3]],[[5460,9680],[0,-1]],[[5460,9679],[1,-1]],[[5461,9678],[-2,0],[1,-2]],[[5457,9680],[1,0]],[[5460,9681],[1,1],[0,1],[2,1]],[[5463,9684],[0,0],[1,-2]],[[5463,9678],[-2,1],[-1,0]],[[5461,9689],[0,1]],[[5466,9691],[-1,-1]],[[5465,9690],[-1,-1],[-1,0]],[[5452,9682],[1,-1],[1,-1],[0,0]],[[5454,9686],[0,-2]],[[5454,9684],[-1,-1]],[[5458,9684],[-1,-1],[-2,1]],[[5455,9684],[-1,0]],[[5463,9673],[0,1],[-1,2],[0,0],[-1,2],[0,0]],[[5462,9685],[1,-1]],[[5465,9690],[0,-3]],[[5459,9690],[1,-1]],[[5455,9684],[0,-1],[0,-2],[-1,-1]],[[5437,9735],[-1,-1],[-1,1],[-1,0],[0,-2],[0,-1],[-1,-1],[1,0],[0,-1],[-1,-2],[-1,-2],[1,0],[0,-1],[0,-1],[1,-1],[-1,-3],[1,0],[-2,-2],[-1,-2]],[[5431,9716],[0,-2]],[[5431,9714],[-1,2],[1,0],[-2,1]],[[5429,9717],[2,3],[0,1],[-1,1]],[[5430,9722],[-1,0],[-1,1],[-1,-1],[-1,-3]],[[5426,9719],[-1,2],[0,1],[-1,0],[0,-2],[-1,0],[0,0]],[[5423,9720],[-2,0],[0,0],[-1,1],[-1,1],[0,1],[-1,0],[-1,1],[0,1],[-1,1],[-1,0],[-2,1],[-1,2],[0,1],[-1,1],[-1,0],[-1,3]],[[5423,9720],[0,-1],[1,0]],[[5424,9719],[0,-1],[1,-2],[1,0]],[[5426,9716],[1,-2],[-1,-1],[-2,1],[0,1],[-2,-1],[1,0]],[[5449,9706],[-1,1],[0,1]],[[5448,9708],[-1,1],[1,1]],[[5448,9710],[-1,1],[-1,1]],[[5446,9712],[1,1],[0,0],[1,2],[1,-1],[1,-1],[1,-1]],[[5451,9712],[-1,0],[1,-1],[1,-1],[0,-2],[-1,1],[-1,-1],[0,-1],[0,-1]],[[5441,9704],[-1,1],[2,2],[0,0]],[[5442,9707],[4,-1],[0,0],[2,-1]],[[5443,9701],[-1,1],[-1,1]],[[5456,9707],[1,1],[1,2]],[[5458,9710],[1,1],[1,-3],[-1,-1],[0,0],[0,-2]],[[5460,9730],[0,0],[-1,-1],[-1,0],[-3,1],[-1,-1],[-1,-1],[-1,-1],[0,1],[-2,0],[0,-2],[-1,-1],[1,-1],[-1,0],[-1,-1],[-1,-1]],[[5447,9722],[-1,-1],[0,-1],[0,1],[-1,0],[-1,-2],[-1,-1]],[[5443,9718],[-1,0],[-1,1],[-1,1],[2,0],[0,1],[1,0],[0,2],[-2,0],[0,0]],[[5441,9723],[0,1],[-1,0],[-1,2],[1,1],[0,1],[-1,2],[1,1],[0,1]],[[5440,9732],[0,2],[-1,1]],[[5468,9725],[0,-1]],[[5468,9724],[-2,0],[-1,0],[0,-1],[-1,-1],[2,-1],[0,-1],[0,-2],[-2,0],[-1,-1],[0,0],[-1,-1],[-1,0],[-1,-1]],[[5460,9715],[0,1],[0,-1],[-1,0],[-1,-1]],[[5458,9714],[-1,-1],[-2,0]],[[5455,9713],[-1,-1]],[[5454,9712],[0,2]],[[5454,9714],[-1,1],[-1,1],[1,1],[-1,1],[-1,2],[1,1],[-1,0],[-2,0],[-1,1],[-1,0]],[[5443,9718],[-1,-1],[-1,0],[-1,0],[-1,0],[-1,-1],[-1,-1],[-1,1],[-2,-2]],[[5434,9714],[-1,0]],[[5433,9714],[-1,1],[-1,1]],[[5446,9712],[0,-1],[-1,0],[-1,0],[0,-1]],[[5444,9710],[-2,1]],[[5442,9711],[0,1],[2,2],[0,2],[1,1],[-2,1]],[[5454,9714],[-1,-2],[0,0],[-2,0]],[[5441,9711],[-1,1]],[[5440,9712],[-1,-1],[-2,2],[-1,-1],[-1,1],[-1,1]],[[5442,9711],[-1,0]],[[5426,9716],[2,-2],[1,-1],[1,0]],[[5430,9713],[1,1]],[[5433,9714],[0,-1]],[[5458,9710],[-2,1],[-1,2]],[[5460,9715],[1,-2],[0,-1],[1,0],[3,0],[1,2],[1,1],[1,0],[1,-1]],[[5424,9719],[2,0]],[[5426,9719],[2,-1],[1,-1]],[[5438,9705],[1,1],[0,2],[2,1],[0,2]],[[5444,9710],[0,-1]],[[5444,9709],[-1,-2],[0,0],[-1,0]],[[5454,9712],[1,-2],[-1,-1],[0,-1],[0,-1]],[[5448,9708],[-2,0]],[[5446,9708],[-2,0],[0,1]],[[24,5189],[-1,1],[1,1],[-1,1],[-1,1]],[[22,5193],[0,0],[0,4],[0,2],[0,0],[1,1],[0,1]],[[23,5201],[1,0],[1,-1],[1,0],[0,0],[2,0],[1,0],[0,0],[1,-2],[1,-1],[0,1]],[[31,5198],[0,-1]],[[31,5197],[0,-1],[0,-1],[-1,-1]],[[30,5194],[-1,-1],[-1,0],[-1,-1],[-2,-1],[-1,-2],[0,0]],[[23,5221],[1,1],[0,0],[1,1],[0,1],[1,1],[1,1],[1,3],[1,0],[0,-2],[1,0],[1,0],[0,-1],[1,-1],[0,-1],[1,0],[1,-2],[0,0],[0,-2],[1,-3],[-1,-2],[0,-1],[0,-2]],[[34,5212],[-1,0],[0,-2],[0,-1],[0,-2],[-1,0],[1,-1],[-1,-1]],[[32,5205],[-1,0],[0,1],[0,2],[-2,-1],[-1,0],[-1,0]],[[27,5207],[-1,1],[0,2],[0,1],[-1,1],[0,0],[-1,0],[0,1],[0,2],[-1,0],[0,2],[0,2],[0,2]],[[15,5196],[1,1],[0,-2],[1,1],[1,-1],[1,0],[0,2],[1,0],[1,1],[0,-1],[0,-1],[1,0],[0,-2],[0,-1],[0,-1],[0,-1],[0,-1],[0,-1],[-1,2],[-1,0],[-1,0]],[[19,5191],[-1,0],[-2,-2],[-1,0],[-2,-1]],[[13,5188],[1,0],[0,1],[0,1],[0,1],[1,0],[0,2],[0,1],[0,2]],[[10,5171],[1,-1]],[[11,5170],[-1,-1],[0,-2],[-1,-1],[0,-1],[-1,-1],[0,-3],[-2,-1],[-1,0]],[[5,5160],[0,3],[-1,2],[-1,2],[0,1],[0,2],[0,1]],[[3,5171],[1,1],[1,1],[1,0],[0,1],[0,2],[1,1]],[[7,5177],[1,0],[0,-2],[0,-1],[1,1],[0,-1],[2,0],[0,-1],[1,-1]],[[12,5172],[0,-1]],[[12,5171],[0,0],[-1,0],[-1,0]],[[11,5170],[0,-1],[0,-1],[0,-2],[1,0],[0,-2]],[[12,5164],[0,-1],[0,-1],[0,-1],[-1,-1],[-1,0],[-2,-2],[-1,-2]],[[7,5156],[-1,2],[-1,1],[0,1]],[[2,5184],[1,-1],[1,0],[1,1],[1,-1]],[[6,5183],[1,-2],[-1,-2],[1,0],[0,-2]],[[3,5171],[0,1],[0,1],[0,3],[0,1],[-1,1],[1,1],[0,3],[-1,0],[0,2]],[[12,5171],[1,0],[1,0],[1,-1],[1,0],[1,1],[1,1],[1,1],[1,0]],[[20,5173],[1,0],[0,-2],[0,-4],[0,-1],[0,-2],[0,-1],[-1,-2],[-1,0],[-1,-2],[-1,-1],[0,0],[-1,-1],[0,-1]],[[16,5156],[0,1],[-1,2],[0,2],[-2,2],[-1,1]],[[49,5153],[1,-1],[1,0],[0,-1],[1,-2],[0,-2],[-1,-2],[-1,-1],[0,-1],[-3,-3],[-1,0],[0,0],[-1,0],[0,0],[-2,1],[-1,1],[-1,1],[-1,1],[1,1],[-1,1],[0,4],[1,1],[0,1],[0,3],[1,0],[1,1],[0,1],[1,1],[1,1],[1,0],[1,-2],[1,0],[0,0],[1,-1],[0,-1],[0,-2]],[[16,5156],[0,-1],[-1,-1],[-1,0],[-2,-1],[-1,-1],[0,-1],[-2,0],[-1,1],[0,2],[0,2],[-1,0]],[[16,5138],[-1,-2],[0,0],[-2,1],[1,2],[0,1],[2,0],[0,-2]],[[20,5140],[0,0],[-1,-2],[-1,0],[-1,1],[1,0],[1,0],[0,2],[1,1],[0,-1],[0,-1]],[[64,5200],[-2,0],[-1,-1],[-1,0],[0,1],[1,1],[1,0],[0,1],[1,1],[3,2],[0,0],[1,1],[1,0],[0,-2],[-2,-1],[-2,-2],[0,-1]],[[59,5182],[0,-1],[-1,0],[0,1],[1,0]],[[40,5198],[1,0],[0,2],[1,-1],[0,1],[3,0],[0,2]],[[45,5202],[1,-2],[1,-1],[1,-3],[1,-1],[1,0],[0,-1],[1,-1],[0,0],[-1,0],[-1,0],[-2,1],[-1,-1],[-1,0],[-1,-1],[-3,-1],[0,1]],[[41,5192],[0,1],[-1,5]],[[2,5184],[0,1],[0,2],[0,1],[0,1],[-1,2],[-1,1],[0,2],[0,1],[0,3],[0,1],[1,1],[-1,2],[2,1],[0,2],[0,0],[1,1],[1,1]],[[4,5207],[0,-3],[0,0],[0,-1],[0,-1],[0,-1],[0,-2],[-1,-1],[1,-1],[0,-1],[0,-3],[1,0],[1,0],[0,-2],[1,-1]],[[7,5190],[0,-2],[-1,0],[1,-1],[-1,-1],[1,-2]],[[7,5184],[-1,-1]],[[30,5194],[1,-2],[1,-1],[1,-4]],[[33,5187],[-1,0],[-1,0],[-1,-1],[-1,0],[0,-1],[-2,1],[0,0],[-2,1],[0,1],[-1,0],[-1,0],[1,0],[0,0]],[[24,5188],[0,1]],[[12,5172],[1,5],[1,0],[0,1],[2,1],[1,1],[2,0]],[[19,5180],[0,0],[1,-1],[0,-1],[0,-1],[1,0],[0,-1],[-1,-1],[0,-2]],[[13,5188],[-1,-1],[0,-1],[-2,0],[-1,0],[0,-1],[-1,0],[-1,-1]],[[7,5190],[1,-1],[1,1],[1,0],[0,1],[1,2],[0,1],[1,3],[0,1],[1,0],[0,1],[2,0],[0,0],[1,0],[1,0]],[[17,5199],[0,0],[-1,-2],[-1,0],[0,-1]],[[23,5201],[0,2],[0,1],[1,1],[0,1],[1,-1],[1,2],[1,0]],[[32,5205],[0,0],[1,-1],[0,0],[1,0],[0,-3],[-1,-1],[-1,1],[-1,-3]],[[18,5206],[0,1],[1,-1],[0,0],[-1,0]],[[34,5212],[0,-1],[0,-1],[2,-3],[1,-2],[2,-1],[1,0],[2,0],[0,0],[1,-1],[1,0],[1,-1]],[[40,5198],[-2,0],[0,2],[-1,-1],[-1,-1],[-1,0],[-1,-1],[-2,0],[-1,0]],[[19,5191],[0,-3],[0,-2],[-1,-1],[1,-2],[0,-1],[0,-1],[0,-1]],[[24,5188],[-1,2],[0,1],[-1,1],[0,1]],[[41,5192],[-2,-1],[-2,-1],[-1,-1],[-1,0],[-1,-1],[0,-1],[-1,0]],[[4,5207],[1,0],[0,1],[1,-1],[2,-1],[0,-1],[1,-1],[1,0],[0,0],[1,-1],[1,-1],[1,0],[1,0],[0,-1],[1,-1],[1,0],[1,0],[0,-1]],[[64,4945],[-1,0],[0,2],[-1,0],[0,1],[0,2],[-1,0],[0,2],[-1,1],[1,2],[0,1],[1,1],[1,0],[0,1],[2,1],[0,-2],[1,0],[1,-1],[1,0],[0,0],[2,-1],[0,2],[1,1],[-1,1],[-1,1],[0,2],[-1,-2],[0,1],[0,1],[0,1],[0,2],[0,0],[0,2],[-1,0],[-1,-1],[-1,0],[0,-1],[0,-1],[-1,0],[-1,0],[0,1],[0,0],[-2,0],[0,0],[-1,2],[-1,2],[0,0],[-2,1],[0,0],[-1,1],[0,1],[-1,1],[0,2],[-1,0],[0,2],[-1,3],[0,3],[1,2],[-1,2],[-1,1],[-1,2],[-1,0],[0,2],[-1,1],[0,3],[1,2],[0,1],[1,2],[0,0],[2,1],[1,1],[2,0],[1,0],[1,0],[1,-1],[1,-1],[1,-1],[0,0],[1,-1],[1,0],[0,-1],[1,-1],[1,1],[0,-1],[1,0],[0,-1],[1,0],[0,-2],[1,-1],[0,0],[1,-1],[0,-1],[0,0],[1,-1],[1,-2],[0,-1],[0,-1],[1,-1],[0,-1],[0,0],[1,1],[0,2],[1,0],[1,0],[2,1],[1,1],[0,1],[1,-1],[0,-1],[-1,0],[-1,-1],[1,-1],[0,-1],[-1,0],[0,-1],[-1,0],[0,1],[-1,1],[-1,0],[-1,-1],[0,-3],[1,-1],[1,0],[-1,-1],[0,0],[2,1],[0,-1],[0,-2],[-1,0],[-1,-2],[-1,-2],[2,-2],[1,2],[1,-1],[1,1],[1,0],[-1,-2],[0,0],[-1,-1],[1,-1],[-1,-2],[0,0],[1,-1],[1,1],[1,-1],[-1,0],[1,-1],[-1,-1],[1,-1],[0,-1],[1,1],[0,-1],[0,-2],[1,-2],[0,1],[1,-1],[-1,0],[1,-1],[0,-1],[0,-1],[0,-2],[-1,-1],[2,0],[0,-2],[1,-3],[-1,0],[-1,-1],[1,0],[0,-1],[0,-1],[0,-1],[-1,-1],[-1,-1],[0,0],[-1,-2],[0,-3],[-1,0],[-1,0],[0,1],[-1,0],[0,1],[0,1],[0,1],[1,2],[0,0],[1,2],[0,2],[0,0],[-1,0],[0,0],[-1,-1],[0,-1],[-1,-1],[-1,1],[0,1],[0,1],[-1,0],[-1,-1],[-1,1],[-1,-1],[0,1],[0,1],[-1,-1],[0,1],[-1,1],[0,-2],[-1,0],[0,0],[-1,2],[0,-1],[-1,1],[-2,-2],[0,0],[-1,-2],[0,0]],[[819,3610],[1,0],[1,0],[0,-2],[1,0],[0,-1],[1,-1],[1,-2],[1,-1],[-1,-1],[1,-1],[0,-1],[2,-1],[0,-2],[1,-1],[1,1],[1,0],[1,-1],[1,-1],[0,-1],[0,-1],[1,-2],[0,-1],[0,-1],[1,-3],[0,-1],[1,-4],[2,-3],[0,-2],[0,-2],[0,-4],[1,-5],[0,-2],[0,-2],[0,-2],[1,0],[1,2],[0,2],[0,2],[0,3],[0,3],[-1,6],[1,3],[0,3],[-1,9],[0,2],[1,3],[1,0],[0,0],[1,0],[1,-1],[1,0],[1,-1],[1,-1],[0,0],[1,-1],[0,-1],[2,-2],[0,0],[1,-2],[1,-1],[0,-2],[0,-1],[1,-2],[0,-1],[0,-3],[0,-3],[0,-1],[0,-1],[1,-1],[-1,-2],[1,-3],[1,-1],[1,-2],[-1,-3],[0,-1],[1,1],[0,-2],[2,-2],[1,0],[0,-1],[1,0],[0,1],[1,0],[0,-1],[-1,0],[-1,-1],[0,-2],[-1,-2],[0,-1],[1,-4],[1,-2],[1,-3],[1,-1],[0,-2],[1,-1],[0,-1],[1,-1],[-1,-1],[1,-1],[1,-1],[1,-2],[0,0],[0,-3],[-1,-3],[0,-3],[0,-2],[-1,-5],[0,-2],[0,-2],[-2,-2],[-1,-1],[-1,-1],[-1,-1],[0,0],[-2,-1],[-1,-1],[-1,-1],[0,-2],[-1,-1],[-1,-1],[0,-3],[0,0],[0,-3],[-1,-3],[0,-2],[-2,-2],[0,-1],[-1,-1],[-1,-1],[0,-1],[-1,-1],[-1,-2],[0,-2],[-1,-1],[-1,0],[0,-1],[-1,1],[0,-2],[0,-1],[-2,1],[0,-1],[0,-1],[0,-2],[0,-1],[1,0],[-1,-2],[0,0],[0,-2],[-1,0],[0,0],[-1,0],[-1,0],[0,-1],[-1,-1],[-1,-3],[0,-2],[-1,-1],[1,-1],[-1,-2],[0,-1],[0,-1],[-1,-2],[-1,-2],[-1,-4],[-1,-2],[-2,-5],[-1,0],[0,-1],[0,-2],[-1,-1],[0,-2],[-1,-2],[-1,-1],[-1,-4],[-1,-1],[0,-3],[-1,-3],[0,0],[-1,-3],[-1,-1],[-1,-2],[0,-1],[-1,-2],[0,-1],[-1,-2],[0,-1],[-1,-3],[-1,-2],[-1,-1],[-1,1],[0,1],[-1,1],[0,-1],[-1,-2],[-1,-1],[0,-1],[-1,-3],[0,-3],[0,0],[-1,0],[-2,-1],[0,-2],[0,-1],[0,-1],[0,-1],[-1,0],[0,-1],[1,-1],[-1,-1],[0,-2],[1,-1],[1,-1],[0,-1],[-1,-1],[-1,-3],[0,-2],[0,-1],[-1,-1],[-1,-3],[0,-1],[0,-1],[0,-1],[-1,-3],[-1,-1],[0,-1],[0,-1],[0,-2],[1,1],[0,-1],[-1,-2],[-1,-1],[-1,0],[-1,-3],[-1,-1],[0,-2],[-1,-3],[-2,-5],[0,-1],[0,-3],[0,0],[0,-1],[-1,-2],[0,-2],[-1,-1],[-1,-3],[-1,-2],[0,-1],[0,-2],[-1,-1],[-1,0],[0,-1],[-1,-1],[1,-1],[0,0],[0,-1],[0,-2],[1,-1],[0,-1],[1,-2],[-1,-2],[0,-1],[-1,0],[-1,-2],[0,-1],[0,-1],[1,0],[0,-1],[-2,-1],[0,-1],[-2,-2],[0,-3],[-2,0],[0,0],[0,-2],[1,0],[-1,-2],[-2,0],[0,-1],[0,-1],[0,-1],[0,-1],[-1,-2],[0,-1],[0,-1],[-1,-2],[-1,0],[0,0],[-1,-1],[-2,-1],[-1,-1],[1,-1],[-1,0],[-1,-1],[-1,-1],[-3,-1],[0,-1],[0,0],[-2,-2],[-1,-1],[-2,0],[0,-1],[-1,-1],[0,-1],[0,-1],[-2,-1],[0,-1],[0,-1],[-1,0],[0,-1],[0,-1],[-1,-5],[-1,0],[-1,0],[-1,1],[0,-1],[0,-1],[-2,-1],[0,0],[-1,-1],[-1,0],[0,0],[-1,1],[-1,0],[-1,0],[0,1],[-2,0],[-1,1],[-1,1],[0,1],[-1,2],[0,0],[-1,0],[-1,1],[-2,-1],[-1,1],[-1,-1],[-1,0],[0,0],[-1,0],[-1,-1],[-1,0],[-1,0],[-1,-1],[-1,-1],[0,1],[-1,1],[0,0],[-1,-1],[0,-1],[-1,-1],[-1,0],[0,1],[0,3],[1,0],[1,1],[-1,1],[1,2],[0,-1],[1,1],[1,1],[0,0],[0,1],[-1,1],[-1,0],[-1,0],[0,2],[-1,1],[0,1],[-1,1],[-1,0],[-1,1],[0,1],[0,1],[0,2],[-1,-1],[-1,1],[0,1],[-1,0],[-1,0],[0,-1],[0,-1],[0,-1],[-1,-2],[-1,0],[0,-1],[-1,0],[-1,-3],[-2,1],[-1,-2],[0,-1],[-1,-2],[-1,0],[-1,0],[0,0],[-1,1],[-2,-1],[0,1],[-1,-1],[0,0],[-1,-1],[0,1],[-1,0],[-1,0],[0,1],[-1,1],[-2,0],[0,1],[-1,0],[-1,0],[0,-1],[-1,1],[0,0],[-2,0],[0,3],[-2,0],[0,0],[-1,-1],[0,2],[-1,1],[-2,-1],[0,1],[-1,-1],[0,0],[-1,1],[0,1],[1,0],[0,2],[1,0],[0,2],[0,0],[-1,2],[-1,1],[0,0],[-2,1],[0,-1],[-1,-1],[0,0],[-1,0],[0,-1],[-1,0],[0,-2],[-1,-1],[-1,0],[0,-2],[1,1],[0,-1],[0,-1],[-1,-1],[-1,-1],[0,1],[-1,0],[0,1],[-1,0],[0,-1],[-1,0],[-1,0],[0,-1],[0,-2],[0,0],[0,-1],[0,-1],[-1,0],[0,-1],[-1,0],[0,2],[-1,0],[-1,0],[0,-1],[-1,-1],[1,-2],[0,-1],[0,-1],[-1,0],[1,-2],[-1,-1],[0,1],[-1,0],[-1,-2],[-2,1],[-1,-2],[-1,-2],[-1,0],[0,1],[-1,-1],[-1,1],[-1,1],[0,0],[0,-1],[-1,-1],[0,-1],[-1,0],[1,-1],[-1,-2],[0,-1],[0,-1],[0,0],[-2,-3],[0,0],[-1,1],[-1,0],[-1,-2],[0,1],[-1,1],[0,1],[-1,0],[0,1],[0,1],[-1,1],[0,2],[0,1],[-1,0],[0,-1],[-1,0],[0,-1],[-1,0],[-1,-2],[-1,1],[0,0],[-1,0],[-1,-1],[-2,0],[-2,1],[-1,1],[0,-1],[-1,0],[-1,0],[0,1],[1,1],[-1,1],[0,-1],[-1,2],[0,2],[0,1],[0,1],[-1,-1],[-1,0],[-1,0],[0,-1],[-1,0],[-1,0],[0,0],[0,1],[0,1],[-1,0],[-1,-1],[-1,0],[0,1],[-1,-1],[-1,2],[0,1],[-1,1],[-1,0],[0,1],[0,1],[0,1],[-2,-1],[0,2],[-1,0],[-1,1],[1,0],[1,1],[1,0],[0,0],[-1,2],[-1,0],[0,2],[0,1],[-1,2],[-1,0],[-1,0],[-1,-1],[-2,2],[1,2],[1,0],[1,1],[1,-1],[2,-1],[0,-1],[1,0],[0,0],[1,0],[1,1],[-1,2],[0,2],[1,1],[0,2],[0,2],[1,1],[0,1],[1,1],[0,1],[2,0],[1,-1],[1,1],[1,0],[2,4],[1,1],[-1,1],[2,1],[0,1],[0,2],[1,0],[0,1],[0,0],[1,1],[0,3],[0,1],[0,1],[1,1],[0,0],[1,3],[0,1],[0,1],[1,2],[0,1],[0,1],[0,1],[1,2],[1,1],[1,0],[0,2],[0,1],[1,0],[-1,1],[1,5],[1,0],[1,1],[0,1],[1,1],[1,1],[-1,1],[1,0],[1,2],[0,2],[0,0],[1,2],[-1,2],[0,1],[0,0],[2,1],[0,1],[0,3],[-1,1],[0,2],[0,2],[1,0],[0,2],[-1,1],[0,0],[1,1],[1,1],[0,2],[0,1],[0,1],[1,0],[0,1],[-1,0],[-1,1],[0,2],[0,0],[1,2],[0,1],[-1,2],[0,1],[0,0],[0,2],[-1,0],[0,2],[1,1],[1,0],[0,0],[-1,1],[0,1],[1,2],[-1,2],[0,1],[-1,1],[0,0],[0,-1],[-1,0],[-1,1],[1,1],[0,1],[-1,1],[1,1],[0,1],[1,3],[0,1],[0,0],[0,1],[2,0],[0,1],[0,1],[1,1],[0,1],[1,2],[0,0],[1,2],[1,1],[0,2],[1,0],[1,2],[1,-1],[1,0],[1,1],[0,2],[0,1],[0,2],[0,2],[1,1],[0,1],[-1,2],[0,1],[1,0],[1,2],[2,1],[0,3],[0,1],[0,1],[0,1],[0,1],[1,1],[0,5],[0,3],[0,1],[0,3],[0,1],[0,1],[1,1],[1,1],[0,2],[0,1],[-1,2],[0,1],[0,2],[-1,1],[-1,0],[-1,0],[0,-2],[-1,0],[-1,0],[0,1],[0,2],[0,1],[-2,1],[0,0],[-1,1],[0,2],[1,2],[-1,2],[-1,2],[0,1],[0,1],[-1,3],[-1,3],[-1,1],[-1,1],[-2,0],[-1,-1],[-1,0],[0,1],[-1,2],[1,1],[0,1],[0,1],[0,1],[-1,1],[-2,0],[0,0],[-2,4],[0,2],[-1,1],[0,1],[-2,2],[0,1],[0,2],[0,1],[0,2],[0,1],[-1,0],[0,2],[-2,3],[0,0],[-1,2],[-1,1],[-1,1],[0,1],[0,1],[0,1],[1,1],[0,2],[0,2],[0,2],[1,1],[0,1],[1,0],[0,2],[-1,1],[-1,2],[-1,0],[-1,1],[-1,0],[0,1],[-1,3],[0,2],[0,0],[0,2],[1,2],[0,2],[0,1],[-1,1],[0,4],[0,2],[0,2],[1,2],[-1,2],[-1,1],[-1,-1],[-1,1],[0,2],[0,1],[0,3],[0,0],[-1,3],[0,1],[1,1],[0,2],[0,1],[-1,1],[0,2],[-1,3],[0,1],[1,2],[0,1],[1,0],[1,0],[0,2],[0,1],[1,1],[-1,1],[0,2],[0,2],[0,0],[0,0],[-1,2],[0,2],[0,2],[1,1],[-1,2],[0,2],[1,2],[0,0],[0,2],[-1,0],[-1,1],[-1,0],[-1,1],[0,1],[0,2],[0,4],[0,1],[0,2],[0,1],[0,2],[0,1],[0,3],[0,2],[0,1],[0,1],[-1,1],[0,1],[1,2],[0,0],[1,2],[1,1],[0,2],[0,2],[0,2],[0,1],[0,1],[0,3],[1,2],[1,4],[0,1],[0,2],[1,1],[1,1],[1,1],[1,1],[0,2],[0,1],[1,1],[1,1],[0,2],[1,2],[1,2],[1,2],[0,2],[1,2],[1,1],[1,3],[1,2],[1,0],[1,1],[1,2],[2,0],[0,2],[1,1],[1,0],[0,1],[1,1],[0,2],[2,1],[0,1],[1,3],[1,2],[0,2],[1,1],[1,1],[1,0],[0,2],[2,6],[1,0],[1,3],[0,0],[2,1],[0,2],[0,2],[1,1],[0,1],[-1,2],[0,2],[0,3],[-1,1],[0,1],[1,2],[0,0],[0,3],[1,1],[2,6],[0,2],[1,1],[0,1],[2,0],[0,1],[1,0],[1,0],[3,0],[2,-1],[-1,-1],[2,-1],[0,0],[1,0],[1,-1],[1,-1],[3,-2],[0,-1],[0,1],[-1,1],[-1,2],[-1,1],[0,1],[1,-1],[0,0],[2,-1],[1,-2],[2,-2],[2,-1],[3,-4],[1,-2],[2,-1],[1,-1],[2,-2],[2,-1],[1,1],[1,-1],[5,-4],[2,-1],[2,-1],[1,0],[0,0],[2,-1],[1,-1],[4,-2],[2,-1],[1,0],[1,0],[2,-1],[1,0],[2,-1],[1,-1],[1,0],[1,-1],[3,-2],[2,-2],[3,-2],[0,-1],[3,-2],[1,1],[1,-1],[0,-1],[1,1],[1,1],[0,1],[1,1],[0,-3],[1,1],[1,0],[0,-2],[1,0],[1,1],[2,-2],[1,-2],[2,-1],[0,-1],[2,-1],[1,-1],[0,-1],[1,-1],[3,-1],[0,-3],[0,1],[1,-2],[1,0],[0,0],[1,-1],[1,-1],[1,0],[0,-2],[0,0],[1,0],[1,-2],[1,-1],[2,-3],[2,-2],[2,-3],[2,-2],[0,-1],[2,-3],[1,-1],[0,-1],[-1,-1],[-2,1],[0,-1],[1,0],[1,0],[1,0],[1,-2],[4,-5],[2,-3],[0,0],[1,-1],[0,-1],[1,-1],[2,-2],[1,-1],[0,0],[1,-1],[1,-1],[0,-1],[1,-1],[2,-3],[1,0],[1,-3],[2,-4],[2,-2],[-1,-1],[0,0],[1,-1],[0,0],[1,1],[1,1],[0,1],[0,1],[0,1],[0,1],[1,0],[1,1],[1,0],[1,-2],[0,1],[1,-2],[1,-2],[0,-3],[2,-1],[0,-1],[-1,-3],[-1,-1],[-1,0],[-1,0],[-1,-3],[0,-1],[1,0],[1,1],[0,1],[1,0],[0,-1],[0,0],[1,-1],[1,1],[0,1],[1,1],[1,0],[1,-2],[1,0],[0,-1],[1,-1],[1,-1],[0,-3],[0,0],[0,-1]],[[839,3567],[0,-3],[0,0],[-1,4],[1,1],[0,-2]],[[838,3572],[0,-3],[0,1],[0,1],[0,2],[0,-1]],[[9962,34],[0,-1]],[[9962,33],[0,-2],[-1,-1],[0,-2],[-1,-1],[1,-2],[0,-1],[0,-2],[0,-4],[0,-2],[-1,-1],[1,-2]],[[9961,13],[-2,1],[-2,1],[-1,1],[0,2],[-1,1]],[[9955,19],[1,2],[0,1],[0,2],[2,3],[2,3],[1,1],[0,1],[1,0],[0,2]],[[9987,53],[-1,-1],[-1,0],[0,-1],[0,-1],[-1,-1],[-1,0],[-1,-1],[-1,0],[-1,-1],[0,-1],[-2,-3],[0,-1],[-1,0],[-1,1],[-1,1],[0,0],[-2,-2],[-1,0],[0,-1],[-1,0],[-1,-1],[0,-2]],[[9970,38],[0,1],[-1,1],[-1,1],[-1,1]],[[9967,42],[-1,1],[0,1],[0,1],[0,1],[0,3],[1,1],[0,2]],[[9967,52],[1,0]],[[9968,52],[0,0],[2,1],[1,1],[1,-2],[2,1]],[[9974,53],[1,0],[2,2]],[[9977,55],[1,-2],[1,0],[1,1],[0,1],[1,0],[1,2],[2,0],[0,-1],[1,0],[1,0],[1,1]],[[9987,57],[0,-4]],[[9962,34],[0,0],[1,2],[0,1]],[[9963,37],[1,1]],[[9964,38],[1,0],[2,2],[0,1],[0,1]],[[9970,38],[1,-1],[0,-2],[0,-1],[2,1]],[[9973,35],[-1,-1],[1,-5],[0,-1],[-1,0],[0,0],[0,-2],[-1,-1],[1,-1],[-1,-2],[-1,0],[-1,-3],[0,0]],[[9969,19],[-1,-1],[0,-1],[-1,-2],[0,-1]],[[9967,14],[0,2],[0,3],[0,0],[0,2],[0,3],[0,2],[0,1],[0,0],[-2,0],[-1,2],[-1,2],[0,1],[-1,1]],[[9977,2],[-1,0],[0,0],[-1,1],[-2,1]],[[9973,4],[1,1],[0,3],[0,1],[2,1],[0,0],[1,1],[1,3],[1,0]],[[9979,14],[0,-1],[0,-2],[-1,0],[0,-3],[0,-1],[0,-3],[-1,-1],[0,-1]],[[9984,26],[0,1],[-2,4],[-1,-1],[0,-1],[-1,-1],[-2,2],[0,1],[0,1],[-1,2],[0,0],[0,1]],[[9977,35],[0,1],[1,0],[1,0],[0,0],[2,1],[1,2],[1,1],[1,-1],[5,-9]],[[9989,30],[-1,-1],[-1,-1],[-1,0],[-2,-2]],[[9956,64],[0,-2],[0,0],[-1,-3],[0,-1]],[[9955,58],[-1,1],[-1,1],[-1,0],[-1,-1]],[[9951,59],[1,4],[0,1],[0,0],[2,-1],[1,1],[0,-1],[1,1]],[[9956,64],[1,0],[1,2],[1,1],[0,1],[1,0]],[[9960,68],[0,-2],[1,-2],[0,-2],[1,-1],[0,-1],[0,-4],[2,0],[0,-1],[1,0],[1,-1],[1,-2]],[[9967,42],[0,0],[-1,0],[-1,-1],[-1,0],[0,-1],[-1,2],[-1,0],[1,2],[0,1],[-1,2],[0,2],[0,0],[0,2],[0,1],[-1,1],[0,1],[-1,0],[-1,1],[-1,2],[-2,1],[-1,0]],[[9977,55],[1,3],[2,1],[1,1],[1,0],[1,2],[-1,1],[-1,1],[0,2]],[[9981,66],[2,-1],[1,-1],[1,-1],[1,-2],[1,-3],[0,-1]],[[9987,53],[1,-2],[0,-1],[1,-1],[1,-2],[0,0],[0,-2],[1,-1],[1,-3],[1,-1],[0,-1]],[[9993,39],[-1,-2],[-1,-1],[0,-2],[0,0],[-1,-4],[-1,0]],[[9977,35],[-1,0],[-1,0],[-1,0],[-1,0],[0,0]],[[9960,68],[1,1],[1,1],[2,1],[1,0],[1,0],[2,-1],[1,-1],[2,1]],[[9971,70],[0,-4],[1,-2],[-1,-1],[-1,-2],[0,-1],[0,-2],[0,-1],[-1,-2],[0,-1],[0,-1],[-1,-1]],[[9979,14],[0,2]],[[9979,16],[0,1],[0,1],[0,2],[0,0],[0,2],[1,3],[2,2],[0,0],[1,-1],[0,-2]],[[9983,24],[0,-1],[0,-2],[0,0],[3,0],[0,-4],[0,-1],[1,0],[0,-1],[0,-2],[-1,-1],[1,-4],[0,0],[0,-2],[1,-2],[0,-2],[-1,0]],[[9987,2],[-1,0],[-1,-1],[-1,0],[-1,-1],[-1,1],[-1,0],[-1,-1],[-1,1],[-2,1]],[[9955,19],[0,1],[-1,1],[-1,1],[-1,3],[0,1],[0,2],[0,3],[0,1],[-1,1],[0,2]],[[9951,35],[1,0],[1,1],[0,0],[2,1],[3,1],[1,0],[1,-1],[1,0],[2,0]],[[9967,14],[-2,-1],[-2,0],[-1,-1]],[[9962,12],[-1,1]],[[9964,38],[-1,1],[-1,1],[-1,0],[-1,0],[-1,0],[-2,1],[-1,0],[-1,0],[-1,0],[0,0],[-2,-2],[-2,-1],[-1,1]],[[9949,39],[-1,2],[-1,2],[0,3],[0,0],[-1,2],[2,3],[1,0],[1,1],[1,1],[1,1],[0,3],[0,1],[-1,1]],[[9969,19],[1,-2],[1,-2],[1,-1],[0,-2],[1,-2],[1,1],[1,0],[1,1],[0,0],[1,2],[2,2]],[[9973,4],[-1,0],[-2,1],[-1,0],[0,1],[-1,0],[-1,1],[-1,1],[-2,1],[0,0],[-1,1],[-1,2]],[[9993,39],[1,0],[0,-2],[1,-1],[1,0],[1,-1],[0,-1],[1,0],[1,-2],[0,-3],[0,-1],[-1,0],[0,-2],[0,-1],[-1,-1],[0,-2],[0,-1],[-1,-2],[0,-2],[0,-2],[1,-1],[-1,-1],[0,-2],[0,-3],[1,0],[-1,-2],[-2,-2],[-1,-1],[-1,1],[0,-1],[-2,0],[-1,-1],[-2,0]],[[9983,24],[1,2]],[[9971,70],[1,-1],[3,-1],[0,1],[2,-1]],[[9977,68],[0,-1],[0,-1],[-1,-2],[1,-2],[-1,-1],[0,-2],[-1,-3],[-1,-1],[0,-2]],[[9977,68],[0,0],[1,0],[3,-2],[0,0]],[[9951,35],[0,1],[-1,1],[-1,1],[0,1]]],"transform":{"scale":[0.011765472547254725,0.007248487848784879],"translate":[-61.806349999999995,-21.38883]},"objects":{"units":{"type":"GeometryCollection","geometries":[{"arcs":[[0,1,2,3,4,5,6,7,8,9]],"type":"Polygon","properties":{"dep":"D01","unit":"0108","lon":5.02,"lat":46.109}},{"arcs":[[10,11,12,13,14,15,16,17]],"type":"Polygon","properties":{"dep":"D01","unit":"0101","lon":5.399,"lat":45.955}},{"arcs":[[-1,-10,18,19,20,21,22,23,24,-2]],"type":"Polygon","properties":{"dep":"D01","unit":"0122","lon":4.925,"lat":45.977}},{"arcs":[[25,26,-13,27,28,29,30,31,32,33,34,35]],"type":"Polygon","properties":{"dep":"D01","unit":"0104","lon":5.664,"lat":45.771}},{"arcs":[[36,37,-30,-29,-28,-12,38,39,40,41,42,43]],"type":"Polygon","properties":{"dep":"D01","unit":"0110","lon":5.629,"lat":45.973}},{"arcs":[[44,45,46,47,-42,-41,48,49,50]],"type":"Polygon","properties":{"dep":"D01","unit":"0114","lon":5.651,"lat":46.182}},{"arcs":[[-45,-51,51,52,-46]],"type":"Polygon","properties":{"dep":"D01","unit":"0115","lon":5.67,"lat":46.263}},{"arcs":[[53,54,55,56,57,58,59,60,61,62,63,64,65,66]],"type":"Polygon","properties":{"dep":"D01","unit":"0117","lon":4.994,"lat":46.438}},{"arcs":[[67,68,69,-8,70,-58,71]],"type":"Polygon","properties":{"dep":"D01","unit":"0102","lon":5.124,"lat":46.303}},{"arcs":[[72,73,74,-20,75,76,77]],"type":"Polygon","properties":{"dep":"D01","unit":"0112","lon":5.107,"lat":45.898}},{"arcs":[[-72,-57,78,79,80,81,82,83,84,85,86]],"type":"Polygon","properties":{"dep":"D01","unit":"0118","lon":5.343,"lat":46.289}},{"arcs":[[-23,87,88,89,90,-24]],"type":"Polygon","properties":{"dep":"D01","unit":"0121","lon":4.8,"lat":45.958}},{"arcs":[[91,92,-43,-48,93,94]],"type":"Polygon","properties":{"dep":"D01","unit":"0103","lon":5.785,"lat":46.125}},{"arcs":[[-26,-36,-35,95,96,97,-77,98,-15,-14,-27]],"type":"Polygon","properties":{"dep":"D01","unit":"0111","lon":5.52,"lat":45.795}},{"arcs":[[-59,-71,-7,-6,99,100,101,-60]],"type":"Polygon","properties":{"dep":"D01","unit":"0123","lon":4.955,"lat":46.24}},{"arcs":[[-74,102,103,104,-21,-75]],"type":"Polygon","properties":{"dep":"D01","unit":"0113","lon":4.966,"lat":45.845}},{"arcs":[[-11,-18,105,-84,106,107,108,-52,-50,-49,-40,-39]],"type":"Polygon","properties":{"dep":"D01","unit":"0116","lon":5.463,"lat":46.091}},{"arcs":[[-86,109,110,111]],"type":"Polygon","properties":{"dep":"D01","unit":"0199","lon":5.246,"lat":46.205}},{"arcs":[[-19,-9,-70,112,-110,-85,-106,-17,-16,-99,-76]],"type":"Polygon","properties":{"dep":"D01","unit":"0107","lon":5.202,"lat":46.038}},{"arcs":[[113,114,115,116,117,118]],"type":"Polygon","properties":{"dep":"D01","unit":"0109","lon":6.086,"lat":46.35}},{"arcs":[[-95,119,-114,-119,120,121,122,123]],"type":"Polygon","properties":{"dep":"D01","unit":"0120","lon":5.924,"lat":46.233}},{"arcs":[[-121,-118,124]],"type":"Polygon","properties":{"dep":"D01","unit":"0119","lon":6.076,"lat":46.262}},{"arcs":[[-111,-113,-69,125]],"type":"Polygon","properties":{"dep":"D01","unit":"0106","lon":5.19,"lat":46.183}},{"arcs":[[-68,-87,-112,-126]],"type":"Polygon","properties":{"dep":"D01","unit":"0105","lon":5.221,"lat":46.254}},{"arcs":[[126,127,128,129,130,131]],"type":"Polygon","properties":{"dep":"D02","unit":"0203","lon":3.214,"lat":49.638}},{"arcs":[[-131,132,133,134,135,136]],"type":"Polygon","properties":{"dep":"D02","unit":"0218","lon":3.39,"lat":49.648}},{"arcs":[[137,138,139,140,141,142,143,144,145,146,147]],"type":"Polygon","properties":{"dep":"D02","unit":"0217","lon":3.306,"lat":49.335}},{"arcs":[[148,149,150,151,152,153,154,-134,155,156,157,158,159]],"type":"Polygon","properties":{"dep":"D02","unit":"0211","lon":3.727,"lat":49.735}},{"arcs":[[160,161,162,163,164,165,166,-151,-150,167,168,169]],"type":"Polygon","properties":{"dep":"D02","unit":"0206","lon":3.887,"lat":49.513}},{"arcs":[[170,171,172,173,174,-157,175,176,177,178]],"type":"Polygon","properties":{"dep":"D02","unit":"0207","lon":3.657,"lat":49.959}},{"arcs":[[-145,179,180,181,182,183,184,185,-164,186,187,188,189,190,191,192,-147,-146]],"type":"Polygon","properties":{"dep":"D02","unit":"0205","lon":3.574,"lat":49.329}},{"arcs":[[-133,-130,193,194,195,196,197,198,199,200,201,202,-176,-156]],"type":"Polygon","properties":{"dep":"D02","unit":"0212","lon":3.424,"lat":49.775}},{"arcs":[[-127,-132,-137,203,204,-183,205,206,207,-141,-140,208,209,210,211,212,213,214]],"type":"Polygon","properties":{"dep":"D02","unit":"0220","lon":3.213,"lat":49.483}},{"arcs":[[-138,-148,-193,215,216,217,218,219,220,221,222,223,224,225,-209,-139],[226]],"type":"Polygon","properties":{"dep":"D02","unit":"0221","lon":3.241,"lat":49.205}},{"arcs":[[[-184,-205,-204,-136,-135,-155,227,228,229,-185]],[[230,231,-153,232]]],"type":"MultiPolygon","properties":{"dep":"D02","unit":"0209","lon":3.496,"lat":49.549}},{"arcs":[[233,234,235,236,237,238,239,240]],"type":"Polygon","properties":{"dep":"D02","unit":"0208","lon":4.122,"lat":49.89}},{"arcs":[[-149,-160,-159,-158,-175,241,242,-238,-237,-236,243,244,-168]],"type":"Polygon","properties":{"dep":"D02","unit":"0219","lon":3.915,"lat":49.889}},{"arcs":[[-166,-165,-186,-230,-229,245,-231,-233,-152,-167]],"type":"Polygon","properties":{"dep":"D02","unit":"0210","lon":3.703,"lat":49.531}},{"arcs":[[-195,246,247,248,249,250,251,252,253,-198,-197,-196]],"type":"Polygon","properties":{"dep":"D02","unit":"0213","lon":3.168,"lat":49.864}},{"arcs":[[-171,-179,-178,254,255,-252,-251,-250,256,257,258,259,260,261,262,-172]],"type":"Polygon","properties":{"dep":"D02","unit":"0201","lon":3.363,"lat":49.972}},{"arcs":[[-191,263,264,265,266,267,-218,268,269,270,271]],"type":"Polygon","properties":{"dep":"D02","unit":"0204","lon":3.351,"lat":48.985}},{"arcs":[[[-144,272,-180]],[[-207,-206,-182,-181,273,-142,-208]]],"type":"MultiPolygon","properties":{"dep":"D02","unit":"0216","lon":3.312,"lat":49.424}},{"arcs":[[-216,-192,-272,-271,-270,-269,-217]],"type":"Polygon","properties":{"dep":"D02","unit":"0202","lon":3.415,"lat":49.089}},{"arcs":[[-201,-200,274,275,-202]],"type":"Polygon","properties":{"dep":"D02","unit":"0215","lon":3.358,"lat":49.832}},{"arcs":[[-177,-203,-276,276,277,-253,-256,-255]],"type":"Polygon","properties":{"dep":"D02","unit":"0214","lon":3.335,"lat":49.887}},{"arcs":[[-246,-228,-154,-232]],"type":"Polygon","properties":{"dep":"D02","unit":"0297","lon":3.625,"lat":49.564}},{"arcs":[[-199,-254,-278,-277,-275]],"type":"Polygon","properties":{"dep":"D02","unit":"0298","lon":3.277,"lat":49.852}},{"arcs":[[-143,-274,-273]],"type":"Polygon","properties":{"dep":"D02","unit":"0299","lon":3.322,"lat":49.382}},{"arcs":[[278,279,280,281,282]],"type":"Polygon","properties":{"dep":"D03","unit":"0318","lon":3.47,"lat":46.088}},{"arcs":[[283,284,285,286,287,288,289,290,291]],"type":"Polygon","properties":{"dep":"D03","unit":"0316","lon":3.169,"lat":46.451}},{"arcs":[[-292,292,293,294,295,296,297,298,299,-284]],"type":"Polygon","properties":{"dep":"D03","unit":"0302","lon":2.941,"lat":46.657}},{"arcs":[[-281,300,301,302,303,304,305,306,307,308,309,310,311,312,313]],"type":"Polygon","properties":{"dep":"D03","unit":"0308","lon":3.657,"lat":46.127}},{"arcs":[[314,315,316,-296,-295,-294,317,318,319,320]],"type":"Polygon","properties":{"dep":"D03","unit":"0307","lon":2.436,"lat":46.434}},{"arcs":[[321,322,323,324,325,326]],"type":"Polygon","properties":{"dep":"D03","unit":"0311","lon":2.646,"lat":46.23}},{"arcs":[[-285,-300,327,328,329]],"type":"Polygon","properties":{"dep":"D03","unit":"0313","lon":3.213,"lat":46.633}},{"arcs":[[-329,330,331,332,333,334]],"type":"Polygon","properties":{"dep":"D03","unit":"0319","lon":3.377,"lat":46.648}},{"arcs":[[-307,335,-333,336,337,338,339,340,341,342,343]],"type":"Polygon","properties":{"dep":"D03","unit":"0305","lon":3.648,"lat":46.527}},{"arcs":[[344,345,346,347,348,349,350,351,-290,352]],"type":"Polygon","properties":{"dep":"D03","unit":"0306","lon":3.115,"lat":46.2}},{"arcs":[[-345,-353,-289,-288,353,-304,-303,354,355,356,357]],"type":"Polygon","properties":{"dep":"D03","unit":"0315","lon":3.422,"lat":46.285}},{"arcs":[[358,-322,-327,359,360,361,-318,-293,-291,-352,362]],"type":"Polygon","properties":{"dep":"D03","unit":"0303","lon":2.846,"lat":46.34}},{"arcs":[[-279,-283,363,364,-347,-346,-358,365,366]],"type":"Polygon","properties":{"dep":"D03","unit":"0301","lon":3.331,"lat":46.14}},{"arcs":[[-306,-305,-354,-287,367,-334,-336]],"type":"Polygon","properties":{"dep":"D03","unit":"0314","lon":3.484,"lat":46.445}},{"arcs":[[-355,-302,368,369,370]],"type":"Polygon","properties":{"dep":"D03","unit":"0304","lon":3.474,"lat":46.155}},{"arcs":[[-366,-357,-356,-371,-370,371]],"type":"Polygon","properties":{"dep":"D03","unit":"0317","lon":3.395,"lat":46.187}},{"arcs":[[372,-361,373]],"type":"Polygon","properties":{"dep":"D03","unit":"0310","lon":2.627,"lat":46.357}},{"arcs":[[-319,-362,-373,374,375]],"type":"Polygon","properties":{"dep":"D03","unit":"0309","lon":2.563,"lat":46.391}},{"arcs":[[-376,376,-325,377,-320]],"type":"Polygon","properties":{"dep":"D03","unit":"0312","lon":2.525,"lat":46.295}},{"arcs":[[-374,-360,-326,-377,-375]],"type":"Polygon","properties":{"dep":"D03","unit":"0397","lon":2.6,"lat":46.338}},{"arcs":[[-330,-335,-368,-286]],"type":"Polygon","properties":{"dep":"D03","unit":"0398","lon":3.327,"lat":46.566}},{"arcs":[[-280,-367,-372,-369,-301]],"type":"Polygon","properties":{"dep":"D03","unit":"0399","lon":3.423,"lat":46.129}},{"arcs":[[378,379,380,381,382,383]],"type":"Polygon","properties":{"dep":"D04","unit":"0405","lon":6.11,"lat":44.07}},{"arcs":[[384,385,386,387,388,389,390,391,392]],"type":"Polygon","properties":{"dep":"D04","unit":"0415","lon":5.982,"lat":43.795}},{"arcs":[[393,394,395,396,397,398,399,400]],"type":"Polygon","properties":{"dep":"D04","unit":"0402","lon":6.605,"lat":44.013}},{"arcs":[[-400,401,402,403,404,405,406,407,408,409,410]],"type":"Polygon","properties":{"dep":"D04","unit":"0413","lon":6.309,"lat":44.314}},{"arcs":[[411,412,413,414,415,416,417,418,419,420,421,422,423,424,425]],"type":"Polygon","properties":{"dep":"D04","unit":"0411","lon":5.622,"lat":43.985}},{"arcs":[[426,427,-382,428,429,430]],"type":"Polygon","properties":{"dep":"D04","unit":"0403","lon":5.972,"lat":44.084}},{"arcs":[[[-427,-431,431,-425,432,433,-405,434]],[[-423,435]]],"type":"MultiPolygon","properties":{"dep":"D04","unit":"0414","lon":5.955,"lat":44.182}},{"arcs":[[-394,-401,-411,-410,436,437,438,439,440,441,442]],"type":"Polygon","properties":{"dep":"D04","unit":"0401","lon":6.723,"lat":44.395}},{"arcs":[[-380,443,444,445,-402,-399,446,-385,-393,447]],"type":"Polygon","properties":{"dep":"D04","unit":"0412","lon":6.235,"lat":43.908}},{"arcs":[[-412,-426,-432,-430,448]],"type":"Polygon","properties":{"dep":"D04","unit":"0406","lon":5.804,"lat":44.024}},{"arcs":[[[-404,449,-383,-428,-435]],[[-445,450]]],"type":"MultiPolygon","properties":{"dep":"D04","unit":"0404","lon":6.152,"lat":44.182}},{"arcs":[[451,452,453,-389,454]],"type":"Polygon","properties":{"dep":"D04","unit":"0409","lon":5.759,"lat":43.771}},{"arcs":[[-379,-384,-450,-403,-446,-451,-444]],"type":"Polygon","properties":{"dep":"D04","unit":"0498","lon":6.223,"lat":44.087}},{"arcs":[[-415,455,-390,-454,456,-417,457]],"type":"Polygon","properties":{"dep":"D04","unit":"0499","lon":5.791,"lat":43.835}},{"arcs":[[-449,-429,-381,-448,-392,458,-413]],"type":"Polygon","properties":{"dep":"D04","unit":"0410","lon":5.934,"lat":43.95}},{"arcs":[[-453,459,-418,-457]],"type":"Polygon","properties":{"dep":"D04","unit":"0407","lon":5.708,"lat":43.817}},{"arcs":[[[-416,-458]],[[-414,-459,-391,-456]]],"type":"MultiPolygon","properties":{"dep":"D04","unit":"0408","lon":5.832,"lat":43.871}},{"arcs":[[-440,460,461,462,463]],"type":"Polygon","properties":{"dep":"D05","unit":"0510","lon":6.791,"lat":44.707}},{"arcs":[[464,465,466,467,468,469,470,471]],"type":"Polygon","properties":{"dep":"D05","unit":"0512","lon":6.184,"lat":44.731}},{"arcs":[[-470,472,473,-462,474]],"type":"Polygon","properties":{"dep":"D05","unit":"0501","lon":6.478,"lat":44.807}},{"arcs":[[475,476,477,478,479,480,481,482]],"type":"Polygon","properties":{"dep":"D05","unit":"0513","lon":5.69,"lat":44.412}},{"arcs":[[-407,483,-477,484,485,486,487,-408]],"type":"Polygon","properties":{"dep":"D05","unit":"0514","lon":6.009,"lat":44.475}},{"arcs":[[-439,488,-471,-475,-461]],"type":"Polygon","properties":{"dep":"D05","unit":"0505","lon":6.537,"lat":44.545}},{"arcs":[[-434,489,-478,-484,-406]],"type":"Polygon","properties":{"dep":"D05","unit":"0511","lon":5.783,"lat":44.261}},{"arcs":[[-409,-488,-487,490,-465,-472,-489,-438,-437]],"type":"Polygon","properties":{"dep":"D05","unit":"0504","lon":6.288,"lat":44.542}},{"arcs":[[491,492,493]],"type":"Polygon","properties":{"dep":"D05","unit":"0598","lon":6.649,"lat":44.9}},{"arcs":[[-463,-474,494,495,496,497,-492,-494,498,499]],"type":"Polygon","properties":{"dep":"D05","unit":"0502","lon":6.459,"lat":44.99}},{"arcs":[[-476,-483,500,501,-467,502,-485]],"type":"Polygon","properties":{"dep":"D05","unit":"0515","lon":5.902,"lat":44.618}},{"arcs":[[-486,-503,-466,-491]],"type":"Polygon","properties":{"dep":"D05","unit":"0599","lon":6.075,"lat":44.572}},{"arcs":[[-493,-498,503,504,-499]],"type":"Polygon","properties":{"dep":"D05","unit":"0503","lon":6.601,"lat":45.055}},{"arcs":[[-395,-443,505,506,507,508,509,510,511,512,513,514,515,-396]],"type":"Polygon","properties":{"dep":"D06","unit":"0626","lon":6.945,"lat":44.019}},{"arcs":[[-397,-516,516,517,518,519,520]],"type":"Polygon","properties":{"dep":"D06","unit":"0611","lon":6.791,"lat":43.795}},{"arcs":[[521,522,523,524,525]],"type":"Polygon","properties":{"dep":"D06","unit":"0694","lon":7.106,"lat":43.59}},{"arcs":[[-442,526,527,528,529,530,531,532,-508,-507,-506]],"type":"Polygon","properties":{"dep":"D06","unit":"0624","lon":7.144,"lat":44.097}},{"arcs":[[533,-519,534,535,536,537,538,539,540,541]],"type":"Polygon","properties":{"dep":"D06","unit":"0613","lon":6.925,"lat":43.548}},{"arcs":[[-515,542,543,-522,544,545,546,547,-517]],"type":"Polygon","properties":{"dep":"D06","unit":"0625","lon":6.935,"lat":43.755}},{"arcs":[[548,549,550,551,552,553,554,555,556]],"type":"Polygon","properties":{"dep":"D06","unit":"0604","lon":7.392,"lat":43.736}},{"arcs":[[-554,557,558,-528,559,560]],"type":"Polygon","properties":{"dep":"D06","unit":"0610","lon":7.522,"lat":44.023}},{"arcs":[[-523,-544,561]],"type":"Polygon","properties":{"dep":"D06","unit":"0603","lon":7.084,"lat":43.628}},{"arcs":[[-509,-533,562,-510]],"type":"Polygon","properties":{"dep":"D06","unit":"0617","lon":7.17,"lat":43.792}},{"arcs":[[563,564,565,-513,566]],"type":"Polygon","properties":{"dep":"D06","unit":"0695","lon":7.152,"lat":43.672}},{"arcs":[[[-538,567,568,569,570]],[[571]]],"type":"MultiPolygon","properties":{"dep":"D06","unit":"0696","lon":7.029,"lat":43.557}},{"arcs":[[-569,572,573]],"type":"Polygon","properties":{"dep":"D06","unit":"0697","lon":7.017,"lat":43.575}},{"arcs":[[-555,-561,574]],"type":"Polygon","properties":{"dep":"D06","unit":"0614","lon":7.476,"lat":43.8}},{"arcs":[[-524,-562,-543,-514,-566,575]],"type":"Polygon","properties":{"dep":"D06","unit":"0627","lon":7.088,"lat":43.67}},{"arcs":[[-564,-567,-512,576,577]],"type":"Polygon","properties":{"dep":"D06","unit":"0606","lon":7.166,"lat":43.712}},{"arcs":[[-535,-518,-548,578]],"type":"Polygon","properties":{"dep":"D06","unit":"0698","lon":6.932,"lat":43.655}},{"arcs":[[-547,579,-536,-579]],"type":"Polygon","properties":{"dep":"D06","unit":"0612","lon":6.952,"lat":43.614}},{"arcs":[[-568,-537,-580,-546,580,-573]],"type":"Polygon","properties":{"dep":"D06","unit":"0609","lon":7.001,"lat":43.597}},{"arcs":[[-531,581,-529,-559,582,-552,583,-577,-511,-563,-532]],"type":"Polygon","properties":{"dep":"D06","unit":"0699","lon":7.235,"lat":43.716}},{"arcs":[[[-558,-553,-583]],[[-530,-582]]],"type":"MultiPolygon","properties":{"dep":"D06","unit":"0621","lon":7.328,"lat":43.738}},{"arcs":[[-526,584,-570,-574,-581,-545]],"type":"Polygon","properties":{"dep":"D06","unit":"0601","lon":7.058,"lat":43.577}},{"arcs":[[585,586,587,588,589,590,591,592,593,594,595,596]],"type":"Polygon","properties":{"dep":"D07","unit":"0706","lon":4.404,"lat":44.911}},{"arcs":[[[597,598,599,600,601,602]],[[603,604,605,606]]],"type":"MultiPolygon","properties":{"dep":"D07","unit":"0704","lon":4.352,"lat":44.579}},{"arcs":[[607,-601,608,-588,-587,609,-604,610]],"type":"Polygon","properties":{"dep":"D07","unit":"0703","lon":4.352,"lat":44.731}},{"arcs":[[-586,-597,-596,611,612,-605,-610]],"type":"Polygon","properties":{"dep":"D07","unit":"0710","lon":4.576,"lat":44.732}},{"arcs":[[613,-606,-613,614,615,616,617,618,619]],"type":"Polygon","properties":{"dep":"D07","unit":"0712","lon":4.552,"lat":44.573}},{"arcs":[[620,621,-593,-592,622,623,624,625,626,627,628]],"type":"Polygon","properties":{"dep":"D07","unit":"0708","lon":4.592,"lat":45.071}},{"arcs":[[629,630,631,-625,632,633,634,635,636,637,638,639]],"type":"Polygon","properties":{"dep":"D07","unit":"0711","lon":4.753,"lat":45.29}},{"arcs":[[640,641,642]],"type":"Polygon","properties":{"dep":"D07","unit":"0798","lon":4.653,"lat":45.249}},{"arcs":[[643,644,645,646,647,648]],"type":"Polygon","properties":{"dep":"D07","unit":"0716","lon":4.137,"lat":44.454}},{"arcs":[[-599,649,-647,650,651,652,653,654,-589,-609,-600]],"type":"Polygon","properties":{"dep":"D07","unit":"0713","lon":4.091,"lat":44.738}},{"arcs":[[-602,-608,-611,-607,-614,655]],"type":"Polygon","properties":{"dep":"D07","unit":"0799","lon":4.396,"lat":44.611}},{"arcs":[[-616,-615,-612,-595,656,657,658,659,660,661]],"type":"Polygon","properties":{"dep":"D07","unit":"0709","lon":4.712,"lat":44.643}},{"arcs":[[-598,-603,-656,-620,662,663,664,-648,-650]],"type":"Polygon","properties":{"dep":"D07","unit":"0715","lon":4.367,"lat":44.44}},{"arcs":[[-621,-629,665,666,667,668,-657,-594,-622]],"type":"Polygon","properties":{"dep":"D07","unit":"0717","lon":4.713,"lat":44.869}},{"arcs":[[669,-663,-619,670,671,672,673,674]],"type":"Polygon","properties":{"dep":"D07","unit":"0705","lon":4.603,"lat":44.407}},{"arcs":[[-627,-626,-632,675,676]],"type":"Polygon","properties":{"dep":"D07","unit":"0714","lon":4.786,"lat":45.062}},{"arcs":[[-641,677,-635,-634,678]],"type":"Polygon","properties":{"dep":"D07","unit":"0701","lon":4.662,"lat":45.293}},{"arcs":[[-628,-677,679,680,681,-666]],"type":"Polygon","properties":{"dep":"D07","unit":"0707","lon":4.826,"lat":44.956}},{"arcs":[[-633,-624,682,683,-642,-679]],"type":"Polygon","properties":{"dep":"D07","unit":"0702","lon":4.577,"lat":45.216}},{"arcs":[[684,685,686,687,688,689]],"type":"Polygon","properties":{"dep":"D08","unit":"0811","lon":4.404,"lat":49.515}},{"arcs":[[690,691,692,693,694,695,696,697]],"type":"Polygon","properties":{"dep":"D08","unit":"0818","lon":4.812,"lat":49.783}},{"arcs":[[-245,698,699,-686,-685,-690,700,701,702,703,704,705,-169]],"type":"Polygon","properties":{"dep":"D08","unit":"0808","lon":4.188,"lat":49.489}},{"arcs":[[-689,706,707,708,709,710,711,712,713,714,-701]],"type":"Polygon","properties":{"dep":"D08","unit":"0801","lon":4.566,"lat":49.377}},{"arcs":[[715,716,717,718,719,720]],"type":"Polygon","properties":{"dep":"D08","unit":"0812","lon":4.727,"lat":49.976}},{"arcs":[[721,722,723,724,725,726,-711,-710,-709,727,728,729]],"type":"Polygon","properties":{"dep":"D08","unit":"0819","lon":4.894,"lat":49.482}},{"arcs":[[-244,-235,730,731,732,733,-707,-688,-687,-700,-699]],"type":"Polygon","properties":{"dep":"D08","unit":"0817","lon":4.389,"lat":49.696}},{"arcs":[[[-691,734,735,736]],[[737,738,739,740]]],"type":"MultiPolygon","properties":{"dep":"D08","unit":"0805","lon":4.671,"lat":49.814}},{"arcs":[[-719,741]],"type":"Polygon","properties":{"dep":"D08","unit":"0809","lon":4.789,"lat":50.097}},{"arcs":[[742,743,744,-724,745,746,747]],"type":"Polygon","properties":{"dep":"D08","unit":"0803","lon":5.174,"lat":49.637}},{"arcs":[[-234,-241,748,-717,749,750,-732,-731]],"type":"Polygon","properties":{"dep":"D08","unit":"0813","lon":4.478,"lat":49.887}},{"arcs":[[751,-695,752,753,-728,-708,-734,754,755,756]],"type":"Polygon","properties":{"dep":"D08","unit":"0810","lon":4.721,"lat":49.647}},{"arcs":[[757,758,759,760,761,-746,-723,762]],"type":"Polygon","properties":{"dep":"D08","unit":"0816","lon":5.063,"lat":49.724}},{"arcs":[[-738,-741,763,764,-756,-755,-733,-751,765]],"type":"Polygon","properties":{"dep":"D08","unit":"0804","lon":4.631,"lat":49.791}},{"arcs":[[-716,-721,766,-692,-737,767,-739,-766,-750]],"type":"Polygon","properties":{"dep":"D08","unit":"0802","lon":4.782,"lat":49.887}},{"arcs":[[-760,768,769,770,-761]],"type":"Polygon","properties":{"dep":"D08","unit":"0815","lon":4.966,"lat":49.758}},{"arcs":[[-697,771,-764,-740,-768,-736,772]],"type":"Polygon","properties":{"dep":"D08","unit":"0898","lon":4.716,"lat":49.774}},{"arcs":[[-722,-730,-729,-754,-753,-694,773,-770,774,-758,-763]],"type":"Polygon","properties":{"dep":"D08","unit":"0814","lon":4.876,"lat":49.755}},{"arcs":[[-752,-757,-765,-772,-696]],"type":"Polygon","properties":{"dep":"D08","unit":"0807","lon":4.708,"lat":49.726}},{"arcs":[[-698,-773,-735]],"type":"Polygon","properties":{"dep":"D08","unit":"0806","lon":4.743,"lat":49.791}},{"arcs":[[-759,-775,-769]],"type":"Polygon","properties":{"dep":"D08","unit":"0899","lon":4.944,"lat":49.701}},{"arcs":[[775,776,777,778,779,780,781,782,783]],"type":"Polygon","properties":{"dep":"D09","unit":"0903","lon":1.294,"lat":42.878}},{"arcs":[[784,785,786,787,788,789,790]],"type":"Polygon","properties":{"dep":"D09","unit":"0906","lon":1.859,"lat":43.052}},{"arcs":[[791,792,793,794,-790,795,796,797]],"type":"Polygon","properties":{"dep":"D09","unit":"0909","lon":1.819,"lat":42.89}},{"arcs":[[-792,-798,798,799,800,801,802,803,804,805]],"type":"Polygon","properties":{"dep":"D09","unit":"0901","lon":1.823,"lat":42.704}},{"arcs":[[-806,-805,-804,806,-780,-779,807,808,-793]],"type":"Polygon","properties":{"dep":"D09","unit":"0912","lon":1.528,"lat":42.785}},{"arcs":[[-782,809,810,811]],"type":"Polygon","properties":{"dep":"D09","unit":"0904","lon":0.998,"lat":42.892}},{"arcs":[[-777,812,813,814,815,816,-791,-795,817,818,-808,-778]],"type":"Polygon","properties":{"dep":"D09","unit":"0913","lon":1.66,"lat":43.033}},{"arcs":[[-776,-784,819,820,821,822,823,824,825,826,-813]],"type":"Polygon","properties":{"dep":"D09","unit":"0902","lon":1.373,"lat":43.138}},{"arcs":[[-826,827,828,829,-815,-814,-827]],"type":"Polygon","properties":{"dep":"D09","unit":"0907","lon":1.523,"lat":43.134}},{"arcs":[[-817,830,831,-786,-785]],"type":"Polygon","properties":{"dep":"D09","unit":"0908","lon":1.714,"lat":43.1}},{"arcs":[[-812,832,833,834,835,-820,-783]],"type":"Polygon","properties":{"dep":"D09","unit":"0911","lon":1.114,"lat":43.063}},{"arcs":[[-832,836,-828,-825,-824,837,838,839,840,841,-787]],"type":"Polygon","properties":{"dep":"D09","unit":"0910","lon":1.601,"lat":43.209}},{"arcs":[[-818,-794,-809,-819]],"type":"Polygon","properties":{"dep":"D09","unit":"0905","lon":1.591,"lat":42.952}},{"arcs":[[-830,-829,-837,-831,-816]],"type":"Polygon","properties":{"dep":"D09","unit":"0999","lon":1.616,"lat":43.123}},{"arcs":[[842,843,844,845,846,847,848,849,850,851,852]],"type":"Polygon","properties":{"dep":"D10","unit":"1003","lon":4.725,"lat":48.254}},{"arcs":[[853,854,855,856,857,858,859,860,861,862]],"type":"Polygon","properties":{"dep":"D10","unit":"1001","lon":3.847,"lat":48.175}},{"arcs":[[863,864,865,866,867,868,869,870,871,872]],"type":"Polygon","properties":{"dep":"D10","unit":"1002","lon":4.209,"lat":48.544}},{"arcs":[[873,-844,-843,-853,-852,874,875,876,877,878,879,880,881]],"type":"Polygon","properties":{"dep":"D10","unit":"1017","lon":4.236,"lat":48.256}},{"arcs":[[882,883,884,885,-859,886,-878,-877,887,888]],"type":"Polygon","properties":{"dep":"D10","unit":"1008","lon":4.123,"lat":48.035}},{"arcs":[[-874,-882,889,890,-869,891,892,893,894,-845]],"type":"Polygon","properties":{"dep":"D10","unit":"1005","lon":4.455,"lat":48.405}},{"arcs":[[-855,895,896,897,898,899,900,901,902,-857,-856]],"type":"Polygon","properties":{"dep":"D10","unit":"1011","lon":3.754,"lat":48.375}},{"arcs":[[-898,903,904,905,906,907,908,909,910]],"type":"Polygon","properties":{"dep":"D10","unit":"1007","lon":3.539,"lat":48.52}},{"arcs":[[-883,-889,-888,-876,-875,-851,911,912,913]],"type":"Polygon","properties":{"dep":"D10","unit":"1004","lon":4.457,"lat":48.074}},{"arcs":[[-864,-873,-872,-871,-870,-891,-890,-881,914,915,916,917,-901,918,919,920]],"type":"Polygon","properties":{"dep":"D10","unit":"1006","lon":3.96,"lat":48.486}},{"arcs":[[-902,-918,921,922]],"type":"Polygon","properties":{"dep":"D10","unit":"1014","lon":4.036,"lat":48.316}},{"arcs":[[-919,-900,-899,-911,923]],"type":"Polygon","properties":{"dep":"D10","unit":"1009","lon":3.718,"lat":48.502}},{"arcs":[[-923,924,925]],"type":"Polygon","properties":{"dep":"D10","unit":"1013","lon":4.018,"lat":48.299}},{"arcs":[[-880,926,927,928,-916,-915]],"type":"Polygon","properties":{"dep":"D10","unit":"1015","lon":4.122,"lat":48.293}},{"arcs":[[-879,-887,-858,-903,-926,929,-927]],"type":"Polygon","properties":{"dep":"D10","unit":"1010","lon":4.017,"lat":48.268}},{"arcs":[[-922,-917,-929,-928,-930,-925]],"type":"Polygon","properties":{"dep":"D10","unit":"1099","lon":4.079,"lat":48.297}},{"arcs":[[930,931,932,933,934,935,936,937]],"type":"Polygon","properties":{"dep":"D11","unit":"1115","lon":2.509,"lat":43.298}},{"arcs":[[938,939,940,941,942,943]],"type":"Polygon","properties":{"dep":"D11","unit":"1105","lon":1.939,"lat":43.342}},{"arcs":[[944,945,946,947,948,949,950]],"type":"Polygon","properties":{"dep":"D11","unit":"1109","lon":2.272,"lat":43.056}},{"arcs":[[-788,-842,951,952,-939,-944,953,954,955,-945,-951,956,957]],"type":"Polygon","properties":{"dep":"D11","unit":"1101","lon":1.981,"lat":43.19}},{"arcs":[[958,959,960,-946,-956,961]],"type":"Polygon","properties":{"dep":"D11","unit":"1104","lon":2.256,"lat":43.173}},{"arcs":[[962,-949,963,964,965,966,967,968,969,970,971,972,973]],"type":"Polygon","properties":{"dep":"D11","unit":"1107","lon":2.687,"lat":42.987}},{"arcs":[[-959,-962,-955,-954,-943,974,975,976,977]],"type":"Polygon","properties":{"dep":"D11","unit":"1110","lon":2.181,"lat":43.315}},{"arcs":[[-801,-800,-799,-797,-796,-789,-958,-957,-950,-963,-974,978,979,980,981]],"type":"Polygon","properties":{"dep":"D11","unit":"1114","lon":2.177,"lat":42.84}},{"arcs":[[-977,982,983,-933,-932,984,985]],"type":"Polygon","properties":{"dep":"D11","unit":"1119","lon":2.352,"lat":43.367}},{"arcs":[[986,987,988,989,990,991,992,993]],"type":"Polygon","properties":{"dep":"D11","unit":"1116","lon":2.89,"lat":43.274}},{"arcs":[[994,-991,995,-968,996,997,-937,-936,998]],"type":"Polygon","properties":{"dep":"D11","unit":"1108","lon":2.742,"lat":43.214}},{"arcs":[[999,-988,1000,1001,1002,1003,1004]],"type":"Polygon","properties":{"dep":"D11","unit":"1106","lon":3.104,"lat":43.224}},{"arcs":[[-931,-938,-998,-997,-967,-966,-965,-964,-948,1005,1006,1007,1008,-985]],"type":"Polygon","properties":{"dep":"D11","unit":"1118","lon":2.524,"lat":43.149}},{"arcs":[[[1009,1010]],[[1011,1012,1013]]],"type":"MultiPolygon","properties":{"dep":"D11","unit":"1112","lon":3.081,"lat":43.103}},{"arcs":[[-969,-996,-990,1014]],"type":"Polygon","properties":{"dep":"D11","unit":"1111","lon":2.888,"lat":43.181}},{"arcs":[[-1009,-1008,1015,-960,-978,-986]],"type":"Polygon","properties":{"dep":"D11","unit":"1198","lon":2.343,"lat":43.209}},{"arcs":[[-1016,-1007,-1006,-947,-961]],"type":"Polygon","properties":{"dep":"D11","unit":"1103","lon":2.37,"lat":43.155}},{"arcs":[[-1010,1016,-1012,1017,1018,1019,-971,1020]],"type":"Polygon","properties":{"dep":"D11","unit":"1117","lon":2.969,"lat":42.985}},{"arcs":[[-1000,-1005,1021,-1013,-1017,-1011,-1021,-970,-1015,-989]],"type":"Polygon","properties":{"dep":"D11","unit":"1199","lon":3.013,"lat":43.18}},{"arcs":[[1022,1023,1024,1025,1026,1027,1028]],"type":"Polygon","properties":{"dep":"D12","unit":"1203","lon":2.686,"lat":44.436}},{"arcs":[[[1029,1030,1031]],[[1032,1033,1034,1035,1036,1037]]],"type":"MultiPolygon","properties":{"dep":"D12","unit":"1212","lon":3.299,"lat":44.023}},{"arcs":[[1038,1039,1040,1041,1042,1043,1044,1045]],"type":"Polygon","properties":{"dep":"D12","unit":"1208","lon":2.132,"lat":44.519}},{"arcs":[[-1039,-1046,1046,1047,1048,1049,1050,1051,1052]],"type":"Polygon","properties":{"dep":"D12","unit":"1207","lon":2.384,"lat":44.596}},{"arcs":[[-1023,-1029,1053,1054,1055,1056,1057,1058,1059,1060]],"type":"Polygon","properties":{"dep":"D12","unit":"1215","lon":2.817,"lat":44.224}},{"arcs":[[-1041,1061,1062,1063,1064,1065,1066,1067]],"type":"Polygon","properties":{"dep":"D12","unit":"1223","lon":1.977,"lat":44.432}},{"arcs":[[-1040,-1053,1068,1069,1070,-1062]],"type":"Polygon","properties":{"dep":"D12","unit":"1206","lon":2.327,"lat":44.462}},{"arcs":[[1071,1072,1073,1074,1075,-1059,1076,1077,1078,-1033,-1038,1079,1080,1081,1082]],"type":"Polygon","properties":{"dep":"D12","unit":"1204","lon":3.128,"lat":43.916}},{"arcs":[[-1060,-1076,1083,1084,1085]],"type":"Polygon","properties":{"dep":"D12","unit":"1213","lon":2.554,"lat":44.131}},{"arcs":[[-1071,1086,1087,1088,1089,1090,-1063]],"type":"Polygon","properties":{"dep":"D12","unit":"1202","lon":2.121,"lat":44.274}},{"arcs":[[-1077,-1058,1091]],"type":"Polygon","properties":{"dep":"D12","unit":"1219","lon":2.902,"lat":43.952}},{"arcs":[[-1054,-1028,1092,1093,1094,1095,-1055]],"type":"Polygon","properties":{"dep":"D12","unit":"1209","lon":2.905,"lat":44.467}},{"arcs":[[-1027,1096,-1050,1097,1098,-1093]],"type":"Polygon","properties":{"dep":"D12","unit":"1210","lon":2.651,"lat":44.571}},{"arcs":[[-1070,1099,1100,-1085,1101,-1087]],"type":"Polygon","properties":{"dep":"D12","unit":"1205","lon":2.369,"lat":44.246}},{"arcs":[[-1099,1102,1103,1104,1105,1106,1107,-1094]],"type":"Polygon","properties":{"dep":"D12","unit":"1201","lon":2.779,"lat":44.727}},{"arcs":[[-1031,1108,1109,-1056,-1096,1110,1111,1112,1113,-1035,1114]],"type":"Polygon","properties":{"dep":"D12","unit":"1220","lon":3.049,"lat":44.339}},{"arcs":[[-1069,-1052,-1051,-1097,-1026,1115,1116,1117,-1100]],"type":"Polygon","properties":{"dep":"D12","unit":"1221","lon":2.476,"lat":44.467}},{"arcs":[[-1092,-1057,-1110,1118,-1078]],"type":"Polygon","properties":{"dep":"D12","unit":"1211","lon":2.993,"lat":44.063}},{"arcs":[[-1024,-1061,-1086,-1101,-1118,1119,1120,1121,1122]],"type":"Polygon","properties":{"dep":"D12","unit":"1214","lon":2.609,"lat":44.291}},{"arcs":[[-1030,-1032,-1115,-1034,-1079,-1119,-1109]],"type":"Polygon","properties":{"dep":"D12","unit":"1298","lon":3.136,"lat":44.09}},{"arcs":[[-1121,1123]],"type":"Polygon","properties":{"dep":"D12","unit":"1217","lon":2.585,"lat":44.331}},{"arcs":[[-1116,-1025,-1123,1124]],"type":"Polygon","properties":{"dep":"D12","unit":"1218","lon":2.559,"lat":44.387}},{"arcs":[[-1117,-1125,-1122,-1124,-1120]],"type":"Polygon","properties":{"dep":"D12","unit":"1299","lon":2.567,"lat":44.358}},{"arcs":[[-1091,1125,-1064]],"type":"Polygon","properties":{"dep":"D12","unit":"1222","lon":1.979,"lat":44.317}},{"arcs":[[1126,1127,1128,1129,1130,1131]],"type":"Polygon","properties":{"dep":"D13","unit":"1397","lon":5.419,"lat":43.526}},{"arcs":[[1132,1133,1134,1135,1136,1137,1138]],"type":"Polygon","properties":{"dep":"D13","unit":"1303","lon":5.565,"lat":43.393}},{"arcs":[[-1131,1139,1140,1141,1142,1143,1144]],"type":"Polygon","properties":{"dep":"D13","unit":"1325","lon":5.263,"lat":43.661}},{"arcs":[[1145,1146,1147,1148,1149,1150,1151,1152,1153,1154]],"type":"Polygon","properties":{"dep":"D13","unit":"1304","lon":4.623,"lat":43.545}},{"arcs":[[-1133,-1139,1155,1156]],"type":"Polygon","properties":{"dep":"D13","unit":"1305","lon":5.571,"lat":43.307}},{"arcs":[[-1142,1157,1158,-1146,-1155,1159,1160,1161,1162]],"type":"Polygon","properties":{"dep":"D13","unit":"1326","lon":4.884,"lat":43.743}},{"arcs":[[-1154,1163,1164,1165,1166,1167,-1161,-1160]],"type":"Polygon","properties":{"dep":"D13","unit":"1307","lon":4.792,"lat":43.867}},{"arcs":[[-1127,-1132,-1145,1168,1169,1170,-1136,1171]],"type":"Polygon","properties":{"dep":"D13","unit":"1328","lon":5.585,"lat":43.553}},{"arcs":[[-1130,1172,1173,1174,1175,-1140]],"type":"Polygon","properties":{"dep":"D13","unit":"1306","lon":5.182,"lat":43.544}},{"arcs":[[-1129,1176,1177,1178,-1173]],"type":"Polygon","properties":{"dep":"D13","unit":"1329","lon":5.269,"lat":43.446}},{"arcs":[[1179,1180,1181,-1178,1182,1183,1184]],"type":"Polygon","properties":{"dep":"D13","unit":"1311","lon":5.189,"lat":43.375}},{"arcs":[[-1156,-1138,1185,1186,1187]],"type":"Polygon","properties":{"dep":"D13","unit":"1308","lon":5.641,"lat":43.239}},{"arcs":[[-1148,1188,1189,1190,1191]],"type":"Polygon","properties":{"dep":"D13","unit":"1310","lon":4.96,"lat":43.541}},{"arcs":[[-1128,-1172,-1135,1192,-1183,-1177]],"type":"Polygon","properties":{"dep":"D13","unit":"1309","lon":5.471,"lat":43.426}},{"arcs":[[-1147,-1159,1193,-1175,1194,-1189]],"type":"Polygon","properties":{"dep":"D13","unit":"1327","lon":4.84,"lat":43.624}},{"arcs":[[[-1134,-1157,-1188,1195,-1184,-1193]],[[1196]]],"type":"MultiPolygon","properties":{"dep":"D13","unit":"1398","lon":5.427,"lat":43.285}},{"arcs":[[[-1181,1197]],[[-1191,1198]]],"type":"MultiPolygon","properties":{"dep":"D13","unit":"1324","lon":5.054,"lat":43.369}},{"arcs":[[-1141,-1176,-1194,-1158]],"type":"Polygon","properties":{"dep":"D13","unit":"1399","lon":5.079,"lat":43.654}},{"arcs":[[1199,1200,1201,1202,1203,1204]],"type":"Polygon","properties":{"dep":"D14","unit":"1415","lon":0.209,"lat":49.372}},{"arcs":[[1205,1206,1207,1208,1209,1210,1211,1212,1213,1214,1215]],"type":"Polygon","properties":{"dep":"D14","unit":"1402","lon":-0.693,"lat":49.27}},{"arcs":[[1216,1217,1218,1219,1220,1221,1222,1223,1224]],"type":"Polygon","properties":{"dep":"D14","unit":"1424","lon":-0.186,"lat":49.136}},{"arcs":[[-1218,1225,1226,1227,1228,1229,1230,1231,1232,-1219]],"type":"Polygon","properties":{"dep":"D14","unit":"1412","lon":-0.457,"lat":49.101}},{"arcs":[[1233,-1215,1234,1235,1236,-1229,-1228,-1227,1237,1238,1239,1240,1241,1242,1243]],"type":"Polygon","properties":{"dep":"D14","unit":"1401","lon":-0.703,"lat":49.081}},{"arcs":[[1244,1245,1246,1247,1248,1249,1250,-1223,-1222,1251,1252]],"type":"Polygon","properties":{"dep":"D14","unit":"1404","lon":-0.083,"lat":49.248}},{"arcs":[[1253,1254,1255,1256,-1210,-1209,1257,1258,1259,1260,1261,1262,1263]],"type":"Polygon","properties":{"dep":"D14","unit":"1411","lon":-0.385,"lat":49.302}},{"arcs":[[-1206,-1216,-1234,-1244,1264,1265,1266,1267,-1207]],"type":"Polygon","properties":{"dep":"D14","unit":"1423","lon":-0.953,"lat":49.311}},{"arcs":[[1268,1269,1270,1271,1272,1273,1274,1275,1276,1277,1278,1279,1280,1281]],"type":"Polygon","properties":{"dep":"D14","unit":"1413","lon":-0.195,"lat":48.923}},{"arcs":[[-1236,-1235,-1214,-1213,-1212,-1211,-1257,-1256,-1255,-1254,-1264,1282,1283,1284,1285,-1230,-1237]],"type":"Polygon","properties":{"dep":"D14","unit":"1403","lon":-0.536,"lat":49.224}},{"arcs":[[1286,1287,-1239,1288]],"type":"Polygon","properties":{"dep":"D14","unit":"1489","lon":-0.639,"lat":48.991}},{"arcs":[[-1263,1289,1290,1291,1292,-1285,-1284,-1283]],"type":"Polygon","properties":{"dep":"D14","unit":"1406","lon":-0.424,"lat":49.202}},{"arcs":[[-1247,1293,-1203,-1202,1294,1295,1296,1297]],"type":"Polygon","properties":{"dep":"D14","unit":"1421","lon":0.227,"lat":49.242}},{"arcs":[[-1224,-1251,-1250,-1249,-1248,-1298,1298,1299,-1281,1300]],"type":"Polygon","properties":{"dep":"D14","unit":"1419","lon":0.056,"lat":49.137}},{"arcs":[[-1217,-1225,-1301,-1280,-1279,-1278,1301,-1287,-1289,-1238,-1226]],"type":"Polygon","properties":{"dep":"D14","unit":"1422","lon":-0.404,"lat":48.996}},{"arcs":[[1302,1303,1304,1305,1306,1307,1308,1309]],"type":"Polygon","properties":{"dep":"D14","unit":"1425","lon":-0.966,"lat":48.847}},{"arcs":[[-1245,-1253,1310,1311,-1290,-1262,-1261,-1260,-1259,1312]],"type":"Polygon","properties":{"dep":"D14","unit":"1420","lon":-0.316,"lat":49.257}},{"arcs":[[-1288,-1302,-1277,1313,1314,1315,1316,-1303,-1310,1317,-1242,-1241,-1240]],"type":"Polygon","properties":{"dep":"D14","unit":"1410","lon":-0.746,"lat":48.899}},{"arcs":[[1318,1319,-1299,-1297,-1296,1320]],"type":"Polygon","properties":{"dep":"D14","unit":"1417","lon":0.36,"lat":49.117}},{"arcs":[[-1231,-1286,-1293,1321,1322]],"type":"Polygon","properties":{"dep":"D14","unit":"1405","lon":-0.459,"lat":49.163}},{"arcs":[[-1322,-1292,1323,1324,1325,1326]],"type":"Polygon","properties":{"dep":"D14","unit":"1499","lon":-0.371,"lat":49.187}},{"arcs":[[-1269,-1282,-1300,-1320,1327,1328,1329,1330,1331]],"type":"Polygon","properties":{"dep":"D14","unit":"1418","lon":0.171,"lat":49.002}},{"arcs":[[-1311,-1252,-1221,1332,-1325,1333]],"type":"Polygon","properties":{"dep":"D14","unit":"1414","lon":-0.317,"lat":49.204}},{"arcs":[[-1326,-1333,-1220,-1233,1334]],"type":"Polygon","properties":{"dep":"D14","unit":"1416","lon":-0.319,"lat":49.168}},{"arcs":[[-1312,-1334,-1324,-1291]],"type":"Polygon","properties":{"dep":"D14","unit":"1407","lon":-0.364,"lat":49.22}},{"arcs":[[-1323,-1327,-1335,-1232]],"type":"Polygon","properties":{"dep":"D14","unit":"1409","lon":-0.389,"lat":49.149}},{"arcs":[[1335,1336,1337,1338,1339,1340,1341]],"type":"Polygon","properties":{"dep":"D15","unit":"1507","lon":2.874,"lat":45.178}},{"arcs":[[-1107,1342,1343,1344,1345,1346,1347,1348,1349,1350]],"type":"Polygon","properties":{"dep":"D15","unit":"1509","lon":3.029,"lat":44.9}},{"arcs":[[1351,1352,1353,1354,1355,1356,1357,1358,1359]],"type":"Polygon","properties":{"dep":"D15","unit":"1505","lon":2.336,"lat":45.179}},{"arcs":[[-1336,-1342,1360,1361,1362,-1345,1363,1364,-1337]],"type":"Polygon","properties":{"dep":"D15","unit":"1511","lon":3.146,"lat":45.15}},{"arcs":[[1365,-1359,1366,1367,1368,1369,1370]],"type":"Polygon","properties":{"dep":"D15","unit":"1515","lon":2.448,"lat":45.339}},{"arcs":[[-1352,-1360,-1366,-1371,-1370,1371,1372,1373,1374,-1340,1375,1376,-1353]],"type":"Polygon","properties":{"dep":"D15","unit":"1510","lon":2.664,"lat":45.281}},{"arcs":[[-1355,1377,1378,1379,1380,1381,1382,1383]],"type":"Polygon","properties":{"dep":"D15","unit":"1513","lon":2.203,"lat":44.952}},{"arcs":[[-1049,1384,1385,1386,1387,1388,-1103,-1098]],"type":"Polygon","properties":{"dep":"D15","unit":"1501","lon":2.465,"lat":44.757}},{"arcs":[[-1388,1389,1390,1391]],"type":"Polygon","properties":{"dep":"D15","unit":"1598","lon":2.442,"lat":44.924}},{"arcs":[[-1104,-1389,-1392,1392,-1376,-1339,1393]],"type":"Polygon","properties":{"dep":"D15","unit":"1514","lon":2.609,"lat":44.959}},{"arcs":[[-1048,1394,1395,1396,1397,-1380,1398,-1386,-1385]],"type":"Polygon","properties":{"dep":"D15","unit":"1506","lon":2.292,"lat":44.764}},{"arcs":[[-1106,-1105,-1394,-1338,-1365,1399,-1343]],"type":"Polygon","properties":{"dep":"D15","unit":"1512","lon":2.835,"lat":44.982}},{"arcs":[[-1378,-1354,-1377,-1393,-1391,1400]],"type":"Polygon","properties":{"dep":"D15","unit":"1508","lon":2.432,"lat":45.038}},{"arcs":[[-1344,-1400,-1364]],"type":"Polygon","properties":{"dep":"D15","unit":"1599","lon":3.082,"lat":45.029}},{"arcs":[[-1387,-1399,-1379,-1401,-1390]],"type":"Polygon","properties":{"dep":"D15","unit":"1502","lon":2.368,"lat":44.92}},{"arcs":[[1401,1402,1403,1404,1405,1406,1407,1408,1409]],"type":"Polygon","properties":{"dep":"D16","unit":"1610","lon":0.713,"lat":45.984}},{"arcs":[[1410,1411,1412,1413,1414,1415,1416]],"type":"Polygon","properties":{"dep":"D16","unit":"1608","lon":0.111,"lat":46.014}},{"arcs":[[1417,1418,1419,1420,1421,1422,1423,1424,1425,1426]],"type":"Polygon","properties":{"dep":"D16","unit":"1619","lon":0.422,"lat":45.685}},{"arcs":[[-1418,-1427,1427,1428,-1412,1429,-1409,1430,-1407,1431,1432]],"type":"Polygon","properties":{"dep":"D16","unit":"1606","lon":0.453,"lat":45.959}},{"arcs":[[1433,-1414,-1413,-1429,-1428,-1426,1434,1435,1436]],"type":"Polygon","properties":{"dep":"D16","unit":"1605","lon":0.209,"lat":45.87}},{"arcs":[[1437,1438,1439,1440,1441,1442,1443,1444]],"type":"Polygon","properties":{"dep":"D16","unit":"1607","lon":-0.192,"lat":45.578}},{"arcs":[[1445,1446,1447,1448,-1438,-1445,1449,1450,1451,1452,1453,1454,1455]],"type":"Polygon","properties":{"dep":"D16","unit":"1609","lon":-0.128,"lat":45.424}},{"arcs":[[1456,1457,1458,1459,1460]],"type":"Polygon","properties":{"dep":"D16","unit":"1698","lon":0.147,"lat":45.646}},{"arcs":[[1461,1462,1463,1464,1465,1466,1467,-1440,1468]],"type":"Polygon","properties":{"dep":"D16","unit":"1612","lon":-0.366,"lat":45.663}},{"arcs":[[-1415,-1434,-1437,1469,1470,1471,1472,1473,-1443,1474,1475,1476,1477]],"type":"Polygon","properties":{"dep":"D16","unit":"1618","lon":-0.023,"lat":45.779}},{"arcs":[[1478,1479,1480,-1453,1481,1482,-1423,1483,1484,1485,1486]],"type":"Polygon","properties":{"dep":"D16","unit":"1617","lon":0.163,"lat":45.371}},{"arcs":[[-1436,1487,1488,-1459,1489,-1470]],"type":"Polygon","properties":{"dep":"D16","unit":"1614","lon":0.171,"lat":45.708}},{"arcs":[[-1442,1490,1491,1492,-1477,-1476,-1475]],"type":"Polygon","properties":{"dep":"D16","unit":"1615","lon":-0.178,"lat":45.702}},{"arcs":[[1493,1494,-1424,-1483,-1482,-1452,-1451,-1450,-1444,-1474,1495]],"type":"Polygon","properties":{"dep":"D16","unit":"1604","lon":0.256,"lat":45.587}},{"arcs":[[-1491,-1441,-1468,1496,-1466,-1465,1497,1498,1499,-1492]],"type":"Polygon","properties":{"dep":"D16","unit":"1611","lon":-0.341,"lat":45.748}},{"arcs":[[-1425,-1495,1500,1501,-1488,-1435]],"type":"Polygon","properties":{"dep":"D16","unit":"1616","lon":0.27,"lat":45.732}},{"arcs":[[-1497,-1467]],"type":"Polygon","properties":{"dep":"D16","unit":"1699","lon":-0.335,"lat":45.698}},{"arcs":[[-1457,-1496,-1473,1502]],"type":"Polygon","properties":{"dep":"D16","unit":"1613","lon":0.11,"lat":45.614}},{"arcs":[[-1458,-1503,-1472,-1471,-1490]],"type":"Polygon","properties":{"dep":"D16","unit":"1601","lon":0.088,"lat":45.675}},{"arcs":[[-1460,-1489,-1502,1503]],"type":"Polygon","properties":{"dep":"D16","unit":"1602","lon":0.198,"lat":45.663}},{"arcs":[[-1408,-1431]],"type":"Polygon","properties":{"dep":"D16","unit":"1689","lon":0.592,"lat":45.873}},{"arcs":[[-1461,-1504,-1501,-1494]],"type":"Polygon","properties":{"dep":"D16","unit":"1603","lon":0.208,"lat":45.639}},{"arcs":[[-1462,-1469,-1439,-1449,-1448,-1447,-1446,-1456,1504,1505,1506]],"type":"Polygon","properties":{"dep":"D17","unit":"1707","lon":-0.393,"lat":45.447}},{"arcs":[[1507,1508,1509,1510,1511,1512,1513]],"type":"Polygon","properties":{"dep":"D17","unit":"1723","lon":-0.8,"lat":46.109}},{"arcs":[[[1514]],[[1515,-1513,1516,1517,1518]]],"type":"MultiPolygon","properties":{"dep":"D17","unit":"1703","lon":-1.03,"lat":46.035}},{"arcs":[[-1508,-1514,-1516,1519,1520,1521,1522,1523]],"type":"Polygon","properties":{"dep":"D17","unit":"1706","lon":-0.984,"lat":46.161}},{"arcs":[[-1524,-1523,1524,1525,1526,1527,1528,1529,1530,-1509]],"type":"Polygon","properties":{"dep":"D17","unit":"1709","lon":-0.888,"lat":46.252}},{"arcs":[[1531,1532,1533,1534,1535,-1511,1536,1537,1538]],"type":"Polygon","properties":{"dep":"D17","unit":"1718","lon":-0.624,"lat":45.972}},{"arcs":[[-1416,-1478,-1493,-1500,1539,1540,-1538,1541,1542,1543]],"type":"Polygon","properties":{"dep":"D17","unit":"1711","lon":-0.297,"lat":45.953}},{"arcs":[[1544,1545,1546,1547,1548,1549,1550]],"type":"Polygon","properties":{"dep":"D17","unit":"1721","lon":-0.795,"lat":45.55}},{"arcs":[[1551,1552,1553]],"type":"Polygon","properties":{"dep":"D17","unit":"1705","lon":-1.361,"lat":46.185}},{"arcs":[[1554,1555,1556,1557,1558,1559]],"type":"Polygon","properties":{"dep":"D17","unit":"1726","lon":-1.133,"lat":45.722}},{"arcs":[[-1498,-1464,1560,1561,1562,-1532,-1539,-1541,-1540,-1499]],"type":"Polygon","properties":{"dep":"D17","unit":"1702","lon":-0.505,"lat":45.806}},{"arcs":[[-1506,1563,1564,1565,1566,-1550,-1549,1567]],"type":"Polygon","properties":{"dep":"D17","unit":"1712","lon":-0.682,"lat":45.425}},{"arcs":[[-1519,1568,1569,1570,-1521,-1520]],"type":"Polygon","properties":{"dep":"D17","unit":"1701","lon":-1.093,"lat":46.168}},{"arcs":[[1571,1572,1573,1574,-1535,-1534,-1533,-1563,1575,1576]],"type":"Polygon","properties":{"dep":"D17","unit":"1719","lon":-0.761,"lat":45.817}},{"arcs":[[-1455,-1454,-1481,1577,1578,1579,1580,1581,-1565,-1564,-1505]],"type":"Polygon","properties":{"dep":"D17","unit":"1727","lon":-0.228,"lat":45.216}},{"arcs":[[-1555,-1560,1582,1583,-1574,1584,-1556]],"type":"Polygon","properties":{"dep":"D17","unit":"1710","lon":-1.015,"lat":45.814}},{"arcs":[[-1463,-1507,-1568,-1548,1585,-1572,-1577,1586,-1561]],"type":"Polygon","properties":{"dep":"D17","unit":"1724","lon":-0.62,"lat":45.672}},{"arcs":[[[-1536,-1575,-1584,1587,-1517,-1512],[1588,1589]],[[1590]]],"type":"MultiPolygon","properties":{"dep":"D17","unit":"1725","lon":-0.864,"lat":45.967}},{"arcs":[[1591]],"type":"Polygon","properties":{"dep":"D17","unit":"1704","lon":-1.29,"lat":45.94}},{"arcs":[[-1547,1592,-1557,-1585,-1573,-1586]],"type":"Polygon","properties":{"dep":"D17","unit":"1722","lon":-0.916,"lat":45.656}},{"arcs":[[-1526,-1525,-1522,-1571,1593,1594]],"type":"Polygon","properties":{"dep":"D17","unit":"1708","lon":-1.129,"lat":46.224}},{"arcs":[[-1589,-1590]],"type":"Polygon","properties":{"dep":"D17","unit":"1713","lon":-0.973,"lat":45.94}},{"arcs":[[-1570,1595,-1594]],"type":"Polygon","properties":{"dep":"D17","unit":"1799","lon":-1.193,"lat":46.167}},{"arcs":[[-1558,-1593,-1546,1596,1597]],"type":"Polygon","properties":{"dep":"D17","unit":"1717","lon":-1.016,"lat":45.638}},{"arcs":[[-1562,-1587,-1576]],"type":"Polygon","properties":{"dep":"D17","unit":"1720","lon":-0.648,"lat":45.741}},{"arcs":[[1598,1599,1600,1601,1602,1603,1604,1605,1606]],"type":"Polygon","properties":{"dep":"D18","unit":"1815","lon":2.39,"lat":47.191}},{"arcs":[[-297,-317,1607,1608,1609,1610,1611,1612,1613,1614,1615,1616]],"type":"Polygon","properties":{"dep":"D18","unit":"1808","lon":2.271,"lat":46.591}},{"arcs":[[-1600,1617,1618,1619,1620]],"type":"Polygon","properties":{"dep":"D18","unit":"1814","lon":2.599,"lat":47.217}},{"arcs":[[-1603,1621,1622,1623,1624,1625,1626,-1604]],"type":"Polygon","properties":{"dep":"D18","unit":"1811","lon":2.134,"lat":47.132}},{"arcs":[[1627,1628,1629,-1613,-1612,1630,1631,1632,1633]],"type":"Polygon","properties":{"dep":"D18","unit":"1817","lon":2.338,"lat":46.875}},{"arcs":[[1634,1635,1636,1637,1638,1639,1640,1641]],"type":"Polygon","properties":{"dep":"D18","unit":"1810","lon":2.94,"lat":46.971}},{"arcs":[[-1599,-1607,1642,1643,1644,1645,1646,-1618]],"type":"Polygon","properties":{"dep":"D18","unit":"1801","lon":2.378,"lat":47.441}},{"arcs":[[-1628,-1634,1647,-1620,1648,1649,1650,1651,-1640,1652,1653,1654]],"type":"Polygon","properties":{"dep":"D18","unit":"1802","lon":2.769,"lat":47.097}},{"arcs":[[[-298,-1617,1655,-1629,-1655,1656,-1637,-1636,1657,1658]],[[-1653,-1639,1659]]],"type":"MultiPolygon","properties":{"dep":"D18","unit":"1809","lon":2.649,"lat":46.805}},{"arcs":[[-1619,-1647,1660,1661,1662,1663,1664,1665,-1649]],"type":"Polygon","properties":{"dep":"D18","unit":"1816","lon":2.763,"lat":47.388}},{"arcs":[[-1601,-1621,-1648,-1633,1666,1667]],"type":"Polygon","properties":{"dep":"D18","unit":"1898","lon":2.409,"lat":47.076}},{"arcs":[[-1616,-1615,-1614,-1630,-1656]],"type":"Polygon","properties":{"dep":"D18","unit":"1812","lon":2.458,"lat":46.741}},{"arcs":[[-1622,-1602,-1668,1668]],"type":"Polygon","properties":{"dep":"D18","unit":"1813","lon":2.286,"lat":47.084}},{"arcs":[[-1632,-1631,-1611,1669,1670,-1623,-1669,-1667]],"type":"Polygon","properties":{"dep":"D18","unit":"1807","lon":2.192,"lat":46.973}},{"arcs":[[-1626,1671,1672,1673,1674]],"type":"Polygon","properties":{"dep":"D18","unit":"1819","lon":1.893,"lat":47.166}},{"arcs":[[-1638,-1657,-1654,-1660]],"type":"Polygon","properties":{"dep":"D18","unit":"1880","lon":2.667,"lat":46.939}},{"arcs":[[-1627,-1675,1675,-1605]],"type":"Polygon","properties":{"dep":"D18","unit":"1899","lon":2.079,"lat":47.237}},{"arcs":[[1676,1677,1678,1679,1680,1681,1682,1683]],"type":"Polygon","properties":{"dep":"D19","unit":"1915","lon":1.76,"lat":45.514}},{"arcs":[[1684,1685,1686,1687,1688]],"type":"Polygon","properties":{"dep":"D19","unit":"1917","lon":2.395,"lat":45.64}},{"arcs":[[1689,1690,1691,1692,1693,1694,1695,1696,1697,1698,1699,1700]],"type":"Polygon","properties":{"dep":"D19","unit":"1910","lon":1.73,"lat":45.059}},{"arcs":[[-1356,-1384,-1383,1701,-1695,-1694,1702,1703]],"type":"Polygon","properties":{"dep":"D19","unit":"1902","lon":2.003,"lat":45.054}},{"arcs":[[1704,1705,-1679,-1678,1706,1707,1708,1709]],"type":"Polygon","properties":{"dep":"D19","unit":"1901","lon":1.526,"lat":45.298}},{"arcs":[[1710,-1682,1711,1712,1713,-1686,1714,1715]],"type":"Polygon","properties":{"dep":"D19","unit":"1912","lon":2.08,"lat":45.587}},{"arcs":[[-1692,1716,-1708,-1707,-1677,-1684,1717,1718,1719,1720]],"type":"Polygon","properties":{"dep":"D19","unit":"1911","lon":1.821,"lat":45.336}},{"arcs":[[1721,-1680,-1706,1722,1723,1724,1725,1726]],"type":"Polygon","properties":{"dep":"D19","unit":"1918","lon":1.521,"lat":45.485}},{"arcs":[[-1705,-1710,1727,1728,1729,1730,-1724,-1723]],"type":"Polygon","properties":{"dep":"D19","unit":"1919","lon":1.343,"lat":45.27}},{"arcs":[[-1367,-1358,1731,-1715,-1685,-1689,1732,1733,-1368]],"type":"Polygon","properties":{"dep":"D19","unit":"1908","lon":2.404,"lat":45.487}},{"arcs":[[1734,1735,1736,1737]],"type":"Polygon","properties":{"dep":"D19","unit":"1999","lon":1.52,"lat":45.146}},{"arcs":[[-1357,-1704,1738,1739,-1718,-1683,-1711,-1716,-1732]],"type":"Polygon","properties":{"dep":"D19","unit":"1907","lon":2.077,"lat":45.322}},{"arcs":[[-1703,-1693,-1721,1740,-1719,-1740,-1739]],"type":"Polygon","properties":{"dep":"D19","unit":"1914","lon":1.843,"lat":45.23}},{"arcs":[[-1737,1741,-1700,1742]],"type":"Polygon","properties":{"dep":"D19","unit":"1905","lon":1.589,"lat":45.136}},{"arcs":[[-1729,1743,-1735,-1738,-1743,-1699,1744,1745,1746,1747,1748]],"type":"Polygon","properties":{"dep":"D19","unit":"1913","lon":1.448,"lat":45.078}},{"arcs":[[-1690,-1701,-1742,-1736,-1744,-1728,-1709,-1717,-1691]],"type":"Polygon","properties":{"dep":"D19","unit":"1909","lon":1.432,"lat":45.185}},{"arcs":[[-1720,-1741]],"type":"Polygon","properties":{"dep":"D19","unit":"1916","lon":1.763,"lat":45.274}},{"arcs":[[1749,1750,1751,1752,1753,1754,1755]],"type":"Polygon","properties":{"dep":"D21","unit":"2120","lon":4.994,"lat":47.122}},{"arcs":[[1756,1757,1758,1759,1760,1761,1762,1763,1764,1765]],"type":"Polygon","properties":{"dep":"D21","unit":"2123","lon":4.77,"lat":47.302}},{"arcs":[[1766,-1757,-1766,1767,1768,1769,1770,1771,1772,1773,1774,1775]],"type":"Polygon","properties":{"dep":"D21","unit":"2114","lon":4.939,"lat":47.409}},{"arcs":[[-884,-914,1776,1777,1778,1779,1780,1781]],"type":"Polygon","properties":{"dep":"D21","unit":"2105","lon":4.654,"lat":47.799}},{"arcs":[[1782,-1752,1783,1784,1785,1786,1787,1788,1789]],"type":"Polygon","properties":{"dep":"D21","unit":"2115","lon":5.23,"lat":47.22}},{"arcs":[[1790,-1768,-1765,-1764,-1763,-1762,1791,1792,1793,1794,1795,1796,1797,1798]],"type":"Polygon","properties":{"dep":"D21","unit":"2122","lon":4.288,"lat":47.394}},{"arcs":[[-1781,1799,-1770,-1769,-1791,-1799,-1798,1800,1801]],"type":"Polygon","properties":{"dep":"D21","unit":"2119","lon":4.425,"lat":47.617}},{"arcs":[[[-1761,1802,1803,1804,1805,1806,1807,-1793,-1792]],[[1808,1809,1810]]],"type":"MultiPolygon","properties":{"dep":"D21","unit":"2101","lon":4.519,"lat":47.157}},{"arcs":[[-1804,1811,-1755,1812,1813,1814,1815,1816,1817],[1818]],"type":"Polygon","properties":{"dep":"D21","unit":"2117","lon":4.768,"lat":46.979}},{"arcs":[[-1773,1819,1820,1821,1822,1823,-1787,1824,1825,-1775,-1774]],"type":"Polygon","properties":{"dep":"D21","unit":"2121","lon":5.311,"lat":47.448}},{"arcs":[[-1824,1826,1827,1828,1829,1830,1831,1832,-1788]],"type":"Polygon","properties":{"dep":"D21","unit":"2102","lon":5.395,"lat":47.257}},{"arcs":[[-1783,-1790,-1789,-1833,1833,1834,1835,1836,1837,1838,-1813,-1754,-1753]],"type":"Polygon","properties":{"dep":"D21","unit":"2104","lon":5.198,"lat":47.063}},{"arcs":[[-1820,-1772,-1771,-1800,-1780,1839,1840,1841]],"type":"Polygon","properties":{"dep":"D21","unit":"2116","lon":5.033,"lat":47.564}},{"arcs":[[-1819]],"type":"Polygon","properties":{"dep":"D21","unit":"2103","lon":4.837,"lat":47.025}},{"arcs":[[-1803,-1760,1842,1843,1844,1845,-1784,-1751,-1750,-1756,-1812]],"type":"Polygon","properties":{"dep":"D21","unit":"2118","lon":4.886,"lat":47.219}},{"arcs":[[-1825,-1786,-1785,-1846,1846]],"type":"Polygon","properties":{"dep":"D21","unit":"2107","lon":5.128,"lat":47.302}},{"arcs":[[1847,1848,-1844,1849]],"type":"Polygon","properties":{"dep":"D21","unit":"2106","lon":4.992,"lat":47.284}},{"arcs":[[-1848,-1850,-1843,-1759,1850]],"type":"Polygon","properties":{"dep":"D21","unit":"2113","lon":4.934,"lat":47.296}},{"arcs":[[-1767,-1776,-1826,-1847,-1845,-1849,-1851,-1758]],"type":"Polygon","properties":{"dep":"D21","unit":"2199","lon":5.037,"lat":47.318}},{"arcs":[[1851,1852,1853,1854,1855,1856,1857,1858,1859]],"type":"Polygon","properties":{"dep":"D22","unit":"2210","lon":-2.88,"lat":48.25}},{"arcs":[[[1860,1861,1862,1863]],[[1864,1865,1866,1867]],[[1868,1869,1870]],[[1871,1872,1873]],[[1874,1875,1876]]],"type":"MultiPolygon","properties":{"dep":"D22","unit":"2206","lon":-2.588,"lat":48.485}},{"arcs":[[1877,1878,1879,1880]],"type":"Polygon","properties":{"dep":"D22","unit":"2204","lon":-2.093,"lat":48.447}},{"arcs":[[1881,1882,1883,1884,1885,1886,1887,1888,1889,1890,1891]],"type":"Polygon","properties":{"dep":"D22","unit":"2201","lon":-3.266,"lat":48.642}},{"arcs":[[-1882,-1892,1892,1893,1894,1895,1896,1897,1898]],"type":"Polygon","properties":{"dep":"D22","unit":"2203","lon":-3.336,"lat":48.455}},{"arcs":[[-1880,1899,1900,1901,1902,1903,1904,1905,1906]],"type":"Polygon","properties":{"dep":"D22","unit":"2208","lon":-2.001,"lat":48.394}},{"arcs":[[-1852,-1860,1907,1908,1909,-1862,1910,1911,-1853]],"type":"Polygon","properties":{"dep":"D22","unit":"2213","lon":-2.736,"lat":48.368}},{"arcs":[[-1908,-1859,1912,-1895,-1894,1913,1914,1915,1916]],"type":"Polygon","properties":{"dep":"D22","unit":"2215","lon":-2.987,"lat":48.496}},{"arcs":[[-1865,-1868,1917,1918,1919,1920,1921]],"type":"Polygon","properties":{"dep":"D22","unit":"2217","lon":-2.383,"lat":48.591}},{"arcs":[[-1878,-1881,-1907,1922,1923,-1921,-1920,1924,1925,1926,1927]],"type":"Polygon","properties":{"dep":"D22","unit":"2214","lon":-2.227,"lat":48.48}},{"arcs":[[-1924,1928,1929,-1854,-1912,1930,-1869,-1871,1931,-1877,-1876,1932,-1873,1933,-1866,-1922]],"type":"Polygon","properties":{"dep":"D22","unit":"2216","lon":-2.498,"lat":48.323}},{"arcs":[[[1934]],[[1935]],[[1936,-1889,1937,1938]]],"type":"MultiPolygon","properties":{"dep":"D22","unit":"2211","lon":-3.042,"lat":48.739}},{"arcs":[[-1906,1939,1940,1941,-1929,-1923]],"type":"Polygon","properties":{"dep":"D22","unit":"2202","lon":-2.296,"lat":48.265}},{"arcs":[[1942,1943,-1855,-1930,-1942,1944]],"type":"Polygon","properties":{"dep":"D22","unit":"2209","lon":-2.613,"lat":48.159}},{"arcs":[[-1886,1945,1946,1947,1948,-1887]],"type":"Polygon","properties":{"dep":"D22","unit":"2227","lon":-3.167,"lat":48.791}},{"arcs":[[-1896,-1913,-1858,1949,1950]],"type":"Polygon","properties":{"dep":"D22","unit":"2223","lon":-3.266,"lat":48.249}},{"arcs":[[-1915,1951,-1890,-1937,-1939,1952,1953]],"type":"Polygon","properties":{"dep":"D22","unit":"2222","lon":-2.948,"lat":48.649}},{"arcs":[[-1914,-1893,-1891,-1952]],"type":"Polygon","properties":{"dep":"D22","unit":"2205","lon":-3.109,"lat":48.575}},{"arcs":[[-1863,-1910,1954,1955,1956,1957]],"type":"Polygon","properties":{"dep":"D22","unit":"2226","lon":-2.704,"lat":48.48}},{"arcs":[[[-1947,1958,1959]],[[1960]]],"type":"MultiPolygon","properties":{"dep":"D22","unit":"2212","lon":-3.5,"lat":48.798}},{"arcs":[[-1861,-1864,-1958,1961,-1918,-1867,-1934,-1872,-1874,-1933,-1875,-1932,-1870,-1931,-1911]],"type":"Polygon","properties":{"dep":"D22","unit":"2289","lon":-2.579,"lat":48.537}},{"arcs":[[-1928,-1927,1962,1963,1964,1965,-1901,-1900,-1879]],"type":"Polygon","properties":{"dep":"D22","unit":"2219","lon":-2.055,"lat":48.51}},{"arcs":[[-1884,1966,1967,-1959,-1946,-1885]],"type":"Polygon","properties":{"dep":"D22","unit":"2207","lon":-3.449,"lat":48.748}},{"arcs":[[-1899,1968,1969,1970,1971,-1967,-1883]],"type":"Polygon","properties":{"dep":"D22","unit":"2220","lon":-3.508,"lat":48.608}},{"arcs":[[-1917,1972,1973,-1955,-1909]],"type":"Polygon","properties":{"dep":"D22","unit":"2221","lon":-2.816,"lat":48.484}},{"arcs":[[-1954,1974,1975,-1973,-1916]],"type":"Polygon","properties":{"dep":"D22","unit":"2218","lon":-2.807,"lat":48.561}},{"arcs":[[-1956,-1974,-1976,1976]],"type":"Polygon","properties":{"dep":"D22","unit":"2299","lon":-2.756,"lat":48.509}},{"arcs":[[1977,1978,1979,1980,1981,1982,1983,1984,1985,1986]],"type":"Polygon","properties":{"dep":"D23","unit":"2301","lon":1.933,"lat":46.034}},{"arcs":[[1987,1988,1989,1990,1991,1992,1993,1994,1995]],"type":"Polygon","properties":{"dep":"D23","unit":"2314","lon":1.807,"lat":46.22}},{"arcs":[[1996,1997,1998,1999,2000,-1981,-1980,2001]],"type":"Polygon","properties":{"dep":"D23","unit":"2302","lon":2.259,"lat":45.977}},{"arcs":[[-321,-378,-324,2002,2003,-1998,2004,2005,-315]],"type":"Polygon","properties":{"dep":"D23","unit":"2308","lon":2.421,"lat":46.178}},{"arcs":[[2006,2007,2008,-1994,2009,-1984,2010,2011]],"type":"Polygon","properties":{"dep":"D23","unit":"2311","lon":1.615,"lat":46.115}},{"arcs":[[-2011,-1983,2012,2013,2014,2015]],"type":"Polygon","properties":{"dep":"D23","unit":"2305","lon":1.729,"lat":45.937}},{"arcs":[[-1687,-1714,2016,-2000,-1999,-2004,2017,2018]],"type":"Polygon","properties":{"dep":"D23","unit":"2303","lon":2.326,"lat":45.802}},{"arcs":[[-1995,-2009,2019,2020,2021,2022,2023,2024,2025]],"type":"Polygon","properties":{"dep":"D23","unit":"2307","lon":1.647,"lat":46.322}},{"arcs":[[-316,-2006,2026,2027,2028,2029,-1608]],"type":"Polygon","properties":{"dep":"D23","unit":"2306","lon":2.205,"lat":46.347}},{"arcs":[[-1978,-1987,2030,-1989,2031,-2028,-2027,-2005,-1997,-2002,-1979]],"type":"Polygon","properties":{"dep":"D23","unit":"2310","lon":2.162,"lat":46.149}},{"arcs":[[-1988,-1996,-2026,2032,2033,2034,-2029,-2032]],"type":"Polygon","properties":{"dep":"D23","unit":"2304","lon":1.909,"lat":46.361}},{"arcs":[[-2010,-1993,-1992,2035,2036,-1985]],"type":"Polygon","properties":{"dep":"D23","unit":"2313","lon":1.822,"lat":46.103}},{"arcs":[[-1713,2037,-2013,-1982,-2001,-2017]],"type":"Polygon","properties":{"dep":"D23","unit":"2309","lon":2.032,"lat":45.836}},{"arcs":[[-2036,-1991,2038]],"type":"Polygon","properties":{"dep":"D23","unit":"2399","lon":1.871,"lat":46.168}},{"arcs":[[-2021,-2020,-2008,2039,2040]],"type":"Polygon","properties":{"dep":"D23","unit":"2315","lon":1.493,"lat":46.247}},{"arcs":[[-1990,-2031,-1986,-2037,-2039]],"type":"Polygon","properties":{"dep":"D23","unit":"2312","lon":1.925,"lat":46.154}},{"arcs":[[-1419,-1433,2041,2042,2043,2044,-1421,-1420]],"type":"Polygon","properties":{"dep":"D24","unit":"2413","lon":0.679,"lat":45.561}},{"arcs":[[2045,2046,2047,2048,2049,2050,2051,2052,2053]],"type":"Polygon","properties":{"dep":"D24","unit":"2422","lon":0.746,"lat":45.244}},{"arcs":[[-1730,-1749,2054,2055,2056,2057,2058]],"type":"Polygon","properties":{"dep":"D24","unit":"2405","lon":1.112,"lat":45.189}},{"arcs":[[2059,2060,2061,2062,2063,2064,2065,2066,2067,2068]],"type":"Polygon","properties":{"dep":"D24","unit":"2408","lon":0.798,"lat":44.784}},{"arcs":[[2069,2070,2071,2072,2073,-2063,-2062,2074,2075,2076,2077,2078]],"type":"Polygon","properties":{"dep":"D24","unit":"2423","lon":1.097,"lat":44.741}},{"arcs":[[-1485,2079,2080,2081,2082,-1486]],"type":"Polygon","properties":{"dep":"D24","unit":"2416","lon":0.348,"lat":45.286}},{"arcs":[[-1725,-1731,-2059,2083,-2048,2084,2085]],"type":"Polygon","properties":{"dep":"D24","unit":"2406","lon":1.091,"lat":45.372}},{"arcs":[[2086,2087,2088,2089,2090,2091,-2053,2092]],"type":"Polygon","properties":{"dep":"D24","unit":"2417","lon":0.543,"lat":45.138}},{"arcs":[[-1747,2093,2094,2095,-2071,2096,2097,2098,-2055,-1748]],"type":"Polygon","properties":{"dep":"D24","unit":"2420","lon":1.333,"lat":44.991}},{"arcs":[[-2061,2099,2100,2101,2102,-2057,-2056,-2099,2103,2104,-2078,-2077,-2076,-2075]],"type":"Polygon","properties":{"dep":"D24","unit":"2425","lon":1.024,"lat":44.999}},{"arcs":[[-2066,2105,2106,2107,2108,2109,2110,2111,2112]],"type":"Polygon","properties":{"dep":"D24","unit":"2419","lon":0.454,"lat":44.739}},{"arcs":[[-2049,-2084,-2058,-2103,2113]],"type":"Polygon","properties":{"dep":"D24","unit":"2489","lon":0.883,"lat":45.172}},{"arcs":[[2114,2115,2116,-2082,-2081,2117,-2090,2118,2119]],"type":"Polygon","properties":{"dep":"D24","unit":"2424","lon":0.377,"lat":45.07}},{"arcs":[[-2060,-2069,2120,2121,-2119,-2089,2122,2123,-2101,-2100]],"type":"Polygon","properties":{"dep":"D24","unit":"2412","lon":0.655,"lat":45.013}},{"arcs":[[2124,2125,-2112,2126]],"type":"Polygon","properties":{"dep":"D24","unit":"2498","lon":0.487,"lat":44.855}},{"arcs":[[-2070,-2079,-2105,-2104,-2098,-2097]],"type":"Polygon","properties":{"dep":"D24","unit":"2418","lon":1.187,"lat":44.902}},{"arcs":[[-1422,-2045,2127,-2046,-2054,-2092,-2091,-2118,-2080,-1484]],"type":"Polygon","properties":{"dep":"D24","unit":"2403","lon":0.586,"lat":45.364}},{"arcs":[[-2116,2128,2129,2130,2131,2132,2133,2134]],"type":"Polygon","properties":{"dep":"D24","unit":"2411","lon":0.12,"lat":44.905}},{"arcs":[[-2115,-2120,-2122,-2125,-2127,-2111,2135,-2129]],"type":"Polygon","properties":{"dep":"D24","unit":"2410","lon":0.348,"lat":44.898}},{"arcs":[[-2114,-2102,-2124,2136,2137,-2050]],"type":"Polygon","properties":{"dep":"D24","unit":"2407","lon":0.862,"lat":45.096}},{"arcs":[[-2047,-2128,-2044,2138,2139,-2085]],"type":"Polygon","properties":{"dep":"D24","unit":"2421","lon":0.898,"lat":45.421}},{"arcs":[[-2087,-2093,-2052,2140,2141]],"type":"Polygon","properties":{"dep":"D24","unit":"2404","lon":0.653,"lat":45.187}},{"arcs":[[-2126,-2121,-2068,-2067,-2113]],"type":"Polygon","properties":{"dep":"D24","unit":"2402","lon":0.57,"lat":44.867}},{"arcs":[[-1479,-1487,-2083,-2117,-2135,2142,2143,2144,-1578,-1480]],"type":"Polygon","properties":{"dep":"D24","unit":"2409","lon":0.139,"lat":45.111}},{"arcs":[[-2137,-2123,-2088,-2142,2145]],"type":"Polygon","properties":{"dep":"D24","unit":"2488","lon":0.774,"lat":45.087}},{"arcs":[[-2138,-2146,-2141,-2051]],"type":"Polygon","properties":{"dep":"D24","unit":"2499","lon":0.71,"lat":45.191}},{"arcs":[[2146,2147,2148,2149,2150,2151,2152,2153,2154,2155,2156,2157,2158,2159,2160,2161,2162,2163]],"type":"Polygon","properties":{"dep":"D25","unit":"2517","lon":5.882,"lat":47.079}},{"arcs":[[2164,2165,2166,2167,2168,2169,2170,2171,2172,2173,2174,2175,2176,-2160,2177,2178,2179,2180,2181,2182,2183,2184]],"type":"Polygon","properties":{"dep":"D25","unit":"2502","lon":6.307,"lat":47.35}},{"arcs":[[2185,2186,2187,2188,2189,2190,2191,2192,2193]],"type":"Polygon","properties":{"dep":"D25","unit":"2512","lon":6.847,"lat":47.285}},{"arcs":[[-2166,2194,2195,2196,2197,2198,2199,2200,2201,2202,2203,2204,2205,2206,-2168,-2167]],"type":"Polygon","properties":{"dep":"D25","unit":"2503","lon":6.569,"lat":47.413}},{"arcs":[[-2169,-2207,-2206,2207,-2192,-2191,2208,2209]],"type":"Polygon","properties":{"dep":"D25","unit":"2518","lon":6.465,"lat":47.177}},{"arcs":[[2210,2211,2212,2213,2214,2215]],"type":"Polygon","properties":{"dep":"D25","unit":"2510","lon":6.868,"lat":47.524}},{"arcs":[[2216,2217,2218,2219,2220,2221,2222,2223,-2154,-2153,-2152,2224,-2170,-2210,2225,2226]],"type":"Polygon","properties":{"dep":"D25","unit":"2515","lon":6.148,"lat":47.083}},{"arcs":[[2227,-2172,-2171,-2225,-2151,2228,2229,2230,2231]],"type":"Polygon","properties":{"dep":"D25","unit":"2508","lon":6.128,"lat":47.221}},{"arcs":[[-2186,-2194,2232,2233,-2212,2234,2235]],"type":"Polygon","properties":{"dep":"D25","unit":"2501","lon":6.884,"lat":47.466}},{"arcs":[[-2220,2236,2237,2238,2239,2240,2241,2242,2243,2244,-2221]],"type":"Polygon","properties":{"dep":"D25","unit":"2511","lon":6.276,"lat":46.784}},{"arcs":[[-2162,2245,2246,2247,2248]],"type":"Polygon","properties":{"dep":"D25","unit":"2505","lon":5.92,"lat":47.265}},{"arcs":[[-2246,-2161,-2177,-2176,2249]],"type":"Polygon","properties":{"dep":"D25","unit":"2506","lon":5.971,"lat":47.292}},{"arcs":[[2250,2251,2252,2253,2254,2255,-2163,-2249,-2248,2256]],"type":"Polygon","properties":{"dep":"D25","unit":"2504","lon":5.904,"lat":47.219}},{"arcs":[[-2209,-2190,2257,-2226]],"type":"Polygon","properties":{"dep":"D25","unit":"2514","lon":6.677,"lat":47.126}},{"arcs":[[-2201,-2200,2258,2259,-2213,-2234,2260,-2202]],"type":"Polygon","properties":{"dep":"D25","unit":"2513","lon":6.785,"lat":47.508}},{"arcs":[[-2251,-2257,-2247,-2250,-2175,2261,-2231,2262]],"type":"Polygon","properties":{"dep":"D25","unit":"2599","lon":6.022,"lat":47.252}},{"arcs":[[-2147,-2164,-2256,-2255,-2254,-2253,-2252,-2263,-2230,-2229,-2150,-2149,-2148]],"type":"Polygon","properties":{"dep":"D25","unit":"2509","lon":5.912,"lat":47.164}},{"arcs":[[-2233,-2193,-2208,-2205,-2204,-2203,-2261]],"type":"Polygon","properties":{"dep":"D25","unit":"2519","lon":6.787,"lat":47.441}},{"arcs":[[-2228,-2232,-2262,-2174,-2173]],"type":"Polygon","properties":{"dep":"D25","unit":"2507","lon":6.077,"lat":47.268}},{"arcs":[[-2218,2263,-2238,-2237,-2219]],"type":"Polygon","properties":{"dep":"D25","unit":"2516","lon":6.343,"lat":46.907}},{"arcs":[[-481,2264,2265,2266,2267,2268,2269,2270,2271,-501,-482]],"type":"Polygon","properties":{"dep":"D26","unit":"2604","lon":5.42,"lat":44.651}},{"arcs":[[-630,-640,-639,2272,2273,2274,2275]],"type":"Polygon","properties":{"dep":"D26","unit":"2612","lon":4.874,"lat":45.223}},{"arcs":[[2276,2277,2278,2279,2280,2281,2282,-2267,2283,2284,2285,2286]],"type":"Polygon","properties":{"dep":"D26","unit":"2603","lon":5.059,"lat":44.563}},{"arcs":[[2287,2288,2289,2290,2291,2292]],"type":"Polygon","properties":{"dep":"D26","unit":"2601","lon":5.03,"lat":44.99}},{"arcs":[[-618,2293,-2278,2294,-671]],"type":"Polygon","properties":{"dep":"D26","unit":"2609","lon":4.796,"lat":44.502}},{"arcs":[[-658,-669,2295,2296,2297,-2281,2298]],"type":"Polygon","properties":{"dep":"D26","unit":"2607","lon":4.863,"lat":44.803}},{"arcs":[[[-659,-2299,-2280,2299]],[[-661,2300]]],"type":"MultiPolygon","properties":{"dep":"D26","unit":"2608","lon":4.788,"lat":44.633}},{"arcs":[[-2297,2301,2302,2303,2304,-2269,-2268,-2283,-2282,-2298]],"type":"Polygon","properties":{"dep":"D26","unit":"2602","lon":5.062,"lat":44.781}},{"arcs":[[-433,-424,-436,-422,2305,2306,2307,2308,2309,2310,-2286,-2285,-2284,-2266,-2265,-480,-479,-490]],"type":"Polygon","properties":{"dep":"D26","unit":"2610","lon":5.327,"lat":44.325}},{"arcs":[[-2274,2311,2312,2313,2314,2315,2316]],"type":"Polygon","properties":{"dep":"D26","unit":"2605","lon":5.043,"lat":45.208}},{"arcs":[[-2292,2317,2318,2319,2320,2321,2322,-2270,-2305,2323]],"type":"Polygon","properties":{"dep":"D26","unit":"2619","lon":5.289,"lat":44.98}},{"arcs":[[-672,-2295,-2277,-2287,-2311,2324,-2309,2325,2326,2327]],"type":"Polygon","properties":{"dep":"D26","unit":"2606","lon":4.874,"lat":44.428}},{"arcs":[[-668,2328,2329,-2302,-2296]],"type":"Polygon","properties":{"dep":"D26","unit":"2617","lon":4.927,"lat":44.869}},{"arcs":[[-631,-2276,-2275,-2317,2330,2331,2332,-2290,2333,-680,-676]],"type":"Polygon","properties":{"dep":"D26","unit":"2613","lon":4.9,"lat":45.046}},{"arcs":[[-681,-2334,-2289,2334]],"type":"Polygon","properties":{"dep":"D26","unit":"2615","lon":4.916,"lat":44.969}},{"arcs":[[-2293,-2324,-2304,-2303,-2330,2335]],"type":"Polygon","properties":{"dep":"D26","unit":"2616","lon":5.006,"lat":44.919}},{"arcs":[[-2316,2336,-2319,2337,-2332,-2331]],"type":"Polygon","properties":{"dep":"D26","unit":"2611","lon":5.057,"lat":45.09}},{"arcs":[[-673,-2328,2338]],"type":"Polygon","properties":{"dep":"D26","unit":"2614","lon":4.778,"lat":44.362}},{"arcs":[[-660,-2300,-2279,-2294,-617,-662,-2301]],"type":"Polygon","properties":{"dep":"D26","unit":"2697","lon":4.75,"lat":44.553}},{"arcs":[[-2291,-2333,-2338,-2318]],"type":"Polygon","properties":{"dep":"D26","unit":"2698","lon":5.029,"lat":45.05}},{"arcs":[[-682,-2335,-2288,-2336,-2329,-667]],"type":"Polygon","properties":{"dep":"D26","unit":"2699","lon":4.912,"lat":44.92}},{"arcs":[[2339,2340,2341,2342,2343,2344,2345,2346,2347,2348,2349]],"type":"Polygon","properties":{"dep":"D27","unit":"2707","lon":0.782,"lat":49.155}},{"arcs":[[[2350,2351,2352,2353,2354,2355,2356,2357]],[[2358,2359,2360,2361,2362,2363,2364]],[[2365,2366,2367,2368]]],"type":"MultiPolygon","properties":{"dep":"D27","unit":"2722","lon":1.18,"lat":48.807}},{"arcs":[[2369,2370,2371,2372,2373,2374,2375,2376,2377,2378,2379,2380,2381]],"type":"Polygon","properties":{"dep":"D27","unit":"2718","lon":1.085,"lat":49.238}},{"arcs":[[2382,2383,2384,2385,2386,2387,2388,2389,2390,2391,2392]],"type":"Polygon","properties":{"dep":"D27","unit":"2716","lon":1.383,"lat":49.023}},{"arcs":[[2393,2394,2395,-2384,-2383,-2393,2396,-2380]],"type":"Polygon","properties":{"dep":"D27","unit":"2712","lon":1.302,"lat":49.155}},{"arcs":[[2397,2398,2399,2400,2401,2402,2403,2404,2405,2406,2407]],"type":"Polygon","properties":{"dep":"D27","unit":"2704","lon":0.47,"lat":49.436}},{"arcs":[[-1329,2408,2409,2410,2411,2412,-2353,2413,-2363,2414,2415,2416]],"type":"Polygon","properties":{"dep":"D27","unit":"2706","lon":0.712,"lat":48.872}},{"arcs":[[2417,2418,2419,2420,2421,2422,2423,2424]],"type":"Polygon","properties":{"dep":"D27","unit":"2713","lon":1.633,"lat":49.304}},{"arcs":[[2425,-2342,2426,-2402,2427,2428,-2371,2429,2430,2431]],"type":"Polygon","properties":{"dep":"D27","unit":"2705","lon":0.906,"lat":49.257}},{"arcs":[[-2418,-2425,2432,2433,2434,-2376,2435,2436,2437,2438]],"type":"Polygon","properties":{"dep":"D27","unit":"2719","lon":1.428,"lat":49.393}},{"arcs":[[-2377,-2435,2439,2440,2441,2442,-2378]],"type":"Polygon","properties":{"dep":"D27","unit":"2721","lon":1.23,"lat":49.276}},{"arcs":[[-2379,-2443,-2442,2443,-2394]],"type":"Polygon","properties":{"dep":"D27","unit":"2714","lon":1.149,"lat":49.224}},{"arcs":[[-2434,-2433,-2424,2444,2445,-2385,-2396,-2395,-2444,-2441,-2440]],"type":"Polygon","properties":{"dep":"D27","unit":"2701","lon":1.475,"lat":49.208}},{"arcs":[[2446,2447,2448,2449,-2391,-2390,2450,-2368,2451,2452]],"type":"Polygon","properties":{"dep":"D27","unit":"2711","lon":1.225,"lat":49.01}},{"arcs":[[-2404,-2403,-2427,-2341,-2340,-2350,2453,2454,2455,2456]],"type":"Polygon","properties":{"dep":"D27","unit":"2717","lon":0.551,"lat":49.352}},{"arcs":[[-2447,-2453,2457,2458]],"type":"Polygon","properties":{"dep":"D27","unit":"2709","lon":1.09,"lat":49.005}},{"arcs":[[-1200,2459,2460,-2405,-2457,-2456,-2455,-2454,-2349,2461,2462,-2409,-1328,-1319,-1321,-1295,-1201]],"type":"Polygon","properties":{"dep":"D27","unit":"2703","lon":0.463,"lat":49.218}},{"arcs":[[-2458,-2452,-2367,2463,-2412,2464,-2347,2465,2466,2467,2468]],"type":"Polygon","properties":{"dep":"D27","unit":"2708","lon":0.964,"lat":48.978}},{"arcs":[[-2369,-2451,-2389,2469,2470,2471,2472,-2356,-2355,2473]],"type":"Polygon","properties":{"dep":"D27","unit":"2720","lon":1.306,"lat":48.897}},{"arcs":[[-2397,-2392,-2450,-2449,2474,-2468,2475,-2381]],"type":"Polygon","properties":{"dep":"D27","unit":"2710","lon":1.18,"lat":49.079}},{"arcs":[[-2370,-2382,-2476,-2467,-2466,-2346,-2345,-2344,-2343,-2426,-2432,-2431,-2430]],"type":"Polygon","properties":{"dep":"D27","unit":"2715","lon":0.985,"lat":49.14}},{"arcs":[[-2411,-2410,-2463,-2462,-2348,-2465]],"type":"Polygon","properties":{"dep":"D27","unit":"2702","lon":0.659,"lat":49.042}},{"arcs":[[-2366,-2474,-2354,-2413,-2464]],"type":"Polygon","properties":{"dep":"D27","unit":"2788","lon":1.059,"lat":48.849}},{"arcs":[[-2448,-2459,-2469,-2475]],"type":"Polygon","properties":{"dep":"D27","unit":"2799","lon":1.141,"lat":49.02}},{"arcs":[[-2446,2476,2477,-2386]],"type":"Polygon","properties":{"dep":"D27","unit":"2723","lon":1.487,"lat":49.086}},{"arcs":[[-2352,2478,-2364,-2414]],"type":"Polygon","properties":{"dep":"D27","unit":"2786","lon":0.927,"lat":48.741}},{"arcs":[[-2388,2479,2480,2481,2482,2483,-2471,-2470]],"type":"Polygon","properties":{"dep":"D28","unit":"2801","lon":1.492,"lat":48.81}},{"arcs":[[-2473,2484,2485,2486,2487,-2357]],"type":"Polygon","properties":{"dep":"D28","unit":"2808","lon":1.318,"lat":48.696}},{"arcs":[[2488,2489,2490,2491,2492,2493,2494,2495,2496,2497,2498]],"type":"Polygon","properties":{"dep":"D28","unit":"2815","lon":1.705,"lat":48.22}},{"arcs":[[-2497,2499,2500,2501,2502,2503]],"type":"Polygon","properties":{"dep":"D28","unit":"2807","lon":1.359,"lat":48.119}},{"arcs":[[2504,2505,2506,2507,2508,2509]],"type":"Polygon","properties":{"dep":"D28","unit":"2812","lon":1.422,"lat":48.426}},{"arcs":[[-2351,-2358,-2488,-2487,2510,2511,2512,2513,2514,2515,-2359,-2365,-2479]],"type":"Polygon","properties":{"dep":"D28","unit":"2814","lon":1.119,"lat":48.63}},{"arcs":[[-2491,-2490,2516,2517,2518,2519,2520,2521]],"type":"Polygon","properties":{"dep":"D28","unit":"2802","lon":1.731,"lat":48.444}},{"arcs":[[2522,2523,2524,2525,2526,-2515,2527,2528,2529]],"type":"Polygon","properties":{"dep":"D28","unit":"2813","lon":1.003,"lat":48.356}},{"arcs":[[-2523,-2530,2530,-2502,2531,2532,2533,2534,2535]],"type":"Polygon","properties":{"dep":"D28","unit":"2803","lon":1.12,"lat":48.165}},{"arcs":[[-2509,2536,-2498,-2504,-2503,-2531,-2529,-2528,-2514,2537,2538,2539]],"type":"Polygon","properties":{"dep":"D28","unit":"2811","lon":1.283,"lat":48.372}},{"arcs":[[-2505,-2510,-2540,-2539,2540,2541]],"type":"Polygon","properties":{"dep":"D28","unit":"2806","lon":1.374,"lat":48.48}},{"arcs":[[-2541,-2538,-2513,2542,-2518,2543,2544]],"type":"Polygon","properties":{"dep":"D28","unit":"2804","lon":1.479,"lat":48.527}},{"arcs":[[-2489,-2499,-2537,-2508,-2507,2545,-2544,-2517]],"type":"Polygon","properties":{"dep":"D28","unit":"2805","lon":1.527,"lat":48.385}},{"arcs":[[-2519,-2543,-2512,2546,-2481,2547,2548]],"type":"Polygon","properties":{"dep":"D28","unit":"2810","lon":1.576,"lat":48.612}},{"arcs":[[-2511,-2486,2549,-2483,-2482,-2547]],"type":"Polygon","properties":{"dep":"D28","unit":"2809","lon":1.457,"lat":48.676}},{"arcs":[[-2545,-2546,-2506,-2542]],"type":"Polygon","properties":{"dep":"D28","unit":"2898","lon":1.507,"lat":48.443}},{"arcs":[[-2472,-2484,-2550,-2485]],"type":"Polygon","properties":{"dep":"D28","unit":"2899","lon":1.359,"lat":48.748}},{"arcs":[[2550,2551,2552,2553,2554,2555,2556,2557]],"type":"Polygon","properties":{"dep":"D29","unit":"2909","lon":-4.215,"lat":48.177}},{"arcs":[[2558,2559,2560,2561,2562,2563]],"type":"Polygon","properties":{"dep":"D29","unit":"2925","lon":-3.533,"lat":47.909}},{"arcs":[[[2564,-2557,2565,2566,2567]],[[2568]]],"type":"MultiPolygon","properties":{"dep":"D29","unit":"2910","lon":-4.457,"lat":48.052}},{"arcs":[[-2562,-2561,2569,2570,2571,2572]],"type":"Polygon","properties":{"dep":"D29","unit":"2916","lon":-3.694,"lat":47.903}},{"arcs":[[2573,2574,2575,2576,2577]],"type":"Polygon","properties":{"dep":"D29","unit":"2911","lon":-4.028,"lat":47.904}},{"arcs":[[-1897,-1951,2578,2579,2580,2581,2582,2583,-1969,-1898]],"type":"Polygon","properties":{"dep":"D29","unit":"2907","lon":-3.748,"lat":48.321}},{"arcs":[[2584,2585,2586,2587,2588,2589,2590,-2582,2591]],"type":"Polygon","properties":{"dep":"D29","unit":"2914","lon":-4.045,"lat":48.51}},{"arcs":[[[2592,2593,2594]],[[2595,2596,2597]]],"type":"MultiPolygon","properties":{"dep":"D29","unit":"2904","lon":-4.553,"lat":48.421}},{"arcs":[[-1971,-1970,-2584,2598,2599,2600]],"type":"Polygon","properties":{"dep":"D29","unit":"2920","lon":-3.712,"lat":48.562}},{"arcs":[[-2596,2601,2602,2603,2604,2605,2606,2607]],"type":"Polygon","properties":{"dep":"D29","unit":"2918","lon":-4.476,"lat":48.516}},{"arcs":[[[-2595,2608,2609,-2602,2610]],[[2611]],[[2612]]],"type":"MultiPolygon","properties":{"dep":"D29","unit":"2927","lon":-4.697,"lat":48.419}},{"arcs":[[-2593,-2611,-2598,2613,2614,2615]],"type":"Polygon","properties":{"dep":"D29","unit":"2998","lon":-4.496,"lat":48.403}},{"arcs":[[-2580,2616,-2572,2617,-2576,2618,2619,-2555,-2554,-2553,2620]],"type":"Polygon","properties":{"dep":"D29","unit":"2906","lon":-3.935,"lat":48.138}},{"arcs":[[2621,2622,-2587,2623,-2606,-2605,-2604,2624]],"type":"Polygon","properties":{"dep":"D29","unit":"2915","lon":-4.362,"lat":48.59}},{"arcs":[[-2583,-2591,2625,2626,-2600,-2599]],"type":"Polygon","properties":{"dep":"D29","unit":"2917","lon":-3.899,"lat":48.508}},{"arcs":[[[2627,2628,-2626,-2590,-2589,-2588,-2623,2629]],[[2630]]],"type":"MultiPolygon","properties":{"dep":"D29","unit":"2926","lon":-4.016,"lat":48.653}},{"arcs":[[2631,2632,2633,2634,-2567,2635]],"type":"Polygon","properties":{"dep":"D29","unit":"2919","lon":-4.298,"lat":47.932}},{"arcs":[[-2571,2636,-2577,-2618]],"type":"Polygon","properties":{"dep":"D29","unit":"2908","lon":-3.868,"lat":47.958}},{"arcs":[[-2585,-2592,-2581,-2621,-2552,2637,2638,2639,2640,2641]],"type":"Polygon","properties":{"dep":"D29","unit":"2921","lon":-4.174,"lat":48.36}},{"arcs":[[-2641,2642,2643,-2607,-2624,-2586,-2642]],"type":"Polygon","properties":{"dep":"D29","unit":"2913","lon":-4.251,"lat":48.469}},{"arcs":[[-2632,-2636,-2566,-2556,-2620,2644,2645]],"type":"Polygon","properties":{"dep":"D29","unit":"2923","lon":-4.193,"lat":48.06}},{"arcs":[[-2634,2646]],"type":"Polygon","properties":{"dep":"D29","unit":"2922","lon":-4.225,"lat":47.826}},{"arcs":[[[-2614,-2597,-2608,-2644,2647]],[[-2639,2648]]],"type":"MultiPolygon","properties":{"dep":"D29","unit":"2912","lon":-4.384,"lat":48.361}},{"arcs":[[-2616,2649,-2609,-2594]],"type":"Polygon","properties":{"dep":"D29","unit":"2903","lon":-4.597,"lat":48.378}},{"arcs":[[-2619,-2575,2650,-2645]],"type":"Polygon","properties":{"dep":"D29","unit":"2999","lon":-4.102,"lat":48.003}},{"arcs":[[2651,2652,2653,2654,2655,2656,2657,2658]],"type":"Polygon","properties":{"dep":"D2A","unit":"2A08","lon":8.963,"lat":42.013}},{"arcs":[[-2659,2659,2660,2661]],"type":"Polygon","properties":{"dep":"D2A","unit":"2A98","lon":8.655,"lat":41.931}},{"arcs":[[[-2652,-2662,2662]],[[-2660,-2658,2663]]],"type":"MultiPolygon","properties":{"dep":"D2A","unit":"2A05","lon":8.713,"lat":41.972}},{"arcs":[[-2664,-2657,2664,2665,2666]],"type":"Polygon","properties":{"dep":"D2A","unit":"2A11","lon":8.91,"lat":41.826}},{"arcs":[[2667,2668,-2666,2669,2670,2671]],"type":"Polygon","properties":{"dep":"D2A","unit":"2A09","lon":8.975,"lat":41.634}},{"arcs":[[-2654,2672,2673,2674,2675,2676]],"type":"Polygon","properties":{"dep":"D2A","unit":"2A10","lon":8.792,"lat":42.19}},{"arcs":[[[-2668,-2672,2677,2678,2679]],[[2680]]],"type":"MultiPolygon","properties":{"dep":"D2A","unit":"2A07","lon":9.132,"lat":41.528}},{"arcs":[[-2678,-2671,2681,2682,2683]],"type":"Polygon","properties":{"dep":"D2A","unit":"2A06","lon":9.298,"lat":41.735}},{"arcs":[[-2679,-2684,2684]],"type":"Polygon","properties":{"dep":"D2A","unit":"2A99","lon":9.24,"lat":41.6}},{"arcs":[[2685,2686,2687,2688,2689,2690]],"type":"Polygon","properties":{"dep":"D2B","unit":"2B13","lon":9.434,"lat":42.177}},{"arcs":[[-2676,2691,2692,2693,2694,2695,2696,2697,2698,2699,2700,2701,2702,2703,-2688,-2687,2704,2705]],"type":"Polygon","properties":{"dep":"D2B","unit":"2B14","lon":9.159,"lat":42.445}},{"arcs":[[-2675,2706,2707,2708,-2692]],"type":"Polygon","properties":{"dep":"D2B","unit":"2B07","lon":8.791,"lat":42.454}},{"arcs":[[2709,2710,2711,2712,-2695,-2694,2713,2714,2715]],"type":"Polygon","properties":{"dep":"D2B","unit":"2B05","lon":9.265,"lat":42.619}},{"arcs":[[-2716,2716,2717,2718]],"type":"Polygon","properties":{"dep":"D2B","unit":"2B08","lon":9.406,"lat":42.849}},{"arcs":[[-2710,-2719,2719,2720,2721]],"type":"Polygon","properties":{"dep":"D2B","unit":"2B99","lon":9.425,"lat":42.686}},{"arcs":[[-2708,2722,-2714,-2693,-2709]],"type":"Polygon","properties":{"dep":"D2B","unit":"2B15","lon":9.016,"lat":42.573}},{"arcs":[[-2713,2723,2724,-2697,-2696]],"type":"Polygon","properties":{"dep":"D2B","unit":"2B06","lon":9.455,"lat":42.559}},{"arcs":[[-2703,-2702,2725,2726,2727,-2689,-2704]],"type":"Polygon","properties":{"dep":"D2B","unit":"2B10","lon":9.455,"lat":42.339}},{"arcs":[[-2699,-2698,-2725,2728,-2727,-2726,-2701,-2700]],"type":"Polygon","properties":{"dep":"D2B","unit":"2B09","lon":9.455,"lat":42.455}},{"arcs":[[-2655,-2677,-2706,-2705,2729,2730]],"type":"Polygon","properties":{"dep":"D2B","unit":"2B11","lon":9.114,"lat":42.228}},{"arcs":[[-2711,-2722,2731]],"type":"Polygon","properties":{"dep":"D2B","unit":"2B04","lon":9.408,"lat":42.652}},{"arcs":[[-2656,-2731,-2730,-2686,-2691,2732,-2682,-2670,-2665]],"type":"Polygon","properties":{"dep":"D2B","unit":"2B12","lon":9.304,"lat":41.981}},{"arcs":[[-2720,-2718,2733]],"type":"Polygon","properties":{"dep":"D2B","unit":"2B01","lon":9.429,"lat":42.716}},{"arcs":[[2734,2735,2736,2737,2738,2739,2740,2741,2742,2743,2744,2745]],"type":"Polygon","properties":{"dep":"D30","unit":"3020","lon":4.374,"lat":43.995}},{"arcs":[[2746,2747,2748,-2744,2749,2750,2751,2752,2753,2754,2755,2756,2757,2758,2759,2760,2761]],"type":"Polygon","properties":{"dep":"D30","unit":"3015","lon":4.013,"lat":43.962}},{"arcs":[[-1150,2762,2763,2764,2765,2766,2767]],"type":"Polygon","properties":{"dep":"D30","unit":"3001","lon":4.21,"lat":43.567}},{"arcs":[[-1151,-2768,-2767,2768,2769,2770]],"type":"Polygon","properties":{"dep":"D30","unit":"3021","lon":4.299,"lat":43.685}},{"arcs":[[-670,-675,2771,2772,2773,-2736,2774,2775,-664]],"type":"Polygon","properties":{"dep":"D30","unit":"3014","lon":4.518,"lat":44.247}},{"arcs":[[2776,2777,2778]],"type":"Polygon","properties":{"dep":"D30","unit":"3098","lon":4.088,"lat":44.125}},{"arcs":[[-649,-665,-2776,2779,2780,2781,2782,-644]],"type":"Polygon","properties":{"dep":"D30","unit":"3018","lon":4.182,"lat":44.239}},{"arcs":[[-1080,-1037,-1036,-1114,2783,2784,2785,-2761,-2760,2786]],"type":"Polygon","properties":{"dep":"D30","unit":"3022","lon":3.607,"lat":44.018}},{"arcs":[[-2779,2787,-2747,2788]],"type":"Polygon","properties":{"dep":"D30","unit":"3002","lon":4.037,"lat":44.071}},{"arcs":[[-1165,2789,2790,2791,2792]],"type":"Polygon","properties":{"dep":"D30","unit":"3023","lon":4.739,"lat":43.963}},{"arcs":[[-1153,2793,2794,2795,2796,2797,-2790,-1164]],"type":"Polygon","properties":{"dep":"D30","unit":"3006","lon":4.588,"lat":43.789}},{"arcs":[[-2798,-2797,2798,-2740,-2739,-2738,2799,2800,-2791]],"type":"Polygon","properties":{"dep":"D30","unit":"3016","lon":4.553,"lat":43.933}},{"arcs":[[-2766,2801,2802,2803,-2756,-2755,-2754,-2753,-2752,-2751,-2750,-2743,2804,2805,-2770,-2769]],"type":"Polygon","properties":{"dep":"D30","unit":"3007","lon":4.114,"lat":43.815}},{"arcs":[[-645,-2783,-2782,2806,-2789,-2762,-2786,2807,2808,2809,2810]],"type":"Polygon","properties":{"dep":"D30","unit":"3008","lon":4.004,"lat":44.213}},{"arcs":[[2811,-2800,-2737,-2774,2812,2813,2814]],"type":"Polygon","properties":{"dep":"D30","unit":"3005","lon":4.574,"lat":44.133}},{"arcs":[[-2735,-2746,2815,-2777,-2807,-2781,-2780,-2775]],"type":"Polygon","properties":{"dep":"D30","unit":"3003","lon":4.316,"lat":44.136}},{"arcs":[[-2796,-2795,2816,2817,-2741,-2799]],"type":"Polygon","properties":{"dep":"D30","unit":"3009","lon":4.445,"lat":43.801}},{"arcs":[[-2778,-2816,-2745,-2749,-2748,-2788]],"type":"Polygon","properties":{"dep":"D30","unit":"3004","lon":4.158,"lat":44.07}},{"arcs":[[-1152,-2771,-2806,2818,-2817,-2794]],"type":"Polygon","properties":{"dep":"D30","unit":"3019","lon":4.389,"lat":43.693}},{"arcs":[[-2815,2819,2820,-2792,-2801,-2812]],"type":"Polygon","properties":{"dep":"D30","unit":"3017","lon":4.685,"lat":44.049}},{"arcs":[[-2818,-2819,-2805,-2742]],"type":"Polygon","properties":{"dep":"D30","unit":"3099","lon":4.348,"lat":43.845}},{"arcs":[[-835,2821,2822,2823,2824,2825,2826,2827,2828,2829,2830,2831,2832]],"type":"Polygon","properties":{"dep":"D31","unit":"3106","lon":0.989,"lat":43.275}},{"arcs":[[-841,2833,2834,2835,2836,2837,2838,2839,2840,2841,-952]],"type":"Polygon","properties":{"dep":"D31","unit":"3107","lon":1.549,"lat":43.431}},{"arcs":[[-953,-2842,-2841,-2840,2842,2843,2844,2845,2846,2847,2848,-975,-942,-941,-940]],"type":"Polygon","properties":{"dep":"D31","unit":"3113","lon":1.784,"lat":43.479}},{"arcs":[[-811,2849,2850,2851,2852,2853,2854,2855,2856,2857,2858,2859,2860,2861,2862,-2823,-2822,-834,-833]],"type":"Polygon","properties":{"dep":"D31","unit":"3102","lon":0.738,"lat":42.95}},{"arcs":[[-2860,-2859,2863,2864,2865,2866,2867,-2825,-2824,-2863,-2862,-2861]],"type":"Polygon","properties":{"dep":"D31","unit":"3114","lon":0.664,"lat":43.187}},{"arcs":[[2868,2869,2870,2871,2872,2873,2874]],"type":"Polygon","properties":{"dep":"D31","unit":"3105","lon":1.401,"lat":43.705}},{"arcs":[[-2837,2875,2876,2877,2878,2879,2880,2881,-2838]],"type":"Polygon","properties":{"dep":"D31","unit":"3104","lon":1.483,"lat":43.509}},{"arcs":[[-821,-836,-2833,2882,2883,-2835,-2834,-840,-839,-838,-823,-822]],"type":"Polygon","properties":{"dep":"D31","unit":"3101","lon":1.44,"lat":43.335}},{"arcs":[[2884,-2871,2885,2886,2887]],"type":"Polygon","properties":{"dep":"D31","unit":"3103","lon":1.335,"lat":43.664}},{"arcs":[[2888,2889,-2844,2890,2891,2892,2893,-2874,2894,2895]],"type":"Polygon","properties":{"dep":"D31","unit":"3110","lon":1.611,"lat":43.696}},{"arcs":[[-2839,-2882,2896,2897,2898,-2892,-2891,-2843]],"type":"Polygon","properties":{"dep":"D31","unit":"3124","lon":1.543,"lat":43.611}},{"arcs":[[-2885,-2888,2899,2900,2901,2902,2903,2904,2905,2906,-2872]],"type":"Polygon","properties":{"dep":"D31","unit":"3108","lon":1.166,"lat":43.716}},{"arcs":[[2907,2908,-2895,-2873,-2907,2909,2910,2911,2912]],"type":"Polygon","properties":{"dep":"D31","unit":"3127","lon":1.451,"lat":43.816}},{"arcs":[[-2831,2913,2914,2915,-2902,2916,2917,2918]],"type":"Polygon","properties":{"dep":"D31","unit":"3111","lon":1.184,"lat":43.537}},{"arcs":[[-2887,2919,2920,-2917,-2901,-2900]],"type":"Polygon","properties":{"dep":"D31","unit":"3121","lon":1.273,"lat":43.624}},{"arcs":[[-2921,2921,2922,2923,-2918]],"type":"Polygon","properties":{"dep":"D31","unit":"3126","lon":1.345,"lat":43.548}},{"arcs":[[-2884,2924,-2923,2925,-2878,-2877,-2876,-2836]],"type":"Polygon","properties":{"dep":"D31","unit":"3112","lon":1.394,"lat":43.437}},{"arcs":[[-2883,-2832,-2919,-2924,-2925]],"type":"Polygon","properties":{"dep":"D31","unit":"3109","lon":1.303,"lat":43.461}},{"arcs":[[-2869,-2875,-2894,2926,2927]],"type":"Polygon","properties":{"dep":"D31","unit":"3122","lon":1.455,"lat":43.671}},{"arcs":[[-2880,2928]],"type":"Polygon","properties":{"dep":"D31","unit":"3125","lon":1.477,"lat":43.544}},{"arcs":[[-2898,2929,-2927,-2893,-2899]],"type":"Polygon","properties":{"dep":"D31","unit":"3123","lon":1.492,"lat":43.66}},{"arcs":[[-2870,-2928,-2930,-2897,-2881,-2929,-2879,-2926,-2922,-2920,-2886]],"type":"Polygon","properties":{"dep":"D31","unit":"3199","lon":1.434,"lat":43.595}},{"arcs":[[2930,2931,2932,2933,2934,2935,2936,2937,2938,2939]],"type":"Polygon","properties":{"dep":"D32","unit":"3201","lon":-0.116,"lat":43.648}},{"arcs":[[2940,2941,2942,2943,2944,2945,2946,2947]],"type":"Polygon","properties":{"dep":"D32","unit":"3205","lon":0.759,"lat":43.646}},{"arcs":[[-2941,-2948,2948,2949,2950,2951,2952,2953,2954]],"type":"Polygon","properties":{"dep":"D32","unit":"3210","lon":0.507,"lat":43.73}},{"arcs":[[-2937,2955,2956,2957,2958,2959,-2938]],"type":"Polygon","properties":{"dep":"D32","unit":"3212","lon":-0.065,"lat":43.825}},{"arcs":[[-2904,2960,2961,-2943,-2942,-2955,-2954,2962,2963,2964,2965]],"type":"Polygon","properties":{"dep":"D32","unit":"3211","lon":0.897,"lat":43.711}},{"arcs":[[-2931,-2940,2966,2967,2968,2969,2970,2971,2972,2973,2974,2975,-2932]],"type":"Polygon","properties":{"dep":"D32","unit":"3216","lon":0.197,"lat":43.523}},{"arcs":[[-2868,2976,2977,2978,2979,-2945,2980,2981,-2826]],"type":"Polygon","properties":{"dep":"D32","unit":"3203","lon":0.59,"lat":43.417}},{"arcs":[[-2949,-2947,2982,2983]],"type":"Polygon","properties":{"dep":"D32","unit":"3299","lon":0.598,"lat":43.646}},{"arcs":[[-2903,-2916,2984,-2961]],"type":"Polygon","properties":{"dep":"D32","unit":"3213","lon":1.062,"lat":43.594}},{"arcs":[[-2983,-2946,-2980,2985,2986]],"type":"Polygon","properties":{"dep":"D32","unit":"3206","lon":0.595,"lat":43.554}},{"arcs":[[-2979,2987,2988,2989,2990,-2974,-2973,-2972,-2971,-2970,2991,-2986]],"type":"Polygon","properties":{"dep":"D32","unit":"3215","lon":0.386,"lat":43.437}},{"arcs":[[-2964,-2963,-2953,2992,2993,2994,2995,2996,-2965]],"type":"Polygon","properties":{"dep":"D32","unit":"3209","lon":0.685,"lat":43.837}},{"arcs":[[2997,2998,2999,3000,-2993,-2952,3001]],"type":"Polygon","properties":{"dep":"D32","unit":"3207","lon":0.412,"lat":43.931}},{"arcs":[[-2984,-2987,-2992,-2969,3002,-2950]],"type":"Polygon","properties":{"dep":"D32","unit":"3204","lon":0.461,"lat":43.616}},{"arcs":[[-2939,-2960,3003,-2998,-3002,-2951,-3003,-2968,-2967]],"type":"Polygon","properties":{"dep":"D32","unit":"3208","lon":0.258,"lat":43.73}},{"arcs":[[-3004,-2959,3004,3005,-2999]],"type":"Polygon","properties":{"dep":"D32","unit":"3202","lon":0.204,"lat":43.928}},{"arcs":[[-3001,3006,3007,3008,3009,3010,-2995,-2994]],"type":"Polygon","properties":{"dep":"D32","unit":"3214","lon":0.603,"lat":43.984}},{"arcs":[[-2828,-2827,-2982,-2981,-2944,-2962,-2985,-2915,-2914,-2830,-2829]],"type":"Polygon","properties":{"dep":"D32","unit":"3217","lon":0.889,"lat":43.48}},{"arcs":[[-1579,-2145,-2144,-2143,-2134,3011,3012,3013,3014,3015,3016,-1580]],"type":"Polygon","properties":{"dep":"D33","unit":"3321","lon":-0.107,"lat":45.013}},{"arcs":[[-2136,-2110,3017,3018,3019,3020,3021,3022,3023,3024,3025,3026,3027,3028,3029,-2131,-2130]],"type":"Polygon","properties":{"dep":"D33","unit":"3327","lon":0.01,"lat":44.658}},{"arcs":[[3030,3031,3032,3033,3034,3035,3036,3037,3038]],"type":"Polygon","properties":{"dep":"D33","unit":"3326","lon":-0.495,"lat":44.95}},{"arcs":[[3039,3040,3041,3042,3043]],"type":"Polygon","properties":{"dep":"D33","unit":"3301","lon":-0.995,"lat":44.755}},{"arcs":[[-1566,-1582,3044,-3034,3045,3046,3047]],"type":"Polygon","properties":{"dep":"D33","unit":"3313","lon":-0.633,"lat":45.217}},{"arcs":[[3048,3049,3050,3051,3052,3053,3054,3055,3056,3057]],"type":"Polygon","properties":{"dep":"D33","unit":"3315","lon":-0.715,"lat":44.537}},{"arcs":[[-3049,-3058,3058,3059,3060,3061,-3027,-3026,3062,3063,3064,-3050]],"type":"Polygon","properties":{"dep":"D33","unit":"3312","lon":-0.249,"lat":44.681}},{"arcs":[[[3065,3066,3067,3068]],[[3069]]],"type":"MultiPolygon","properties":{"dep":"D33","unit":"3332","lon":-1.171,"lat":44.559}},{"arcs":[[-3033,3070,3071,3072,-3041,3073,3074,-3047,-3046]],"type":"Polygon","properties":{"dep":"D33","unit":"3330","lon":-0.969,"lat":45.03}},{"arcs":[[-3031,-3039,3075,3076,3077,3078]],"type":"Polygon","properties":{"dep":"D33","unit":"3317","lon":-0.523,"lat":44.906}},{"arcs":[[3079,-3036,3080,-3015,3081]],"type":"Polygon","properties":{"dep":"D33","unit":"3316","lon":-0.304,"lat":44.94}},{"arcs":[[-3024,-3023,3082,3083,3084,-3051,-3065,-3064,-3063,-3025]],"type":"Polygon","properties":{"dep":"D33","unit":"3329","lon":-0.253,"lat":44.372}},{"arcs":[[-1581,-3017,-3016,-3081,-3035,-3045]],"type":"Polygon","properties":{"dep":"D33","unit":"3320","lon":-0.411,"lat":45.088}},{"arcs":[[-3056,3085,3086,3087,3088,-3057]],"type":"Polygon","properties":{"dep":"D33","unit":"3308","lon":-0.565,"lat":44.663}},{"arcs":[[-2132,-3030,-3029,-3028,-3062,-3061,-3060,3089,-3037,-3080,-3082,-3014,-3013,-3012,-2133]],"type":"Polygon","properties":{"dep":"D33","unit":"3310","lon":-0.16,"lat":44.835}},{"arcs":[[-3076,-3038,-3090,-3059,-3089,3090,3091,3092]],"type":"Polygon","properties":{"dep":"D33","unit":"3311","lon":-0.423,"lat":44.795}},{"arcs":[[-1545,-1551,-1567,-3048,-3075,3093,-1597]],"type":"Polygon","properties":{"dep":"D33","unit":"3322","lon":-0.961,"lat":45.359}},{"arcs":[[-3092,3094,3095,3096,3097]],"type":"Polygon","properties":{"dep":"D33","unit":"3396","lon":-0.547,"lat":44.803}},{"arcs":[[-3032,-3079,3098,3099,3100,3101,3102,3103,-3071]],"type":"Polygon","properties":{"dep":"D33","unit":"3325","lon":-0.622,"lat":44.942}},{"arcs":[[-3078,3104,-3097,3105,3106,3107,-3101,3108,-3099]],"type":"Polygon","properties":{"dep":"D33","unit":"3397","lon":-0.567,"lat":44.849}},{"arcs":[[-3077,-3093,-3098,-3105]],"type":"Polygon","properties":{"dep":"D33","unit":"3309","lon":-0.518,"lat":44.834}},{"arcs":[[-3100,-3109]],"type":"Polygon","properties":{"dep":"D33","unit":"3307","lon":-0.601,"lat":44.883}},{"arcs":[[-3055,3109,3110,3111,3112,-3086]],"type":"Polygon","properties":{"dep":"D33","unit":"3323","lon":-0.718,"lat":44.724}},{"arcs":[[-3113,3113,3114,3115,-3087]],"type":"Polygon","properties":{"dep":"D33","unit":"3324","lon":-0.616,"lat":44.772}},{"arcs":[[-3043,-3110,-3054,3116,-3067,3117]],"type":"Polygon","properties":{"dep":"D33","unit":"3314","lon":-1.019,"lat":44.572}},{"arcs":[[-3103,3118,3119]],"type":"Polygon","properties":{"dep":"D33","unit":"3318","lon":-0.681,"lat":44.868}},{"arcs":[[-3042,-3073,3120,3121,3122,-3111]],"type":"Polygon","properties":{"dep":"D33","unit":"3319","lon":-0.815,"lat":44.803}},{"arcs":[[-3108,3123,-3122,3124,-3119,-3102]],"type":"Polygon","properties":{"dep":"D33","unit":"3398","lon":-0.682,"lat":44.834}},{"arcs":[[-3107,3125,-3114,-3112,-3123,-3124]],"type":"Polygon","properties":{"dep":"D33","unit":"3399","lon":-0.675,"lat":44.793}},{"arcs":[[-3072,-3104,-3120,-3125,-3121]],"type":"Polygon","properties":{"dep":"D33","unit":"3328","lon":-0.757,"lat":44.91}},{"arcs":[[-3096,3126,-3115,-3126,-3106]],"type":"Polygon","properties":{"dep":"D33","unit":"3331","lon":-0.591,"lat":44.806}},{"arcs":[[-3095,-3091,-3088,-3116,-3127]],"type":"Polygon","properties":{"dep":"D33","unit":"3333","lon":-0.565,"lat":44.769}},{"arcs":[[3127,3128,3129,3130,3131,3132,3133,3134,3135]],"type":"Polygon","properties":{"dep":"D34","unit":"3421","lon":3.399,"lat":43.43}},{"arcs":[[3136,3137,3138,3139,3140,3141,-3130,-3129,3142,3143]],"type":"Polygon","properties":{"dep":"D34","unit":"3414","lon":3.582,"lat":43.455}},{"arcs":[[-3131,-3142,3144,3145,3146,3147]],"type":"Polygon","properties":{"dep":"D34","unit":"3401","lon":3.469,"lat":43.311}},{"arcs":[[-987,-994,-993,-992,-995,-999,-935,3148,3149,-1083,3150,3151,3152,-1001]],"type":"Polygon","properties":{"dep":"D34","unit":"3424","lon":2.829,"lat":43.495}},{"arcs":[[-1081,-2787,-2759,3153,3154,3155,3156,3157,3158]],"type":"Polygon","properties":{"dep":"D34","unit":"3411","lon":3.368,"lat":43.789}},{"arcs":[[-1082,-3159,3159,3160,-3137,-3144,3161,3162,-3151]],"type":"Polygon","properties":{"dep":"D34","unit":"3406","lon":3.167,"lat":43.677}},{"arcs":[[-3158,-3157,-3156,3163,3164,-3138,-3161,-3160]],"type":"Polygon","properties":{"dep":"D34","unit":"3409","lon":3.584,"lat":43.655}},{"arcs":[[-2758,3165,3166,3167,3168,3169,3170,-3164,-3155,-3154]],"type":"Polygon","properties":{"dep":"D34","unit":"3423","lon":3.851,"lat":43.729}},{"arcs":[[-3128,-3136,3171,3172,3173,3174,-3152,-3163,-3162,-3143]],"type":"Polygon","properties":{"dep":"D34","unit":"3405","lon":3.156,"lat":43.496}},{"arcs":[[3175,3176,-3167,3177,3178]],"type":"Polygon","properties":{"dep":"D34","unit":"3407","lon":3.992,"lat":43.699}},{"arcs":[[-3140,3179,3180,3181,3182]],"type":"Polygon","properties":{"dep":"D34","unit":"3408","lon":3.744,"lat":43.46}},{"arcs":[[[-3134,3183,3184,-3172,-3135]],[[3185,-3132,-3148,3186,3187]]],"type":"MultiPolygon","properties":{"dep":"D34","unit":"3404","lon":3.298,"lat":43.414}},{"arcs":[[-3184,-3133,-3186,-3188,3188,-3174,3189]],"type":"Polygon","properties":{"dep":"D34","unit":"3498","lon":3.219,"lat":43.341}},{"arcs":[[-2765,3190,-3178,-3166,-2757,-2804,-2803,-2802]],"type":"Polygon","properties":{"dep":"D34","unit":"3412","lon":4.109,"lat":43.697}},{"arcs":[[-2764,3191,3192,3193,3194,3195,-3176,-3179,-3191]],"type":"Polygon","properties":{"dep":"D34","unit":"3413","lon":4.02,"lat":43.599}},{"arcs":[[-3168,-3177,-3196,3196,-3169]],"type":"Polygon","properties":{"dep":"D34","unit":"3420","lon":3.899,"lat":43.658}},{"arcs":[[-3190,-3173,-3185]],"type":"Polygon","properties":{"dep":"D34","unit":"3403","lon":3.196,"lat":43.404}},{"arcs":[[-3165,3197,3198,3199,-3193,3200,-3180,-3139]],"type":"Polygon","properties":{"dep":"D34","unit":"3422","lon":3.752,"lat":43.553}},{"arcs":[[-3171,3202,3203,-3198]],"type":"Polygon","properties":{"dep":"D34","unit":"3415","lon":3.794,"lat":43.65}},{"arcs":[[-3200,-3199,-3204,3204,-3194]],"type":"Polygon","properties":{"dep":"D34","unit":"3410","lon":3.92,"lat":43.568}},{"arcs":[[-1002,-3153,-3175,-3189,-3187,-3147,3205,-1003]],"type":"Polygon","properties":{"dep":"D34","unit":"3402","lon":3.179,"lat":43.276}},{"arcs":[[-3197,-3195,-3205,-3203,-3170]],"type":"Polygon","properties":{"dep":"D34","unit":"3499","lon":3.869,"lat":43.613}},{"arcs":[[-3141,-3183,3206,-3145]],"type":"Polygon","properties":{"dep":"D34","unit":"3425","lon":3.668,"lat":43.409}},{"arcs":[[3207,3208,3209,3210,3211,3212]],"type":"Polygon","properties":{"dep":"D35","unit":"3513","lon":-1.513,"lat":48.192}},{"arcs":[[3213,3214,3215,3216,3217,3218,3219]],"type":"Polygon","properties":{"dep":"D35","unit":"3512","lon":-1.56,"lat":48.001}},{"arcs":[[3220,3221,3222,3223,3224,3225,3226,-3210,3227,3228]],"type":"Polygon","properties":{"dep":"D35","unit":"3501","lon":-1.521,"lat":48.405}},{"arcs":[[3229,3230,3231,3232,3233,3234,3235,-3215,3236,3237,3238]],"type":"Polygon","properties":{"dep":"D35","unit":"3510","lon":-1.271,"lat":47.947}},{"arcs":[[-1903,3239,3240,3241,3242,3243,3244,3245,-3223,3246]],"type":"Polygon","properties":{"dep":"D35","unit":"3507","lon":-1.689,"lat":48.542}},{"arcs":[[3247,3248,3249,-3217,-3216,-3236,3250,3251,3252]],"type":"Polygon","properties":{"dep":"D35","unit":"3502","lon":-1.655,"lat":47.833}},{"arcs":[[-3248,-3253,3253,3254,3255,3256,3257]],"type":"Polygon","properties":{"dep":"D35","unit":"3517","lon":-1.941,"lat":47.771}},{"arcs":[[-3230,-3239,-3238,3258,3259,3260,-3212,3261,3262,3263,3264]],"type":"Polygon","properties":{"dep":"D35","unit":"3527","lon":-1.207,"lat":48.164}},{"arcs":[[3265,3266,3267,-3249,-3258,3268,3269,3270]],"type":"Polygon","properties":{"dep":"D35","unit":"3511","lon":-1.907,"lat":47.947}},{"arcs":[[-1904,-3247,-3222,3271,3272]],"type":"Polygon","properties":{"dep":"D35","unit":"3506","lon":-1.805,"lat":48.395}},{"arcs":[[3273,3274,3275,-3263,3276,3277,3278,-3226,3279,3280,3281,3282]],"type":"Polygon","properties":{"dep":"D35","unit":"3509","lon":-1.147,"lat":48.427}},{"arcs":[[-1940,-1905,-3273,3283,3284,3285,3286],[3287]],"type":"Polygon","properties":{"dep":"D35","unit":"3515","lon":-2.069,"lat":48.202}},{"arcs":[[[-3266,-3271,3288,3289,-3286,-3285,3290,3291]],[[-3288]]],"type":"MultiPolygon","properties":{"dep":"D35","unit":"3516","lon":-2.029,"lat":48.046}},{"arcs":[[-3209,3292,3293,3294,3295,3296,-3228]],"type":"Polygon","properties":{"dep":"D35","unit":"3503","lon":-1.656,"lat":48.171}},{"arcs":[[-3262,-3211,-3227,-3279,3297,-3277]],"type":"Polygon","properties":{"dep":"D35","unit":"3508","lon":-1.29,"lat":48.308}},{"arcs":[[-3208,-3213,-3261,-3260,-3259,-3237,-3214,-3220,3298,-3293]],"type":"Polygon","properties":{"dep":"D35","unit":"3505","lon":-1.424,"lat":48.069}},{"arcs":[[-3292,3299,3300,3301,3302,3303,-3267]],"type":"Polygon","properties":{"dep":"D35","unit":"3524","lon":-1.837,"lat":48.085}},{"arcs":[[-3268,-3304,3304,3305,3306,-3218,-3250]],"type":"Polygon","properties":{"dep":"D35","unit":"3504","lon":-1.716,"lat":48.018}},{"arcs":[[3307,-3242,3308,3309,3310]],"type":"Polygon","properties":{"dep":"D35","unit":"3525","lon":-1.902,"lat":48.653}},{"arcs":[[-3294,-3299,-3219,-3307,3311]],"type":"Polygon","properties":{"dep":"D35","unit":"3520","lon":-1.582,"lat":48.081}},{"arcs":[[-3221,-3229,-3297,3312,-3300,-3291,-3284,-3272]],"type":"Polygon","properties":{"dep":"D35","unit":"3514","lon":-1.759,"lat":48.243}},{"arcs":[[[-1964,3313,-1965]],[[-3241,3314,3315,-3309]]],"type":"MultiPolygon","properties":{"dep":"D35","unit":"3526","lon":-2.071,"lat":48.599}},{"arcs":[[-3278,-3298]],"type":"Polygon","properties":{"dep":"D35","unit":"3597","lon":-1.194,"lat":48.354}},{"arcs":[[-3296,3316,-3301,-3313]],"type":"Polygon","properties":{"dep":"D35","unit":"3523","lon":-1.778,"lat":48.152}},{"arcs":[[-3295,-3312,-3306,3317,-3302,-3317]],"type":"Polygon","properties":{"dep":"D35","unit":"3598","lon":-1.667,"lat":48.11}},{"arcs":[[-3305,-3303,-3318]],"type":"Polygon","properties":{"dep":"D35","unit":"3522","lon":-1.722,"lat":48.075}},{"arcs":[[-3310,-3316,3318]],"type":"Polygon","properties":{"dep":"D35","unit":"3599","lon":-1.98,"lat":48.64}},{"arcs":[[-2025,3319,3320,3321,3322,-2034,-2033]],"type":"Polygon","properties":{"dep":"D36","unit":"3611","lon":1.812,"lat":46.553}},{"arcs":[[-1625,3323,3324,3325,3326,3327,3328,3329,3330,-1672]],"type":"Polygon","properties":{"dep":"D36","unit":"3610","lon":1.762,"lat":47.01}},{"arcs":[[3331,-3322,3332,3333,3334,3335,-3326,3336]],"type":"Polygon","properties":{"dep":"D36","unit":"3601","lon":1.817,"lat":46.763}},{"arcs":[[-1673,-3331,3337,3338,3339,3340]],"type":"Polygon","properties":{"dep":"D36","unit":"3613","lon":1.49,"lat":47.139}},{"arcs":[[-2024,3341,3342,-3333,-3321,-3320]],"type":"Polygon","properties":{"dep":"D36","unit":"3602","lon":1.553,"lat":46.589}},{"arcs":[[-3330,-3329,3343,3344,3345,3346,3347,-3338]],"type":"Polygon","properties":{"dep":"D36","unit":"3604","lon":1.448,"lat":46.898}},{"arcs":[[-3346,3348,3349,3350,3351,3352]],"type":"Polygon","properties":{"dep":"D36","unit":"3603","lon":1.123,"lat":46.74}},{"arcs":[[-2023,3353,3354,-3349,-3345,3355,-3342]],"type":"Polygon","properties":{"dep":"D36","unit":"3612","lon":1.36,"lat":46.528}},{"arcs":[[-1609,-2030,-2035,-3323,-3332,-3337,-3325,3356]],"type":"Polygon","properties":{"dep":"D36","unit":"3608","lon":2.08,"lat":46.538}},{"arcs":[[-1671,-1670,-1610,-3357,-3324,-1624]],"type":"Polygon","properties":{"dep":"D36","unit":"3609","lon":2.034,"lat":46.945}},{"arcs":[[-3335,3357,3358]],"type":"Polygon","properties":{"dep":"D36","unit":"3699","lon":1.693,"lat":46.802}},{"arcs":[[-3359,3359,-3327,-3336]],"type":"Polygon","properties":{"dep":"D36","unit":"3605","lon":1.704,"lat":46.843}},{"arcs":[[-3358,-3334,-3343,-3356,-3344,-3328,-3360]],"type":"Polygon","properties":{"dep":"D36","unit":"3689","lon":1.616,"lat":46.784}},{"arcs":[[-3352,3360,3361,3362,3363,3364,-3347,-3353]],"type":"Polygon","properties":{"dep":"D37","unit":"3706","lon":0.832,"lat":46.965}},{"arcs":[[3365,3366,3367,3368,3369,3370,3371,3372,3373]],"type":"Polygon","properties":{"dep":"D37","unit":"3708","lon":0.3,"lat":47.405}},{"arcs":[[3374,3375,3376,3377,3378,3379,3380,3381,3382]],"type":"Polygon","properties":{"dep":"D37","unit":"3701","lon":0.999,"lat":47.437}},{"arcs":[[3383,3384,3385,-3363,3386,3387,3388]],"type":"Polygon","properties":{"dep":"D37","unit":"3713","lon":0.456,"lat":47.084}},{"arcs":[[3389,3390,3391,3392,3393,3394,-3364,-3386,3395]],"type":"Polygon","properties":{"dep":"D37","unit":"3711","lon":0.716,"lat":47.258}},{"arcs":[[-3375,-3383,-3382,3396,3397,3398,3399,-3394,3400]],"type":"Polygon","properties":{"dep":"D37","unit":"3703","lon":1.002,"lat":47.307}},{"arcs":[[-3374,-3373,3401,3402,3403,3404,3405,-3378,3406,3407,3408]],"type":"Polygon","properties":{"dep":"D37","unit":"3704","lon":0.688,"lat":47.591}},{"arcs":[[-3384,-3389,3409,3410,-3368,3411,-3390,-3396,-3385]],"type":"Polygon","properties":{"dep":"D37","unit":"3705","lon":0.218,"lat":47.184}},{"arcs":[[-3348,-3365,-3395,-3400,-3399,3412,-3339]],"type":"Polygon","properties":{"dep":"D37","unit":"3709","lon":1.097,"lat":47.133}},{"arcs":[[-3391,-3412,-3367,3413,3414,3415]],"type":"Polygon","properties":{"dep":"D37","unit":"3702","lon":0.556,"lat":47.335}},{"arcs":[[-3401,-3393,3416,3417,3418,3419,3420,3421,-3376]],"type":"Polygon","properties":{"dep":"D37","unit":"3710","lon":0.792,"lat":47.36}},{"arcs":[[-3407,-3377,-3422,-3421,3422,3423,3424,-3408]],"type":"Polygon","properties":{"dep":"D37","unit":"3719","lon":0.793,"lat":47.462}},{"arcs":[[-3366,-3409,-3425,3425,-3414]],"type":"Polygon","properties":{"dep":"D37","unit":"3712","lon":0.556,"lat":47.405}},{"arcs":[[-3416,3426,-3417,-3392]],"type":"Polygon","properties":{"dep":"D37","unit":"3707","lon":0.653,"lat":47.333}},{"arcs":[[-3419,3427,-3423,-3420]],"type":"Polygon","properties":{"dep":"D37","unit":"3714","lon":0.738,"lat":47.361}},{"arcs":[[-3418,-3427,-3415,-3426,-3424,-3428]],"type":"Polygon","properties":{"dep":"D37","unit":"3799","lon":0.689,"lat":47.384}},{"arcs":[[-33,3428,3429,3430,3431,3432,3433,3434,3435,3436,3437,3438,3439,3440,3441]],"type":"Polygon","properties":{"dep":"D38","unit":"3803","lon":5.765,"lat":45.376}},{"arcs":[[3442,3443,3444,3445,3446,3447,3448,3449,3450,3451]],"type":"Polygon","properties":{"dep":"D38","unit":"3813","lon":6.041,"lat":45.353}},{"arcs":[[-638,3452,3453,3454,3455,3456,3457,-2312,-2273]],"type":"Polygon","properties":{"dep":"D38","unit":"3821","lon":4.988,"lat":45.397}},{"arcs":[[-2320,-2337,-2315,3458,3459,3460,3461,3462,3463,3464,3465,-2321]],"type":"Polygon","properties":{"dep":"D38","unit":"3823","lon":5.364,"lat":45.155}},{"arcs":[[-495,-473,-469,3466,3467,3468,3469,3470,3471,3472,-3451,3473]],"type":"Polygon","properties":{"dep":"D38","unit":"3819","lon":6.086,"lat":45.059}},{"arcs":[[-468,-502,-2272,-2271,-2323,3474,3475,-3468,-3467]],"type":"Polygon","properties":{"dep":"D38","unit":"3815","lon":5.783,"lat":44.88}},{"arcs":[[-78,-98,3476,3477,3478,3479,3480,3481,3482,3483]],"type":"Polygon","properties":{"dep":"D38","unit":"3804","lon":5.242,"lat":45.724}},{"arcs":[[-3439,-3438,-3437,3484,3485,3486,3487,3488,3489,3490,3491]],"type":"Polygon","properties":{"dep":"D38","unit":"3808","lon":5.465,"lat":45.446}},{"arcs":[[3492,3493,3494,3495,3496,-3482,3497,3498,3499]],"type":"Polygon","properties":{"dep":"D38","unit":"3826","lon":5.082,"lat":45.6}},{"arcs":[[-3455,-3454,3500,3501,3502,3503,3504,3505,3506,3507,3508,3509,-3456]],"type":"Polygon","properties":{"dep":"D38","unit":"3828","lon":4.871,"lat":45.447}},{"arcs":[[-34,-3442,-3441,3510,3511,-3479,-3478,-3477,-97,-96]],"type":"Polygon","properties":{"dep":"D38","unit":"3817","lon":5.437,"lat":45.716}},{"arcs":[[-3440,-3492,-3491,3512,-3511]],"type":"Polygon","properties":{"dep":"D38","unit":"3824","lon":5.456,"lat":45.565}},{"arcs":[[-3465,-3464,3513,-3487,-3486,3514,3515,3516,3517]],"type":"Polygon","properties":{"dep":"D38","unit":"3825","lon":5.52,"lat":45.307}},{"arcs":[[-2313,-3458,-3457,-3510,3518,-3494,3519,3520,-3489,-3488,-3514,-3463,-3462,-3461,-3460,-3459,-2314]],"type":"Polygon","properties":{"dep":"D38","unit":"3801","lon":5.234,"lat":45.365}},{"arcs":[[-3443,-3452,-3473,3521,3522,-3433,-3446,-3445,-3444]],"type":"Polygon","properties":{"dep":"D38","unit":"3818","lon":5.918,"lat":45.205}},{"arcs":[[-3523,-3522,-3472,3523,3524,3525,3526,3527,-3434]],"type":"Polygon","properties":{"dep":"D38","unit":"3816","lon":5.79,"lat":45.228}},{"arcs":[[-3490,-3521,3528,3529,-3498,-3481,-3480,-3512,-3513]],"type":"Polygon","properties":{"dep":"D38","unit":"3802","lon":5.31,"lat":45.602}},{"arcs":[[3530,3531,3532,3533,3534]],"type":"Polygon","properties":{"dep":"D38","unit":"3805","lon":5.722,"lat":45.147}},{"arcs":[[-3531,-3535,3535,-3470,-3469,-3476,3536,3537,3538]],"type":"Polygon","properties":{"dep":"D38","unit":"3820","lon":5.687,"lat":45.063}},{"arcs":[[-3516,-3515,-3485,-3436,3539,3540,-3517]],"type":"Polygon","properties":{"dep":"D38","unit":"3829","lon":5.63,"lat":45.368}},{"arcs":[[3541,3542,3543,-3495,-3519,-3509,3544,3545,3546,3547]],"type":"Polygon","properties":{"dep":"D38","unit":"3827","lon":4.934,"lat":45.562}},{"arcs":[[-3493,-3500,-3499,-3530,-3529,-3520]],"type":"Polygon","properties":{"dep":"D38","unit":"3814","lon":5.235,"lat":45.546}},{"arcs":[[3548,3549,3550,-3532,-3539,3551]],"type":"Polygon","properties":{"dep":"D38","unit":"3806","lon":5.663,"lat":45.142}},{"arcs":[[-2322,-3466,-3518,-3541,3552,3553,3554,-3549,-3552,-3538,-3537,-3475]],"type":"Polygon","properties":{"dep":"D38","unit":"3807","lon":5.566,"lat":45.129}},{"arcs":[[-3555,3555,-3550]],"type":"Polygon","properties":{"dep":"D38","unit":"3897","lon":5.678,"lat":45.193}},{"arcs":[[-3528,-3527,3556,-3553,-3540,-3435]],"type":"Polygon","properties":{"dep":"D38","unit":"3810","lon":5.713,"lat":45.261}},{"arcs":[[-3536,-3534,3557,-3525,-3524,-3471]],"type":"Polygon","properties":{"dep":"D38","unit":"3822","lon":5.777,"lat":45.174}},{"arcs":[[-3533,-3551,-3556,-3554,-3557,-3526,-3558]],"type":"Polygon","properties":{"dep":"D38","unit":"3898","lon":5.722,"lat":45.181}},{"arcs":[[-3545,-3508,-3507,3558]],"type":"Polygon","properties":{"dep":"D38","unit":"3899","lon":4.884,"lat":45.519}},{"arcs":[[-1837,-1836,3559,3560,3561,3562,3563]],"type":"Polygon","properties":{"dep":"D39","unit":"3917","lon":5.386,"lat":46.968}},{"arcs":[[-2245,3564,3565,3566,3567,3568,3569,3570,-2155,-2224,-2223,-2222]],"type":"Polygon","properties":{"dep":"D39","unit":"3901","lon":5.839,"lat":46.909}},{"arcs":[[-3568,3571,3572,3573,3574,3575,3576,3577,3578,-3562,3579,3580,-3569]],"type":"Polygon","properties":{"dep":"D39","unit":"3903","lon":5.524,"lat":46.831}},{"arcs":[[-83,3581,3582,3583,3584,3585,3586,3587,3588,3589,3590,3591,3592,-108,-107]],"type":"Polygon","properties":{"dep":"D39","unit":"3909","lon":5.621,"lat":46.436}},{"arcs":[[-1831,-1830,-1829,3593,-2157,3594,3595,3596,3597]],"type":"Polygon","properties":{"dep":"D39","unit":"3902","lon":5.572,"lat":47.181}},{"arcs":[[-2244,3598,3599,3600,3601,3602,3603,-3566,-3565]],"type":"Polygon","properties":{"dep":"D39","unit":"3904","lon":5.897,"lat":46.762}},{"arcs":[[-82,-81,-80,3604,3605,3606,3607,3608,3609,-3585,-3584,-3583,-3582]],"type":"Polygon","properties":{"dep":"D39","unit":"3913","lon":5.442,"lat":46.421}},{"arcs":[[-2242,-2241,3610,3611,-3590,-3589,-3588,3612,3613,-3602,-3601,-3600,-3599,-2243]],"type":"Polygon","properties":{"dep":"D39","unit":"3915","lon":6.073,"lat":46.771}},{"arcs":[[-2156,-3571,-3570,-3581,-3580,-3561,3614,3615,-3596,-3595]],"type":"Polygon","properties":{"dep":"D39","unit":"3910","lon":5.7,"lat":47.096}},{"arcs":[[3616,-3591,-3612,3617,3618]],"type":"Polygon","properties":{"dep":"D39","unit":"3914","lon":5.858,"lat":46.449}},{"arcs":[[-3587,3619,3620,3621,3622,-3574,-3573,-3572,-3567,-3604,-3603,-3614,-3613]],"type":"Polygon","properties":{"dep":"D39","unit":"3912","lon":5.675,"lat":46.708}},{"arcs":[[-53,-109,-3593,-3592,-3617,-3619,3623,-115,-120,-94,-47]],"type":"Polygon","properties":{"dep":"D39","unit":"3916","lon":5.855,"lat":46.323}},{"arcs":[[-116,-3624,-3618,-3611,-2240,3624]],"type":"Polygon","properties":{"dep":"D39","unit":"3911","lon":6.024,"lat":46.505}},{"arcs":[[-3586,-3610,-3609,3625,3626,3627,3628,-3620]],"type":"Polygon","properties":{"dep":"D39","unit":"3908","lon":5.527,"lat":46.639}},{"arcs":[[-1832,-3598,3629,3630,3631,-1834]],"type":"Polygon","properties":{"dep":"D39","unit":"3905","lon":5.433,"lat":47.105}},{"arcs":[[-3623,-3622,3632,-3628,-3627,3633,3634,-3576,-3575]],"type":"Polygon","properties":{"dep":"D39","unit":"3907","lon":5.525,"lat":46.691}},{"arcs":[[-1835,-3632,3635,-3615,-3560]],"type":"Polygon","properties":{"dep":"D39","unit":"3906","lon":5.454,"lat":47.047}},{"arcs":[[-3597,-3616,-3636,-3631,-3630]],"type":"Polygon","properties":{"dep":"D39","unit":"3998","lon":5.496,"lat":47.09}},{"arcs":[[-3633,-3621,-3629]],"type":"Polygon","properties":{"dep":"D39","unit":"3999","lon":5.558,"lat":46.674}},{"arcs":[[-2936,3636,3637,3638,3639,3640,3641,-2957,-2956]],"type":"Polygon","properties":{"dep":"D40","unit":"4001","lon":-0.316,"lat":43.784}},{"arcs":[[3642,3643,3644,3645,3646,3647,3648,3649,3650,3651,3652,3653,3654]],"type":"Polygon","properties":{"dep":"D40","unit":"4004","lon":-0.792,"lat":43.678}},{"arcs":[[3655,3656,3657,3658,3659,3660,3661,-3647]],"type":"Polygon","properties":{"dep":"D40","unit":"4005","lon":-1.057,"lat":43.77}},{"arcs":[[3662,3663,3664,-3660,3665,3666]],"type":"Polygon","properties":{"dep":"D40","unit":"4009","lon":-1.316,"lat":43.753}},{"arcs":[[-3638,3667,3668,3669,3670,-3654,-3653,-3652,-3651,3671,3672,-3639]],"type":"Polygon","properties":{"dep":"D40","unit":"4002","lon":-0.553,"lat":43.657}},{"arcs":[[3673,3674,3675,-3672,-3650,-3649,-3648,-3662,3676,3677]],"type":"Polygon","properties":{"dep":"D40","unit":"4013","lon":-0.883,"lat":43.934}},{"arcs":[[-3005,-2958,-3642,3678,3679,-3674,-3678,3680,3681,-3052,-3085,3682,3683,3684]],"type":"Polygon","properties":{"dep":"D40","unit":"4008","lon":-0.513,"lat":44.131}},{"arcs":[[3685,-3681,-3677,-3661,-3665,3686,3687]],"type":"Polygon","properties":{"dep":"D40","unit":"4003","lon":-1.215,"lat":44.055}},{"arcs":[[-3053,-3682,-3686,-3688,3688,-3068,-3117]],"type":"Polygon","properties":{"dep":"D40","unit":"4007","lon":-1.119,"lat":44.4}},{"arcs":[[-3644,3689,3690,3691,3692,3693,3694,-3666,-3659,3695,-3645]],"type":"Polygon","properties":{"dep":"D40","unit":"4012","lon":-1.043,"lat":43.571}},{"arcs":[[-3696,-3658,3696,-3656,-3646]],"type":"Polygon","properties":{"dep":"D40","unit":"4006","lon":-1.052,"lat":43.654}},{"arcs":[[-3663,-3667,-3695,3697,3698,3699]],"type":"Polygon","properties":{"dep":"D40","unit":"4014","lon":-1.306,"lat":43.615}},{"arcs":[[-3640,-3673,-3676,3700,3701,3702]],"type":"Polygon","properties":{"dep":"D40","unit":"4011","lon":-0.499,"lat":43.832}},{"arcs":[[-3699,3703,3704,3705,3706,3707,3708]],"type":"Polygon","properties":{"dep":"D40","unit":"4015","lon":-1.379,"lat":43.541}},{"arcs":[[-3679,-3641,-3703,3709,-3701,-3675,-3680]],"type":"Polygon","properties":{"dep":"D40","unit":"4010","lon":-0.631,"lat":43.953}},{"arcs":[[-3697,-3657]],"type":"Polygon","properties":{"dep":"D40","unit":"4098","lon":-1.053,"lat":43.706}},{"arcs":[[-3702,-3710]],"type":"Polygon","properties":{"dep":"D40","unit":"4099","lon":-0.493,"lat":43.904}},{"arcs":[[-3405,3710,3711,3712,3713,3714,3715,3716,3717]],"type":"Polygon","properties":{"dep":"D41","unit":"4106","lon":0.944,"lat":47.726}},{"arcs":[[-3340,-3413,-3398,3718,3719,3720,3721]],"type":"Polygon","properties":{"dep":"D41","unit":"4111","lon":1.387,"lat":47.281}},{"arcs":[[-3714,3722]],"type":"Polygon","properties":{"dep":"D41","unit":"4114","lon":1,"lat":47.841}},{"arcs":[[-2532,-2501,3723,3724,3725,3726,3727,-3716,3728,3729]],"type":"Polygon","properties":{"dep":"D41","unit":"4101","lon":1.422,"lat":47.817}},{"arcs":[[-3379,-3406,-3718,-3717,-3728,3730,3731,3732]],"type":"Polygon","properties":{"dep":"D41","unit":"4108","lon":1.176,"lat":47.597}},{"arcs":[[-2533,-3730,-3729,-3715,-3723,-3713,3733,3734,3735,3736]],"type":"Polygon","properties":{"dep":"D41","unit":"4109","lon":1.027,"lat":47.982}},{"arcs":[[-3726,3737,3738,3739,3740,3741,3742,-3721,3743,3744,3745,3746]],"type":"Polygon","properties":{"dep":"D41","unit":"4105","lon":1.643,"lat":47.621}},{"arcs":[[-1674,-3341,-3722,-3743,3747,3748,-1643,-1606,-1676]],"type":"Polygon","properties":{"dep":"D41","unit":"4112","lon":1.665,"lat":47.325}},{"arcs":[[3749,3750,3751,-3732]],"type":"Polygon","properties":{"dep":"D41","unit":"4199","lon":1.315,"lat":47.588}},{"arcs":[[-3380,-3733,-3752,3752,3753,3754]],"type":"Polygon","properties":{"dep":"D41","unit":"4104","lon":1.262,"lat":47.468}},{"arcs":[[-3751,3755,-3746,-3745,3756,3757,3758,-3753]],"type":"Polygon","properties":{"dep":"D41","unit":"4115","lon":1.443,"lat":47.497}},{"arcs":[[-1644,-3749,3759,-3741,-3740,3760,3761,3762]],"type":"Polygon","properties":{"dep":"D41","unit":"4113","lon":2.015,"lat":47.52}},{"arcs":[[-3731,-3727,-3747,-3756,-3750]],"type":"Polygon","properties":{"dep":"D41","unit":"4103","lon":1.359,"lat":47.644}},{"arcs":[[[-3397,-3381,-3755,3763,-3719]],[[-3758,3764]]],"type":"MultiPolygon","properties":{"dep":"D41","unit":"4107","lon":1.194,"lat":47.386}},{"arcs":[[-3757,-3744,-3720,-3764,-3754,-3759,-3765]],"type":"Polygon","properties":{"dep":"D41","unit":"4189","lon":1.349,"lat":47.43}},{"arcs":[[-3742,-3760,-3748]],"type":"Polygon","properties":{"dep":"D41","unit":"4110","lon":1.753,"lat":47.426}},{"arcs":[[3765,3766,3767,3768,3769,3770,3771,3772,3773,3774,3775]],"type":"Polygon","properties":{"dep":"D42","unit":"4220","lon":4.164,"lat":45.444}},{"arcs":[[3776,3777,3778,3779,3780,3781,3782,3783,3784,3785]],"type":"Polygon","properties":{"dep":"D42","unit":"4202","lon":3.943,"lat":45.758}},{"arcs":[[-308,-344,3786,3787,3788,3789,3790,-3785,3791,-310,-309]],"type":"Polygon","properties":{"dep":"D42","unit":"4209","lon":3.9,"lat":46.051}},{"arcs":[[3792,-3766,-3776,3793,3794,3795]],"type":"Polygon","properties":{"dep":"D42","unit":"4201","lon":4.284,"lat":45.591}},{"arcs":[[3796,3797,3798,3799,-3788,3800,3801,3802,3803,3804,3805]],"type":"Polygon","properties":{"dep":"D42","unit":"4203","lon":4.22,"lat":46.112}},{"arcs":[[3806,-3777,-3786,-3791,3807,3808,-3798,3809,3810,3811,3812,3813,3814]],"type":"Polygon","properties":{"dep":"D42","unit":"4204","lon":4.198,"lat":45.908}},{"arcs":[[-3779,3815,-3794,-3775,3816]],"type":"Polygon","properties":{"dep":"D42","unit":"4207","lon":4.074,"lat":45.557}},{"arcs":[[-643,-684,3817,3818,3819,3820,3821,3822,3823,3824,3825,-3503,-3502,-3501,-3453,-637,-636,-678]],"type":"Polygon","properties":{"dep":"D42","unit":"4208","lon":4.555,"lat":45.362}},{"arcs":[[-3770,3826,3827,3828,3829,3830]],"type":"Polygon","properties":{"dep":"D42","unit":"4206","lon":4.266,"lat":45.395}},{"arcs":[[-3793,-3796,3831,3832,3833,3834,3835,3836,3837,3838,3839,3840,3841,-3767]],"type":"Polygon","properties":{"dep":"D42","unit":"4221","lon":4.421,"lat":45.51}},{"arcs":[[-3795,-3816,-3778,-3807,-3815,-3814,3842,3843,3844,-3833,-3832]],"type":"Polygon","properties":{"dep":"D42","unit":"4205","lon":4.286,"lat":45.73}},{"arcs":[[3845,3846,-3822,-3821,3847,-3829]],"type":"Polygon","properties":{"dep":"D42","unit":"4215","lon":4.339,"lat":45.391}},{"arcs":[[-3836,3848,3849,3850,3851,-3825,3852]],"type":"Polygon","properties":{"dep":"D42","unit":"4210","lon":4.603,"lat":45.524}},{"arcs":[[-3837,-3853,-3824,3853,3854]],"type":"Polygon","properties":{"dep":"D42","unit":"4213","lon":4.505,"lat":45.472}},{"arcs":[[-3800,3855,3856,-3789]],"type":"Polygon","properties":{"dep":"D42","unit":"4211","lon":4.063,"lat":46.092}},{"arcs":[[-3808,-3790,-3857,3857]],"type":"Polygon","properties":{"dep":"D42","unit":"4212","lon":4.03,"lat":46.037}},{"arcs":[[-3809,-3858,-3856,-3799]],"type":"Polygon","properties":{"dep":"D42","unit":"4298","lon":4.085,"lat":46.053}},{"arcs":[[-3846,-3828,3858,-3768,-3842,3859,3860]],"type":"Polygon","properties":{"dep":"D42","unit":"4216","lon":4.331,"lat":45.44}},{"arcs":[[[-3823,-3847,-3861,3861,3862,-3839,3863,-3854]],[[-3827,-3769,-3859]]],"type":"MultiPolygon","properties":{"dep":"D42","unit":"4299","lon":4.403,"lat":45.427}},{"arcs":[[[-3840,-3863,3864]],[[-3855,-3864,-3838]]],"type":"MultiPolygon","properties":{"dep":"D42","unit":"4218","lon":4.449,"lat":45.457}},{"arcs":[[-3865,-3862,-3860,-3841]],"type":"Polygon","properties":{"dep":"D42","unit":"4217","lon":4.351,"lat":45.469}},{"arcs":[[-1362,3865,3866,3867,3868,3869,3870,3871,3872]],"type":"Polygon","properties":{"dep":"D43","unit":"4317","lon":3.218,"lat":45.325}},{"arcs":[[3873,3874,3875,3876,3877,3878,3879]],"type":"Polygon","properties":{"dep":"D43","unit":"4313","lon":3.885,"lat":45.08}},{"arcs":[[-3773,3880,3881,3882,3883,3884,-3870,3885]],"type":"Polygon","properties":{"dep":"D43","unit":"4311","lon":3.713,"lat":45.286}},{"arcs":[[-655,3886,3887,3888,3889,3890,3891,3892,-590]],"type":"Polygon","properties":{"dep":"D43","unit":"4308","lon":4.124,"lat":44.955}},{"arcs":[[-654,-653,3893,3894,3895,3896,3897,3898,-3887]],"type":"Polygon","properties":{"dep":"D43","unit":"4318","lon":3.817,"lat":44.894}},{"arcs":[[-1346,-1363,-3873,3899,-3871,-3885,-3884,3900,3901,-1347]],"type":"Polygon","properties":{"dep":"D43","unit":"4310","lon":3.52,"lat":45.183}},{"arcs":[[-3892,3902,3903,3904,3905,3906,3907]],"type":"Polygon","properties":{"dep":"D43","unit":"4319","lon":4.136,"lat":45.142}},{"arcs":[[3908,-3888,-3899,3909,3910]],"type":"Polygon","properties":{"dep":"D43","unit":"4315","lon":3.937,"lat":45}},{"arcs":[[-3848,-3820,3911,3912,3913,-3771,-3831,-3830]],"type":"Polygon","properties":{"dep":"D43","unit":"4301","lon":4.252,"lat":45.348}},{"arcs":[[-1348,-3902,3914,3915,-3895,3916,3917,3918]],"type":"Polygon","properties":{"dep":"D43","unit":"4307","lon":3.528,"lat":44.972}},{"arcs":[[-3772,-3914,3919,3920,-3904,3921,-3881]],"type":"Polygon","properties":{"dep":"D43","unit":"4302","lon":4.055,"lat":45.283}},{"arcs":[[-3903,-3891,-3890,3922,-3877,3923,3924,-3882,-3922]],"type":"Polygon","properties":{"dep":"D43","unit":"4306","lon":3.977,"lat":45.133}},{"arcs":[[-3872,-3900]],"type":"Polygon","properties":{"dep":"D43","unit":"4304","lon":3.403,"lat":45.281}},{"arcs":[[-3883,-3925,-3924,-3876,3925,-3896,-3916,-3915,-3901]],"type":"Polygon","properties":{"dep":"D43","unit":"4316","lon":3.753,"lat":45.11}},{"arcs":[[-3909,-3911,3926,-3879,-3878,-3923,-3889]],"type":"Polygon","properties":{"dep":"D43","unit":"4314","lon":3.964,"lat":45.044}},{"arcs":[[3927,-3897,-3926,-3875]],"type":"Polygon","properties":{"dep":"D43","unit":"4312","lon":3.846,"lat":45.041}},{"arcs":[[-3913,3928,-3905,-3921,-3920]],"type":"Polygon","properties":{"dep":"D43","unit":"4309","lon":4.176,"lat":45.294}},{"arcs":[[-591,-3893,-3908,-3907,3929,-3818,-683,-623]],"type":"Polygon","properties":{"dep":"D43","unit":"4303","lon":4.352,"lat":45.194}},{"arcs":[[-3874,-3880,-3927,-3910,-3898,-3928]],"type":"Polygon","properties":{"dep":"D43","unit":"4399","lon":3.896,"lat":45.028}},{"arcs":[[-3819,-3930,-3906,-3929,-3912]],"type":"Polygon","properties":{"dep":"D43","unit":"4305","lon":4.266,"lat":45.261}},{"arcs":[[-3255,-3254,-3252,3930,3931,3932,3933,3934]],"type":"Polygon","properties":{"dep":"D44","unit":"4408","lon":-1.64,"lat":47.61}},{"arcs":[[3935,3936,3937,3938,3939,3940,3941,3942]],"type":"Polygon","properties":{"dep":"D44","unit":"4407","lon":-1.352,"lat":47.089}},{"arcs":[[3943,3944,3945,3946,3947,3948]],"type":"Polygon","properties":{"dep":"D44","unit":"4401","lon":-1.142,"lat":47.467}},{"arcs":[[3949,3950,3951,3952]],"type":"Polygon","properties":{"dep":"D44","unit":"4489","lon":-1.923,"lat":47.137}},{"arcs":[[3953,3954,3955,3956,3957,3958,3959,3960,3961]],"type":"Polygon","properties":{"dep":"D44","unit":"4409","lon":-2.358,"lat":47.396}},{"arcs":[[-3256,-3935,3962,3963,3964,-3956,3965,3966]],"type":"Polygon","properties":{"dep":"D44","unit":"4419","lon":-2.014,"lat":47.549}},{"arcs":[[3967,3968,3969,3970]],"type":"Polygon","properties":{"dep":"D44","unit":"4429","lon":-1.458,"lat":47.207}},{"arcs":[[[3971,-3960,3972,3973]],[[3974,3975,-3959,3976]]],"type":"MultiPolygon","properties":{"dep":"D44","unit":"4402","lon":-2.333,"lat":47.302}},{"arcs":[[-3951,3977,3978,3979,3980]],"type":"Polygon","properties":{"dep":"D44","unit":"4420","lon":-2.062,"lat":47.143}},{"arcs":[[3981,3982,3983,-3957,-3965,-3964]],"type":"Polygon","properties":{"dep":"D44","unit":"4427","lon":-2.115,"lat":47.336}},{"arcs":[[-3943,3984,3985,3986,3987,3988,3989,3990]],"type":"Polygon","properties":{"dep":"D44","unit":"4428","lon":-1.617,"lat":47.014}},{"arcs":[[-3982,-3963,-3934,-3933,3991,3992,3993,3994]],"type":"Polygon","properties":{"dep":"D44","unit":"4403","lon":-1.943,"lat":47.393}},{"arcs":[[-3969,3995,3996,3997,3998,-3937,3999]],"type":"Polygon","properties":{"dep":"D44","unit":"4430","lon":-1.305,"lat":47.208}},{"arcs":[[4000,4001,4002,4003,4004,4005,-3989]],"type":"Polygon","properties":{"dep":"D44","unit":"4421","lon":-1.652,"lat":47.157}},{"arcs":[[-3950,-3953,4006,4007,-4001,-3988,4008,4009,-3978]],"type":"Polygon","properties":{"dep":"D44","unit":"4410","lon":-1.83,"lat":47.043}},{"arcs":[[-3968,4010,4011,4012,-3996]],"type":"Polygon","properties":{"dep":"D44","unit":"4404","lon":-1.454,"lat":47.293}},{"arcs":[[-3932,4013,-3945,4014,-4013,4015,-3992]],"type":"Polygon","properties":{"dep":"D44","unit":"4418","lon":-1.444,"lat":47.456}},{"arcs":[[-3251,-3235,-3234,4016,4017,-3946,-4014,-3931]],"type":"Polygon","properties":{"dep":"D44","unit":"4406","lon":-1.354,"lat":47.686}},{"arcs":[[-3993,-4016,-4012,4018,4019,4020]],"type":"Polygon","properties":{"dep":"D44","unit":"4405","lon":-1.614,"lat":47.343}},{"arcs":[[-3936,-3991,4021,4022,-3970,-4000]],"type":"Polygon","properties":{"dep":"D44","unit":"4431","lon":-1.458,"lat":47.148}},{"arcs":[[-3952,-3981,4023,4024,-3983,-3995,4025,-4002,-4008,-4007]],"type":"Polygon","properties":{"dep":"D44","unit":"4423","lon":-2.018,"lat":47.249}},{"arcs":[[-4003,-4026,-3994,-4021,4026,4027]],"type":"Polygon","properties":{"dep":"D44","unit":"4424","lon":-1.707,"lat":47.238}},{"arcs":[[-3971,-4023,4028,-4005,4029,4030,-4019,-4011]],"type":"Polygon","properties":{"dep":"D44","unit":"4496","lon":-1.548,"lat":47.229}},{"arcs":[[-4031,4031,-4027,-4020]],"type":"Polygon","properties":{"dep":"D44","unit":"4425","lon":-1.623,"lat":47.275}},{"arcs":[[-4006,-4029,-4022,-3990]],"type":"Polygon","properties":{"dep":"D44","unit":"4497","lon":-1.545,"lat":47.175}},{"arcs":[[-4004,-4028,-4032,-4030]],"type":"Polygon","properties":{"dep":"D44","unit":"4498","lon":-1.634,"lat":47.225}},{"arcs":[[-3975,-3977,-3958,-3984,-4025,4032]],"type":"Polygon","properties":{"dep":"D44","unit":"4499","lon":-2.253,"lat":47.283}},{"arcs":[[-1661,-1646,4033,4034,4035,4036,4037,4038,-1662]],"type":"Polygon","properties":{"dep":"D45","unit":"4507","lon":2.799,"lat":47.648}},{"arcs":[[-4037,4039,4040,4041,4042,4043,4044,4045,4046,4047,4048]],"type":"Polygon","properties":{"dep":"D45","unit":"4508","lon":2.515,"lat":47.897}},{"arcs":[[4049,-4045,4050,4051,4052]],"type":"Polygon","properties":{"dep":"D45","unit":"4502","lon":2.785,"lat":48.007}},{"arcs":[[-2494,4053,4054,4055,4056,4057,4058,4059,-2495]],"type":"Polygon","properties":{"dep":"D45","unit":"4517","lon":2.084,"lat":48.194}},{"arcs":[[-3761,-3739,4060,4061,4062,4063]],"type":"Polygon","properties":{"dep":"D45","unit":"4505","lon":1.961,"lat":47.737}},{"arcs":[[-2496,-4060,-4059,4064,4065,4066,4067,4068,-3724,-2500]],"type":"Polygon","properties":{"dep":"D45","unit":"4510","lon":1.709,"lat":47.993}},{"arcs":[[-4056,4069,4070,4071,4072,4073,-4042,4074,4075,4076,-4057]],"type":"Polygon","properties":{"dep":"D45","unit":"4509","lon":2.366,"lat":48.119}},{"arcs":[[-3725,-4069,4077,-4061,-3738]],"type":"Polygon","properties":{"dep":"D45","unit":"4501","lon":1.751,"lat":47.772}},{"arcs":[[-4050,-4053,4078,-4043,-4074,4079,4080,4081,4082,4083,4084,-4047,-4046]],"type":"Polygon","properties":{"dep":"D45","unit":"4504","lon":2.933,"lat":48.041}},{"arcs":[[4085,4086,4087,4088,4089]],"type":"Polygon","properties":{"dep":"D45","unit":"4518","lon":2.02,"lat":47.912}},{"arcs":[[-1645,-3763,4090,4091,-4040,-4036,-4035,-4034]],"type":"Polygon","properties":{"dep":"D45","unit":"4521","lon":2.422,"lat":47.719}},{"arcs":[[-4041,-4092,4092,4093,-4087,4094,-4076,-4075]],"type":"Polygon","properties":{"dep":"D45","unit":"4503","lon":2.243,"lat":47.93}},{"arcs":[[-4090,4095,4096,-4065,-4058,-4077,-4095,-4086]],"type":"Polygon","properties":{"dep":"D45","unit":"4506","lon":2.071,"lat":47.979}},{"arcs":[[-4067,4097,4098,4099]],"type":"Polygon","properties":{"dep":"D45","unit":"4519","lon":1.832,"lat":47.909}},{"arcs":[[-4051,-4044,-4079,-4052]],"type":"Polygon","properties":{"dep":"D45","unit":"4511","lon":2.67,"lat":47.972}},{"arcs":[[-3762,-4064,4100,-4088,-4094,-4093,-4091]],"type":"Polygon","properties":{"dep":"D45","unit":"4520","lon":2.149,"lat":47.789}},{"arcs":[[-4062,-4078,-4068,-4100,4101]],"type":"Polygon","properties":{"dep":"D45","unit":"4512","lon":1.866,"lat":47.859}},{"arcs":[[-4063,-4102,-4099,4102,-4096,-4089,-4101]],"type":"Polygon","properties":{"dep":"D45","unit":"4599","lon":1.901,"lat":47.904}},{"arcs":[[-4066,-4097,-4103,-4098]],"type":"Polygon","properties":{"dep":"D45","unit":"4515","lon":1.863,"lat":47.952}},{"arcs":[[4103,4104,4105,4106,4107,4108,4109,4110,4111]],"type":"Polygon","properties":{"dep":"D46","unit":"4612","lon":1.269,"lat":44.421}},{"arcs":[[4112,4113,4114,4115,4116,4117,4118,4119,4120,4121]],"type":"Polygon","properties":{"dep":"D46","unit":"4610","lon":1.698,"lat":44.776}},{"arcs":[[-1397,4122,4123,4124,4125,-4115,-4114,4126,4127,-1381,-1398]],"type":"Polygon","properties":{"dep":"D46","unit":"4611","lon":2.056,"lat":44.774}},{"arcs":[[-2072,-2096,4128,-4118,4129,4130,4131]],"type":"Polygon","properties":{"dep":"D46","unit":"4609","lon":1.38,"lat":44.743}},{"arcs":[[4132,4133,4134,4135,4136,4137]],"type":"Polygon","properties":{"dep":"D46","unit":"4602","lon":1.489,"lat":44.49}},{"arcs":[[-2073,-4132,4138,-4104,-4112,-4111,4139,4140,4141]],"type":"Polygon","properties":{"dep":"D46","unit":"4615","lon":1.112,"lat":44.506}},{"arcs":[[-1066,4142,4143,4144,4145,-4109,4146,-4138,4147,4148]],"type":"Polygon","properties":{"dep":"D46","unit":"4613","lon":1.412,"lat":44.305}},{"arcs":[[-4113,-4122,4149,-4127]],"type":"Polygon","properties":{"dep":"D46","unit":"4616","lon":1.886,"lat":44.821}},{"arcs":[[-1044,4150,4151,4152,-4123,-1396,-1395,-1047,-1045]],"type":"Polygon","properties":{"dep":"D46","unit":"4608","lon":2.114,"lat":44.643}},{"arcs":[[-1698,4153,-4120,4154,4155,-1745]],"type":"Polygon","properties":{"dep":"D46","unit":"4614","lon":1.62,"lat":44.951}},{"arcs":[[-1043,4156,-4125,-4124,-4153,4157,-4151]],"type":"Polygon","properties":{"dep":"D46","unit":"4607","lon":1.933,"lat":44.598}},{"arcs":[[-1382,-4128,-4150,-4121,-4154,-1697,-1696,-1702]],"type":"Polygon","properties":{"dep":"D46","unit":"4606","lon":2,"lat":44.925}},{"arcs":[[-1068,-1067,-4149,-4148,-4137,4158,-4116,-4126,-4157,-1042]],"type":"Polygon","properties":{"dep":"D46","unit":"4605","lon":1.706,"lat":44.547}},{"arcs":[[-4139,-4131,-4130,-4117,-4159,-4136,-4135,4159,4160,-4105]],"type":"Polygon","properties":{"dep":"D46","unit":"4604","lon":1.425,"lat":44.606}},{"arcs":[[-4134,4161,4162,-4160]],"type":"Polygon","properties":{"dep":"D46","unit":"4698","lon":1.444,"lat":44.448}},{"arcs":[[-1746,-4156,-4155,-4119,-4129,-2095,-2094]],"type":"Polygon","properties":{"dep":"D46","unit":"4617","lon":1.498,"lat":44.852}},{"arcs":[[-4133,-4147,-4108,-4107,4163,-4162]],"type":"Polygon","properties":{"dep":"D46","unit":"4603","lon":1.482,"lat":44.377}},{"arcs":[[-4158,-4152]],"type":"Polygon","properties":{"dep":"D46","unit":"4699","lon":2.025,"lat":44.606}},{"arcs":[[-4163,-4164,-4106,-4161]],"type":"Polygon","properties":{"dep":"D46","unit":"4601","lon":1.39,"lat":44.475}},{"arcs":[[4164,4165,4166,4167]],"type":"Polygon","properties":{"dep":"D47","unit":"4797","lon":0.626,"lat":44.202}},{"arcs":[[-2109,4168,4169,4170,4171,4172,4173,4174,-3021,-3020,-3019,-3018]],"type":"Polygon","properties":{"dep":"D47","unit":"4707","lon":0.212,"lat":44.609}},{"arcs":[[-2107,4175,4176,4177,-4169,-2108]],"type":"Polygon","properties":{"dep":"D47","unit":"4719","lon":0.484,"lat":44.616}},{"arcs":[[4178,4179,4180,4181,4182,4183,4184,4185]],"type":"Polygon","properties":{"dep":"D47","unit":"4706","lon":0.497,"lat":44.306}},{"arcs":[[4186,-4181,4187,-4170,-4178,-4177,4188,4189,4190,4191]],"type":"Polygon","properties":{"dep":"D47","unit":"4712","lon":0.563,"lat":44.447}},{"arcs":[[-3084,4192,4193,4194,4195,4196,4197,4198,-3683]],"type":"Polygon","properties":{"dep":"D47","unit":"4708","lon":0.082,"lat":44.278}},{"arcs":[[-4179,-4186,4199,4200,4201,-4198,-4197,4202]],"type":"Polygon","properties":{"dep":"D47","unit":"4711","lon":0.294,"lat":44.231}},{"arcs":[[-3006,-3685,-3684,-4199,-4202,-4201,4203,-3007,-3000]],"type":"Polygon","properties":{"dep":"D47","unit":"4705","lon":0.352,"lat":44.09}},{"arcs":[[-2064,-2074,-4142,-4141,4204,4205,4206,4207,4208]],"type":"Polygon","properties":{"dep":"D47","unit":"4709","lon":0.958,"lat":44.477}},{"arcs":[[-3009,4209,4210,4211,4212,4213,4214,4215,4216]],"type":"Polygon","properties":{"dep":"D47","unit":"4717","lon":0.729,"lat":44.148}},{"arcs":[[-3008,-4204,-4200,-4185,4217,-4165,4218,4219,-4210]],"type":"Polygon","properties":{"dep":"D47","unit":"4715","lon":0.562,"lat":44.142}},{"arcs":[[4220,4221,-4207,4222,4223,4224,-4215,-4214,4225,-4183,4226]],"type":"Polygon","properties":{"dep":"D47","unit":"4716","lon":0.831,"lat":44.272}},{"arcs":[[-4166,-4218,-4184,-4226,-4213,4227]],"type":"Polygon","properties":{"dep":"D47","unit":"4701","lon":0.661,"lat":44.247}},{"arcs":[[-2065,-4209,4228,4229,-4190,-4189,-4176,-2106]],"type":"Polygon","properties":{"dep":"D47","unit":"4710","lon":0.737,"lat":44.558}},{"arcs":[[-3022,-4175,-4174,4230,4231,-4193,-3083]],"type":"Polygon","properties":{"dep":"D47","unit":"4713","lon":0.068,"lat":44.487}},{"arcs":[[-4187,-4192,4232,4233,-4221,-4227,-4182]],"type":"Polygon","properties":{"dep":"D47","unit":"4721","lon":0.688,"lat":44.364}},{"arcs":[[4234,-4195,-4194,-4232,4235,-4172]],"type":"Polygon","properties":{"dep":"D47","unit":"4714","lon":0.249,"lat":44.469}},{"arcs":[[-4167,-4228,-4212,-4211,-4220,4236]],"type":"Polygon","properties":{"dep":"D47","unit":"4702","lon":0.654,"lat":44.175}},{"arcs":[[-4171,-4188,-4180,-4203,-4196,-4235]],"type":"Polygon","properties":{"dep":"D47","unit":"4718","lon":0.395,"lat":44.421}},{"arcs":[[-4233,-4191,-4230,4237]],"type":"Polygon","properties":{"dep":"D47","unit":"4720","lon":0.674,"lat":44.443}},{"arcs":[[-4231,-4173,-4236]],"type":"Polygon","properties":{"dep":"D47","unit":"4798","lon":0.172,"lat":44.505}},{"arcs":[[-4168,-4237,-4219]],"type":"Polygon","properties":{"dep":"D47","unit":"4704","lon":0.598,"lat":44.194}},{"arcs":[[-4234,-4238,-4229,-4208,-4222]],"type":"Polygon","properties":{"dep":"D47","unit":"4799","lon":0.743,"lat":44.425}},{"arcs":[[-1095,-1108,-1351,4238,4239,4240,4241,4242,-1111]],"type":"Polygon","properties":{"dep":"D48","unit":"4801","lon":3.161,"lat":44.693}},{"arcs":[[-1350,4243,-4239]],"type":"Polygon","properties":{"dep":"D48","unit":"4812","lon":3.295,"lat":44.821}},{"arcs":[[-3918,4244,4245,4246,4247,4248]],"type":"Polygon","properties":{"dep":"D48","unit":"4806","lon":3.642,"lat":44.665}},{"arcs":[[-651,-646,-2811,-2810,4249,4250,4251,4252,-4246,4253]],"type":"Polygon","properties":{"dep":"D48","unit":"4813","lon":3.767,"lat":44.44}},{"arcs":[[4254,-4241,4255,4256]],"type":"Polygon","properties":{"dep":"D48","unit":"4808","lon":3.342,"lat":44.613}},{"arcs":[[-652,-4254,-4245,-3917,-3894]],"type":"Polygon","properties":{"dep":"D48","unit":"4807","lon":3.806,"lat":44.718}},{"arcs":[[-4255,-4257,4257,4258,-4252,4259,4260,-4242]],"type":"Polygon","properties":{"dep":"D48","unit":"4803","lon":3.364,"lat":44.531}},{"arcs":[[-1112,-4243,-4261,4261]],"type":"Polygon","properties":{"dep":"D48","unit":"4802","lon":3.256,"lat":44.371}},{"arcs":[[-2809,-2808,-2785,4262,-4250]],"type":"Polygon","properties":{"dep":"D48","unit":"4804","lon":3.737,"lat":44.24}},{"arcs":[[-1349,-3919,-4249,-4248,4263,-4258,-4256,-4240,-4244]],"type":"Polygon","properties":{"dep":"D48","unit":"4811","lon":3.427,"lat":44.751}},{"arcs":[[-1113,-4262,-4260,-4251,-4263,-2784]],"type":"Polygon","properties":{"dep":"D48","unit":"4805","lon":3.41,"lat":44.247}},{"arcs":[[-4247,-4253,-4259,-4264]],"type":"Polygon","properties":{"dep":"D48","unit":"4899","lon":3.476,"lat":44.525}},{"arcs":[[-3370,4264,4265,4266]],"type":"Polygon","properties":{"dep":"D49","unit":"4915","lon":-0.008,"lat":47.366}},{"arcs":[[4267,4268,4269,4270,4271,4272,4273,4274]],"type":"Polygon","properties":{"dep":"D49","unit":"4914","lon":-0.239,"lat":47.181}},{"arcs":[[4275,4276,4277,4278,4279,4280,4281]],"type":"Polygon","properties":{"dep":"D49","unit":"4998","lon":-0.555,"lat":47.476}},{"arcs":[[-3233,4282,4283,4284,4285,4286,4287,-3947,-4018,-4017]],"type":"Polygon","properties":{"dep":"D49","unit":"4920","lon":-0.977,"lat":47.674}},{"arcs":[[-3411,4288,-4270,4289,-4265,-3369]],"type":"Polygon","properties":{"dep":"D49","unit":"4919","lon":-0.087,"lat":47.265}},{"arcs":[[4290,4291,4292,4293,4294,4295,-4274,4296]],"type":"Polygon","properties":{"dep":"D49","unit":"4911","lon":-0.639,"lat":47.238}},{"arcs":[[-4278,4297,4298,4299]],"type":"Polygon","properties":{"dep":"D49","unit":"4904","lon":-0.611,"lat":47.522}},{"arcs":[[4300,4301,4302,4303,4304,-4286,4305,4306,4307,4308,4309]],"type":"Polygon","properties":{"dep":"D49","unit":"4921","lon":-0.501,"lat":47.683}},{"arcs":[[-3371,-4267,4310,4311,4312,-4309,4313,4314]],"type":"Polygon","properties":{"dep":"D49","unit":"4908","lon":-0.048,"lat":47.556}},{"arcs":[[-4277,4315,4316,4317,4318,-4298]],"type":"Polygon","properties":{"dep":"D49","unit":"4903","lon":-0.695,"lat":47.468}},{"arcs":[[-3998,4319,-4292,4320,4321]],"type":"Polygon","properties":{"dep":"D49","unit":"4909","lon":-0.986,"lat":47.22}},{"arcs":[[-3948,-4288,4322,-4317,4323,4324,-4294,4325]],"type":"Polygon","properties":{"dep":"D49","unit":"4910","lon":-0.829,"lat":47.458}},{"arcs":[[[-4282,4326,4327,-4295,-4325,4328]],[[4329,4330]]],"type":"MultiPolygon","properties":{"dep":"D49","unit":"4917","lon":-0.511,"lat":47.398}},{"arcs":[[-4276,-4329,-4324,-4316]],"type":"Polygon","properties":{"dep":"D49","unit":"4902","lon":-0.608,"lat":47.432}},{"arcs":[[-4279,-4300,4331,-4303,-4302,4332]],"type":"Polygon","properties":{"dep":"D49","unit":"4905","lon":-0.554,"lat":47.567}},{"arcs":[[-4268,-4275,-4296,-4328,4333,-4331,4334,4335]],"type":"Polygon","properties":{"dep":"D49","unit":"4986","lon":-0.413,"lat":47.346}},{"arcs":[[-4291,-4297,-4273,4336,4337,4338,4339,-4321]],"type":"Polygon","properties":{"dep":"D49","unit":"4913","lon":-0.621,"lat":47.083}},{"arcs":[[-3944,-3949,-4326,-4293,-4320,-3997,-4015]],"type":"Polygon","properties":{"dep":"D49","unit":"4916","lon":-1.182,"lat":47.307}},{"arcs":[[-4280,-4333,-4301,-4310,-4313,4340,4341]],"type":"Polygon","properties":{"dep":"D49","unit":"4906","lon":-0.364,"lat":47.572}},{"arcs":[[4342,4343,4344,-4339]],"type":"Polygon","properties":{"dep":"D49","unit":"4999","lon":-0.882,"lat":47.052}},{"arcs":[[-3938,-3999,-4322,-4340,-4345,4345]],"type":"Polygon","properties":{"dep":"D49","unit":"4918","lon":-1.036,"lat":47.083}},{"arcs":[[-4299,-4319,4346,-4304,-4332]],"type":"Polygon","properties":{"dep":"D49","unit":"4989","lon":-0.675,"lat":47.55}},{"arcs":[[-4281,-4342,-4341,-4312,4347,-4335,-4330,-4334,-4327]],"type":"Polygon","properties":{"dep":"D49","unit":"4907","lon":-0.376,"lat":47.459}},{"arcs":[[-4269,-4336,-4348,-4311,-4266,-4290]],"type":"Polygon","properties":{"dep":"D49","unit":"4985","lon":-0.242,"lat":47.338}},{"arcs":[[-4287,-4305,-4347,-4318,-4323]],"type":"Polygon","properties":{"dep":"D49","unit":"4987","lon":-0.819,"lat":47.576}},{"arcs":[[4348,4349,4350,4351,4352,4353,4354,4355]],"type":"Polygon","properties":{"dep":"D50","unit":"5022","lon":-1.229,"lat":49.131}},{"arcs":[[4356,4357,4358,4359,4360,-4354,4361,4362]],"type":"Polygon","properties":{"dep":"D50","unit":"5001","lon":-1.38,"lat":49.164}},{"arcs":[[-1266,4363,4364,4365,4366,4367,-4356,-4355,-4361,4368,4369]],"type":"Polygon","properties":{"dep":"D50","unit":"5018","lon":-1.098,"lat":49.182}},{"arcs":[[4370,4371,4372,4373,4374,4375,4376]],"type":"Polygon","properties":{"dep":"D50","unit":"5003","lon":-1.467,"lat":48.849}},{"arcs":[[4377,4378,4379]],"type":"Polygon","properties":{"dep":"D50","unit":"5026","lon":-1.368,"lat":49.63}},{"arcs":[[4380,4381,4382,4383,4384,-4369,-4360,4385]],"type":"Polygon","properties":{"dep":"D50","unit":"5005","lon":-1.358,"lat":49.371}},{"arcs":[[-3224,-3246,-3245,4386,4387,4388,4389,4390,4391]],"type":"Polygon","properties":{"dep":"D50","unit":"5019","lon":-1.463,"lat":48.577}},{"arcs":[[4392,4393,-4390,4394]],"type":"Polygon","properties":{"dep":"D50","unit":"5084","lon":-1.343,"lat":48.668}},{"arcs":[[-4378,4395,-4383,4396,4397,4398,4399,4400]],"type":"Polygon","properties":{"dep":"D50","unit":"5025","lon":-1.433,"lat":49.511}},{"arcs":[[-4393,4401,4402,-4376,4403,4404]],"type":"Polygon","properties":{"dep":"D50","unit":"5002","lon":-1.44,"lat":48.724}},{"arcs":[[-4374,-4373,4405,4406,4407,-4352,4408,4409]],"type":"Polygon","properties":{"dep":"D50","unit":"5020","lon":-1.317,"lat":48.976}},{"arcs":[[-1305,4410,4411,4412,4413,4414,4415]],"type":"Polygon","properties":{"dep":"D50","unit":"5016","lon":-0.879,"lat":48.635}},{"arcs":[[4416,4417,4418,4419,4420,4421,4422,4423]],"type":"Polygon","properties":{"dep":"D50","unit":"5017","lon":-1.791,"lat":49.491}},{"arcs":[[[-4365,4424,4425]],[[4426,4427,-4409,-4351,-4350,4428]],[[-4367,4429]]],"type":"MultiPolygon","properties":{"dep":"D50","unit":"5023","lon":-1.182,"lat":49.047}},{"arcs":[[-1318,-1309,4430,-4427,-4425,-4364,-1265,-1243]],"type":"Polygon","properties":{"dep":"D50","unit":"5009","lon":-0.992,"lat":49.019}},{"arcs":[[4431,-4418,4432,4433]],"type":"Polygon","properties":{"dep":"D50","unit":"5014","lon":-1.808,"lat":49.644}},{"arcs":[[-1308,-1307,4434,-4404,-4375,-4410,-4428,-4431]],"type":"Polygon","properties":{"dep":"D50","unit":"5027","lon":-1.21,"lat":48.847}},{"arcs":[[-4422,4435,-4398,-4397,-4382,4436,4437]],"type":"Polygon","properties":{"dep":"D50","unit":"5004","lon":-1.584,"lat":49.442}},{"arcs":[[-4362,-4353,-4408,-4407,4438,4439]],"type":"Polygon","properties":{"dep":"D50","unit":"5010","lon":-1.447,"lat":49.047}},{"arcs":[[-1306,-4416,4440,-4391,-4394,-4405,-4435]],"type":"Polygon","properties":{"dep":"D50","unit":"5015","lon":-1.141,"lat":48.694}},{"arcs":[[-4379,-4401,4441,4442]],"type":"Polygon","properties":{"dep":"D50","unit":"5024","lon":-1.524,"lat":49.612}},{"arcs":[[-4381,-4386,-4359,-4358,4443,4444,-4423,-4438,-4437]],"type":"Polygon","properties":{"dep":"D50","unit":"5011","lon":-1.518,"lat":49.27}},{"arcs":[[-3225,-4392,-4441,-4415,4445,-3282,-3281,-3280]],"type":"Polygon","properties":{"dep":"D50","unit":"5021","lon":-1.09,"lat":48.569}},{"arcs":[[-1267,-4370,-4385,4446]],"type":"Polygon","properties":{"dep":"D50","unit":"5083","lon":-1.202,"lat":49.312}},{"arcs":[[-4434,4447,-4442,-4400,4448]],"type":"Polygon","properties":{"dep":"D50","unit":"5098","lon":-1.592,"lat":49.623}},{"arcs":[[-4432,-4449,-4399,-4436,-4421,-4420,-4419]],"type":"Polygon","properties":{"dep":"D50","unit":"5008","lon":-1.674,"lat":49.581}},{"arcs":[[-4371,-4377,-4403,4449]],"type":"Polygon","properties":{"dep":"D50","unit":"5013","lon":-1.557,"lat":48.831}},{"arcs":[[-4349,-4368,-4430,-4366,-4426,-4429]],"type":"Polygon","properties":{"dep":"D50","unit":"5099","lon":-1.073,"lat":49.11}},{"arcs":[[-893,-892,-868,-867,4450,4451,4452,4453,4454]],"type":"Polygon","properties":{"dep":"D51","unit":"5123","lon":4.465,"lat":48.682}},{"arcs":[[-265,-264,-190,-189,4455,4456,4457,4458,4459,4460,4461,4462,4463,4464,4465,4466,4467]],"type":"Polygon","properties":{"dep":"D51","unit":"5106","lon":3.755,"lat":49.047}},{"arcs":[[4468,4469,4470,4471,4472,4473,4474,4475,4476]],"type":"Polygon","properties":{"dep":"D51","unit":"5104","lon":4.25,"lat":49.004}},{"arcs":[[-921,-920,-924,-910,4477,4478,4479,-4465,-4464,4480,4481,-4475,4482,-865]],"type":"Polygon","properties":{"dep":"D51","unit":"5122","lon":3.971,"lat":48.757}},{"arcs":[[-266,-4468,-4467,-4466,-4480,-4479,-4478,-909,-908,4483,4484,4485]],"type":"Polygon","properties":{"dep":"D51","unit":"5121","lon":3.628,"lat":48.75}},{"arcs":[[-894,-4455,-4454,4486,4487,4488,4489,4490,4491,4492,4493,4494,4495,4496,4497]],"type":"Polygon","properties":{"dep":"D51","unit":"5120","lon":4.744,"lat":48.767}},{"arcs":[[4498,-4476,-4482,4499,4500,-4461,4501,4502,4503]],"type":"Polygon","properties":{"dep":"D51","unit":"5107","lon":4.039,"lat":49.079}},{"arcs":[[-188,-187,-163,4504,4505,4506,4507,4508,4509,-4503,-4502,-4460,-4459,-4458,-4457,-4456]],"type":"Polygon","properties":{"dep":"D51","unit":"5109","lon":3.83,"lat":49.29}},{"arcs":[[-714,4510,4511,4512,4513,4514,4515,-4489,4516,4517]],"type":"Polygon","properties":{"dep":"D51","unit":"5101","lon":4.754,"lat":49.097}},{"arcs":[[-702,-715,-4518,4518,-4470,-4469,-4477,-4499,-4504,-4510,4519,4520,4521]],"type":"Polygon","properties":{"dep":"D51","unit":"5110","lon":4.3,"lat":49.162}},{"arcs":[[-161,-170,-706,-705,-704,-703,-4522,4522,4523,4524,4525,4526,4527,-4507,-4506,-4505,-162]],"type":"Polygon","properties":{"dep":"D51","unit":"5102","lon":4.135,"lat":49.342}},{"arcs":[[-4463,4528,-4500,-4481]],"type":"Polygon","properties":{"dep":"D51","unit":"5108","lon":3.99,"lat":48.996}},{"arcs":[[[-4525,4529]],[[4530,-4527,4531,4532]]],"type":"MultiPolygon","properties":{"dep":"D51","unit":"5115","lon":4.061,"lat":49.296}},{"arcs":[[-4508,-4528,-4531,-4533,4533,4534,4535,-4520,-4509]],"type":"Polygon","properties":{"dep":"D51","unit":"5114","lon":3.986,"lat":49.217}},{"arcs":[[-866,-4483,-4474,4536,4537,-4471,-4519,-4517,-4488,-4487,-4453,-4452,-4451]],"type":"Polygon","properties":{"dep":"D51","unit":"5105","lon":4.299,"lat":48.814}},{"arcs":[[-4521,-4536,4538,-4523]],"type":"Polygon","properties":{"dep":"D51","unit":"5118","lon":4.14,"lat":49.205}},{"arcs":[[-4538,4539,-4472]],"type":"Polygon","properties":{"dep":"D51","unit":"5197","lon":4.367,"lat":48.967}},{"arcs":[[-4540,-4537,-4473]],"type":"Polygon","properties":{"dep":"D51","unit":"5103","lon":4.315,"lat":48.932}},{"arcs":[[-4462,-4501,-4529]],"type":"Polygon","properties":{"dep":"D51","unit":"5198","lon":3.949,"lat":49.039}},{"arcs":[[-4530,-4524,-4539,-4535,-4534,-4532,-4526]],"type":"Polygon","properties":{"dep":"D51","unit":"5199","lon":4.04,"lat":49.251}},{"arcs":[[4540,4541,4542,4543,4544,4545,4546,4547,4548,4549,4550,4551,4552,4553]],"type":"Polygon","properties":{"dep":"D52","unit":"5211","lon":5.323,"lat":48.009}},{"arcs":[[-4545,-4544,-4543,-4542,4554,4555,4556,4557,4558]],"type":"Polygon","properties":{"dep":"D52","unit":"5202","lon":5.645,"lat":47.988}},{"arcs":[[-4554,4559,4560,4561,4562,4563,4564,4565,4566,4567,4568,-4555,-4541]],"type":"Polygon","properties":{"dep":"D52","unit":"5212","lon":5.507,"lat":48.243}},{"arcs":[[-849,-848,4569,4570,4571,4572,4573,4574,4575,4576,-4548,4577,4578,-1777,-913,-912,-850]],"type":"Polygon","properties":{"dep":"D52","unit":"5204","lon":4.917,"lat":48.054}},{"arcs":[[-4497,-4496,4579,4580,4581]],"type":"Polygon","properties":{"dep":"D52","unit":"5213","lon":4.871,"lat":48.579}},{"arcs":[[-847,4582,4583,4584,4585,-4562,4586,4587,4588,-4570]],"type":"Polygon","properties":{"dep":"D52","unit":"5209","lon":5.097,"lat":48.406}},{"arcs":[[-4588,-4587,-4561,-4560,-4553,4589,-4573,-4572,-4571,-4589]],"type":"Polygon","properties":{"dep":"D52","unit":"5201","lon":5.219,"lat":48.265}},{"arcs":[[-4559,-4558,4590,4591,4592,4593,4594,4595,4596,4597,-4546]],"type":"Polygon","properties":{"dep":"D52","unit":"5203","lon":5.564,"lat":47.791}},{"arcs":[[-1779,-1778,-4579,4598,4599,-4597,-4596,-4595,4600,-1821,-1842,-1841,-1840]],"type":"Polygon","properties":{"dep":"D52","unit":"5216","lon":5.165,"lat":47.779}},{"arcs":[[-895,-4498,-4582,4601,-4584,-4583,-846]],"type":"Polygon","properties":{"dep":"D52","unit":"5217","lon":4.804,"lat":48.463}},{"arcs":[[-4547,-4598,-4600,-4599,-4578]],"type":"Polygon","properties":{"dep":"D52","unit":"5210","lon":5.318,"lat":47.873}},{"arcs":[[-4494,4602,4603]],"type":"Polygon","properties":{"dep":"D52","unit":"5215","lon":4.977,"lat":48.668}},{"arcs":[[-4574,-4590,-4552,4604,4605]],"type":"Polygon","properties":{"dep":"D52","unit":"5205","lon":5.094,"lat":48.148}},{"arcs":[[[-4575,-4606,4606,4607]],[[-4550,4608,4609,4610]]],"type":"MultiPolygon","properties":{"dep":"D52","unit":"5206","lon":5.215,"lat":48.102}},{"arcs":[[-4602,-4581,4611,4612,4613,-4563,-4586,-4585]],"type":"Polygon","properties":{"dep":"D52","unit":"5208","lon":5.069,"lat":48.541}},{"arcs":[[-4551,-4611,-4610,4614,4615,-4607,-4605]],"type":"Polygon","properties":{"dep":"D52","unit":"5298","lon":5.127,"lat":48.106}},{"arcs":[[[-4576,-4608,-4616]],[[-4615,-4609,-4549,-4577]]],"type":"MultiPolygon","properties":{"dep":"D52","unit":"5207","lon":5.183,"lat":48.046}},{"arcs":[[-4495,-4604,4616,-4612,-4580]],"type":"Polygon","properties":{"dep":"D52","unit":"5299","lon":4.955,"lat":48.622}},{"arcs":[[4617,4618,4619,4620,4621,4622,4623,4624]],"type":"Polygon","properties":{"dep":"D53","unit":"5308","lon":-0.771,"lat":47.996}},{"arcs":[[4625,4626,4627,4628,4629,4630]],"type":"Polygon","properties":{"dep":"D53","unit":"5314","lon":-0.703,"lat":48.277}},{"arcs":[[-3274,-3283,-4446,-4414,4631,4632,-4628,4633]],"type":"Polygon","properties":{"dep":"D53","unit":"5307","lon":-0.873,"lat":48.436}},{"arcs":[[-3275,-4634,-4627,-4626,-4631,4634,4635,4636,-3264,-3276]],"type":"Polygon","properties":{"dep":"D53","unit":"5305","lon":-0.921,"lat":48.266}},{"arcs":[[-4635,-4630,4637,4638,4639,-4622,4640,4641]],"type":"Polygon","properties":{"dep":"D53","unit":"5302","lon":-0.668,"lat":48.118}},{"arcs":[[-4629,-4633,4642,4643,4644,4645,-4638]],"type":"Polygon","properties":{"dep":"D53","unit":"5309","lon":-0.513,"lat":48.33}},{"arcs":[[-4640,4646,4647,4648,4649,4650,4651,4652,4653,-4623]],"type":"Polygon","properties":{"dep":"D53","unit":"5315","lon":-0.471,"lat":47.974}},{"arcs":[[-4639,-4646,4654,4655,-4647]],"type":"Polygon","properties":{"dep":"D53","unit":"5306","lon":-0.377,"lat":48.211}},{"arcs":[[-3232,4656,-4618,-4625,4657,4658,-4283]],"type":"Polygon","properties":{"dep":"D53","unit":"5304","lon":-1.07,"lat":47.909}},{"arcs":[[4659,4660,-4655,-4645,4661,4662,4663]],"type":"Polygon","properties":{"dep":"D53","unit":"5317","lon":-0.242,"lat":48.406}},{"arcs":[[-3265,-4637,4664,-4619,-4657,-3231]],"type":"Polygon","properties":{"dep":"D53","unit":"5313","lon":-0.967,"lat":48.091}},{"arcs":[[-4306,-4285,4665,4666,4667,-4658,-4624,-4654,-4653,4668,4669]],"type":"Polygon","properties":{"dep":"D53","unit":"5301","lon":-0.588,"lat":47.799}},{"arcs":[[-4284,-4659,-4668,4670,-4666]],"type":"Polygon","properties":{"dep":"D53","unit":"5303","lon":-0.887,"lat":47.821}},{"arcs":[[-4620,-4665,-4636,-4642,4671]],"type":"Polygon","properties":{"dep":"D53","unit":"5316","lon":-0.81,"lat":48.119}},{"arcs":[[-4667,-4671]],"type":"Polygon","properties":{"dep":"D53","unit":"5388","lon":-0.712,"lat":47.818}},{"arcs":[[-4641,-4621,-4672]],"type":"Polygon","properties":{"dep":"D53","unit":"5399","lon":-0.766,"lat":48.062}},{"arcs":[[4672,4673,4674,4675,4676,4677,4678,4679,4680,4681,4682]],"type":"Polygon","properties":{"dep":"D54","unit":"5402","lon":6.205,"lat":48.841}},{"arcs":[[4683,4684,4685,4686,4687,4688,4689,4690,4691,4692,4693,4694,4695]],"type":"Polygon","properties":{"dep":"D54","unit":"5417","lon":5.853,"lat":49.293}},{"arcs":[[4696,4697,4698,4699,4700,4701,4702,4703,4704,4705,4706,4707,4708,4709,4710,4711]],"type":"Polygon","properties":{"dep":"D54","unit":"5410","lon":6.02,"lat":48.475}},{"arcs":[[4712,-4674,-4673,-4683,4713,4714,4715,4716,4717,4718,4719,4720,4721]],"type":"Polygon","properties":{"dep":"D54","unit":"5403","lon":6.315,"lat":48.716}},{"arcs":[[4722,4723,4724,4725,4726,-4678,4727,4728,4729,4730,4731,4732,4733,4734]],"type":"Polygon","properties":{"dep":"D54","unit":"5416","lon":5.896,"lat":48.812}},{"arcs":[[-4684,-4696,4735,4736,4737,-4726,4738,4739,-4685]],"type":"Polygon","properties":{"dep":"D54","unit":"5404","lon":5.881,"lat":49.132}},{"arcs":[[[4740,4741,4742,4743,4744,4745,-4689,4746,4747,4748,4749,4750]],[[4751]],[[4752]]],"type":"MultiPolygon","properties":{"dep":"D54","unit":"5411","lon":5.652,"lat":49.481}},{"arcs":[[4753,4754,4755,4756,4757,4758,4759,4760,4761,4762,4763,4764,4765,4766,-4715,4767,4768,4769,4770,4771]],"type":"Polygon","properties":{"dep":"D54","unit":"5401","lon":6.769,"lat":48.539}},{"arcs":[[4772,4773,-4719,-4718,-4717,-4716,-4767,-4766,-4765,4774,4775,4776,4777]],"type":"Polygon","properties":{"dep":"D54","unit":"5408","lon":6.452,"lat":48.658}},{"arcs":[[4778,4779,4780,-4680,-4679,-4727,-4738,4781,4782]],"type":"Polygon","properties":{"dep":"D54","unit":"5418","lon":6.041,"lat":48.923}},{"arcs":[[4783,4784,4785,4786,-4720,-4774,4787,4788,4789]],"type":"Polygon","properties":{"dep":"D54","unit":"5405","lon":6.244,"lat":48.605}},{"arcs":[[-4704,-4703,4790,-4729,4791,4792,-4784,-4790,4793]],"type":"Polygon","properties":{"dep":"D54","unit":"5415","lon":6.095,"lat":48.612}},{"arcs":[[[-4773,-4778,4794,-4775,-4764,-4763,4795,4796,4797,4798,4799,-4707,-4706,-4705,-4794,-4789,-4788]],[[-4776,4800]]],"type":"MultiPolygon","properties":{"dep":"D54","unit":"5409","lon":6.433,"lat":48.493}},{"arcs":[[-4702,4801,4802,4803,-4731,-4730,-4791]],"type":"Polygon","properties":{"dep":"D54","unit":"5420","lon":5.883,"lat":48.67}},{"arcs":[[-4691,-4690,-4746,-4745,4804,4805,4806,-4743,4807,4808]],"type":"Polygon","properties":{"dep":"D54","unit":"5423","lon":5.864,"lat":49.46}},{"arcs":[[-4677,-4676,4809,4810,4811,-4728]],"type":"Polygon","properties":{"dep":"D54","unit":"5421","lon":6.125,"lat":48.735}},{"arcs":[[-4744,-4807,-4806,-4805]],"type":"Polygon","properties":{"dep":"D54","unit":"5407","lon":5.767,"lat":49.497}},{"arcs":[[-4713,-4722,-4721,-4787,4812,-4810,-4675]],"type":"Polygon","properties":{"dep":"D54","unit":"5419","lon":6.218,"lat":48.705}},{"arcs":[[-4792,-4812,4813,4814]],"type":"Polygon","properties":{"dep":"D54","unit":"5406","lon":6.119,"lat":48.675}},{"arcs":[[-4777,-4801,-4795]],"type":"Polygon","properties":{"dep":"D54","unit":"5498","lon":6.487,"lat":48.593}},{"arcs":[[-4786,4815,-4814,-4811,-4813]],"type":"Polygon","properties":{"dep":"D54","unit":"5499","lon":6.176,"lat":48.69}},{"arcs":[[-4793,-4815,-4816,-4785]],"type":"Polygon","properties":{"dep":"D54","unit":"5422","lon":6.165,"lat":48.657}},{"arcs":[[-4614,4816,4817,4818,4819,4820,4821,4822,4823,4824,-4566,-4565,-4564]],"type":"Polygon","properties":{"dep":"D55","unit":"5510","lon":5.458,"lat":48.53}},{"arcs":[[4825,4826,4827,4828,4829,4830,4831,4832,4833,4834,4835]],"type":"Polygon","properties":{"dep":"D55","unit":"5504","lon":5.472,"lat":49.213}},{"arcs":[[-745,4836,4837,4838,-726,-725]],"type":"Polygon","properties":{"dep":"D55","unit":"5514","lon":5.186,"lat":49.451}},{"arcs":[[-4515,-4514,-4513,4839,4840,4841,4842,4843,4844,-4828,4845,4846,4847,4848,4849,4850,4851,4852,4853,4854,4855]],"type":"Polygon","properties":{"dep":"D55","unit":"5508","lon":5.346,"lat":48.994}},{"arcs":[[-4687,4856,-4835,-4834,4857,-4747,-4688]],"type":"Polygon","properties":{"dep":"D55","unit":"5505","lon":5.631,"lat":49.327}},{"arcs":[[-4493,4858,4859,4860,4861,4862,-4820,-4819,-4818,-4817,-4613,-4617,-4603]],"type":"Polygon","properties":{"dep":"D55","unit":"5501","lon":5.14,"lat":48.666}},{"arcs":[[-4490,-4516,-4856,-4855,4863,4864,4865,-4859,-4492,-4491]],"type":"Polygon","properties":{"dep":"D55","unit":"5512","lon":5.033,"lat":48.864}},{"arcs":[[-4723,-4735,4866,-4848,-4847,4867,4868,-4739,-4725,-4724]],"type":"Polygon","properties":{"dep":"D55","unit":"5513","lon":5.655,"lat":48.925}},{"arcs":[[-713,-712,-727,-4839,-4838,4869,4870,-4831,4871,4872,4873,-4842,-4841,-4840,-4512,-4511]],"type":"Polygon","properties":{"dep":"D55","unit":"5506","lon":5.133,"lat":49.205}},{"arcs":[[-4740,-4869,-4868,-4846,-4827,-4826,-4836,-4857,-4686]],"type":"Polygon","properties":{"dep":"D55","unit":"5509","lon":5.652,"lat":49.112}},{"arcs":[[-744,4874,4875,-4750,-4749,-4748,-4858,-4833,-4832,-4871,-4870,-4837],[-4752],[-4753]],"type":"Polygon","properties":{"dep":"D55","unit":"5511","lon":5.387,"lat":49.431}},{"arcs":[[4876,4877,-4861,4878,4879]],"type":"Polygon","properties":{"dep":"D55","unit":"5598","lon":5.149,"lat":48.758}},{"arcs":[[-4877,-4880,4880,-4865,4881,4882]],"type":"Polygon","properties":{"dep":"D55","unit":"5503","lon":5.154,"lat":48.816}},{"arcs":[[-4845,4883,-4829]],"type":"Polygon","properties":{"dep":"D55","unit":"5517","lon":5.412,"lat":49.125}},{"arcs":[[4884,-4849,-4867,-4734]],"type":"Polygon","properties":{"dep":"D55","unit":"5507","lon":5.593,"lat":48.774}},{"arcs":[[-4701,-4700,4885,4886,-4824,-4823,-4822,-4821,-4863,4887,4888,-4851,-4850,-4885,-4733,-4732,-4804,-4803,-4802]],"type":"Polygon","properties":{"dep":"D55","unit":"5515","lon":5.643,"lat":48.653}},{"arcs":[[[-4878,-4883,-4882,-4864,-4854,-4853,-4852,-4889,-4888,-4862]],[[-4879,-4860,-4866,-4881]]],"type":"MultiPolygon","properties":{"dep":"D55","unit":"5502","lon":5.273,"lat":48.822}},{"arcs":[[-4873,4889,-4843,-4874]],"type":"Polygon","properties":{"dep":"D55","unit":"5516","lon":5.261,"lat":49.14}},{"arcs":[[-4884,-4844,-4890,-4872,-4830]],"type":"Polygon","properties":{"dep":"D55","unit":"5599","lon":5.346,"lat":49.142}},{"arcs":[[-3257,-3967,4890,4891,4892,4893,-3289,-3270,-3269]],"type":"Polygon","properties":{"dep":"D56","unit":"5604","lon":-2.177,"lat":47.872}},{"arcs":[[-3954,-3962,4894,4895,4896,-4891,-3966,-3955]],"type":"Polygon","properties":{"dep":"D56","unit":"5611","lon":-2.361,"lat":47.551}},{"arcs":[[[4897,4898,4899,4900,4901,4902]],[[4903]],[[4904]]],"type":"MultiPolygon","properties":{"dep":"D56","unit":"5620","lon":-2.867,"lat":47.656}},{"arcs":[[-4896,4905,4906,4907,4908]],"type":"Polygon","properties":{"dep":"D56","unit":"5618","lon":-2.654,"lat":47.578}},{"arcs":[[4909,4910,-4900,4911,4912,4913,4914]],"type":"Polygon","properties":{"dep":"D56","unit":"5601","lon":-2.949,"lat":47.698}},{"arcs":[[[4915]],[[4916,4917,-4914,4918]],[[4919]],[[4920]]],"type":"MultiPolygon","properties":{"dep":"D56","unit":"5617","lon":-3.107,"lat":47.646}},{"arcs":[[-1856,-1944,4921,4922,4923,4924,4925]],"type":"Polygon","properties":{"dep":"D56","unit":"5615","lon":-3,"lat":47.976}},{"arcs":[[-1857,-4926,4926,-2563,-2573,-2617,-2579,-1950]],"type":"Polygon","properties":{"dep":"D56","unit":"5602","lon":-3.36,"lat":48.069}},{"arcs":[[-4897,-4909,4927,4928,4929,-4892]],"type":"Polygon","properties":{"dep":"D56","unit":"5616","lon":-2.458,"lat":47.697}},{"arcs":[[-4893,-4930,4930,4931]],"type":"Polygon","properties":{"dep":"D56","unit":"5610","lon":-2.486,"lat":47.824}},{"arcs":[[-4910,-4915,-4918,4932,4933,4934,-4923,4935]],"type":"Polygon","properties":{"dep":"D56","unit":"5614","lon":-3.057,"lat":47.777}},{"arcs":[[-1943,4936,-4931,-4929,4937,-4901,-4911,-4936,-4922]],"type":"Polygon","properties":{"dep":"D56","unit":"5603","lon":-2.734,"lat":48.035}},{"arcs":[[-1945,-1941,-3287,-3290,-4894,-4932,-4937]],"type":"Polygon","properties":{"dep":"D56","unit":"5613","lon":-2.439,"lat":48.008}},{"arcs":[[-2559,-2564,-4927,-4925,4938,4939,4940,4941]],"type":"Polygon","properties":{"dep":"D56","unit":"5605","lon":-3.289,"lat":47.913}},{"arcs":[[-4940,4942,4943,4944,4945]],"type":"Polygon","properties":{"dep":"D56","unit":"5607","lon":-3.341,"lat":47.8}},{"arcs":[[4946]],"type":"Polygon","properties":{"dep":"D56","unit":"5609","lon":-3.465,"lat":47.637}},{"arcs":[[-4924,-4935,-4934,4947,-4943,-4939]],"type":"Polygon","properties":{"dep":"D56","unit":"5606","lon":-3.161,"lat":47.841}},{"arcs":[[-4946,4948,4949,-4941]],"type":"Polygon","properties":{"dep":"D56","unit":"5612","lon":-3.43,"lat":47.743}},{"arcs":[[-4945,4950,-4949]],"type":"Polygon","properties":{"dep":"D56","unit":"5698","lon":-3.379,"lat":47.751}},{"arcs":[[-4928,-4908,4951,-4902,-4938]],"type":"Polygon","properties":{"dep":"D56","unit":"5621","lon":-2.692,"lat":47.707}},{"arcs":[[-4898,-4903,-4952,-4907,4952]],"type":"Polygon","properties":{"dep":"D56","unit":"5699","lon":-2.761,"lat":47.656}},{"arcs":[[4953,4954,4955,4956,4957,4958,4959,4960,4961,4962,4963]],"type":"Polygon","properties":{"dep":"D57","unit":"5714","lon":6.302,"lat":49.326}},{"arcs":[[-4682,4964,4965,4966,4967,4968,4969,4970,4971,4972,4973,4974,-4770,-4769,-4768,-4714]],"type":"Polygon","properties":{"dep":"D57","unit":"5723","lon":6.63,"lat":48.813}},{"arcs":[[-4756,4975,4976,4977,4978,4979,4980,4981,4982,4983]],"type":"Polygon","properties":{"dep":"D57","unit":"5717","lon":7.15,"lat":48.641}},{"arcs":[[4984,4985,4986,4987,4988,4989,4990]],"type":"Polygon","properties":{"dep":"D57","unit":"5702","lon":7.398,"lat":49.05}},{"arcs":[[-4781,4991,4992,4993,4994,4995,4996,4997,4998,4999,-4968,-4967,-4966,-4965,-4681]],"type":"Polygon","properties":{"dep":"D57","unit":"5707","lon":6.541,"lat":49.041}},{"arcs":[[-4692,-4809,5000,5001,5002,5003,5004]],"type":"Polygon","properties":{"dep":"D57","unit":"5701","lon":5.99,"lat":49.393}},{"arcs":[[5005,5006,5007,5008,5009,5010,5011,5012,5013,5014]],"type":"Polygon","properties":{"dep":"D57","unit":"5725","lon":6.939,"lat":49.136}},{"arcs":[[-4969,-5000,-4999,5015,5016,5017,5018,-5007,5019,5020,5021,-4971,-4970]],"type":"Polygon","properties":{"dep":"D57","unit":"5720","lon":6.926,"lat":49.017}},{"arcs":[[-5017,-5016,-4998,5022,5023,5024]],"type":"Polygon","properties":{"dep":"D57","unit":"5719","lon":6.725,"lat":49.098}},{"arcs":[[-4954,-4964,-4963,-4962,-4961,5025,5026,5027,5028]],"type":"Polygon","properties":{"dep":"D57","unit":"5704","lon":6.505,"lat":49.347}},{"arcs":[[-4736,-4695,5029,5030,5031,5032,5033,5034]],"type":"Polygon","properties":{"dep":"D57","unit":"5718","lon":6.079,"lat":49.201}},{"arcs":[[-4779,-4783,-4782,-4737,-5035,5035,5036,5037,5038,5039,-4995,-4994,-4993,-4992,-4780]],"type":"Polygon","properties":{"dep":"D57","unit":"5705","lon":6.064,"lat":49.066}},{"arcs":[[-4955,-5029,5040,5041,-4996,-5040,5042,5043,5044]],"type":"Polygon","properties":{"dep":"D57","unit":"5716","lon":6.318,"lat":49.144}},{"arcs":[[-4754,-4772,-4771,-4975,-4974,-4973,5045,5046,-4979,-4978,-4977,-4976,-4755]],"type":"Polygon","properties":{"dep":"D57","unit":"5721","lon":6.96,"lat":48.785}},{"arcs":[[-5028,5047,-5023,-4997,-5042,-5041]],"type":"Polygon","properties":{"dep":"D57","unit":"5703","lon":6.528,"lat":49.19}},{"arcs":[[-5038,5048]],"type":"Polygon","properties":{"dep":"D57","unit":"5715","lon":6.154,"lat":49.071}},{"arcs":[[-5018,-5025,5049,5050,5051,-5008,-5019]],"type":"Polygon","properties":{"dep":"D57","unit":"5709","lon":6.825,"lat":49.109}},{"arcs":[[-5003,-5002,5052,-5026,-4960,5053,-4958,5054,5055]],"type":"Polygon","properties":{"dep":"D57","unit":"5727","lon":6.203,"lat":49.456}},{"arcs":[[-4985,-4991,5056,-5020,-5006,-5015,5057]],"type":"Polygon","properties":{"dep":"D57","unit":"5722","lon":7.128,"lat":49.097}},{"arcs":[[-4693,-5005,5058,5059,-5030,-4694]],"type":"Polygon","properties":{"dep":"D57","unit":"5710","lon":6.054,"lat":49.276}},{"arcs":[[-5010,-5009,-5052,-5051,5060,-5012,-5011]],"type":"Polygon","properties":{"dep":"D57","unit":"5708","lon":6.881,"lat":49.187}},{"arcs":[[-5031,-5060,5061,5062,5063,-5055,-4957,-4956,-5045,5064]],"type":"Polygon","properties":{"dep":"D57","unit":"5706","lon":6.134,"lat":49.305}},{"arcs":[[-5032,-5065,-5044,5065,-5036,-5034,-5033]],"type":"Polygon","properties":{"dep":"D57","unit":"5724","lon":6.166,"lat":49.207}},{"arcs":[[-5043,-5039,-5049,-5037,-5066]],"type":"Polygon","properties":{"dep":"D57","unit":"5798","lon":6.195,"lat":49.106}},{"arcs":[[-5063,5066]],"type":"Polygon","properties":{"dep":"D57","unit":"5726","lon":6.132,"lat":49.347}},{"arcs":[[[-5004,-5056,-5064,-5067,-5062,-5059]],[[-5054,-4959]]],"type":"MultiPolygon","properties":{"dep":"D57","unit":"5799","lon":6.113,"lat":49.378}},{"arcs":[[-1808,5067,-1810,5068,5069,5070,5071,5072,5073,5074,5075,-1794]],"type":"Polygon","properties":{"dep":"D58","unit":"5802","lon":3.928,"lat":47.098}},{"arcs":[[-1665,-1664,5076]],"type":"Polygon","properties":{"dep":"D58","unit":"5805","lon":2.987,"lat":47.428}},{"arcs":[[5077,5078,5079,5080,5081,5082,5083,5084,5085,5086,5087,5088]],"type":"Polygon","properties":{"dep":"D58","unit":"5803","lon":3.421,"lat":47.419}},{"arcs":[[-5074,-5073,5089,5090,5091,5092,5093,5094,5095,5096]],"type":"Polygon","properties":{"dep":"D58","unit":"5808","lon":3.425,"lat":47.044}},{"arcs":[[-1666,-5077,-1663,-4039,5097,5098,-5083,5099,-1650]],"type":"Polygon","properties":{"dep":"D58","unit":"5815","lon":3.126,"lat":47.348}},{"arcs":[[-5075,-5097,5100,5101,5102,-5081,-5080,-5079,-5078,-5089,5103,5104]],"type":"Polygon","properties":{"dep":"D58","unit":"5804","lon":3.818,"lat":47.284}},{"arcs":[[-1651,-5100,-5082,-5103,-5102,-5101,-5096,5105,5106]],"type":"Polygon","properties":{"dep":"D58","unit":"5801","lon":3.177,"lat":47.196}},{"arcs":[[-338,5107,5108,5109,-5090,-5072,-5071,5110,5111,5112,5113]],"type":"Polygon","properties":{"dep":"D58","unit":"5810","lon":3.826,"lat":46.856}},{"arcs":[[-299,-1659,5114,5115,5116,5117,-331,-328]],"type":"Polygon","properties":{"dep":"D58","unit":"5816","lon":3.231,"lat":46.794}},{"arcs":[[-5117,5118,-5092,5119]],"type":"Polygon","properties":{"dep":"D58","unit":"5809","lon":3.367,"lat":46.872}},{"arcs":[[-1635,-1642,5120,5121,5122,-5115,-1658]],"type":"Polygon","properties":{"dep":"D58","unit":"5813","lon":3.102,"lat":46.932}},{"arcs":[[-337,-332,-5118,-5120,-5091,-5110,-5109,-5108]],"type":"Polygon","properties":{"dep":"D58","unit":"5806","lon":3.502,"lat":46.787}},{"arcs":[[5123,-5094,5124,5125]],"type":"Polygon","properties":{"dep":"D58","unit":"5811","lon":3.188,"lat":47.011}},{"arcs":[[-1652,-5107,5126,5127,-5121,-1641]],"type":"Polygon","properties":{"dep":"D58","unit":"5807","lon":3.089,"lat":46.993}},{"arcs":[[-5123,5128,-5125,-5093,-5119,-5116]],"type":"Polygon","properties":{"dep":"D58","unit":"5812","lon":3.181,"lat":46.952}},{"arcs":[[-5122,-5128,5129,-5126,-5129]],"type":"Polygon","properties":{"dep":"D58","unit":"5899","lon":3.156,"lat":46.991}},{"arcs":[[-5106,-5095,-5124,-5130,-5127]],"type":"Polygon","properties":{"dep":"D58","unit":"5817","lon":3.138,"lat":47.076}},{"arcs":[[[5130,5131,5132,5133,5134,5135,5136,5137,5138]],[[5139,5140]]],"type":"MultiPolygon","properties":{"dep":"D59","unit":"5909","lon":3.225,"lat":50.201}},{"arcs":[[5141,5142,5143,5144,5145,5146,-5133,5147]],"type":"Polygon","properties":{"dep":"D59","unit":"5914","lon":3.334,"lat":50.297}},{"arcs":[[-243,5148,5149,5150,5151,5152,-239]],"type":"Polygon","properties":{"dep":"D59","unit":"5919","lon":4.052,"lat":50.127}},{"arcs":[[5153,5154,5155,5156,5157,5158,5159]],"type":"Polygon","properties":{"dep":"D59","unit":"5931","lon":3.212,"lat":50.454}},{"arcs":[[5160,5161,5162,5163,5164,5165,5166,5167,5168,5169,5170,5171,5172,5173]],"type":"Polygon","properties":{"dep":"D59","unit":"5902","lon":2.869,"lat":50.575}},{"arcs":[[5174,5175,5176,5177,5178,5179,5180,5181]],"type":"Polygon","properties":{"dep":"D59","unit":"5905","lon":3.796,"lat":50.301}},{"arcs":[[-5148,-5132,5182,5183,5184,5185,5186,5187,5188]],"type":"Polygon","properties":{"dep":"D59","unit":"5901","lon":3.16,"lat":50.313}},{"arcs":[[5189,5190,5191,5192,5193,5194,5195,5196,5197]],"type":"Polygon","properties":{"dep":"D59","unit":"5940","lon":3.156,"lat":50.632}},{"arcs":[[-5154,-5160,5198,-5162,5199,5200,-5190,-5198,5201]],"type":"Polygon","properties":{"dep":"D59","unit":"5936","lon":3.157,"lat":50.545}},{"arcs":[[5202,5203,5204,5205]],"type":"Polygon","properties":{"dep":"D59","unit":"5903","lon":3.577,"lat":50.426}},{"arcs":[[5206,5207,5208,5209,5210,5211,5212,5213]],"type":"Polygon","properties":{"dep":"D59","unit":"5912","lon":2.403,"lat":50.993}},{"arcs":[[5214,5215,5216,5217,5218,-5172,5219,5220]],"type":"Polygon","properties":{"dep":"D59","unit":"5904","lon":2.937,"lat":50.682}},{"arcs":[[5221,5222,5223,5224,5225,5226,5227,5228,5229,-5211,-5210,-5209,5230,5231]],"type":"Polygon","properties":{"dep":"D59","unit":"5941","lon":2.462,"lat":50.887}},{"arcs":[[5232,5233,5234,5235,5236,-5146,-5145,-5144,5237,5238]],"type":"Polygon","properties":{"dep":"D59","unit":"5906","lon":3.465,"lat":50.313}},{"arcs":[[-5152,5239,-5179,5240,5241]],"type":"Polygon","properties":{"dep":"D59","unit":"5930","lon":4.001,"lat":50.314}},{"arcs":[[-174,5242,5243,5244,5245,5246,-5235,5247,-5176,-5175,-5182,-5181,-5180,-5240,-5151,-5150,-5149,-242]],"type":"Polygon","properties":{"dep":"D59","unit":"5907","lon":3.714,"lat":50.153}},{"arcs":[[-5236,-5247,-5246,-5245,5248,5249,-5136,-5135,-5134,-5147,-5237]],"type":"Polygon","properties":{"dep":"D59","unit":"5911","lon":3.43,"lat":50.197}},{"arcs":[[-260,-259,5250,5251,5252,-5138,-5137,-5250,-5249,-5244,-5243,-173,-263,-262,-261]],"type":"Polygon","properties":{"dep":"D59","unit":"5910","lon":3.319,"lat":50.082}},{"arcs":[[-5215,-5221,5253,5254,5255,-5225,-5224,-5223,5256]],"type":"Polygon","properties":{"dep":"D59","unit":"5908","lon":2.656,"lat":50.739}},{"arcs":[[-5173,-5219,5257,5258,5259]],"type":"Polygon","properties":{"dep":"D59","unit":"5928","lon":2.948,"lat":50.62}},{"arcs":[[-5226,-5256,-5255,5260,5261,5262,5263,5264,5265]],"type":"Polygon","properties":{"dep":"D59","unit":"5921","lon":2.522,"lat":50.692}},{"arcs":[[-5194,5266,5267,5268,5269,5270,5271,5272]],"type":"Polygon","properties":{"dep":"D59","unit":"5924","lon":3.096,"lat":50.698}},{"arcs":[[[-5214,5273,5274,5275]],[[5276,5277,5278,-5212,-5230,-5229,5279]]],"type":"MultiPolygon","properties":{"dep":"D59","unit":"5920","lon":2.226,"lat":50.951}},{"arcs":[[-5270,5280,5281,5282,-5217,5283,5284]],"type":"Polygon","properties":{"dep":"D59","unit":"5922","lon":3.03,"lat":50.739}},{"arcs":[[-5156,5285,5286,5287,-5203,-5239,-5238,-5143,5288,5289]],"type":"Polygon","properties":{"dep":"D59","unit":"5934","lon":3.429,"lat":50.442}},{"arcs":[[5290,-5231,-5208,5291,5292,5293]],"type":"Polygon","properties":{"dep":"D59","unit":"5917","lon":2.524,"lat":51.051}},{"arcs":[[-5142,-5189,-5188,5294,-5157,-5290,-5289]],"type":"Polygon","properties":{"dep":"D59","unit":"5935","lon":3.276,"lat":50.386}},{"arcs":[[-5161,-5174,-5260,5295,5296,-5200]],"type":"Polygon","properties":{"dep":"D59","unit":"5918","lon":3.019,"lat":50.564}},{"arcs":[[-5234,5297,-5204,-5288,5298,-5177,-5248]],"type":"Polygon","properties":{"dep":"D59","unit":"5929","lon":3.633,"lat":50.42}},{"arcs":[[-5158,-5295,-5187,5299,5300,5301]],"type":"Polygon","properties":{"dep":"D59","unit":"5915","lon":3.057,"lat":50.378}},{"arcs":[[-5195,-5273,5302,5303,5304]],"type":"Polygon","properties":{"dep":"D59","unit":"5913","lon":3.194,"lat":50.657}},{"arcs":[[[-5207,-5276,5305,-5292]],[[5306,-5274,-5213,-5279]]],"type":"MultiPolygon","properties":{"dep":"D59","unit":"5996","lon":2.347,"lat":51.029}},{"arcs":[[-5271,-5285,5307,5308]],"type":"Polygon","properties":{"dep":"D59","unit":"5937","lon":3.13,"lat":50.762}},{"arcs":[[5309,5310,5311,-5196,-5305]],"type":"Polygon","properties":{"dep":"D59","unit":"5933","lon":3.231,"lat":50.696}},{"arcs":[[-5191,-5201,-5297,5312]],"type":"Polygon","properties":{"dep":"D59","unit":"5926","lon":3.096,"lat":50.606}},{"arcs":[[-5192,-5313,-5296,-5259,-5258,-5218,-5283,5313,-5268,5314]],"type":"Polygon","properties":{"dep":"D59","unit":"5997","lon":3.05,"lat":50.628}},{"arcs":[[-5269,-5314,-5282,-5281]],"type":"Polygon","properties":{"dep":"D59","unit":"5923","lon":3.05,"lat":50.684}},{"arcs":[[-5193,-5315,-5267]],"type":"Polygon","properties":{"dep":"D59","unit":"5925","lon":3.108,"lat":50.643}},{"arcs":[[-5304,5315,-5310]],"type":"Polygon","properties":{"dep":"D59","unit":"5998","lon":3.183,"lat":50.688}},{"arcs":[[-5206,-5205,-5298,-5233]],"type":"Polygon","properties":{"dep":"D59","unit":"5939","lon":3.559,"lat":50.375}},{"arcs":[[-5272,-5309,5316,-5311,-5316,-5303]],"type":"Polygon","properties":{"dep":"D59","unit":"5999","lon":3.16,"lat":50.725}},{"arcs":[[-2419,-2439,5317,5318,5319,5320,5321,5322,5323,5324,5325,5326,5327,5328,5329,5330]],"type":"Polygon","properties":{"dep":"D60","unit":"6011","lon":1.874,"lat":49.584}},{"arcs":[[-2421,5331,5332,5333,5334,5335,5336,5337,5338,5339,5340,5341,5342,5343,5344,-2422]],"type":"Polygon","properties":{"dep":"D60","unit":"6004","lon":1.98,"lat":49.27}},{"arcs":[[5345,5346,-5325,-5324,5347,5348,5349,5350,5351,5352,5353,5354,5355,5356]],"type":"Polygon","properties":{"dep":"D60","unit":"6019","lon":2.3,"lat":49.577}},{"arcs":[[-220,5357,5358,5359,5360,5361,5362,-221]],"type":"Polygon","properties":{"dep":"D60","unit":"6015","lon":2.865,"lat":49.144}},{"arcs":[[5363,5364,5365,5366,5367,5368,5369,5370,-5362,5371,5372,5373,5374]],"type":"Polygon","properties":{"dep":"D60","unit":"6018","lon":2.656,"lat":49.282}},{"arcs":[[5375,-5356,-5355,-5354,5376,-5368,-5367,-5366,5377,5378]],"type":"Polygon","properties":{"dep":"D60","unit":"6005","lon":2.461,"lat":49.382}},{"arcs":[[-2420,-5331,-5330,-5329,5379,5380,5381,-5334,-5333,-5332]],"type":"Polygon","properties":{"dep":"D60","unit":"6002","lon":1.93,"lat":49.386}},{"arcs":[[5382,-5340,-5339,-5338,5383,5384,5385,5386,5387,5388]],"type":"Polygon","properties":{"dep":"D60","unit":"6012","lon":2.193,"lat":49.212}},{"arcs":[[5389,5390,5391,5392,5393,5394,5395,5396,5397,5398,5399]],"type":"Polygon","properties":{"dep":"D60","unit":"6021","lon":2.859,"lat":49.573}},{"arcs":[[-5346,-5357,-5376,-5379,5400,5401,-5336,-5335,-5382,5402,5403,-5326,-5347]],"type":"Polygon","properties":{"dep":"D60","unit":"6014","lon":2.274,"lat":49.407}},{"arcs":[[-5352,5404,5405,5406,-5399,-5398,5407,5408,5409,5410,-5369,-5377,-5353]],"type":"Polygon","properties":{"dep":"D60","unit":"6010","lon":2.641,"lat":49.491}},{"arcs":[[-129,-128,-215,-214,5411,5412,-5395,-5394,-5393,-5392,5413,5414,5415]],"type":"Polygon","properties":{"dep":"D60","unit":"6017","lon":3.031,"lat":49.605}},{"arcs":[[5416,5417,5418,-5386,5419,5420,5421]],"type":"Polygon","properties":{"dep":"D60","unit":"6003","lon":2.434,"lat":49.18}},{"arcs":[[-210,-226,5422,-5410,-5409,5423,5424,5425,5426]],"type":"Polygon","properties":{"dep":"D60","unit":"6007","lon":2.92,"lat":49.368}},{"arcs":[[-213,-212,-211,-5427,-5426,5427,-5424,-5408,-5397,-5396,-5413,-5412]],"type":"Polygon","properties":{"dep":"D60","unit":"6006","lon":3.036,"lat":49.441}},{"arcs":[[[-222,-5363,-5371,-5370,-5411,-5423,-225,-224,-223]],[[-227]]],"type":"MultiPolygon","properties":{"dep":"D60","unit":"6009","lon":2.869,"lat":49.277}},{"arcs":[[-5417,-5422,5428,-5372,-5361,5429,5430,5431]],"type":"Polygon","properties":{"dep":"D60","unit":"6020","lon":2.58,"lat":49.199}},{"arcs":[[-5402,5432,5433,5434,-5420,-5385,-5384,-5337]],"type":"Polygon","properties":{"dep":"D60","unit":"6013","lon":2.362,"lat":49.244}},{"arcs":[[-5381,5435,-5403]],"type":"Polygon","properties":{"dep":"D60","unit":"6098","lon":2.085,"lat":49.434}},{"arcs":[[-5364,-5375,-5374,5436,5437,-5434,-5433,-5401,-5378,-5365]],"type":"Polygon","properties":{"dep":"D60","unit":"6016","lon":2.457,"lat":49.293}},{"arcs":[[-5428,-5425]],"type":"Polygon","properties":{"dep":"D60","unit":"6099","lon":2.853,"lat":49.399}},{"arcs":[[-5421,-5435,-5438,-5437,-5373,-5429]],"type":"Polygon","properties":{"dep":"D60","unit":"6008","lon":2.53,"lat":49.274}},{"arcs":[[-5436,-5380,-5328,-5327,-5404]],"type":"Polygon","properties":{"dep":"D60","unit":"6001","lon":2.003,"lat":49.472}},{"arcs":[[5438,5439,5440,5441,5442]],"type":"Polygon","properties":{"dep":"D61","unit":"6197","lon":0.092,"lat":48.433}},{"arcs":[[5443,5444,5445,5446,5447,5448,5449,5450,5451]],"type":"Polygon","properties":{"dep":"D61","unit":"6119","lon":0.12,"lat":48.616}},{"arcs":[[-2536,5452,5453,5454,5455,5456,5457,5458,-2524]],"type":"Polygon","properties":{"dep":"D61","unit":"6109","lon":0.55,"lat":48.331}},{"arcs":[[5459,5460,5461]],"type":"Polygon","properties":{"dep":"D61","unit":"6198","lon":-0.018,"lat":48.744}},{"arcs":[[-1274,5462,5463,5464,5465,5466,5467,5468,-1314,-1276,-1275]],"type":"Polygon","properties":{"dep":"D61","unit":"6106","lon":-0.343,"lat":48.755}},{"arcs":[[-2416,5469,5470,5471,5472,5473,5474,5475,-5446,5476,5477,5478,5479,5480]],"type":"Polygon","properties":{"dep":"D61","unit":"6118","lon":0.479,"lat":48.798}},{"arcs":[[-1330,-2417,-5481,-5480,-5479,-5478,5481,5482,-1331]],"type":"Polygon","properties":{"dep":"D61","unit":"6121","lon":0.286,"lat":48.867}},{"arcs":[[[-1315,-5469,5483,5484]],[[-5467,5485,5486,5487]]],"type":"MultiPolygon","properties":{"dep":"D61","unit":"6114","lon":-0.565,"lat":48.811}},{"arcs":[[-2360,-2516,-2527,5488,5489,5490,-5473,-5472,-5471,5491,-2361]],"type":"Polygon","properties":{"dep":"D61","unit":"6120","lon":0.707,"lat":48.615}},{"arcs":[[-5448,-5447,-5476,-5475,5492,5493,5494,5495,5496,5497]],"type":"Polygon","properties":{"dep":"D61","unit":"6117","lon":0.36,"lat":48.585}},{"arcs":[[-1273,5498,-5460,-5462,5499,-5444,-5452,5500,5501,-5463]],"type":"Polygon","properties":{"dep":"D61","unit":"6104","lon":-0.092,"lat":48.809}},{"arcs":[[-4662,-4644,5502,5503,-5465,-5464,-5502,-5501,-5451,-5450,-5449,5504]],"type":"Polygon","properties":{"dep":"D61","unit":"6115","lon":-0.158,"lat":48.618}},{"arcs":[[-1317,5505,5506,5507,5508,-4411,-1304]],"type":"Polygon","properties":{"dep":"D61","unit":"6111","lon":-0.689,"lat":48.64}},{"arcs":[[-1271,-1270,-1332,-5483,-5482,-5477,-5445,-5500,-5461,-5499,-1272]],"type":"Polygon","properties":{"dep":"D61","unit":"6105","lon":0.093,"lat":48.805}},{"arcs":[[-5507,5509,5510,5511,-5487,-5486,-5466,-5504,5512]],"type":"Polygon","properties":{"dep":"D61","unit":"6112","lon":-0.483,"lat":48.674}},{"arcs":[[-5496,-5495,-5494,-5493,-5474,-5491,-5490,5513,-5458,-5457,5514]],"type":"Polygon","properties":{"dep":"D61","unit":"6116","lon":0.525,"lat":48.507}},{"arcs":[[-1316,-5485,5515,-5511,-5510,-5506]],"type":"Polygon","properties":{"dep":"D61","unit":"6113","lon":-0.621,"lat":48.76}},{"arcs":[[-2526,-2525,-5459,-5514,-5489]],"type":"Polygon","properties":{"dep":"D61","unit":"6108","lon":0.777,"lat":48.409}},{"arcs":[[-4413,-4412,-5509,-5508,-5513,-5503,-4643,-4632]],"type":"Polygon","properties":{"dep":"D61","unit":"6107","lon":-0.706,"lat":48.522}},{"arcs":[[-5442,5516,5517]],"type":"Polygon","properties":{"dep":"D61","unit":"6102","lon":0.132,"lat":48.445}},{"arcs":[[-2415,-2362,-5492,-5470]],"type":"Polygon","properties":{"dep":"D61","unit":"6101","lon":0.69,"lat":48.756}},{"arcs":[[-4663,-5505,-5498,5518,-5517,-5441,5519,5520,5521]],"type":"Polygon","properties":{"dep":"D61","unit":"6110","lon":-0.002,"lat":48.451}},{"arcs":[[-5468,-5488,-5512,-5516,-5484]],"type":"Polygon","properties":{"dep":"D61","unit":"6199","lon":-0.582,"lat":48.73}},{"arcs":[[-5440,5522,-5520]],"type":"Polygon","properties":{"dep":"D61","unit":"6103","lon":0.055,"lat":48.418}},{"arcs":[[5523,5524,5525,5526,5527,5528,5529,5530,5531]],"type":"Polygon","properties":{"dep":"D62","unit":"6217","lon":2.7,"lat":50.417}},{"arcs":[[-5131,-5139,-5253,-5252,5532,5533,5534,5535,5536,5537,5538,5539,5540,5541,5542,-5184,-5183],[-5140,-5141]],"type":"Polygon","properties":{"dep":"D62","unit":"6209","lon":2.933,"lat":50.117}},{"arcs":[[5543,5544,5545,5546,5547,5548]],"type":"Polygon","properties":{"dep":"D62","unit":"6208","lon":2.849,"lat":50.404}},{"arcs":[[5549,5550,5551,5552,5553,-5542,-5541,-5540,5554,5555]],"type":"Polygon","properties":{"dep":"D62","unit":"6204","lon":2.818,"lat":50.241}},{"arcs":[[[-5550,-5556,5556,5557,5558]],[[5559,-5524,-5532,5560,5561,5562,5563,5564]]],"type":"MultiPolygon","properties":{"dep":"D62","unit":"6202","lon":2.732,"lat":50.34}},{"arcs":[[5565,5566,5567,5568,5569,5570,5571,5572,5573,5574,5575,5576,5577,5578,5579]],"type":"Polygon","properties":{"dep":"D62","unit":"6233","lon":1.949,"lat":50.584}},{"arcs":[[-5565,-5564,5580,-5558,-5557,-5555,-5539,-5538,-5537,5581,5582,5583,5584,5585,5586,5587,5588,5589,5590,5591,-5525,-5560]],"type":"Polygon","properties":{"dep":"D62","unit":"6207","lon":2.551,"lat":50.266}},{"arcs":[[-5263,5592,5593,5594,5595]],"type":"Polygon","properties":{"dep":"D62","unit":"6201","lon":2.381,"lat":50.627}},{"arcs":[[5596,5597,5598,-5576,-5575,5599,5600,5601,5602,5603,5604]],"type":"Polygon","properties":{"dep":"D62","unit":"6210","lon":1.706,"lat":50.404}},{"arcs":[[-5600,-5574,5605,5606,5607,5608,5609,5610,5611,5612,5613,5614,5615,5616,-5601]],"type":"Polygon","properties":{"dep":"D62","unit":"6206","lon":2.036,"lat":50.349}},{"arcs":[[5617,5618,5619,5620,5621,5622,5623,-5579,-5578,5624]],"type":"Polygon","properties":{"dep":"D62","unit":"6219","lon":1.91,"lat":50.834}},{"arcs":[[-5618,-5625,-5577,-5599,5625,5626,5627,5628,5629,5630,5631]],"type":"Polygon","properties":{"dep":"D62","unit":"6222","lon":1.816,"lat":50.695}},{"arcs":[[-5262,5632,5633,5634,5635,5636,5637,5638,-5594,-5593]],"type":"Polygon","properties":{"dep":"D62","unit":"6231","lon":2.524,"lat":50.579}},{"arcs":[[-5264,-5596,-5595,-5639,5639,5640,-5610,-5609,-5608,-5607,-5606,-5573,-5572,5641]],"type":"Polygon","properties":{"dep":"D62","unit":"6225","lon":2.148,"lat":50.553}},{"arcs":[[5642,-5547,5643,5644]],"type":"Polygon","properties":{"dep":"D62","unit":"6229","lon":2.83,"lat":50.439}},{"arcs":[[-5169,-5168,-5167,5645,-5528,5646,5647,5648]],"type":"Polygon","properties":{"dep":"D62","unit":"6223","lon":2.767,"lat":50.515}},{"arcs":[[-5635,5649,5650,5651,5652,5653]],"type":"Polygon","properties":{"dep":"D62","unit":"6211","lon":2.574,"lat":50.533}},{"arcs":[[-5641,-5640,-5638,-5637,5654,5655,-5590,-5589,5656,-5613,-5612,-5611]],"type":"Polygon","properties":{"dep":"D62","unit":"6238","lon":2.306,"lat":50.387}},{"arcs":[[-5300,-5186,-5185,-5543,-5554,5657,5658,-5545,5659,5660,5661]],"type":"Polygon","properties":{"dep":"D62","unit":"6215","lon":2.968,"lat":50.299}},{"arcs":[[-5265,-5642,-5571,-5570,-5569,5662]],"type":"Polygon","properties":{"dep":"D62","unit":"6232","lon":2.246,"lat":50.716}},{"arcs":[[-5551,-5559,-5581,-5563,5663]],"type":"Polygon","properties":{"dep":"D62","unit":"6296","lon":2.771,"lat":50.291}},{"arcs":[[-5659,-5658,-5553,-5552,-5664,-5562,5664]],"type":"Polygon","properties":{"dep":"D62","unit":"6203","lon":2.847,"lat":50.317}},{"arcs":[[-5636,-5654,5665,5666,-5655]],"type":"Polygon","properties":{"dep":"D62","unit":"6205","lon":2.472,"lat":50.476}},{"arcs":[[-5277,-5280,-5228,5667,-5623,-5622,5668,5669]],"type":"Polygon","properties":{"dep":"D62","unit":"6234","lon":2.062,"lat":50.916}},{"arcs":[[[5670,-5629,5671,5672,5673]],[[5674,5675,5676]]],"type":"MultiPolygon","properties":{"dep":"D62","unit":"6214","lon":1.672,"lat":50.711}},{"arcs":[[-5667,-5666,-5653,5677,5678,-5526,-5592,-5591,-5656]],"type":"Polygon","properties":{"dep":"D62","unit":"6216","lon":2.561,"lat":50.428}},{"arcs":[[-5652,-5651,5679,5680,-5647,-5527,-5679,-5678]],"type":"Polygon","properties":{"dep":"D62","unit":"6235","lon":2.625,"lat":50.468}},{"arcs":[[-5266,-5663,-5568,-5567,-5566,-5580,-5624,-5668,-5227]],"type":"Polygon","properties":{"dep":"D62","unit":"6237","lon":2.176,"lat":50.799}},{"arcs":[[-5166,5681,-5645,5682,-5529,-5646]],"type":"Polygon","properties":{"dep":"D62","unit":"6239","lon":2.842,"lat":50.478}},{"arcs":[[-5170,-5649,-5648,-5681,-5680,-5650,-5634,-5633,-5261,-5254,-5220,-5171]],"type":"Polygon","properties":{"dep":"D62","unit":"6212","lon":2.69,"lat":50.571}},{"arcs":[[-5544,-5549,-5548,-5643,5683,5684,5685,5686,-5660]],"type":"Polygon","properties":{"dep":"D62","unit":"6226","lon":2.903,"lat":50.428}},{"arcs":[[-5619,-5632,5687,5688,-5620]],"type":"Polygon","properties":{"dep":"D62","unit":"6218","lon":1.793,"lat":50.907}},{"arcs":[[5689,-5675,5690,5691,-5673]],"type":"Polygon","properties":{"dep":"D62","unit":"6297","lon":1.606,"lat":50.728}},{"arcs":[[-5597,-5605,5692,5693,5694,-5626,-5598]],"type":"Polygon","properties":{"dep":"D62","unit":"6224","lon":1.68,"lat":50.533}},{"arcs":[[-5669,-5621,-5689,5695]],"type":"Polygon","properties":{"dep":"D62","unit":"6298","lon":1.871,"lat":50.956}},{"arcs":[[-5165,5696,5697,5698,-5684,-5682]],"type":"Polygon","properties":{"dep":"D62","unit":"6221","lon":2.952,"lat":50.487}},{"arcs":[[-5672,-5628,-5627,-5695,5699,-5676,-5690]],"type":"Polygon","properties":{"dep":"D62","unit":"6236","lon":1.626,"lat":50.648}},{"arcs":[[-5630,-5671,-5674,-5692,5700]],"type":"Polygon","properties":{"dep":"D62","unit":"6213","lon":1.631,"lat":50.776}},{"arcs":[[[-5159,-5302,5701,5702,-5163,-5199]],[[-5687,5703,-5661]]],"type":"MultiPolygon","properties":{"dep":"D62","unit":"6228","lon":3.024,"lat":50.428}},{"arcs":[[[-5164,-5703,5704,-5697]],[[-5685,-5699,5705]]],"type":"MultiPolygon","properties":{"dep":"D62","unit":"6227","lon":2.994,"lat":50.449}},{"arcs":[[-5530,-5683,-5644,-5546,-5665,-5561,-5531]],"type":"Polygon","properties":{"dep":"D62","unit":"6230","lon":2.782,"lat":50.391}},{"arcs":[[-5301,-5662,-5704,-5686,-5706,-5698,-5705,-5702]],"type":"Polygon","properties":{"dep":"D62","unit":"6299","lon":2.956,"lat":50.409}},{"arcs":[[-348,-365,5706,5707,5708,5709,5710,5711,5712,5713,5714,5715]],"type":"Polygon","properties":{"dep":"D63","unit":"6301","lon":3.237,"lat":45.921}},{"arcs":[[-3781,5716,5717,-3868,5718,5719,5720,5721,5722,5723]],"type":"Polygon","properties":{"dep":"D63","unit":"6322","lon":3.599,"lat":45.644}},{"arcs":[[-3817,-3774,-3886,-3869,-5718,-5717,-3780]],"type":"Polygon","properties":{"dep":"D63","unit":"6302","lon":3.787,"lat":45.498}},{"arcs":[[-350,-349,-5716,-5715,5724,5725,5726,5727,5728]],"type":"Polygon","properties":{"dep":"D63","unit":"6327","lon":2.994,"lat":46.005}},{"arcs":[[-1361,-1341,-1375,-1374,5729,5730,5731,5732,5733,5734,-5720,-5719,-3867,-3866]],"type":"Polygon","properties":{"dep":"D63","unit":"6306","lon":3.089,"lat":45.421}},{"arcs":[[-311,-3792,-3784,-3783,-3782,-5724,5735,5736]],"type":"Polygon","properties":{"dep":"D63","unit":"6330","lon":3.629,"lat":45.871}},{"arcs":[[-359,-363,-351,-5729,-5728,5737,-2018,-2003,-323]],"type":"Polygon","properties":{"dep":"D63","unit":"6326","lon":2.766,"lat":46.086}},{"arcs":[[5738,5739,5740,5741,5742]],"type":"Polygon","properties":{"dep":"D63","unit":"6303","lon":3.1,"lat":45.731}},{"arcs":[[5743,5744,5745,5746,5747,-5712,5748]],"type":"Polygon","properties":{"dep":"D63","unit":"6317","lon":3.173,"lat":45.831}},{"arcs":[[5749,5750,5751,5752,5753,5754,5755,5756,5757,5758]],"type":"Polygon","properties":{"dep":"D63","unit":"6323","lon":2.869,"lat":45.699}},{"arcs":[[5759,5760,-5751,5761,-5742,5762,5763,5764]],"type":"Polygon","properties":{"dep":"D63","unit":"6321","lon":3.15,"lat":45.682}},{"arcs":[[-1369,-1734,5765,-5754,-5753,5766,5767,-5731,-5730,-1373,-1372]],"type":"Polygon","properties":{"dep":"D63","unit":"6329","lon":2.825,"lat":45.505}},{"arcs":[[-312,-5737,5768,-5708,-5707,-364,-282,-314,-313]],"type":"Polygon","properties":{"dep":"D63","unit":"6320","lon":3.409,"lat":46.003}},{"arcs":[[-5739,-5743,-5762,-5750,-5759,5769,5770]],"type":"Polygon","properties":{"dep":"D63","unit":"6304","lon":3.007,"lat":45.726}},{"arcs":[[-5722,-5721,-5735,5771,5772,5773,-5710,5774]],"type":"Polygon","properties":{"dep":"D63","unit":"6305","lon":3.396,"lat":45.705}},{"arcs":[[5775,-5746,5776,-5757,5777]],"type":"Polygon","properties":{"dep":"D63","unit":"6307","lon":3.069,"lat":45.825}},{"arcs":[[-5709,-5769,-5736,-5723,-5775]],"type":"Polygon","properties":{"dep":"D63","unit":"6319","lon":3.395,"lat":45.844}},{"arcs":[[-1688,-2019,-5738,-5727,5778,-5755,-5766,-1733]],"type":"Polygon","properties":{"dep":"D63","unit":"6328","lon":2.629,"lat":45.815}},{"arcs":[[-5732,-5768,5779,-5733]],"type":"Polygon","properties":{"dep":"D63","unit":"6318","lon":3.288,"lat":45.578}},{"arcs":[[-5760,-5765,5780,5781,-5773,-5772,-5734,-5780,-5767,-5752,-5761]],"type":"Polygon","properties":{"dep":"D63","unit":"6331","lon":3.252,"lat":45.641}},{"arcs":[[-5741,5782,5783,-5781,-5764,-5763]],"type":"Polygon","properties":{"dep":"D63","unit":"6316","lon":3.188,"lat":45.738}},{"arcs":[[-5770,-5758,5784]],"type":"Polygon","properties":{"dep":"D63","unit":"6308","lon":3.042,"lat":45.758}},{"arcs":[[-5776,-5778,-5756,-5779,-5726,5785,-5747]],"type":"Polygon","properties":{"dep":"D63","unit":"6309","lon":3.061,"lat":45.878}},{"arcs":[[-5714,-5713,-5748,-5786,-5725]],"type":"Polygon","properties":{"dep":"D63","unit":"6325","lon":3.14,"lat":45.914}},{"arcs":[[-5740,-5771,-5785,-5777,-5745,5786,-5783]],"type":"Polygon","properties":{"dep":"D63","unit":"6399","lon":3.114,"lat":45.789}},{"arcs":[[-5744,-5749,-5711,-5774,-5782,-5784,-5787]],"type":"Polygon","properties":{"dep":"D63","unit":"6324","lon":3.23,"lat":45.784}},{"arcs":[[5787,5788,5789,5790,5791,5792,5793,5794,5795,5796,5797,5798,5799]],"type":"Polygon","properties":{"dep":"D64","unit":"6427","lon":-0.174,"lat":43.209}},{"arcs":[[-5800,5800,-5797,5801,5802,5803,5804,5805,5806,5807,5808,5809,-5789,5810,5811,5812,5813]],"type":"Polygon","properties":{"dep":"D64","unit":"6423","lon":-0.222,"lat":43.343}},{"arcs":[[5814,5815,5816,5817,5818,5819,5820,5821,5822,5823,5824,5825,5826,5827,5828,5829,5830]],"type":"Polygon","properties":{"dep":"D64","unit":"6409","lon":-0.69,"lat":43.341}},{"arcs":[[-3691,5831,-5829,-5828,5832,-3692]],"type":"Polygon","properties":{"dep":"D64","unit":"6416","lon":-0.903,"lat":43.462}},{"arcs":[[5833,5834,5835,-5823,5836,5837,5838,5839]],"type":"Polygon","properties":{"dep":"D64","unit":"6414","lon":-0.651,"lat":43.015}},{"arcs":[[5840,5841,-5826,-5825,-5824,-5836,5842,5843,5844,5845,5846,5847]],"type":"Polygon","properties":{"dep":"D64","unit":"6412","lon":-0.945,"lat":43.069}},{"arcs":[[5848,5849,5850,5851,5852,5853,5854,5855,5856,5857]],"type":"Polygon","properties":{"dep":"D64","unit":"6426","lon":-1.559,"lat":43.361}},{"arcs":[[-3693,-5833,-5827,-5842,-5841,-5848,-5847,-5846,-5845,5858,5859]],"type":"Polygon","properties":{"dep":"D64","unit":"6422","lon":-1.108,"lat":43.328}},{"arcs":[[-3708,5860,5861,-5851,5862,5863]],"type":"Polygon","properties":{"dep":"D64","unit":"6496","lon":-1.518,"lat":43.494}},{"arcs":[[-2935,5864,-5806,5865,5866,5867,5868,5869,5870,5871,-3668,-3637]],"type":"Polygon","properties":{"dep":"D64","unit":"6425","lon":-0.199,"lat":43.505}},{"arcs":[[-5817,5872,5873,-5868,-5867,5874,5875]],"type":"Polygon","properties":{"dep":"D64","unit":"6411","lon":-0.442,"lat":43.342}},{"arcs":[[5876,5877,-5803,-5802,-5796,-5795,5878,5879,5880,5881,5882,5883]],"type":"Polygon","properties":{"dep":"D64","unit":"6417","lon":-0.299,"lat":43.173}},{"arcs":[[-3643,-3655,-3671,-3670,-3669,-5872,-5871,-5870,-5869,-5874,-5873,-5816,-5815,-5831,-5830,-5832,-3690]],"type":"Polygon","properties":{"dep":"D64","unit":"6402","lon":-0.552,"lat":43.466}},{"arcs":[[[-5834,-5840,5884,-5819,5885,-5881,5886,5887]],[[-5837,-5822,-5821,5888,-5838]]],"type":"MultiPolygon","properties":{"dep":"D64","unit":"6415","lon":-0.396,"lat":43.033}},{"arcs":[[-5876,5889,5890,-5882,-5886,-5818]],"type":"Polygon","properties":{"dep":"D64","unit":"6408","lon":-0.439,"lat":43.276}},{"arcs":[[-3694,-5860,5891,-5853,5892,-3705,-3704,-3698]],"type":"Polygon","properties":{"dep":"D64","unit":"6413","lon":-1.248,"lat":43.478}},{"arcs":[[-3706,-5893,-5852,-5862,5893]],"type":"Polygon","properties":{"dep":"D64","unit":"6497","lon":-1.468,"lat":43.496}},{"arcs":[[-5863,-5850,5894,5895]],"type":"Polygon","properties":{"dep":"D64","unit":"6407","lon":-1.552,"lat":43.469}},{"arcs":[[-5849,-5858,5896,5897,-5895]],"type":"Polygon","properties":{"dep":"D64","unit":"6424","lon":-1.636,"lat":43.39}},{"arcs":[[-5857,5898,-5897]],"type":"Polygon","properties":{"dep":"D64","unit":"6410","lon":-1.71,"lat":43.349}},{"arcs":[[-5877,-5884,5899,5900,5901]],"type":"Polygon","properties":{"dep":"D64","unit":"6420","lon":-0.347,"lat":43.284}},{"arcs":[[-3707,-5894,-5861]],"type":"Polygon","properties":{"dep":"D64","unit":"6405","lon":-1.479,"lat":43.525}},{"arcs":[[-5855,-5854,-5892,-5859,-5844,5902]],"type":"Polygon","properties":{"dep":"D64","unit":"6403","lon":-1.383,"lat":43.358}},{"arcs":[[-5883,-5891,5903,-5900]],"type":"Polygon","properties":{"dep":"D64","unit":"6421","lon":-0.371,"lat":43.245}},{"arcs":[[-5878,-5902,5904,-5804]],"type":"Polygon","properties":{"dep":"D64","unit":"6419","lon":-0.306,"lat":43.297}},{"arcs":[[-5839,-5889,-5820,-5885]],"type":"Polygon","properties":{"dep":"D64","unit":"6498","lon":-0.546,"lat":43.118}},{"arcs":[[-5890,-5875,-5866,-5805,-5905,-5901,-5904]],"type":"Polygon","properties":{"dep":"D64","unit":"6499","lon":-0.352,"lat":43.318}},{"arcs":[[-5880,5905,5906,5907,5908,5909,-5887]],"type":"Polygon","properties":{"dep":"D65","unit":"6516","lon":-0.071,"lat":42.876}},{"arcs":[[5910,5911,5912,-5907,5913,5914,5915,5916,5917,5918]],"type":"Polygon","properties":{"dep":"D65","unit":"6506","lon":0.014,"lat":43.052}},{"arcs":[[-2853,5919,-5909,5920,5921,5922,5923]],"type":"Polygon","properties":{"dep":"D65","unit":"6508","lon":0.335,"lat":42.834}},{"arcs":[[5924,5925,5926,5927,5928,5929,5930,5931,5932,5933,5934]],"type":"Polygon","properties":{"dep":"D65","unit":"6507","lon":0.1,"lat":43.171}},{"arcs":[[[-5813,-5812,5935]],[[-5809,-5808,5936,5937,5938,5939,5940,5941,-5790,-5810]]],"type":"MultiPolygon","properties":{"dep":"D65","unit":"6517","lon":0.05,"lat":43.381}},{"arcs":[[-2854,-5924,5942,5943,5944,-2866,-2865,-2864,-2858,-2857,-2856,-2855]],"type":"Polygon","properties":{"dep":"D65","unit":"6515","lon":0.533,"lat":42.947}},{"arcs":[[-2976,-2975,-2991,-2990,5945,5946,5947,5948,5949,-5939,-5938,-5937,-5807,-5865,-2934,-2933]],"type":"Polygon","properties":{"dep":"D65","unit":"6513","lon":0.07,"lat":43.475}},{"arcs":[[-2867,-5945,5950,5951,5952,5953,-5932,5954,5955,-5940,-5950,-5949,-5948,-5947,-5946,-2989,-2988,-2978,-2977]],"type":"Polygon","properties":{"dep":"D65","unit":"6503","lon":0.495,"lat":43.275}},{"arcs":[[-5921,-5908,-5913,-5912,5956,5957,-5927,5958,5959,5960,5961]],"type":"Polygon","properties":{"dep":"D65","unit":"6504","lon":0.16,"lat":42.999}},{"arcs":[[-5925,-5935,-5934,-5933,-5954,-5953,-5952,-5951,-5944,-5943,-5923,-5922,-5962,-5961,-5960,-5959,-5926]],"type":"Polygon","properties":{"dep":"D65","unit":"6514","lon":0.253,"lat":43.178}},{"arcs":[[-5879,-5794,5962,5963,5964,-5918,5965,-5915,-5914,-5906]],"type":"Polygon","properties":{"dep":"D65","unit":"6505","lon":-0.155,"lat":43.082}},{"arcs":[[-5955,-5931,5966,5967]],"type":"Polygon","properties":{"dep":"D65","unit":"6501","lon":0.105,"lat":43.233}},{"arcs":[[[-5814,-5936,-5811,-5788]],[[-5799,-5798,-5801]],[[-5792,5968,5969,-5929,-5928,-5958,-5957,-5911,-5919,-5965,-5964,5970]]],"type":"MultiPolygon","properties":{"dep":"D65","unit":"6509","lon":0.004,"lat":43.186}},{"arcs":[[-5791,-5942,-5941,-5956,-5968,5971,-5969]],"type":"Polygon","properties":{"dep":"D65","unit":"6502","lon":0.017,"lat":43.258}},{"arcs":[[[-5793,-5971,-5963]],[[-5917,-5916,-5966]]],"type":"MultiPolygon","properties":{"dep":"D65","unit":"6598","lon":-0.044,"lat":43.097}},{"arcs":[[-5967,-5930,-5970,-5972]],"type":"Polygon","properties":{"dep":"D65","unit":"6599","lon":0.066,"lat":43.235}},{"arcs":[[5972,5973,5974,5975,5976,5977]],"type":"Polygon","properties":{"dep":"D66","unit":"6617","lon":2.802,"lat":42.492}},{"arcs":[[5978,5979,5980,-5976,5981,5982,5983,5984,5985]],"type":"Polygon","properties":{"dep":"D66","unit":"6612","lon":2.939,"lat":42.616}},{"arcs":[[5986,5987,5988,5989,5990,5991,-5974]],"type":"Polygon","properties":{"dep":"D66","unit":"6602","lon":2.531,"lat":42.476}},{"arcs":[[-802,-982,-981,5992,5993,-5989,-5988,5994],[5995]],"type":"Polygon","properties":{"dep":"D66","unit":"6613","lon":2.112,"lat":42.545}},{"arcs":[[-980,-979,-973,-972,-1020,5996,5997,5998,5999,-5990,-5994,-5993]],"type":"Polygon","properties":{"dep":"D66","unit":"6615","lon":2.493,"lat":42.77}},{"arcs":[[-5981,6000,-5977]],"type":"Polygon","properties":{"dep":"D66","unit":"6605","lon":3.077,"lat":42.49}},{"arcs":[[6001,6002,-5999,6003]],"type":"Polygon","properties":{"dep":"D66","unit":"6614","lon":2.795,"lat":42.73}},{"arcs":[[-5982,-5975,-5992,6004,6005,6006,6007,6008,6009,-5983]],"type":"Polygon","properties":{"dep":"D66","unit":"6601","lon":2.759,"lat":42.597}},{"arcs":[[-1019,6010,6011,6012,-5997]],"type":"Polygon","properties":{"dep":"D66","unit":"6604","lon":2.982,"lat":42.782}},{"arcs":[[-6012,6013,6014,6015]],"type":"Polygon","properties":{"dep":"D66","unit":"6607","lon":2.98,"lat":42.726}},{"arcs":[[6016,6017]],"type":"Polygon","properties":{"dep":"D66","unit":"6608","lon":2.944,"lat":42.679}},{"arcs":[[-5979,-5986,-5985,6018,-6017,6019,-6015,6020]],"type":"Polygon","properties":{"dep":"D66","unit":"6603","lon":3.008,"lat":42.676}},{"arcs":[[-6009,6021,6022]],"type":"Polygon","properties":{"dep":"D66","unit":"6610","lon":2.836,"lat":42.652}},{"arcs":[[-6003,6023,-6007,-6006,-6005,-5991,-6000]],"type":"Polygon","properties":{"dep":"D66","unit":"6616","lon":2.67,"lat":42.684}},{"arcs":[[-6002,-6004,-5998,-6013,-6016,-6020,-6018,-6019,-5984,-6010,-6023,6024]],"type":"Polygon","properties":{"dep":"D66","unit":"6699","lon":2.896,"lat":42.697}},{"arcs":[[-6022,-6008,-6024,-6025]],"type":"Polygon","properties":{"dep":"D66","unit":"6611","lon":2.824,"lat":42.67}},{"arcs":[[6025,6026,6027,6028,6029,6030,6031,6032,6033,6034]],"type":"Polygon","properties":{"dep":"D67","unit":"6709","lon":7.648,"lat":48.532}},{"arcs":[[-4989,6035,6036,6037,6038,6039,-4981,-4980,-5047,-5046,-4972,-5022,-5021,-5057,-4990]],"type":"Polygon","properties":{"dep":"D67","unit":"6708","lon":7.237,"lat":48.905}},{"arcs":[[-4757,-4984,-4983,6040,6041,6042,6043,6044,6045,6046,6047,6048,6049,6050,6051,-4758]],"type":"Polygon","properties":{"dep":"D67","unit":"6711","lon":7.201,"lat":48.434}},{"arcs":[[-4982,-6040,-6039,6052,6053,6054,6055,-6041]],"type":"Polygon","properties":{"dep":"D67","unit":"6714","lon":7.386,"lat":48.691}},{"arcs":[[-6026,-6035,-6034,6056,-6054,-6053,-6038,-6037,6057,6058,6059,6060,6061,6062,6063,6064,6065]],"type":"Polygon","properties":{"dep":"D67","unit":"6702","lon":7.58,"lat":48.724}},{"arcs":[[-6056,-6055,-6057,-6033,-6032,6066,6067,-6045,-6044,-6043,-6042]],"type":"Polygon","properties":{"dep":"D67","unit":"6710","lon":7.525,"lat":48.528}},{"arcs":[[-6046,-6068,6068,6069,6070,6071,-6047]],"type":"Polygon","properties":{"dep":"D67","unit":"6712","lon":7.454,"lat":48.387}},{"arcs":[[6072,6073,6074,6075,-6048,-6072,6076,6077]],"type":"Polygon","properties":{"dep":"D67","unit":"6716","lon":7.543,"lat":48.238}},{"arcs":[[6078,6079,6080,6081,6082,6083,6084]],"type":"Polygon","properties":{"dep":"D67","unit":"6723","lon":7.998,"lat":48.947}},{"arcs":[[-6061,-6060,6085,6086,6087,6088,-6081,6089,6090,6091,6092,6093,-6062]],"type":"Polygon","properties":{"dep":"D67","unit":"6705","lon":7.79,"lat":48.831}},{"arcs":[[-6077,-6071,-6070,-6069,-6067,-6031,6094,6095]],"type":"Polygon","properties":{"dep":"D67","unit":"6704","lon":7.642,"lat":48.38}},{"arcs":[[-6092,-6091,6096,6097,6098,6099,6100,6101,6102,-6064,-6063,-6094,-6093]],"type":"Polygon","properties":{"dep":"D67","unit":"6703","lon":7.779,"lat":48.714}},{"arcs":[[[-4988,6103,-6083,-6082,-6089,6104,-6058,-6036]],[[-6087,6105]]],"type":"MultiPolygon","properties":{"dep":"D67","unit":"6713","lon":7.694,"lat":48.959}},{"arcs":[[6106,-6101,6107,6108]],"type":"Polygon","properties":{"dep":"D67","unit":"6715","lon":7.748,"lat":48.61}},{"arcs":[[-6079,-6085,6109,-6098,-6097,-6090,-6080]],"type":"Polygon","properties":{"dep":"D67","unit":"6701","lon":7.931,"lat":48.766}},{"arcs":[[-6065,-6103,-6102,-6107,-6109,6110,-6028,-6027,-6066]],"type":"Polygon","properties":{"dep":"D67","unit":"6706","lon":7.717,"lat":48.637}},{"arcs":[[-6095,-6030,6111,6112]],"type":"Polygon","properties":{"dep":"D67","unit":"6707","lon":7.73,"lat":48.498}},{"arcs":[[-6105,-6088,-6106,-6086,-6059]],"type":"Polygon","properties":{"dep":"D67","unit":"6789","lon":7.602,"lat":48.837}},{"arcs":[[-6108,-6100,6113,-6112,-6029,-6111]],"type":"Polygon","properties":{"dep":"D67","unit":"6799","lon":7.768,"lat":48.571}},{"arcs":[[-6074,6114,6115,6116,6117,6118,6119,6120]],"type":"Polygon","properties":{"dep":"D68","unit":"6806","lon":7.496,"lat":47.925}},{"arcs":[[6121,6122,6123,6124,6125,6126,6127,6128,6129,6130,6131,6132,6133,6134,6135,6136,6137,6138,6139,6140,6141,6142]],"type":"Polygon","properties":{"dep":"D68","unit":"6809","lon":7.111,"lat":47.684}},{"arcs":[[-6136,6143,6144,6145,6146,6147,-6139,-6138,-6137]],"type":"Polygon","properties":{"dep":"D68","unit":"6801","lon":7.295,"lat":47.551}},{"arcs":[[-6049,-6076,6148,6149,6150,6151,6152,6153,6154,6155]],"type":"Polygon","properties":{"dep":"D68","unit":"6815","lon":7.245,"lat":48.194}},{"arcs":[[[-6075,-6121,-6120,6156,6157]],[[-6150,6158]]],"type":"MultiPolygon","properties":{"dep":"D68","unit":"6805","lon":7.428,"lat":48.075}},{"arcs":[[-6133,-6132,6159,6160,6161,6162,6163,6164,6165,-6134]],"type":"Polygon","properties":{"dep":"D68","unit":"6803","lon":7.064,"lat":47.854}},{"arcs":[[6166,6167,6168,-6147,6169,6170]],"type":"Polygon","properties":{"dep":"D68","unit":"6814","lon":7.486,"lat":47.577}},{"arcs":[[6171,-6116,6172,6173,6174,6175,6176]],"type":"Polygon","properties":{"dep":"D68","unit":"6813","lon":7.457,"lat":47.774}},{"arcs":[[-6167,-6171,-6170,-6146,-6145,6177,6178,-6175,-6174,6179]],"type":"Polygon","properties":{"dep":"D68","unit":"6802","lon":7.405,"lat":47.659}},{"arcs":[[6180,-6118,6181,6182,-6163,6183,6184]],"type":"Polygon","properties":{"dep":"D68","unit":"6807","lon":7.174,"lat":47.913}},{"arcs":[[-6172,6185,-6165,-6164,-6183,-6182,-6117]],"type":"Polygon","properties":{"dep":"D68","unit":"6817","lon":7.277,"lat":47.829}},{"arcs":[[-6153,6186,6187,-6157,-6119,-6181,-6185,-6184,-6162,6188,6189]],"type":"Polygon","properties":{"dep":"D68","unit":"6816","lon":7.225,"lat":48.021}},{"arcs":[[-6151,-6159,-6149,-6158,-6188,6190]],"type":"Polygon","properties":{"dep":"D68","unit":"6898","lon":7.359,"lat":48.089}},{"arcs":[[-6135,-6166,-6186,6191,6192,-6178,-6144]],"type":"Polygon","properties":{"dep":"D68","unit":"6808","lon":7.253,"lat":47.748}},{"arcs":[[-6177,6193,-6192]],"type":"Polygon","properties":{"dep":"D68","unit":"6812","lon":7.353,"lat":47.771}},{"arcs":[[-6152,-6191,-6187]],"type":"Polygon","properties":{"dep":"D68","unit":"6804","lon":7.314,"lat":48.1}},{"arcs":[[-6179,-6193,-6194,-6176]],"type":"Polygon","properties":{"dep":"D68","unit":"6899","lon":7.329,"lat":47.75}},{"arcs":[[-3811,6194,6195,6196,6197,6198,6199,-3812]],"type":"Polygon","properties":{"dep":"D69","unit":"6910","lon":4.438,"lat":45.91}},{"arcs":[[-3806,6200,6201,6202,6203,6204,6205,6206,6207,6208,-6195,-3810,-3797]],"type":"Polygon","properties":{"dep":"D69","unit":"6911","lon":4.389,"lat":46.081}},{"arcs":[[-104,6209,6210,6211,6212,-3547,6213,6214,6215,6216,6217,6218,6219,-89,-88,-22,-105]],"type":"Polygon","properties":{"dep":"D69","unit":"6999","lon":4.854,"lat":45.763}},{"arcs":[[6220,6221,-6198,-6197,6222,6223,6224]],"type":"Polygon","properties":{"dep":"D69","unit":"6904","lon":4.588,"lat":45.94}},{"arcs":[[-90,-6220,-6219,6225,6226,-6221,-6225,-6224,6227,6228]],"type":"Polygon","properties":{"dep":"D69","unit":"6901","lon":4.703,"lat":45.916}},{"arcs":[[-3546,-3559,-3506,-3505,-3504,-3826,-3852,-3851,-3850,-3849,-3835,6229,6230,6231,6232,-6214]],"type":"Polygon","properties":{"dep":"D69","unit":"6908","lon":4.719,"lat":45.535}},{"arcs":[[-3843,-3813,-6200,-6199,-6222,-6227,6233,6234]],"type":"Polygon","properties":{"dep":"D69","unit":"6902","lon":4.505,"lat":45.764}},{"arcs":[[-4,6235,-6208,-6207,-6206,-6205,6236,6237]],"type":"Polygon","properties":{"dep":"D69","unit":"6903","lon":4.667,"lat":46.15}},{"arcs":[[6238,-6228,-6223,-6196,-6209,-6236,-3,-25]],"type":"Polygon","properties":{"dep":"D69","unit":"6907","lon":4.648,"lat":46.031}},{"arcs":[[-3845,-3844,-6235,-6234,-6226,-6218,6239,6240,-6231,-6230,-3834]],"type":"Polygon","properties":{"dep":"D69","unit":"6912","lon":4.552,"lat":45.645}},{"arcs":[[-6232,-6241,-6240,-6217,6241]],"type":"Polygon","properties":{"dep":"D69","unit":"6905","lon":4.741,"lat":45.707}},{"arcs":[[[-3542,-3548,-6213,-6212,6242,-3496,-3544,-3543]],[[-6242,-6216,-6215,-6233]]],"type":"MultiPolygon","properties":{"dep":"D69","unit":"6909","lon":4.881,"lat":45.623}},{"arcs":[[-91,-6229,-6239]],"type":"Polygon","properties":{"dep":"D69","unit":"6913","lon":4.731,"lat":45.989}},{"arcs":[[-73,-3484,-3483,-3497,-6243,-6211,-6210,-103]],"type":"Polygon","properties":{"dep":"D69","unit":"6906","lon":5.046,"lat":45.704}},{"arcs":[[6243,6244,6245,6246,6247,6248,6249,6250,6251,6252,6253,6254,6255]],"type":"Polygon","properties":{"dep":"D70","unit":"7013","lon":6.298,"lat":47.873}},{"arcs":[[-4557,6256,6257,6258,6259,6260,6261,6262,-4593,-4592,-4591]],"type":"Polygon","properties":{"dep":"D70","unit":"7005","lon":5.879,"lat":47.79}},{"arcs":[[-1822,-4601,-4594,-6263,6263,6264]],"type":"Polygon","properties":{"dep":"D70","unit":"7001","lon":5.602,"lat":47.591}},{"arcs":[[6265,6266,6267,-6250,6268,6269,6270,6271,6272,6273,6274,6275,6276]],"type":"Polygon","properties":{"dep":"D70","unit":"7006","lon":6.328,"lat":47.703}},{"arcs":[[-2165,-2185,6277,6278,6279,-6267,6280,6281,6282,-2195]],"type":"Polygon","properties":{"dep":"D70","unit":"7017","lon":6.347,"lat":47.589}},{"arcs":[[-6270,-6269,-6249,-6248,-6247,-6246,6283,6284]],"type":"Polygon","properties":{"dep":"D70","unit":"7008","lon":6.382,"lat":47.794}},{"arcs":[[6285,6286,-6272,-6271,-6285,6287,6288,6289,6290,6291,6292,6293]],"type":"Polygon","properties":{"dep":"D70","unit":"7010","lon":6.6,"lat":47.824}},{"arcs":[[-6256,-6255,-6254,-6253,6294,6295,6296,6297,6298,-6261,-6260,-6259,6299,6300]],"type":"Polygon","properties":{"dep":"D70","unit":"7011","lon":6.1,"lat":47.807}},{"arcs":[[-6266,-6277,6301,-6275,-6274,6302,6303,6304,-6282,-6281]],"type":"Polygon","properties":{"dep":"D70","unit":"7007","lon":6.439,"lat":47.646}},{"arcs":[[-1827,-1823,-6265,6305,6306,6307,6308,6309]],"type":"Polygon","properties":{"dep":"D70","unit":"7002","lon":5.59,"lat":47.423}},{"arcs":[[6310,6311,6312,-6298,-6297,-6296,6313,6314,6315,-6279]],"type":"Polygon","properties":{"dep":"D70","unit":"7015","lon":6.098,"lat":47.62}},{"arcs":[[-6312,6316,6317,6318,6319,6320,-6307,-6306,-6264,-6262,-6299,-6313]],"type":"Polygon","properties":{"dep":"D70","unit":"7014","lon":5.921,"lat":47.539}},{"arcs":[[-1828,-6310,-6309,-6308,-6321,-6320,6321,-2178,-2159,-2158,-3594]],"type":"Polygon","properties":{"dep":"D70","unit":"7009","lon":5.787,"lat":47.361}},{"arcs":[[-2183,-2182,-2181,-2180,-2179,-6322,-6319,-6318,-6317,-6311,-6278,-2184]],"type":"Polygon","properties":{"dep":"D70","unit":"7012","lon":6.138,"lat":47.472}},{"arcs":[[[-2197,-2196,-6283,-6305,6322,6323,6324]],[[-2199,6325,-2259]]],"type":"MultiPolygon","properties":{"dep":"D70","unit":"7004","lon":6.661,"lat":47.602}},{"arcs":[[-2215,6326,6327,-6324,-6323,-6304,-6303,-6273,-6287,-6286,-6294,6328,6329,6330,6331,6332,6333,6334,6335]],"type":"Polygon","properties":{"dep":"D70","unit":"7003","lon":6.731,"lat":47.699}},{"arcs":[[-6295,-6252,-6251,-6268,-6280,-6316,6336,-6314]],"type":"Polygon","properties":{"dep":"D70","unit":"7016","lon":6.212,"lat":47.659}},{"arcs":[[-6245,6337,-6288,-6284]],"type":"Polygon","properties":{"dep":"D70","unit":"7088","lon":6.411,"lat":47.899}},{"arcs":[[-2214,-2260,-6326,-2198,-6325,-6328,-6327]],"type":"Polygon","properties":{"dep":"D70","unit":"7097","lon":6.762,"lat":47.574}},{"arcs":[[-6276,-6302]],"type":"Polygon","properties":{"dep":"D70","unit":"7098","lon":6.499,"lat":47.689}},{"arcs":[[-6337,-6315]],"type":"Polygon","properties":{"dep":"D70","unit":"7099","lon":6.155,"lat":47.632}},{"arcs":[[-79,-56,6338,6339,6340,6341,6342,-3607,-3606,-3605]],"type":"Polygon","properties":{"dep":"D71","unit":"7114","lon":5.088,"lat":46.566}},{"arcs":[[6343,6344,6345,-6341,6346,6347,6348,6349,6350,6351]],"type":"Polygon","properties":{"dep":"D71","unit":"7124","lon":4.989,"lat":46.752}},{"arcs":[[-1815,-1814,-1839,6352,-6351,6353,6354,-1816]],"type":"Polygon","properties":{"dep":"D71","unit":"7116","lon":5.005,"lat":46.896}},{"arcs":[[-1818,-1817,-6355,6355,6356,6357,6358,6359,6360,6361,-1805]],"type":"Polygon","properties":{"dep":"D71","unit":"7104","lon":4.639,"lat":46.866}},{"arcs":[[-3805,-3804,-3803,-3802,6362,6363,6364,6365,6366,-6202,-6201]],"type":"Polygon","properties":{"dep":"D71","unit":"7110","lon":4.231,"lat":46.263}},{"arcs":[[6367,6368,6369,6370,6371,6372,6373,6374,6375,6376,6377]],"type":"Polygon","properties":{"dep":"D71","unit":"7111","lon":4.612,"lat":46.491}},{"arcs":[[-1806,-6362,-6361,6378,6379,6380,-5069,-1809,-1811,-5068,-1807]],"type":"Polygon","properties":{"dep":"D71","unit":"7101","lon":4.245,"lat":47.048}},{"arcs":[[-5070,-6381,6381,6382,-6379,-6360,6383,6384,6385,6386,6387,6388,6389,-5111]],"type":"Polygon","properties":{"dep":"D71","unit":"7102","lon":4.216,"lat":46.838}},{"arcs":[[-342,6390,6391,-6365,-6364,-6363,-3801,-3787,-343]],"type":"Polygon","properties":{"dep":"D71","unit":"7125","lon":4.044,"lat":46.364}},{"arcs":[[-1838,-3564,-3563,-3579,-3578,-3577,-3635,-3634,-3626,-3608,-6343,6392,-6344,-6352,-6353]],"type":"Polygon","properties":{"dep":"D71","unit":"7126","lon":5.246,"lat":46.806}},{"arcs":[[-6383,-6382,-6380]],"type":"Polygon","properties":{"dep":"D71","unit":"7196","lon":4.311,"lat":46.947}},{"arcs":[[-64,6393,6394,6395,6396,6397,6398,-6369,-6368,-6378,-6377,6399,-66,-65]],"type":"Polygon","properties":{"dep":"D71","unit":"7119","lon":4.772,"lat":46.404}},{"arcs":[[-6366,-6392,6400,6401,6402,6403,-6371,6404,6405]],"type":"Polygon","properties":{"dep":"D71","unit":"7109","lon":4.311,"lat":46.456}},{"arcs":[[-6357,6406,6407,6408,6409,-6374,6410,6411]],"type":"Polygon","properties":{"dep":"D71","unit":"7117","lon":4.683,"lat":46.724}},{"arcs":[[-54,-67,-6400,-6376,-6375,-6410,6412,-6347,-6340,-6339,-55]],"type":"Polygon","properties":{"dep":"D71","unit":"7129","lon":4.852,"lat":46.594}},{"arcs":[[6413,6414,-6358,-6412,-6411,-6373,-6372,-6404,6415,6416,-6387,6417]],"type":"Polygon","properties":{"dep":"D71","unit":"7103","lon":4.476,"lat":46.685}},{"arcs":[[-340,-339,-5114,6418,-6401,-6391,-341]],"type":"Polygon","properties":{"dep":"D71","unit":"7115","lon":3.821,"lat":46.59}},{"arcs":[[-100,-5,-6238,-6237,-6204,-6203,-6367,-6406,-6405,-6370,-6399,6419,6420,6421,6422]],"type":"Polygon","properties":{"dep":"D71","unit":"7108","lon":4.537,"lat":46.34}},{"arcs":[[-6342,-6346,-6345,-6393]],"type":"Polygon","properties":{"dep":"D71","unit":"7120","lon":5.213,"lat":46.654}},{"arcs":[[-6384,-6359,-6415,6423,6424]],"type":"Polygon","properties":{"dep":"D71","unit":"7113","lon":4.485,"lat":46.834}},{"arcs":[[6425,-6349,6426,6427,6428,6429]],"type":"Polygon","properties":{"dep":"D71","unit":"7197","lon":4.852,"lat":46.79}},{"arcs":[[-6426,-6430,6430,-6407,-6356,-6354,-6350]],"type":"Polygon","properties":{"dep":"D71","unit":"7105","lon":4.832,"lat":46.831}},{"arcs":[[-5112,-6390,6431,-6402,-6419,-5113]],"type":"Polygon","properties":{"dep":"D71","unit":"7118","lon":4.027,"lat":46.653}},{"arcs":[[-6427,-6348,-6413,-6409,6432,-6428]],"type":"Polygon","properties":{"dep":"D71","unit":"7127","lon":4.867,"lat":46.73}},{"arcs":[[[-62,6433,-6395,6434]],[[-6397,6435,-6420,-6398]]],"type":"MultiPolygon","properties":{"dep":"D71","unit":"7121","lon":4.789,"lat":46.302}},{"arcs":[[-6429,-6433,-6408,-6431]],"type":"Polygon","properties":{"dep":"D71","unit":"7107","lon":4.809,"lat":46.787}},{"arcs":[[-6416,-6403,-6432,-6389,6436]],"type":"Polygon","properties":{"dep":"D71","unit":"7128","lon":4.281,"lat":46.624}},{"arcs":[[-6425,6437,-6385]],"type":"Polygon","properties":{"dep":"D71","unit":"7198","lon":4.427,"lat":46.804}},{"arcs":[[[-102,6438,-6421,-6436,-6396,-6434,-61]],[[-63,-6435,-6394]]],"type":"MultiPolygon","properties":{"dep":"D71","unit":"7199","lon":4.817,"lat":46.294}},{"arcs":[[-6417,-6437,-6388]],"type":"Polygon","properties":{"dep":"D71","unit":"7123","lon":4.308,"lat":46.712}},{"arcs":[[-6414,-6418,-6386,-6438,-6424]],"type":"Polygon","properties":{"dep":"D71","unit":"7112","lon":4.431,"lat":46.767}},{"arcs":[[-101,-6423,-6422,-6439]],"type":"Polygon","properties":{"dep":"D71","unit":"7122","lon":4.806,"lat":46.269}},{"arcs":[[6439,6440,6441,6442,6443,6444]],"type":"Polygon","properties":{"dep":"D72","unit":"7211","lon":0.15,"lat":48.054}},{"arcs":[[-5439,-5443,-5518,-5519,-5497,-5515,-5456,6445,6446,6447,6448,-5521,-5523]],"type":"Polygon","properties":{"dep":"D72","unit":"7209","lon":0.294,"lat":48.337}},{"arcs":[[-6444,6449,6450,6451,6452,6453,6454]],"type":"Polygon","properties":{"dep":"D72","unit":"7216","lon":0.094,"lat":48.002}},{"arcs":[[-4651,-4650,-4649,6455,6456,-6441,-6440,-6445,-6455,6457,6458,6459]],"type":"Polygon","properties":{"dep":"D72","unit":"7207","lon":-0.115,"lat":48.002}},{"arcs":[[-4660,-4664,-5522,-6449,-6448,6460,-6456,-4648,-4656,-4661]],"type":"Polygon","properties":{"dep":"D72","unit":"7220","lon":-0.004,"lat":48.27}},{"arcs":[[6461,6462,6463,6464]],"type":"Polygon","properties":{"dep":"D72","unit":"7219","lon":0.398,"lat":48.057}},{"arcs":[[-6453,6465,6466,6467]],"type":"Polygon","properties":{"dep":"D72","unit":"7215","lon":0.195,"lat":47.929}},{"arcs":[[-4314,-4308,6468,6469,6470]],"type":"Polygon","properties":{"dep":"D72","unit":"7206","lon":-0.088,"lat":47.722}},{"arcs":[[-4307,-4670,-4669,-4652,-6460,6471,-6469]],"type":"Polygon","properties":{"dep":"D72","unit":"7217","lon":-0.291,"lat":47.826}},{"arcs":[[-3372,-4315,-6471,6472,6473,6474,6475,-3402]],"type":"Polygon","properties":{"dep":"D72","unit":"7208","lon":0.186,"lat":47.712}},{"arcs":[[-2535,6476,-6464,6477,-5454,-5453]],"type":"Polygon","properties":{"dep":"D72","unit":"7205","lon":0.608,"lat":48.176}},{"arcs":[[-5455,-6478,-6463,6478,6479,6480,-6442,-6457,-6461,-6447,-6446]],"type":"Polygon","properties":{"dep":"D72","unit":"7201","lon":0.208,"lat":48.138}},{"arcs":[[-3403,-6476,-6475,6481,6482,6483,6484,-3734,-3712,-3711,-3404]],"type":"Polygon","properties":{"dep":"D72","unit":"7203","lon":0.495,"lat":47.766}},{"arcs":[[-2534,-3737,-3736,-3735,-6485,-6484,6485,-6465,-6477]],"type":"Polygon","properties":{"dep":"D72","unit":"7218","lon":0.686,"lat":47.976}},{"arcs":[[-6462,-6486,-6483,6486,6487,6488,-6479]],"type":"Polygon","properties":{"dep":"D72","unit":"7202","lon":0.362,"lat":47.923}},{"arcs":[[-6454,-6468,6489,-6473,-6470,-6472,-6459,-6458]],"type":"Polygon","properties":{"dep":"D72","unit":"7221","lon":0.028,"lat":47.909}},{"arcs":[[-6489,6490,-6480]],"type":"Polygon","properties":{"dep":"D72","unit":"7213","lon":0.214,"lat":48.033}},{"arcs":[[-6467,6491,-6487,-6482,-6474,-6490]],"type":"Polygon","properties":{"dep":"D72","unit":"7204","lon":0.239,"lat":47.865}},{"arcs":[[-6452,6492,-6450,-6443,-6481,-6491,-6488,-6492,-6466]],"type":"Polygon","properties":{"dep":"D72","unit":"7299","lon":0.2,"lat":47.989}},{"arcs":[[-6451,-6493]],"type":"Polygon","properties":{"dep":"D72","unit":"7210","lon":0.142,"lat":48.002}},{"arcs":[[-3447,-3432,-3431,-3430,6493,6494,6495,6496,6497,6498,6499,6500]],"type":"Polygon","properties":{"dep":"D73","unit":"7314","lon":5.813,"lat":45.5}},{"arcs":[[6501,6502,6503,6504,6505,6506,6507]],"type":"Polygon","properties":{"dep":"D73","unit":"7313","lon":6.574,"lat":45.405}},{"arcs":[[6508,6509,6510,6511,6512,6513,6514,6515,6516,6517,6518,6519,6520,6521,6522,6523,6524,6525]],"type":"Polygon","properties":{"dep":"D73","unit":"7316","lon":6.087,"lat":45.652}},{"arcs":[[-6502,6526,6527,6528,6529]],"type":"Polygon","properties":{"dep":"D73","unit":"7305","lon":6.832,"lat":45.584}},{"arcs":[[-6509,-6526,6530,6531,-6506,6532,6533,6534,6535,-6510]],"type":"Polygon","properties":{"dep":"D73","unit":"7318","lon":6.315,"lat":45.521}},{"arcs":[[6536,6537,6538,6539,6540]],"type":"Polygon","properties":{"dep":"D73","unit":"7397","lon":5.905,"lat":45.7}},{"arcs":[[-6538,6541,6542,6543,-6520,-6519,6544]],"type":"Polygon","properties":{"dep":"D73","unit":"7301","lon":5.939,"lat":45.75}},{"arcs":[[6545,6546,6547,6548]],"type":"Polygon","properties":{"dep":"D73","unit":"7398","lon":6.408,"lat":45.669}},{"arcs":[[-496,-3474,-3450,6549,-6533,-6505,-6504,6550]],"type":"Polygon","properties":{"dep":"D73","unit":"7317","lon":6.293,"lat":45.278}},{"arcs":[[[-6547,6551,-6507,-6532,6552]],[[-6549,6553,6554,6555,6556]]],"type":"MultiPolygon","properties":{"dep":"D73","unit":"7303","lon":6.456,"lat":45.618}},{"arcs":[[-3449,-3448,-6501,6557,6558,-6512,-6511,-6536,-6535,-6534,-6550]],"type":"Polygon","properties":{"dep":"D73","unit":"7311","lon":6.06,"lat":45.479}},{"arcs":[[-497,-6551,-6503,-6530,6559,-504]],"type":"Polygon","properties":{"dep":"D73","unit":"7310","lon":6.825,"lat":45.253}},{"arcs":[[-38,6560,6561,-6543,6562,6563,-6495,-6494,-3429,-32,-31]],"type":"Polygon","properties":{"dep":"D73","unit":"7306","lon":5.765,"lat":45.655}},{"arcs":[[-6558,-6500,6564,6565,-6514,-6513,-6559]],"type":"Polygon","properties":{"dep":"D73","unit":"7315","lon":5.96,"lat":45.552}},{"arcs":[[-6527,-6508,-6552,-6546,-6557,6566,6567,6568]],"type":"Polygon","properties":{"dep":"D73","unit":"7319","lon":6.534,"lat":45.745}},{"arcs":[[-6531,-6525,6569,-6555,-6554,-6548,-6553]],"type":"Polygon","properties":{"dep":"D73","unit":"7304","lon":6.321,"lat":45.618}},{"arcs":[[-6537,6570,-6540,6571,-6517,6572,6573,-6496,-6564,-6563,-6542]],"type":"Polygon","properties":{"dep":"D73","unit":"7312","lon":5.858,"lat":45.634}},{"arcs":[[-6566,6574,6575,-6497,-6574,6576,-6515]],"type":"Polygon","properties":{"dep":"D73","unit":"7399","lon":5.909,"lat":45.583}},{"arcs":[[-6576,6577,-6498]],"type":"Polygon","properties":{"dep":"D73","unit":"7309","lon":5.892,"lat":45.559}},{"arcs":[[-6565,-6499,-6578,-6575]],"type":"Polygon","properties":{"dep":"D73","unit":"7308","lon":5.917,"lat":45.552}},{"arcs":[[[-6539,-6545,-6518,-6572]],[[-6541,-6571]]],"type":"MultiPolygon","properties":{"dep":"D73","unit":"7302","lon":5.936,"lat":45.682}},{"arcs":[[-6577,-6573,-6516]],"type":"Polygon","properties":{"dep":"D73","unit":"7307","lon":5.917,"lat":45.619}},{"arcs":[[6578,6579,6580,6581,6582]],"type":"Polygon","properties":{"dep":"D74","unit":"7407","lon":6.691,"lat":46.28}},{"arcs":[[-6544,-6562,6583,6584,6585,6586,6587,6588,-6521]],"type":"Polygon","properties":{"dep":"D74","unit":"7412","lon":5.962,"lat":45.871}},{"arcs":[[-6523,6589,6590,6591,6592,6593,6594,6595,-6567,-6556,-6570,-6524]],"type":"Polygon","properties":{"dep":"D74","unit":"7408","lon":6.326,"lat":45.846}},{"arcs":[[6596,6597,6598,-6582,-6581,6599,6600,6601,6602,6603]],"type":"Polygon","properties":{"dep":"D74","unit":"7417","lon":6.523,"lat":46.299}},{"arcs":[[6604,6605,6606,6607,6608,6609,6610,6611,6612,6613]],"type":"Polygon","properties":{"dep":"D74","unit":"7411","lon":6.219,"lat":46.114}},{"arcs":[[6614,6615,6616,6617]],"type":"Polygon","properties":{"dep":"D74","unit":"7404","lon":6.24,"lat":46.195}},{"arcs":[[-6592,6618,6619,-6587,6620,6621,6622,6623,-6606,6624]],"type":"Polygon","properties":{"dep":"D74","unit":"7499","lon":6.119,"lat":45.899}},{"arcs":[[-6597,-6604,-6603,-6602,6625,6626,6627,6628,6629,6630,-6598]],"type":"Polygon","properties":{"dep":"D74","unit":"7415","lon":6.391,"lat":46.258}},{"arcs":[[-6568,-6596,6631,6632,6633]],"type":"Polygon","properties":{"dep":"D74","unit":"7414","lon":6.601,"lat":45.929}},{"arcs":[[-37,-44,-93,-92,-124,6634,6635,-6610,-6609,-6608,6636,-6584,-6561]],"type":"Polygon","properties":{"dep":"D74","unit":"7413","lon":5.952,"lat":46.063}},{"arcs":[[-6613,6637,-6627,-6626,-6601,6638,6639,-6594,6640]],"type":"Polygon","properties":{"dep":"D74","unit":"7405","lon":6.413,"lat":46.099}},{"arcs":[[[-6605,-6614,-6641,-6593,-6625]],[[-6623,6641]]],"type":"MultiPolygon","properties":{"dep":"D74","unit":"7403","lon":6.223,"lat":45.999}},{"arcs":[[-6615,-6618,-6617,6642,-6630,-6629,-6628,-6638,-6612,-6611,-6636,6643]],"type":"Polygon","properties":{"dep":"D74","unit":"7409","lon":6.309,"lat":46.19}},{"arcs":[[-6607,-6624,-6642,-6622,6644,-6585,-6637]],"type":"Polygon","properties":{"dep":"D74","unit":"7401","lon":6.036,"lat":45.965}},{"arcs":[[-6569,-6634,6645,6646,-6528]],"type":"Polygon","properties":{"dep":"D74","unit":"7410","lon":6.883,"lat":45.936}},{"arcs":[[[-6522,-6589,-6588,-6620,6647,-6590]],[[-6621,-6586,-6645]]],"type":"MultiPolygon","properties":{"dep":"D74","unit":"7416","lon":6.148,"lat":45.8}},{"arcs":[[-6633,-6632,-6595,-6640,-6639,-6600,-6580,6648,-6646]],"type":"Polygon","properties":{"dep":"D74","unit":"7406","lon":6.736,"lat":46.079}},{"arcs":[[-6619,-6591,-6648]],"type":"Polygon","properties":{"dep":"D74","unit":"7402","lon":6.141,"lat":45.856}},{"arcs":[[6649,6650,6651,6652,6653,6654,6655,6656,6657,6658,6659,6660,6661,6662,6663,6664,6665,6666,6667,6668,6669,6670]],"type":"Polygon","properties":{"dep":"D75","unit":"7599","lon":2.342,"lat":48.857}},{"arcs":[[6671,6672,6673,6674,6675,6676,6677,6678,6679,6680,6681,6682,6683,6684,6685]],"type":"Polygon","properties":{"dep":"D76","unit":"7635","lon":0.831,"lat":49.695}},{"arcs":[[-6673,6686,6687,6688,6689,6690,6691,6692,6693,6694,6695,6696,-6676,-6675,-6674]],"type":"Polygon","properties":{"dep":"D76","unit":"7633","lon":0.688,"lat":49.793}},{"arcs":[[6697,-6694,6698,6699,6700,6701,6702]],"type":"Polygon","properties":{"dep":"D76","unit":"7607","lon":1.028,"lat":49.881}},{"arcs":[[-2373,6703,6704,6705,6706,6707,6708,6709,-2374]],"type":"Polygon","properties":{"dep":"D76","unit":"7606","lon":1.177,"lat":49.444}},{"arcs":[[6710,-6680,6711,6712,6713,6714,6715,6716,6717,-6709,6718,6719,6720]],"type":"Polygon","properties":{"dep":"D76","unit":"7602","lon":1.126,"lat":49.573}},{"arcs":[[-6701,6721,6722,6723,6724,6725,6726]],"type":"Polygon","properties":{"dep":"D76","unit":"7608","lon":1.251,"lat":49.901}},{"arcs":[[6727,6728,6729,-6692,-6691,-6690,6730]],"type":"Polygon","properties":{"dep":"D76","unit":"7611","lon":0.493,"lat":49.763}},{"arcs":[[-2461,6731,6732,6733,6734,6735,-6728,-6731,-6689,6736,6737,-2406]],"type":"Polygon","properties":{"dep":"D76","unit":"7632","lon":0.347,"lat":49.523}},{"arcs":[[-6735,6738,6739,6740,6741,-6729,-6736]],"type":"Polygon","properties":{"dep":"D76","unit":"7626","lon":0.212,"lat":49.622}},{"arcs":[[-6698,-6703,-6702,-6727,6742,-6713,-6712,-6679,-6678,-6677,-6697,-6696,-6695]],"type":"Polygon","properties":{"dep":"D76","unit":"7620","lon":1.049,"lat":49.751}},{"arcs":[[-2399,6743,6744,6745,6746,6747,6748]],"type":"Polygon","properties":{"dep":"D76","unit":"7601","lon":0.876,"lat":49.475}},{"arcs":[[-2398,-2408,6749,6750,-6687,-6672,-6686,6751,-6745,-6744]],"type":"Polygon","properties":{"dep":"D76","unit":"7625","lon":0.682,"lat":49.499}},{"arcs":[[-6743,-6726,6752,6753,6754,6755,6756,6757,-6715,-6714]],"type":"Polygon","properties":{"dep":"D76","unit":"7623","lon":1.383,"lat":49.743}},{"arcs":[[-2437,6758,6759,6760,-6757,-6756,6761,6762,-5320,-5319,-5318,-2438]],"type":"Polygon","properties":{"dep":"D76","unit":"7612","lon":1.587,"lat":49.59}},{"arcs":[[-6762,-6755,-6754,-6753,-6725,-6724,6763,6764,6765,6766,6767,6768]],"type":"Polygon","properties":{"dep":"D76","unit":"7610","lon":1.595,"lat":49.878}},{"arcs":[[-2436,-2375,-6710,-6718,-6717,-6716,-6758,-6761,-6760,-6759]],"type":"Polygon","properties":{"dep":"D76","unit":"7621","lon":1.296,"lat":49.499}},{"arcs":[[-2407,-6738,-6737,-6688,-6751,-6750]],"type":"Polygon","properties":{"dep":"D76","unit":"7603","lon":0.483,"lat":49.558}},{"arcs":[[-2428,-2401,6769,6770,6771,6772]],"type":"Polygon","properties":{"dep":"D76","unit":"7609","lon":0.969,"lat":49.322}},{"arcs":[[-2400,-6749,6773,6774,6775,6776,6777,6778,-6770]],"type":"Polygon","properties":{"dep":"D76","unit":"7604","lon":0.953,"lat":49.375}},{"arcs":[[-6711,-6721,6779,-6775,-6774,-6748,-6747,-6746,-6752,-6685,-6684,-6683,-6682,-6681]],"type":"Polygon","properties":{"dep":"D76","unit":"7624","lon":1.018,"lat":49.525}},{"arcs":[[-2372,-2429,-6773,6780,-6704]],"type":"Polygon","properties":{"dep":"D76","unit":"7605","lon":1.037,"lat":49.309}},{"arcs":[[-6720,6781,-6776,-6780]],"type":"Polygon","properties":{"dep":"D76","unit":"7622","lon":1.073,"lat":49.466}},{"arcs":[[-6722,-6700,6782]],"type":"Polygon","properties":{"dep":"D76","unit":"7695","lon":1.083,"lat":49.919}},{"arcs":[[-6739,-6734,-6733,6783,6784,6785]],"type":"Polygon","properties":{"dep":"D76","unit":"7616","lon":0.235,"lat":49.49}},{"arcs":[[-6778,6786,6787,6788,-6771,-6779]],"type":"Polygon","properties":{"dep":"D76","unit":"7613","lon":1.037,"lat":49.394}},{"arcs":[[-6740,-6786,6789]],"type":"Polygon","properties":{"dep":"D76","unit":"7615","lon":0.193,"lat":49.538}},{"arcs":[[-6741,-6790,-6785,6790,6791,6792]],"type":"Polygon","properties":{"dep":"D76","unit":"7696","lon":0.15,"lat":49.499}},{"arcs":[[-6781,-6772,-6789,6793,-6705]],"type":"Polygon","properties":{"dep":"D76","unit":"7631","lon":1.065,"lat":49.347}},{"arcs":[[-6787,6794,6795]],"type":"Polygon","properties":{"dep":"D76","unit":"7627","lon":1.059,"lat":49.425}},{"arcs":[[-6719,-6708,6796,-6795,-6777,-6782]],"type":"Polygon","properties":{"dep":"D76","unit":"7697","lon":1.097,"lat":49.439}},{"arcs":[[-6792,6797]],"type":"Polygon","properties":{"dep":"D76","unit":"7619","lon":0.079,"lat":49.51}},{"arcs":[[-6706,-6794,-6788,6798]],"type":"Polygon","properties":{"dep":"D76","unit":"7698","lon":1.09,"lat":49.381}},{"arcs":[[-6707,-6799,-6796,-6797]],"type":"Polygon","properties":{"dep":"D76","unit":"7699","lon":1.095,"lat":49.41}},{"arcs":[[-4072,6799,6800,6801,6802,6803,6804,6805,6806,6807]],"type":"Polygon","properties":{"dep":"D77","unit":"7707","lon":2.623,"lat":48.394}},{"arcs":[[-267,-4486,6808,6809,6810,6811,6812]],"type":"Polygon","properties":{"dep":"D77","unit":"7705","lon":3.211,"lat":48.813}},{"arcs":[[6813,6814,6815,6816,6817,-6805,-6804,6818,6819]],"type":"Polygon","properties":{"dep":"D77","unit":"7714","lon":2.87,"lat":48.554}},{"arcs":[[-5359,6820,6821,6822,6823,6824,6825,6826,6827,6828,6829,6830,6831,6832]],"type":"Polygon","properties":{"dep":"D77","unit":"7703","lon":2.805,"lat":48.984}},{"arcs":[[-268,-6813,6833,6834,-6824,6835,-6822,-6821,-5358,-219]],"type":"Polygon","properties":{"dep":"D77","unit":"7706","lon":3.07,"lat":48.991}},{"arcs":[[-4073,-6808,-6807,6836,6837,6838,-4081,-4080]],"type":"Polygon","properties":{"dep":"D77","unit":"7715","lon":2.762,"lat":48.24}},{"arcs":[[-905,6839,6840,6841,6842,-6816,6843,-6810,-6809,-4485,-4484,-907,-906]],"type":"Polygon","properties":{"dep":"D77","unit":"7718","lon":3.28,"lat":48.547}},{"arcs":[[6844,6845,6846,-6826,-6825,-6835,-6834,-6812,6847,6848]],"type":"Polygon","properties":{"dep":"D77","unit":"7721","lon":2.891,"lat":48.869}},{"arcs":[[-6806,-6818,-6817,-6843,-6842,6849,6850,-6837]],"type":"Polygon","properties":{"dep":"D77","unit":"7713","lon":2.98,"lat":48.387}},{"arcs":[[-6811,-6844,-6815,-6814,-6820,6851,6852,6853,6854,-6848]],"type":"Polygon","properties":{"dep":"D77","unit":"7708","lon":2.878,"lat":48.726}},{"arcs":[[6855,6856,6857,6858,6859,6860,6861]],"type":"Polygon","properties":{"dep":"D77","unit":"7720","lon":2.605,"lat":48.565}},{"arcs":[[-6856,-6862,6862,-6802,6863,6864,-6857]],"type":"Polygon","properties":{"dep":"D77","unit":"7719","lon":2.538,"lat":48.543}},{"arcs":[[6865,6866,6867,-6854,-6853,6868,-6860,-6859,6869]],"type":"Polygon","properties":{"dep":"D77","unit":"7704","lon":2.58,"lat":48.645}},{"arcs":[[-6830,6870,6871,6872,6873,6874,6875]],"type":"Polygon","properties":{"dep":"D77","unit":"7723","lon":2.635,"lat":48.911}},{"arcs":[[6876,-6846,6877,6878,-6872,6879]],"type":"Polygon","properties":{"dep":"D77","unit":"7722","lon":2.745,"lat":48.831}},{"arcs":[[-6828,-6827,-6847,-6877,-6880,-6871,-6829]],"type":"Polygon","properties":{"dep":"D77","unit":"7709","lon":2.724,"lat":48.878}},{"arcs":[[6880,-6873,-6879,6881,6882,6883]],"type":"Polygon","properties":{"dep":"D77","unit":"7701","lon":2.639,"lat":48.829}},{"arcs":[[-6874,-6881,6884,6885,6886]],"type":"Polygon","properties":{"dep":"D77","unit":"7702","lon":2.598,"lat":48.884}},{"arcs":[[-6849,-6855,-6868,6887,6888,-6882,-6878,-6845]],"type":"Polygon","properties":{"dep":"D77","unit":"7716","lon":2.739,"lat":48.764}},{"arcs":[[-5360,-6833,-6832,-6831,-6876,6889,6890,6891,-5430]],"type":"Polygon","properties":{"dep":"D77","unit":"7712","lon":2.657,"lat":49.031}},{"arcs":[[-6883,-6889,6892,6893,6894]],"type":"Polygon","properties":{"dep":"D77","unit":"7717","lon":2.633,"lat":48.788}},{"arcs":[[-6819,-6803,-6863,-6861,-6869,-6852]],"type":"Polygon","properties":{"dep":"D77","unit":"7711","lon":2.684,"lat":48.551}},{"arcs":[[-6823,-6836]],"type":"Polygon","properties":{"dep":"D77","unit":"7710","lon":2.899,"lat":48.956}},{"arcs":[[-2520,-2549,6895,6896,6897,6898,6899,6900,-2521]],"type":"Polygon","properties":{"dep":"D78","unit":"7814","lon":1.84,"lat":48.628}},{"arcs":[[6901,6902,6903,6904,6905]],"type":"Polygon","properties":{"dep":"D78","unit":"7813","lon":2.045,"lat":48.942}},{"arcs":[[-2387,-2478,6906,6907,6908,6909,6910,6911,6912,6913,6914,6915,-6896,-2548,-2480]],"type":"Polygon","properties":{"dep":"D78","unit":"7802","lon":1.625,"lat":48.916}},{"arcs":[[-6904,6916,6917,6918,6919]],"type":"Polygon","properties":{"dep":"D78","unit":"7816","lon":2.079,"lat":48.914}},{"arcs":[[6920,6921,6922,6923,-6905,-6920,6924,6925,6926,6927]],"type":"Polygon","properties":{"dep":"D78","unit":"7819","lon":1.95,"lat":48.91}},{"arcs":[[-6928,6928,6929,6930,6931,6932,-6897,-6916,-6915,6933,6934,6935]],"type":"Polygon","properties":{"dep":"D78","unit":"7801","lon":1.786,"lat":48.838}},{"arcs":[[-6902,-6906,-6924,6936,6937,6938]],"type":"Polygon","properties":{"dep":"D78","unit":"7805","lon":2.05,"lat":48.986}},{"arcs":[[6939,6940,6941,6942,6943,-6925]],"type":"Polygon","properties":{"dep":"D78","unit":"7804","lon":2.12,"lat":48.839}},{"arcs":[[-6929,-6927,6944,6945,6946,6947,-6931,-6930]],"type":"Polygon","properties":{"dep":"D78","unit":"7812","lon":1.945,"lat":48.83}},{"arcs":[[-6944,6948,6949,-6946,-6945,-6926]],"type":"Polygon","properties":{"dep":"D78","unit":"7815","lon":2.024,"lat":48.821}},{"arcs":[[-6935,-6934,-6914,-6913,-6912,6950,-6909,-6908,6951,6952,6953]],"type":"Polygon","properties":{"dep":"D78","unit":"7807","lon":1.771,"lat":49.01}},{"arcs":[[6954,6955,6956,6957,6958,6959,6960,6961]],"type":"Polygon","properties":{"dep":"D78","unit":"7821","lon":2.148,"lat":48.769}},{"arcs":[[-6911,-6910,-6951]],"type":"Polygon","properties":{"dep":"D78","unit":"7808","lon":1.683,"lat":48.986}},{"arcs":[[6962,6963,6964,6965,-6918,6966]],"type":"Polygon","properties":{"dep":"D78","unit":"7806","lon":2.177,"lat":48.915}},{"arcs":[[-6921,-6936,-6954,6967,6968,6969,-6922]],"type":"Polygon","properties":{"dep":"D78","unit":"7811","lon":1.918,"lat":49.003}},{"arcs":[[-6898,-6933,6970,6971,-6955,-6962,6972,6973]],"type":"Polygon","properties":{"dep":"D78","unit":"7809","lon":2.011,"lat":48.716}},{"arcs":[[-6940,-6919,-6966,6974,6975]],"type":"Polygon","properties":{"dep":"D78","unit":"7803","lon":2.133,"lat":48.887}},{"arcs":[[-6947,6976,-6971,-6932,-6948]],"type":"Polygon","properties":{"dep":"D78","unit":"7818","lon":1.978,"lat":48.775}},{"arcs":[[-6950,6977,-6956,-6972,-6977]],"type":"Polygon","properties":{"dep":"D78","unit":"7810","lon":2.045,"lat":48.782}},{"arcs":[[6978,6979,6980,6981,-6963,-6967,-6917]],"type":"Polygon","properties":{"dep":"D78","unit":"7817","lon":2.158,"lat":48.943}},{"arcs":[[-6943,6982,6983,-6957,-6978,-6949]],"type":"Polygon","properties":{"dep":"D78","unit":"7899","lon":2.117,"lat":48.8}},{"arcs":[[6984,6985,6986,6987,6988,6989,6990]],"type":"Polygon","properties":{"dep":"D79","unit":"7904","lon":-0.589,"lat":46.728}},{"arcs":[[6991,-6990,6992,6993,6994]],"type":"Polygon","properties":{"dep":"D79","unit":"7913","lon":-0.299,"lat":46.731}},{"arcs":[[6995,6996,6997,6998,6999,7000,7001,7002]],"type":"Polygon","properties":{"dep":"D79","unit":"7914","lon":-0.36,"lat":46.292}},{"arcs":[[-4272,7003,7004,-6994,7005,7006,7007,7008,-4337]],"type":"Polygon","properties":{"dep":"D79","unit":"7917","lon":-0.187,"lat":46.859}},{"arcs":[[-6991,-6992,-6995,-7005,7009,7010,7011,7012,7013,7014,7015,7016,7017,7018]],"type":"Polygon","properties":{"dep":"D79","unit":"7906","lon":-0.108,"lat":46.543}},{"arcs":[[-6996,-7003,7019,7020,7021,7022]],"type":"Polygon","properties":{"dep":"D79","unit":"7905","lon":-0.556,"lat":46.27}},{"arcs":[[-6985,-7019,-7018,-7017,7023,-6998,7024,-7022,7025,7026]],"type":"Polygon","properties":{"dep":"D79","unit":"7901","lon":-0.504,"lat":46.477}},{"arcs":[[-4338,-7009,7027,-7007,7028,-6988,7029,7030,-4343]],"type":"Polygon","properties":{"dep":"D79","unit":"7907","lon":-0.543,"lat":46.959}},{"arcs":[[-1531,7031,-7020,-7002,-7001,7032,7033,-1543,-1542,-1537,-1510]],"type":"Polygon","properties":{"dep":"D79","unit":"7909","lon":-0.425,"lat":46.166}},{"arcs":[[-1417,-1544,-7034,7034,7035,7036]],"type":"Polygon","properties":{"dep":"D79","unit":"7908","lon":-0.035,"lat":46.134}},{"arcs":[[-7016,7037,-6999,-7024]],"type":"Polygon","properties":{"dep":"D79","unit":"7915","lon":-0.232,"lat":46.401}},{"arcs":[[7038,-7035,-7033,-7000,-7038,-7015,7039]],"type":"Polygon","properties":{"dep":"D79","unit":"7903","lon":-0.069,"lat":46.333}},{"arcs":[[-6993,-6989,-7029,-7006]],"type":"Polygon","properties":{"dep":"D79","unit":"7902","lon":-0.434,"lat":46.841}},{"arcs":[[-7028,-7008]],"type":"Polygon","properties":{"dep":"D79","unit":"7916","lon":-0.236,"lat":46.981}},{"arcs":[[-6997,-7023,-7025]],"type":"Polygon","properties":{"dep":"D79","unit":"7999","lon":-0.464,"lat":46.329}},{"arcs":[[7040,7041]],"type":"Polygon","properties":{"dep":"D80","unit":"8098","lon":1.833,"lat":50.108}},{"arcs":[[-5416,-5415,7042,7043,7044,7045,7046,7047,7048,7049,7050,7051,-248,-247,-194]],"type":"Polygon","properties":{"dep":"D80","unit":"8018","lon":2.93,"lat":49.804}},{"arcs":[[-5536,7052,-7049,-7048,7053,7054,7055,7056,7057,-5584,-5583,-5582]],"type":"Polygon","properties":{"dep":"D80","unit":"8005","lon":2.649,"lat":50.022}},{"arcs":[[-7041,7058,7059,7060,7061,7062,7063,7064,7065]],"type":"Polygon","properties":{"dep":"D80","unit":"8002","lon":1.721,"lat":50.096}},{"arcs":[[-5585,-7058,7066,7067,7068,7069,7070,-5614,-5657,-5588,-5587,-5586]],"type":"Polygon","properties":{"dep":"D80","unit":"8014","lon":2.269,"lat":50.149}},{"arcs":[[-7042,-7066,-7065,7071,7072,7073,-7060,-7059]],"type":"Polygon","properties":{"dep":"D80","unit":"8001","lon":1.791,"lat":50.18}},{"arcs":[[-6767,7074,-7062,7075,7076,7077,7078,7079,7080,7081]],"type":"Polygon","properties":{"dep":"D80","unit":"8017","lon":1.847,"lat":50.002}},{"arcs":[[-5615,-7071,7082,7083,7084,-7076,-7061,-7074,-7073,7085,-5603,-5602,-5617,-5616]],"type":"Polygon","properties":{"dep":"D80","unit":"8023","lon":1.858,"lat":50.263}},{"arcs":[[-5322,7086,7087,7088,7089,7090,7091,7092,7093,7094,7095,7096,-5349,-5348,-5323]],"type":"Polygon","properties":{"dep":"D80","unit":"8003","lon":2.201,"lat":49.764}},{"arcs":[[-7078,7097,7098,7099,7100,7101,7102,7103,-7088,7104,7105,-7079]],"type":"Polygon","properties":{"dep":"D80","unit":"8004","lon":2.075,"lat":49.915}},{"arcs":[[-257,-249,-7052,-7051,-7050,-7053,-5535,-5534,-5533,-5251,-258]],"type":"Polygon","properties":{"dep":"D80","unit":"8020","lon":2.982,"lat":49.961}},{"arcs":[[-6766,7106,7107,-7063,-7075]],"type":"Polygon","properties":{"dep":"D80","unit":"8016","lon":1.528,"lat":50.115}},{"arcs":[[7108,7109,-7102,7110,7111,7112,7113]],"type":"Polygon","properties":{"dep":"D80","unit":"8007","lon":2.327,"lat":49.968}},{"arcs":[[-7110,7114,7115,7116,7117,7118,-7103]],"type":"Polygon","properties":{"dep":"D80","unit":"8099","lon":2.288,"lat":49.9}},{"arcs":[[-5321,-6763,-6769,-6768,-7082,-7081,-7080,-7106,-7105,-7087]],"type":"Polygon","properties":{"dep":"D80","unit":"8021","lon":1.852,"lat":49.832}},{"arcs":[[-5400,-5407,-5406,-5405,-5351,-5350,-7097,7119,-7045,-7044,-7043,-5414,-5391,-5390]],"type":"Polygon","properties":{"dep":"D80","unit":"8022","lon":2.693,"lat":49.682}},{"arcs":[[-7120,-7096,-7095,7120,7121,7122,-7046]],"type":"Polygon","properties":{"dep":"D80","unit":"8019","lon":2.626,"lat":49.784}},{"arcs":[[-7109,-7114,-7113,7123,7124,7125,-7115]],"type":"Polygon","properties":{"dep":"D80","unit":"8008","lon":2.407,"lat":49.905}},{"arcs":[[-7122,7126,7127,-7124,-7112,7128,-7068,-7067,-7057,-7056,-7055,-7054,-7047,-7123]],"type":"Polygon","properties":{"dep":"D80","unit":"8013","lon":2.495,"lat":49.966}},{"arcs":[[-7101,-7100,-7099,-7098,-7077,-7085,-7084,-7083,-7070,-7069,-7129,-7111]],"type":"Polygon","properties":{"dep":"D80","unit":"8015","lon":2.138,"lat":50.045}},{"arcs":[[-7116,-7126,-7125,-7128,-7127,-7121,-7094,7129]],"type":"Polygon","properties":{"dep":"D80","unit":"8009","lon":2.456,"lat":49.853}},{"arcs":[[-7117,-7130,-7093,7130]],"type":"Polygon","properties":{"dep":"D80","unit":"8010","lon":2.363,"lat":49.844}},{"arcs":[[-7118,-7131,-7092,-7091,-7090,7131]],"type":"Polygon","properties":{"dep":"D80","unit":"8011","lon":2.292,"lat":49.828}},{"arcs":[[-7119,-7132,-7089,-7104]],"type":"Polygon","properties":{"dep":"D80","unit":"8012","lon":2.226,"lat":49.861}},{"arcs":[[-2846,-2845,-2890,7132,7133,7134,7135,7136,-2847]],"type":"Polygon","properties":{"dep":"D81","unit":"8115","lon":1.808,"lat":43.638}},{"arcs":[[7137,7138,7139,7140,7141,7142,7143,7144]],"type":"Polygon","properties":{"dep":"D81","unit":"8116","lon":2.334,"lat":43.553}},{"arcs":[[-1074,7145,7146,7147,7148,7149,7150,7151,7152,7153,7154,7155,7156]],"type":"Polygon","properties":{"dep":"D81","unit":"8113","lon":2.334,"lat":43.828}},{"arcs":[[7157,7158,7159,7160,7161,7162,7163]],"type":"Polygon","properties":{"dep":"D81","unit":"8196","lon":2.15,"lat":43.928}},{"arcs":[[-934,7164,-7144,-7143,7165,-3149]],"type":"Polygon","properties":{"dep":"D81","unit":"8117","lon":2.511,"lat":43.488}},{"arcs":[[-2908,-2913,-2912,7166,7167,7168,7169,7170,7171,7172]],"type":"Polygon","properties":{"dep":"D81","unit":"8123","lon":1.731,"lat":43.929}},{"arcs":[[-1075,-7157,-7156,7173,7174,7175,7176,7177,-1088,-1102,-1084]],"type":"Polygon","properties":{"dep":"D81","unit":"8105","lon":2.305,"lat":44.043}},{"arcs":[[-1089,-7178,7178,7179,7180,7181,-7168,7182,7183,7184,7185]],"type":"Polygon","properties":{"dep":"D81","unit":"8106","lon":1.951,"lat":44.086}},{"arcs":[[-2889,-2896,-2909,-7173,7186,7187,7188,7189,-7133]],"type":"Polygon","properties":{"dep":"D81","unit":"8121","lon":1.753,"lat":43.777}},{"arcs":[[-1072,-3150,-7166,-7142,7190,-7147,-7146,-1073]],"type":"Polygon","properties":{"dep":"D81","unit":"8114","lon":2.556,"lat":43.7}},{"arcs":[[-2848,-7137,-7136,7191,7192,7193,7194]],"type":"Polygon","properties":{"dep":"D81","unit":"8119","lon":2.04,"lat":43.561}},{"arcs":[[-976,-2849,-7195,7195,7196,-7139,7197,-983]],"type":"Polygon","properties":{"dep":"D81","unit":"8118","lon":2.171,"lat":43.47}},{"arcs":[[-7162,7198,-7174,-7155,-7154,7199,-7163]],"type":"Polygon","properties":{"dep":"D81","unit":"8122","lon":2.225,"lat":43.918}},{"arcs":[[7200,-7152,7201,7202,-7188,-7187,-7172,7203,-7169,-7182,7204,7205,7206]],"type":"Polygon","properties":{"dep":"D81","unit":"8110","lon":1.996,"lat":43.848}},{"arcs":[[-7204,-7171,-7170]],"type":"Polygon","properties":{"dep":"D81","unit":"8111","lon":1.899,"lat":43.912}},{"arcs":[[-7189,-7203,7207,7208]],"type":"Polygon","properties":{"dep":"D81","unit":"8112","lon":1.928,"lat":43.765}},{"arcs":[[-7135,-7134,-7190,-7209,-7208,-7202,-7151,-7150,7209,7210,-7192]],"type":"Polygon","properties":{"dep":"D81","unit":"8120","lon":2.111,"lat":43.69}},{"arcs":[[-7191,-7141,7211,-7210,-7149,-7148]],"type":"Polygon","properties":{"dep":"D81","unit":"8108","lon":2.347,"lat":43.622}},{"arcs":[[-7160,-7207,-7206,-7205,-7181,7212]],"type":"Polygon","properties":{"dep":"D81","unit":"8103","lon":2.081,"lat":43.965}},{"arcs":[[-7158,-7164,-7200,-7153,-7201,-7159]],"type":"Polygon","properties":{"dep":"D81","unit":"8102","lon":2.098,"lat":43.893}},{"arcs":[[-7177,7213,-7179]],"type":"Polygon","properties":{"dep":"D81","unit":"8197","lon":2.165,"lat":44.057}},{"arcs":[[-7212,-7140,-7197,7214,-7193,-7211]],"type":"Polygon","properties":{"dep":"D81","unit":"8198","lon":2.238,"lat":43.616}},{"arcs":[[-7161,-7213,-7180,-7214,-7176,-7175,-7199]],"type":"Polygon","properties":{"dep":"D81","unit":"8104","lon":2.184,"lat":43.993}},{"arcs":[[-984,-7198,-7138,-7145,-7165]],"type":"Polygon","properties":{"dep":"D81","unit":"8199","lon":2.389,"lat":43.458}},{"arcs":[[-7215,-7196,-7194]],"type":"Polygon","properties":{"dep":"D81","unit":"8109","lon":2.221,"lat":43.566}},{"arcs":[[7215,7216,7217,7218,7219,7220,7221]],"type":"Polygon","properties":{"dep":"D82","unit":"8209","lon":1.255,"lat":43.945}},{"arcs":[[-4145,7222,7223,7224,-7217,7225,7226,7227]],"type":"Polygon","properties":{"dep":"D82","unit":"8211","lon":1.435,"lat":44.159}},{"arcs":[[-2966,-2997,7228,7229,7230,-7221,7231,-2905]],"type":"Polygon","properties":{"dep":"D82","unit":"8202","lon":1.016,"lat":43.889}},{"arcs":[[-2996,-3011,-3010,-4217,7232,7233,7234,7235,7236,-7230,-7229]],"type":"Polygon","properties":{"dep":"D82","unit":"8204","lon":0.905,"lat":43.998}},{"arcs":[[-2906,-7232,-7220,7237,-2910]],"type":"Polygon","properties":{"dep":"D82","unit":"8215","lon":1.205,"lat":43.838}},{"arcs":[[-7216,-7222,-7231,-7237,-7236,7238,7239,7240,-7226]],"type":"Polygon","properties":{"dep":"D82","unit":"8203","lon":1.165,"lat":44.058}},{"arcs":[[-4140,-4110,-4146,-7228,-7227,-7241,7241,7242,-4224,-4223,-4206,-4205]],"type":"Polygon","properties":{"dep":"D82","unit":"8210","lon":1.133,"lat":44.248}},{"arcs":[[-7184,7244,7245,7246,-7224,7247]],"type":"Polygon","properties":{"dep":"D82","unit":"8201","lon":1.554,"lat":44.074}},{"arcs":[[-4225,-7243,7248,-7234,-7233,-4216]],"type":"Polygon","properties":{"dep":"D82","unit":"8214","lon":0.946,"lat":44.159}},{"arcs":[[-2911,-7238,-7219,7249,-7246,-7245,-7183,-7167]],"type":"Polygon","properties":{"dep":"D82","unit":"8213","lon":1.491,"lat":43.965}},{"arcs":[[-1065,-1126,-1090,-7186,-7185,-7248,-7223,-4144,-4143]],"type":"Polygon","properties":{"dep":"D82","unit":"8212","lon":1.755,"lat":44.215}},{"arcs":[[-7239,-7235,-7249,-7242,-7244]],"type":"Polygon","properties":{"dep":"D82","unit":"8205","lon":1.088,"lat":44.128}},{"arcs":[[-7218,-7225,-7247,-7250]],"type":"Polygon","properties":{"dep":"D82","unit":"8299","lon":1.364,"lat":44.022}},{"arcs":[[[-540,7250,7251]],[[7252,7253]]],"type":"MultiPolygon","properties":{"dep":"D83","unit":"8314","lon":6.846,"lat":43.462}},{"arcs":[[-398,-521,7254,7255,7256,7257,7258,7259,-387,-386,-447]],"type":"Polygon","properties":{"dep":"D83","unit":"8304","lon":6.287,"lat":43.646}},{"arcs":[[7260,-7256,7261,7262,7263,7264,-7258,7265]],"type":"Polygon","properties":{"dep":"D83","unit":"8323","lon":6.463,"lat":43.433}},{"arcs":[[-455,-388,-7260,7266,7267,7268,-1170,7269]],"type":"Polygon","properties":{"dep":"D83","unit":"8313","lon":5.874,"lat":43.574}},{"arcs":[[-534,-542,7270,-7254,7271,7272,7273,-7262,-7255,-520]],"type":"Polygon","properties":{"dep":"D83","unit":"8311","lon":6.707,"lat":43.59}},{"arcs":[[7274,7275,7276,7277,7278,7279,7280,7281]],"type":"Polygon","properties":{"dep":"D83","unit":"8310","lon":5.843,"lat":43.153}},{"arcs":[[-1137,-1171,-7269,7282,7283,7284,-7275,-7282,7285,-1186]],"type":"Polygon","properties":{"dep":"D83","unit":"8312","lon":5.811,"lat":43.269}},{"arcs":[[7286,7287,7288,7289,-7285,7290]],"type":"Polygon","properties":{"dep":"D83","unit":"8318","lon":6.038,"lat":43.212}},{"arcs":[[7291,7292,-7264,7293,7294,7295]],"type":"Polygon","properties":{"dep":"D83","unit":"8309","lon":6.32,"lat":43.338}},{"arcs":[[[7296,7297,7298,7299,-7295]],[[7300,-7288,7301,7302]]],"type":"MultiPolygon","properties":{"dep":"D83","unit":"8302","lon":6.321,"lat":43.157}},{"arcs":[[-7267,-7259,-7265,-7293,7303,-7283,-7268]],"type":"Polygon","properties":{"dep":"D83","unit":"8301","lon":6.086,"lat":43.45}},{"arcs":[[-7287,-7291,-7284,-7304,-7292,-7296,-7300,7304,-7302]],"type":"Polygon","properties":{"dep":"D83","unit":"8307","lon":6.019,"lat":43.317}},{"arcs":[[-7301,7305,7306,7307,7308,-7289]],"type":"Polygon","properties":{"dep":"D83","unit":"8306","lon":6.04,"lat":43.102}},{"arcs":[[-7297,-7294,-7263,-7274,7309]],"type":"Polygon","properties":{"dep":"D83","unit":"8315","lon":6.527,"lat":43.246}},{"arcs":[[-7257,-7261,-7266]],"type":"Polygon","properties":{"dep":"D83","unit":"8303","lon":6.464,"lat":43.53}},{"arcs":[[-541,-7252,7310,-7272,-7253,-7271]],"type":"Polygon","properties":{"dep":"D83","unit":"8396","lon":6.761,"lat":43.481}},{"arcs":[[[-7306,-7303,-7305,-7299,7311]],[[7312]],[[7313]],[[7314]]],"type":"MultiPolygon","properties":{"dep":"D83","unit":"8397","lon":6.148,"lat":43.127}},{"arcs":[[-7276,-7290,-7309,7315]],"type":"Polygon","properties":{"dep":"D83","unit":"8321","lon":5.962,"lat":43.177}},{"arcs":[[-7279,7316,7317,7318,7319]],"type":"Polygon","properties":{"dep":"D83","unit":"8398","lon":5.871,"lat":43.089}},{"arcs":[[[-7280,-7320,7320]],[[-7318,7321]]],"type":"MultiPolygon","properties":{"dep":"D83","unit":"8317","lon":5.83,"lat":43.086}},{"arcs":[[-7277,-7316,-7308,7322]],"type":"Polygon","properties":{"dep":"D83","unit":"8399","lon":5.935,"lat":43.142}},{"arcs":[[7323,7324,7325,7326,7327,7328,7329]],"type":"Polygon","properties":{"dep":"D84","unit":"8410","lon":4.972,"lat":44.031}},{"arcs":[[-419,-460,-452,-7270,-1169,-1144,7330,7331]],"type":"Polygon","properties":{"dep":"D84","unit":"8413","lon":5.577,"lat":43.74}},{"arcs":[[-420,-7332,7332,7333,7334,7335,7336,7337]],"type":"Polygon","properties":{"dep":"D84","unit":"8401","lon":5.359,"lat":43.9}},{"arcs":[[-7327,7338]],"type":"Polygon","properties":{"dep":"D84","unit":"8406","lon":5.045,"lat":44.072}},{"arcs":[[-421,-7338,-7337,7339,7340,-7328,-7339,-7326,7341,-2306]],"type":"Polygon","properties":{"dep":"D84","unit":"8412","lon":5.255,"lat":44.083}},{"arcs":[[-1166,-2793,7342,7343,7344,7345]],"type":"Polygon","properties":{"dep":"D84","unit":"8499","lon":4.824,"lat":43.935}},{"arcs":[[-2308,-2307,-7342,-7325,7346,7347,7348,-2326]],"type":"Polygon","properties":{"dep":"D84","unit":"8416","lon":5.083,"lat":44.206}},{"arcs":[[-2821,7349,-7347,-7324,-7330,7350,-7343]],"type":"Polygon","properties":{"dep":"D84","unit":"8415","lon":4.881,"lat":44.065}},{"arcs":[[-674,-2339,-2327,-7349,7351,-2813,-2773,-2772]],"type":"Polygon","properties":{"dep":"D84","unit":"8405","lon":4.75,"lat":44.262}},{"arcs":[[-1143,-1163,7352,7353,7354,-7335,-7334,-7333,-7331]],"type":"Polygon","properties":{"dep":"D84","unit":"8408","lon":5.37,"lat":43.754}},{"arcs":[[-2814,-7352,-7348,-7350,-2820]],"type":"Polygon","properties":{"dep":"D84","unit":"8411","lon":4.786,"lat":44.134}},{"arcs":[[-1167,-7346,7355,7356,-7353,-1162,-1168]],"type":"Polygon","properties":{"dep":"D84","unit":"8407","lon":5.036,"lat":43.852}},{"arcs":[[-7340,-7336,-7355,-7354,-7357,7357,7358]],"type":"Polygon","properties":{"dep":"D84","unit":"8409","lon":5.039,"lat":43.913}},{"arcs":[[-2325,-2310]],"type":"Polygon","properties":{"dep":"D84","unit":"8417","lon":4.962,"lat":44.36}},{"arcs":[[-7344,-7351,-7329,-7341,-7359,7359]],"type":"Polygon","properties":{"dep":"D84","unit":"8414","lon":4.907,"lat":43.97}},{"arcs":[[-7345,-7360,-7358,-7356]],"type":"Polygon","properties":{"dep":"D84","unit":"8404","lon":4.908,"lat":43.938}},{"arcs":[[[7360,7361]],[[7362,7363,7364,7365,7366,7367,7368,7369,7370,7371,7372]]],"type":"MultiPolygon","properties":{"dep":"D85","unit":"8509","lon":-1.326,"lat":46.517}},{"arcs":[[7373,7374,7375,7376,7377,7378,7379,7380]],"type":"Polygon","properties":{"dep":"D85","unit":"8515","lon":-1.84,"lat":46.689}},{"arcs":[[-3986,-3985,-3942,7381,7382,7383,-7380,7384]],"type":"Polygon","properties":{"dep":"D85","unit":"8501","lon":-1.484,"lat":46.816}},{"arcs":[[-7027,7385,7386,-7370,7387,7388,-6986]],"type":"Polygon","properties":{"dep":"D85","unit":"8504","lon":-0.864,"lat":46.599}},{"arcs":[[-4009,-3987,-7385,-7379,7389,7390]],"type":"Polygon","properties":{"dep":"D85","unit":"8502","lon":-1.805,"lat":46.866}},{"arcs":[[[-7366,7391,7392,7393]],[[7394,7395,-7368]]],"type":"MultiPolygon","properties":{"dep":"D85","unit":"8513","lon":-1.467,"lat":46.621}},{"arcs":[[-1530,7396,-7386,-7026,-7021,-7032]],"type":"Polygon","properties":{"dep":"D85","unit":"8505","lon":-0.75,"lat":46.43}},{"arcs":[[-7374,-7381,-7384,7397,-7392,-7365,7398,7399,-7375]],"type":"Polygon","properties":{"dep":"D85","unit":"8517","lon":-1.609,"lat":46.543}},{"arcs":[[[-4010,-7391,-7390,-7378,7400,-3979]],[[7401]]],"type":"MultiPolygon","properties":{"dep":"D85","unit":"8516","lon":-2.087,"lat":46.851}},{"arcs":[[-3941,7402,7403,7404,7405,7406,-7382]],"type":"Polygon","properties":{"dep":"D85","unit":"8510","lon":-1.249,"lat":46.908}},{"arcs":[[-3939,-4346,-4344,-7031,7407,7408,-7404,-7403,-3940]],"type":"Polygon","properties":{"dep":"D85","unit":"8511","lon":-1.056,"lat":46.96}},{"arcs":[[-7388,-7369,-7396,7409,7410,-7406,7411]],"type":"Polygon","properties":{"dep":"D85","unit":"8503","lon":-1.156,"lat":46.696}},{"arcs":[[-1528,7412,-7361,7413,-7363,-7373,-7372,-7371,-7387,-7397,-1529]],"type":"Polygon","properties":{"dep":"D85","unit":"8508","lon":-1.128,"lat":46.403}},{"arcs":[[-6987,-7389,-7412,-7405,-7409,-7408,-7030]],"type":"Polygon","properties":{"dep":"D85","unit":"8506","lon":-0.805,"lat":46.785}},{"arcs":[[-7383,-7407,-7411,7414,-7393,-7398]],"type":"Polygon","properties":{"dep":"D85","unit":"8512","lon":-1.539,"lat":46.686}},{"arcs":[[7415]],"type":"Polygon","properties":{"dep":"D85","unit":"8507","lon":-2.349,"lat":46.707}},{"arcs":[[-7394,-7415,-7410,-7395,-7367]],"type":"Polygon","properties":{"dep":"D85","unit":"8599","lon":-1.407,"lat":46.667}},{"arcs":[[-7376,-7400,7416]],"type":"Polygon","properties":{"dep":"D85","unit":"8514","lon":-1.756,"lat":46.516}},{"arcs":[[7417,7418,7419,7420,7421,7422,7423,-1403]],"type":"Polygon","properties":{"dep":"D86","unit":"8610","lon":0.656,"lat":46.315}},{"arcs":[[-7011,7424,7425,7426,7427,7428,7429,7430,7431,7432,-7012]],"type":"Polygon","properties":{"dep":"D86","unit":"8611","lon":0.134,"lat":46.733}},{"arcs":[[-7039,-7040,-7014,7433,7434,7435,7436,7437,-7036]],"type":"Polygon","properties":{"dep":"D86","unit":"8609","lon":0.128,"lat":46.415}},{"arcs":[[-3355,7438,7439,-7422,7440,7441,7442,-3350]],"type":"Polygon","properties":{"dep":"D86","unit":"8612","lon":0.936,"lat":46.47}},{"arcs":[[-3388,7443,7444,-7426,-7425,-7010,-7004,-4271,-4289,-3410]],"type":"Polygon","properties":{"dep":"D86","unit":"8608","lon":0.107,"lat":46.959}},{"arcs":[[-3362,7445,7446,7447,-7444,-3387]],"type":"Polygon","properties":{"dep":"D86","unit":"8603","lon":0.608,"lat":46.9}},{"arcs":[[-7442,-7441,-7421,-7420,7448,7449,7450,7451,7452,7453]],"type":"Polygon","properties":{"dep":"D86","unit":"8605","lon":0.696,"lat":46.56}},{"arcs":[[-7437,-7436,7454,7455,7456,7457,-7449,-7419,7458]],"type":"Polygon","properties":{"dep":"D86","unit":"8618","lon":0.375,"lat":46.466}},{"arcs":[[-1402,-1410,-1430,-1411,-7037,-7438,-7459,-7418]],"type":"Polygon","properties":{"dep":"D86","unit":"8606","lon":0.412,"lat":46.185}},{"arcs":[[-7013,-7433,-7432,7459,7460,7461,-7434]],"type":"Polygon","properties":{"dep":"D86","unit":"8619","lon":0.121,"lat":46.593}},{"arcs":[[-7428,7462,-7451,7463]],"type":"Polygon","properties":{"dep":"D86","unit":"8607","lon":0.419,"lat":46.705}},{"arcs":[[[-7462,7464,7465,-7455,-7435]],[[-7460,7466]]],"type":"MultiPolygon","properties":{"dep":"D86","unit":"8613","lon":0.246,"lat":46.532}},{"arcs":[[-7450,-7458,7467,7468,7469,-7429,-7464]],"type":"Polygon","properties":{"dep":"D86","unit":"8601","lon":0.517,"lat":46.588}},{"arcs":[[-7430,-7470,7470]],"type":"Polygon","properties":{"dep":"D86","unit":"8614","lon":0.369,"lat":46.605}},{"arcs":[[-7447,7471,-7453,7472]],"type":"Polygon","properties":{"dep":"D86","unit":"8698","lon":0.552,"lat":46.815}},{"arcs":[[-3351,-7443,-7454,-7472,-7446,-3361]],"type":"Polygon","properties":{"dep":"D86","unit":"8604","lon":0.73,"lat":46.785}},{"arcs":[[-7448,-7473,-7452,-7463,-7427,-7445]],"type":"Polygon","properties":{"dep":"D86","unit":"8602","lon":0.425,"lat":46.809}},{"arcs":[[-7466,7473,7474,-7456]],"type":"Polygon","properties":{"dep":"D86","unit":"8617","lon":0.319,"lat":46.526}},{"arcs":[[-7457,-7475,7475,-7468]],"type":"Polygon","properties":{"dep":"D86","unit":"8616","lon":0.416,"lat":46.548}},{"arcs":[[-7467,-7431,-7471,-7469,-7476,-7474,-7465,-7461]],"type":"Polygon","properties":{"dep":"D86","unit":"8699","lon":0.368,"lat":46.577}},{"arcs":[[7476,7477,7478,7479,7480,7481,7482,7483]],"type":"Polygon","properties":{"dep":"D87","unit":"8701","lon":1.119,"lat":45.79}},{"arcs":[[-2007,-2012,-2016,7484,7485,7486,7487,7488,7489,-2040]],"type":"Polygon","properties":{"dep":"D87","unit":"8702","lon":1.423,"lat":46.034}},{"arcs":[[-2022,-2041,-7490,7490,-7423,-7440,-7439,-3354]],"type":"Polygon","properties":{"dep":"D87","unit":"8704","lon":1.186,"lat":46.248}},{"arcs":[[-1722,-1727,7491,7492,7493,7494,-2014,-2038,-1712,-1681]],"type":"Polygon","properties":{"dep":"D87","unit":"8707","lon":1.59,"lat":45.672}},{"arcs":[[-2015,-7495,7495,7496,7497,-7485]],"type":"Polygon","properties":{"dep":"D87","unit":"8720","lon":1.49,"lat":45.854}},{"arcs":[[-1404,-7424,-7491,-7489,7498,7499]],"type":"Polygon","properties":{"dep":"D87","unit":"8703","lon":1.056,"lat":46.064}},{"arcs":[[-7496,-7494,-7493,7500,-7478,7501,7502,7503]],"type":"Polygon","properties":{"dep":"D87","unit":"8705","lon":1.357,"lat":45.734}},{"arcs":[[-1726,-2086,-2140,7504,-7479,-7501,-7492]],"type":"Polygon","properties":{"dep":"D87","unit":"8721","lon":1.143,"lat":45.624}},{"arcs":[[-1405,-7500,7505,-7481,7506]],"type":"Polygon","properties":{"dep":"D87","unit":"8719","lon":0.959,"lat":45.915}},{"arcs":[[-1406,-7507,-7480,-7505,-2139,-2043,-2042,-1432]],"type":"Polygon","properties":{"dep":"D87","unit":"8718","lon":0.863,"lat":45.736}},{"arcs":[[-7488,7507,-7482,-7506,-7499]],"type":"Polygon","properties":{"dep":"D87","unit":"8706","lon":1.155,"lat":45.928}},{"arcs":[[-7497,-7504,7508,7509]],"type":"Polygon","properties":{"dep":"D87","unit":"8717","lon":1.324,"lat":45.822}},{"arcs":[[-7477,-7484,7510,-7502]],"type":"Polygon","properties":{"dep":"D87","unit":"8716","lon":1.195,"lat":45.804}},{"arcs":[[-7487,7511,-7509,-7503,-7511,-7483,-7508]],"type":"Polygon","properties":{"dep":"D87","unit":"8799","lon":1.257,"lat":45.837}},{"arcs":[[-7486,-7498,-7510,-7512]],"type":"Polygon","properties":{"dep":"D87","unit":"8712","lon":1.33,"lat":45.894}},{"arcs":[[-4556,-4569,7512,7513,7514,7515,7516,7517,7518,7519,7520,-6257]],"type":"Polygon","properties":{"dep":"D88","unit":"8804","lon":5.988,"lat":48.059}},{"arcs":[[-4568,7521,7522,7523,7524,7525,7526,7527,-7514,-7513]],"type":"Polygon","properties":{"dep":"D88","unit":"8817","lon":5.906,"lat":48.205}},{"arcs":[[-4761,-4760,-4759,-6052,-6051,7528,7529,7530,7531,7532,-4797,-4796,-4762]],"type":"Polygon","properties":{"dep":"D88","unit":"8811","lon":6.977,"lat":48.392}},{"arcs":[[-4697,-4712,7533,7534,7535,-7515,-7528,-7527,-7526,-7525,-7524,-7523,7536]],"type":"Polygon","properties":{"dep":"D88","unit":"8809","lon":5.905,"lat":48.339}},{"arcs":[[-6154,-6190,7537,7538,7539,7540,7541]],"type":"Polygon","properties":{"dep":"D88","unit":"8807","lon":6.915,"lat":48.13}},{"arcs":[[[7542,7543,7544,7545]],[[7546,7547,7548,-7518,7549]]],"type":"MultiPolygon","properties":{"dep":"D88","unit":"8805","lon":6.379,"lat":48.158}},{"arcs":[[[-7545,7550,7551,7552]],[[7553,7554,7555,7556]]],"type":"MultiPolygon","properties":{"dep":"D88","unit":"8806","lon":6.502,"lat":48.216}},{"arcs":[[-4567,-4825,-4887,-4886,-4699,-4698,-7537,-7522]],"type":"Polygon","properties":{"dep":"D88","unit":"8810","lon":5.67,"lat":48.379}},{"arcs":[[[-7531,7557,7558,7559,-7532]],[[7560,7561,7562,-7540]]],"type":"MultiPolygon","properties":{"dep":"D88","unit":"8813","lon":6.746,"lat":48.308}},{"arcs":[[-4708,-4800,-4799,-4798,-7533,-7560,7563,7564,7565,-7516,-7536,-7535,-7534,-4711,-4710,-4709]],"type":"Polygon","properties":{"dep":"D88","unit":"8803","lon":6.301,"lat":48.353}},{"arcs":[[-7552,7566,-7554,-7557,7567,-7564,-7559,7568,-7561,-7539,7569,7570,7571,7572,7573]],"type":"Polygon","properties":{"dep":"D88","unit":"8802","lon":6.658,"lat":48.226}},{"arcs":[[-6244,-6301,-6300,-6258,-7521,-7520,-7519,-7549,7574,-7543,7575,7576,7577,-6290,-6289,-6338]],"type":"Polygon","properties":{"dep":"D88","unit":"8816","lon":6.351,"lat":48.036}},{"arcs":[[-6050,-6156,-6155,-7542,-7541,-7563,7578,-7529]],"type":"Polygon","properties":{"dep":"D88","unit":"8814","lon":7.057,"lat":48.258}},{"arcs":[[-6161,7579,7580,7581,7582,-7573,-7572,-7571,-7570,-7538,-6189]],"type":"Polygon","properties":{"dep":"D88","unit":"8801","lon":6.791,"lat":47.991}},{"arcs":[[-6160,-6131,-6130,7583,-6329,-6293,-6292,-6291,-7578,7584,-7581,-7580]],"type":"Polygon","properties":{"dep":"D88","unit":"8815","lon":6.823,"lat":47.878}},{"arcs":[[-7568,-7556,7585,-7547,-7550,-7517,-7566,-7565]],"type":"Polygon","properties":{"dep":"D88","unit":"8808","lon":6.388,"lat":48.24}},{"arcs":[[-7546,-7553,-7574,-7583,-7582,-7585,-7577,-7576]],"type":"Polygon","properties":{"dep":"D88","unit":"8812","lon":6.594,"lat":48.051}},{"arcs":[[-7544,-7575,-7548,-7586,-7555,-7567,-7551]],"type":"Polygon","properties":{"dep":"D88","unit":"8898","lon":6.469,"lat":48.164}},{"arcs":[[-7530,-7579,-7562,-7569,-7558]],"type":"Polygon","properties":{"dep":"D88","unit":"8899","lon":6.938,"lat":48.297}},{"arcs":[[-1797,-1796,7586,7587,7588,7589,7590,7591,7592,7593,7594,7595,-1801]],"type":"Polygon","properties":{"dep":"D89","unit":"8907","lon":4.076,"lat":47.625}},{"arcs":[[-4048,-4085,7596,7597,7598,7599,7600,7601,7602,7603,7604]],"type":"Polygon","properties":{"dep":"D89","unit":"8908","lon":3.165,"lat":47.88}},{"arcs":[[-885,-1782,-1802,-7596,-7595,7605,-861,-860,-886]],"type":"Polygon","properties":{"dep":"D89","unit":"8919","lon":4.115,"lat":47.829}},{"arcs":[[-5084,-5099,7606,7607,7608,7609,-7589,7610,-5085]],"type":"Polygon","properties":{"dep":"D89","unit":"8921","lon":3.39,"lat":47.589}},{"arcs":[[-1795,-5076,-5105,7611,7612,-7587]],"type":"Polygon","properties":{"dep":"D89","unit":"8905","lon":3.949,"lat":47.461}},{"arcs":[[7613,7614,-7593,7615,7616,-7603,7617]],"type":"Polygon","properties":{"dep":"D89","unit":"8902","lon":3.522,"lat":47.852}},{"arcs":[[-854,-863,7618,7619,7620,7621,7622,7623,7624,7625,-896]],"type":"Polygon","properties":{"dep":"D89","unit":"8906","lon":3.506,"lat":48.168}},{"arcs":[[-5086,-7611,-7588,-7613,-7612,-5104,-5088,-5087]],"type":"Polygon","properties":{"dep":"D89","unit":"8912","lon":3.695,"lat":47.582}},{"arcs":[[-4083,7626,7627,7628,-7622,7629,7630]],"type":"Polygon","properties":{"dep":"D89","unit":"8920","lon":3.305,"lat":48.099}},{"arcs":[[7631,-7591,-7590,-7610,7632]],"type":"Polygon","properties":{"dep":"D89","unit":"8903","lon":3.653,"lat":47.8}},{"arcs":[[-7632,-7633,-7609,7633,7634,-7616,-7592]],"type":"Polygon","properties":{"dep":"D89","unit":"8998","lon":3.581,"lat":47.794}},{"arcs":[[-7614,-7618,-7602,-7601,7635,7636,-7630,-7621,-7620,7637]],"type":"Polygon","properties":{"dep":"D89","unit":"8913","lon":3.503,"lat":47.994}},{"arcs":[[-862,-7606,-7594,-7615,-7638,-7619]],"type":"Polygon","properties":{"dep":"D89","unit":"8915","lon":3.774,"lat":48.005}},{"arcs":[[-4049,-7605,7638,7639,-7607,-5098,-4038]],"type":"Polygon","properties":{"dep":"D89","unit":"8909","lon":3.067,"lat":47.708}},{"arcs":[[-4082,-6839,7640,7641,7642,7643,-7628,-7627]],"type":"Polygon","properties":{"dep":"D89","unit":"8910","lon":3.099,"lat":48.174}},{"arcs":[[-4084,-7631,-7637,-7636,-7600,-7599,-7598,-7597]],"type":"Polygon","properties":{"dep":"D89","unit":"8911","lon":3.3,"lat":47.992}},{"arcs":[[-6851,7644,7645,7646,-7641,-6838]],"type":"Polygon","properties":{"dep":"D89","unit":"8914","lon":3.168,"lat":48.287}},{"arcs":[[-904,-897,-7626,7647,7648,7649,-7646,-7645,-6850,-6841,-6840]],"type":"Polygon","properties":{"dep":"D89","unit":"8918","lon":3.319,"lat":48.31}},{"arcs":[[-7634,-7608,-7640,7650]],"type":"Polygon","properties":{"dep":"D89","unit":"8904","lon":3.508,"lat":47.752}},{"arcs":[[-7629,-7644,-7643,7651,7652,7653,-7623]],"type":"Polygon","properties":{"dep":"D89","unit":"8917","lon":3.323,"lat":48.162}},{"arcs":[[-7635,-7651,-7639,-7604,-7617]],"type":"Polygon","properties":{"dep":"D89","unit":"8901","lon":3.469,"lat":47.792}},{"arcs":[[[-7647,-7650,7654,-7652,-7642]],[[-7625,7655,-7648]]],"type":"MultiPolygon","properties":{"dep":"D89","unit":"8916","lon":3.295,"lat":48.22}},{"arcs":[[-7654,-7653,-7655,-7649,-7656,-7624]],"type":"Polygon","properties":{"dep":"D89","unit":"8999","lon":3.298,"lat":48.196}},{"arcs":[[-2216,-6336,-6335,-6334,-6333,7656,7657,7658,7659]],"type":"Polygon","properties":{"dep":"D90","unit":"9005","lon":6.899,"lat":47.584}},{"arcs":[[-2211,-7660,-7659,7660,7661,7662,7663,-6126,-6125,-6124,-6123,-6122,-6143,7664,-2235]],"type":"Polygon","properties":{"dep":"D90","unit":"9008","lon":6.988,"lat":47.578}},{"arcs":[[-6128,-6127,-7664,-7663,7665,-6330,-7584,-6129]],"type":"Polygon","properties":{"dep":"D90","unit":"9007","lon":6.848,"lat":47.743}},{"arcs":[[-6332,7666,7667,7668,-7661,-7658,-7657]],"type":"Polygon","properties":{"dep":"D90","unit":"9001","lon":6.819,"lat":47.632}},{"arcs":[[-2187,-2236,-7665,-6142,-6141,7669]],"type":"Polygon","properties":{"dep":"D90","unit":"9006","lon":7.047,"lat":47.522}},{"arcs":[[-7668,7670]],"type":"Polygon","properties":{"dep":"D90","unit":"9099","lon":6.848,"lat":47.645}},{"arcs":[[-6331,-7666,-7662,-7669,-7671,-7667]],"type":"Polygon","properties":{"dep":"D90","unit":"9009","lon":6.862,"lat":47.678}},{"arcs":[[-2522,-6901,7671,7672,7673,7674,-4070,-4055,-4054,-2493,-2492]],"type":"Polygon","properties":{"dep":"D91","unit":"9108","lon":2.146,"lat":48.396}},{"arcs":[[-6900,7675,7676,7677,7678,-7672]],"type":"Polygon","properties":{"dep":"D91","unit":"9105","lon":2.083,"lat":48.562}},{"arcs":[[-7673,-7679,-7678,7679,7680,7681,7682,7683]],"type":"Polygon","properties":{"dep":"D91","unit":"9101","lon":2.242,"lat":48.563}},{"arcs":[[7684,7685,7686,7687,7688,7689,7690]],"type":"Polygon","properties":{"dep":"D91","unit":"9102","lon":2.375,"lat":48.704}},{"arcs":[[-4071,-7675,-7674,-7684,7691,7692,7693,7694,7695,-6864,-6801,-6800]],"type":"Polygon","properties":{"dep":"D91","unit":"9113","lon":2.432,"lat":48.468}},{"arcs":[[7696,7697,-7681,7698,7699,7700,7701,7702,7703]],"type":"Polygon","properties":{"dep":"D91","unit":"9111","lon":2.283,"lat":48.679}},{"arcs":[[-6899,-6974,-6973,-6961,7704,7705,7706,7707,7708,7709,7710,-7676]],"type":"Polygon","properties":{"dep":"D91","unit":"9110","lon":2.142,"lat":48.71}},{"arcs":[[-7693,7711,7712,7713,7714,7715,7716]],"type":"Polygon","properties":{"dep":"D91","unit":"9115","lon":2.372,"lat":48.603}},{"arcs":[[-6866,-6870,-6858,-6865,-7696,7717,7718,7719,7720]],"type":"Polygon","properties":{"dep":"D91","unit":"9107","lon":2.513,"lat":48.603}},{"arcs":[[-7698,7721,-7712,-7692,-7683,-7682]],"type":"Polygon","properties":{"dep":"D91","unit":"9103","lon":2.311,"lat":48.578}},{"arcs":[[7722,7723,7724,7725,-7720]],"type":"Polygon","properties":{"dep":"D91","unit":"9198","lon":2.502,"lat":48.696}},{"arcs":[[-7701,7726,-7708,7727,7728]],"type":"Polygon","properties":{"dep":"D91","unit":"9112","lon":2.308,"lat":48.709}},{"arcs":[[7729,7730,-7718,-7695,-7694,-7717]],"type":"Polygon","properties":{"dep":"D91","unit":"9104","lon":2.454,"lat":48.598}},{"arcs":[[[-7691,7731,7732,7733,7734]],[[7735,7736,7737,7738]]],"type":"MultiPolygon","properties":{"dep":"D91","unit":"9119","lon":2.424,"lat":48.704}},{"arcs":[[-7685,-7735,7739,-7723,-7719,-7731,7740,-7715,7741]],"type":"Polygon","properties":{"dep":"D91","unit":"9106","lon":2.466,"lat":48.651}},{"arcs":[[-7716,-7741,-7730]],"type":"Polygon","properties":{"dep":"D91","unit":"9109","lon":2.43,"lat":48.626}},{"arcs":[[-7677,-7711,7742,-7699,-7680]],"type":"Polygon","properties":{"dep":"D91","unit":"9118","lon":2.21,"lat":48.664}},{"arcs":[[-7742,-7714,7743,7744,-7686]],"type":"Polygon","properties":{"dep":"D91","unit":"9120","lon":2.38,"lat":48.664}},{"arcs":[[-7709,-7727,-7700,-7743,-7710]],"type":"Polygon","properties":{"dep":"D91","unit":"9114","lon":2.219,"lat":48.716}},{"arcs":[[-7724,-7740,-7734,7745,-7736,7746]],"type":"Polygon","properties":{"dep":"D91","unit":"9199","lon":2.46,"lat":48.695}},{"arcs":[[-7687,-7745,7747,-7703,-7702,-7729,7748,7749,7750,-7688]],"type":"Polygon","properties":{"dep":"D91","unit":"9117","lon":2.339,"lat":48.701}},{"arcs":[[-7697,-7704,-7748,-7744,-7713,-7722]],"type":"Polygon","properties":{"dep":"D91","unit":"9116","lon":2.334,"lat":48.651}},{"arcs":[[-7725,-7747,-7739,7751,7752]],"type":"Polygon","properties":{"dep":"D91","unit":"9121","lon":2.492,"lat":48.717}},{"arcs":[[-7728,-7707,7753,7754,-7749]],"type":"Polygon","properties":{"dep":"D92","unit":"9201","lon":2.299,"lat":48.75}},{"arcs":[[7755,7756,7757,7758,7759,7760,7761]],"type":"Polygon","properties":{"dep":"D92","unit":"9295","lon":2.286,"lat":48.913}},{"arcs":[[7762,7763,7764,7765,7766]],"type":"Polygon","properties":{"dep":"D92","unit":"9203","lon":2.31,"lat":48.795}},{"arcs":[[-7762,7767,7768,7769]],"type":"Polygon","properties":{"dep":"D92","unit":"9211","lon":2.266,"lat":48.912}},{"arcs":[[-6671,7770,7771,7772]],"type":"Polygon","properties":{"dep":"D92","unit":"9296","lon":2.239,"lat":48.837}},{"arcs":[[-7706,7773,7774,-7763,-7754]],"type":"Polygon","properties":{"dep":"D92","unit":"9206","lon":2.27,"lat":48.773}},{"arcs":[[-7764,-7775,7775,7776]],"type":"Polygon","properties":{"dep":"D92","unit":"9207","lon":2.284,"lat":48.798}},{"arcs":[[-6959,7777,7778,7779]],"type":"Polygon","properties":{"dep":"D92","unit":"9217","lon":2.219,"lat":48.801}},{"arcs":[[-6669,7780,-7776,-7774,-7705,-6960,-7780,7781]],"type":"Polygon","properties":{"dep":"D92","unit":"9208","lon":2.259,"lat":48.8}},{"arcs":[[-6654,7782,-7759,7783]],"type":"Polygon","properties":{"dep":"D92","unit":"9209","lon":2.305,"lat":48.904}},{"arcs":[[-7756,-7770,7784,7785,7786,7787]],"type":"Polygon","properties":{"dep":"D92","unit":"9297","lon":2.248,"lat":48.923}},{"arcs":[[-7761,7788,7789,7790,7791,-7768]],"type":"Polygon","properties":{"dep":"D92","unit":"9298","lon":2.257,"lat":48.898}},{"arcs":[[-7773,7792,-6958,-6984,-6983,-6942,7793,7794]],"type":"Polygon","properties":{"dep":"D92","unit":"9223","lon":2.184,"lat":48.835}},{"arcs":[[-7757,-7788,7795,7796]],"type":"Polygon","properties":{"dep":"D92","unit":"9214","lon":2.301,"lat":48.934}},{"arcs":[[-6670,-7782,-7779,-7771]],"type":"Polygon","properties":{"dep":"D92","unit":"9215","lon":2.264,"lat":48.821}},{"arcs":[[-6653,7797,-7789,-7760,-7783]],"type":"Polygon","properties":{"dep":"D92","unit":"9216","lon":2.287,"lat":48.895}},{"arcs":[[-6668,7798,7799,-7765,-7777,-7781]],"type":"Polygon","properties":{"dep":"D92","unit":"9218","lon":2.306,"lat":48.817}},{"arcs":[[-6965,7800,-7785,-7769,-7792,7801,7802,7803,-6975]],"type":"Polygon","properties":{"dep":"D92","unit":"9299","lon":2.208,"lat":48.895}},{"arcs":[[-6652,7804,-7790,-7798]],"type":"Polygon","properties":{"dep":"D92","unit":"9221","lon":2.268,"lat":48.887}},{"arcs":[[-6651,7805,-7802,-7791,-7805]],"type":"Polygon","properties":{"dep":"D92","unit":"9213","lon":2.238,"lat":48.884}},{"arcs":[[-6941,-6976,-7804,7806,-7794]],"type":"Polygon","properties":{"dep":"D92","unit":"9222","lon":2.178,"lat":48.869}},{"arcs":[[-7772,-7778,-7793]],"type":"Polygon","properties":{"dep":"D92","unit":"9205","lon":2.211,"lat":48.82}},{"arcs":[[-6650,-7795,-7807,-7803,-7806]],"type":"Polygon","properties":{"dep":"D92","unit":"9220","lon":2.22,"lat":48.87}},{"arcs":[[-6657,7807,7808,7809]],"type":"Polygon","properties":{"dep":"D93","unit":"9301","lon":2.383,"lat":48.911}},{"arcs":[[7810,7811,7812,7813,7814]],"type":"Polygon","properties":{"dep":"D93","unit":"9302","lon":2.496,"lat":48.948}},{"arcs":[[-6659,7815,7816,7817,7818]],"type":"Polygon","properties":{"dep":"D93","unit":"9303","lon":2.428,"lat":48.881}},{"arcs":[[-7815,7819,7820,7821]],"type":"Polygon","properties":{"dep":"D93","unit":"9304","lon":2.463,"lat":48.942}},{"arcs":[[7822,7823,-7817,7824,7825,7826]],"type":"Polygon","properties":{"dep":"D93","unit":"9395","lon":2.434,"lat":48.905}},{"arcs":[[-7814,7827,7828,7829,7830,-7823,7831]],"type":"Polygon","properties":{"dep":"D93","unit":"9306","lon":2.49,"lat":48.904}},{"arcs":[[-7809,7832,7833,7834,7835,-7821,7836,-7826,7837]],"type":"Polygon","properties":{"dep":"D93","unit":"9307","lon":2.411,"lat":48.938}},{"arcs":[[-7813,7838,7839,7840,7841,-7828]],"type":"Polygon","properties":{"dep":"D93","unit":"9311","lon":2.538,"lat":48.914}},{"arcs":[[-6887,7842,-7840,7843,7844,-6890,-6875]],"type":"Polygon","properties":{"dep":"D93","unit":"9320","lon":2.541,"lat":48.988}},{"arcs":[[-7820,-7832,-7827,-7837]],"type":"Polygon","properties":{"dep":"D93","unit":"9396","lon":2.448,"lat":48.924}},{"arcs":[[7845,7846,7847,7848,7849,7850,7851]],"type":"Polygon","properties":{"dep":"D93","unit":"9397","lon":2.312,"lat":48.956}},{"arcs":[[-6886,7852,7853,-7841,-7843]],"type":"Polygon","properties":{"dep":"D93","unit":"9310","lon":2.544,"lat":48.872}},{"arcs":[[-6884,-6895,7854,-7853,-6885]],"type":"Polygon","properties":{"dep":"D93","unit":"9314","lon":2.567,"lat":48.84}},{"arcs":[[-6655,-7784,-7758,-7797,-7846,7855]],"type":"Polygon","properties":{"dep":"D93","unit":"9318","lon":2.331,"lat":48.913}},{"arcs":[[-6660,-7819,7856,7857,7858,7859]],"type":"Polygon","properties":{"dep":"D93","unit":"9398","lon":2.447,"lat":48.863}},{"arcs":[[-7829,-7842,-7854,7860,7861,7862]],"type":"Polygon","properties":{"dep":"D93","unit":"9321","lon":2.51,"lat":48.887}},{"arcs":[[-7824,-7831,7863,-7857,-7818]],"type":"Polygon","properties":{"dep":"D93","unit":"9305","lon":2.459,"lat":48.892}},{"arcs":[[-6658,-7810,-7838,-7825,-7816]],"type":"Polygon","properties":{"dep":"D93","unit":"9315","lon":2.408,"lat":48.897}},{"arcs":[[-7851,7864,7865,7866,7867]],"type":"Polygon","properties":{"dep":"D93","unit":"9309","lon":2.356,"lat":48.958}},{"arcs":[[-7830,-7863,7868,-7858,-7864]],"type":"Polygon","properties":{"dep":"D93","unit":"9312","lon":2.485,"lat":48.874}},{"arcs":[[-6656,-7856,-7852,-7868,7869,-7833,-7808]],"type":"Polygon","properties":{"dep":"D93","unit":"9399","lon":2.356,"lat":48.932}},{"arcs":[[-7812,7870,-7844,-7839]],"type":"Polygon","properties":{"dep":"D93","unit":"9319","lon":2.539,"lat":48.951}},{"arcs":[[-7834,-7870,-7867,7871,7872]],"type":"Polygon","properties":{"dep":"D93","unit":"9317","lon":2.385,"lat":48.956}},{"arcs":[[-7690,7873,7874,7875,-7732]],"type":"Polygon","properties":{"dep":"D94","unit":"9415","lon":2.416,"lat":48.739}},{"arcs":[[7876,7877,7878,7879,7880,7881]],"type":"Polygon","properties":{"dep":"D94","unit":"9401","lon":2.421,"lat":48.803}},{"arcs":[[-7766,-7800,7882,7883,7884]],"type":"Polygon","properties":{"dep":"D94","unit":"9402","lon":2.333,"lat":48.798}},{"arcs":[[-6867,-7721,-7726,-7753,7885,7886,7887,7888,7889,-6893,-6888]],"type":"Polygon","properties":{"dep":"D94","unit":"9416","lon":2.553,"lat":48.73}},{"arcs":[[-7887,7890,7891,7892,7893,-7888]],"type":"Polygon","properties":{"dep":"D94","unit":"9418","lon":2.522,"lat":48.772}},{"arcs":[[-6894,-7890,7894,7895,7896,-7855]],"type":"Polygon","properties":{"dep":"D94","unit":"9422","lon":2.54,"lat":48.828}},{"arcs":[[-7896,7897,7898,7899,7900,7901]],"type":"Polygon","properties":{"dep":"D94","unit":"9493","lon":2.517,"lat":48.817}},{"arcs":[[-6665,7902,-7900,7903,7904,-7879,7905]],"type":"Polygon","properties":{"dep":"D94","unit":"9405","lon":2.473,"lat":48.822}},{"arcs":[[-7898,-7895,-7889,-7894,7906]],"type":"Polygon","properties":{"dep":"D94","unit":"9404","lon":2.542,"lat":48.799}},{"arcs":[[-7689,-7751,7907,7908,7909,-7874]],"type":"Polygon","properties":{"dep":"D94","unit":"9419","lon":2.362,"lat":48.76}},{"arcs":[[-7882,7910,7911,7912,-7875,-7910,7913]],"type":"Polygon","properties":{"dep":"D94","unit":"9406","lon":2.417,"lat":48.766}},{"arcs":[[-7881,7914,7915,-7892,7916,-7911]],"type":"Polygon","properties":{"dep":"D94","unit":"9494","lon":2.456,"lat":48.783}},{"arcs":[[-6663,7917,-7859,-7869,-7862,7918,7919]],"type":"Polygon","properties":{"dep":"D94","unit":"9409","lon":2.474,"lat":48.85}},{"arcs":[[-7750,-7755,-7767,-7885,7920,-7908]],"type":"Polygon","properties":{"dep":"D94","unit":"9410","lon":2.324,"lat":48.761}},{"arcs":[[-6667,7921,7922,-7883,-7799]],"type":"Polygon","properties":{"dep":"D94","unit":"9412","lon":2.351,"lat":48.81}},{"arcs":[[-6666,-7906,-7878,7923,7924,-7922]],"type":"Polygon","properties":{"dep":"D94","unit":"9411","lon":2.388,"lat":48.812}},{"arcs":[[-7738,7925,-7912,-7917,-7891,-7886,-7752]],"type":"Polygon","properties":{"dep":"D94","unit":"9421","lon":2.479,"lat":48.745}},{"arcs":[[-7880,-7905,7926,-7915]],"type":"Polygon","properties":{"dep":"D94","unit":"9413","lon":2.438,"lat":48.806}},{"arcs":[[-6664,-7920,7927,-7901,-7903]],"type":"Polygon","properties":{"dep":"D94","unit":"9495","lon":2.486,"lat":48.837}},{"arcs":[[-7861,-7897,-7902,-7928,-7919]],"type":"Polygon","properties":{"dep":"D94","unit":"9414","lon":2.504,"lat":48.842}},{"arcs":[[-6661,7928]],"type":"Polygon","properties":{"dep":"D94","unit":"9423","lon":2.419,"lat":48.841}},{"arcs":[[-7893,-7916,-7927,-7904,-7899,-7907]],"type":"Polygon","properties":{"dep":"D94","unit":"9496","lon":2.494,"lat":48.799}},{"arcs":[[-7884,-7923,-7925,7929,-7921]],"type":"Polygon","properties":{"dep":"D94","unit":"9420","lon":2.36,"lat":48.792}},{"arcs":[[-7737,-7746,-7733,-7876,-7913,-7926]],"type":"Polygon","properties":{"dep":"D94","unit":"9497","lon":2.455,"lat":48.738}},{"arcs":[[-6662,-7929,-7860,-7918]],"type":"Polygon","properties":{"dep":"D94","unit":"9498","lon":2.436,"lat":48.847}},{"arcs":[[-7877,-7914,-7909,-7930,-7924]],"type":"Polygon","properties":{"dep":"D94","unit":"9499","lon":2.394,"lat":48.787}},{"arcs":[[-5383,-5389,7930,7931,7932,7933,7934,7935,7936,-5342,-5341]],"type":"Polygon","properties":{"dep":"D95","unit":"9516","lon":2.014,"lat":49.129}},{"arcs":[[-2445,-2423,-5345,-5344,-5343,-7937,7937,7938,7939,-6969,-6968,-6953,-6952,-6907,-2477]],"type":"Polygon","properties":{"dep":"D95","unit":"9520","lon":1.783,"lat":49.126}},{"arcs":[[-7849,7940,7941,7942,7943,7944]],"type":"Polygon","properties":{"dep":"D95","unit":"9515","lon":2.308,"lat":48.997}},{"arcs":[[-6981,7945,7946,-7847,-7796,-7787,7947]],"type":"Polygon","properties":{"dep":"D95","unit":"9598","lon":2.238,"lat":48.951}},{"arcs":[[-7835,-7873,7948,7949]],"type":"Polygon","properties":{"dep":"D95","unit":"9511","lon":2.407,"lat":48.973}},{"arcs":[[-5387,-5419,7950,7951,7952,7953,7954]],"type":"Polygon","properties":{"dep":"D95","unit":"9514","lon":2.278,"lat":49.122}},{"arcs":[[-5432,7955,7956,7957,7958,7959,7960,7961,-7951,-5418]],"type":"Polygon","properties":{"dep":"D95","unit":"9509","lon":2.406,"lat":49.082}},{"arcs":[[-5388,-7955,-7954,-7953,7962,7963,7964,-7931]],"type":"Polygon","properties":{"dep":"D95","unit":"9517","lon":2.162,"lat":49.082}},{"arcs":[[-7944,7965,7966,7967,-7952,-7962,7968]],"type":"Polygon","properties":{"dep":"D95","unit":"9507","lon":2.284,"lat":49.047}},{"arcs":[[7969,7970,-7963,-7968,7971]],"type":"Polygon","properties":{"dep":"D95","unit":"9519","lon":2.192,"lat":49.025}},{"arcs":[[-6964,-6982,-7948,-7786,-7801]],"type":"Polygon","properties":{"dep":"D95","unit":"9503","lon":2.213,"lat":48.927}},{"arcs":[[-6937,-6923,-6970,-7940,7972,7973,-7932,-7965,7974,-6938]],"type":"Polygon","properties":{"dep":"D95","unit":"9505","lon":2.053,"lat":49.016}},{"arcs":[[-6891,-7845,-7871,-7811,-7822,-7836,-7950,7975,-7959,-7958,7976]],"type":"Polygon","properties":{"dep":"D95","unit":"9521","lon":2.463,"lat":48.988}},{"arcs":[[-7939,7977,7978,-7933,-7974,-7973]],"type":"Polygon","properties":{"dep":"D95","unit":"9599","lon":2.051,"lat":49.042}},{"arcs":[[-5431,-6892,-7977,-7957,-7956]],"type":"Polygon","properties":{"dep":"D95","unit":"9512","lon":2.535,"lat":49.055}},{"arcs":[[-6980,7979,-7972,-7967,7980,7981,-7946]],"type":"Polygon","properties":{"dep":"D95","unit":"9510","lon":2.207,"lat":48.976}},{"arcs":[[-7850,-7945,-7969,-7961,7982,-7865]],"type":"Polygon","properties":{"dep":"D95","unit":"9506","lon":2.349,"lat":48.984}},{"arcs":[[-7942,7983,7984,-7981,-7966,-7943]],"type":"Polygon","properties":{"dep":"D95","unit":"9508","lon":2.269,"lat":48.988}},{"arcs":[[-6903,-6939,-7975,-7964,-7971,-7970,-7980,-6979]],"type":"Polygon","properties":{"dep":"D95","unit":"9513","lon":2.163,"lat":48.996}},{"arcs":[[-7935,-7934,-7979,-7978,-7938,-7936]],"type":"Polygon","properties":{"dep":"D95","unit":"9504","lon":2.053,"lat":49.069}},{"arcs":[[-7848,-7947,-7982,-7985,-7984,-7941]],"type":"Polygon","properties":{"dep":"D95","unit":"9501","lon":2.282,"lat":48.969}},{"arcs":[[-7866,-7983,-7960,-7976,-7949,-7872]],"type":"Polygon","properties":{"dep":"D95","unit":"9518","lon":2.381,"lat":48.989}},{"arcs":[[7985,7986,7987,7988,7989,7990]],"type":"Polygon","properties":{"dep":"D971","unit":"97193","lon":-61.502,"lat":16.272}},{"arcs":[[7991,7992,7993,7994]],"type":"Polygon","properties":{"dep":"D971","unit":"97114","lon":-61.465,"lat":16.426}},{"arcs":[[7995,7996,7997]],"type":"Polygon","properties":{"dep":"D971","unit":"97194","lon":-61.584,"lat":16.252}},{"arcs":[[7998,7999,8000,8001,8002,8003,8004]],"type":"Polygon","properties":{"dep":"D971","unit":"97121","lon":-61.725,"lat":16.075}},{"arcs":[[-8000,8005,8006,8007]],"type":"Polygon","properties":{"dep":"D971","unit":"97106","lon":-61.691,"lat":16.031}},{"arcs":[[8008,8009,-8002,8010]],"type":"Polygon","properties":{"dep":"D971","unit":"97195","lon":-61.753,"lat":16.144}},{"arcs":[[-7999,-8005,8011,8012,8013,-8006]],"type":"Polygon","properties":{"dep":"D971","unit":"97107","lon":-61.61,"lat":16.051}},{"arcs":[[8014]],"type":"Polygon","properties":{"dep":"D971","unit":"97110","lon":-61.269,"lat":15.932}},{"arcs":[[[-8007,-8014,8015]],[[8016]],[[8017]]],"type":"MultiPolygon","properties":{"dep":"D971","unit":"97120","lon":-61.668,"lat":15.988}},{"arcs":[[[8018]],[[8019]],[[8020,8021,8022]]],"type":"MultiPolygon","properties":{"dep":"D971","unit":"97116","lon":-61.286,"lat":16.276}},{"arcs":[[-8009,8023,8024,8025,8026]],"type":"Polygon","properties":{"dep":"D971","unit":"97118","lon":-61.78,"lat":16.257}},{"arcs":[[-7991,8027,8028,8029]],"type":"Polygon","properties":{"dep":"D971","unit":"97196","lon":-61.47,"lat":16.225}},{"arcs":[[-8012,-8004,8030,8031]],"type":"Polygon","properties":{"dep":"D971","unit":"97113","lon":-61.614,"lat":16.122}},{"arcs":[[-7998,8032,-8026,8033,8034]],"type":"Polygon","properties":{"dep":"D971","unit":"97109","lon":-61.662,"lat":16.233}},{"arcs":[[[-7988,8035,-7994,8036]],[[8037]]],"type":"MultiPolygon","properties":{"dep":"D971","unit":"97112","lon":-61.469,"lat":16.326}},{"arcs":[[-7989,-8037,-7993,8038,-8021,8039]],"type":"Polygon","properties":{"dep":"D971","unit":"97111","lon":-61.378,"lat":16.319}},{"arcs":[[-7997,8040,-8031,-8003,-8010,-8027,-8033]],"type":"Polygon","properties":{"dep":"D971","unit":"97197","lon":-61.669,"lat":16.164}},{"arcs":[[-7986,-8030,8041]],"type":"Polygon","properties":{"dep":"D971","unit":"97115","lon":-61.536,"lat":16.24}},{"arcs":[[-7990,-8040,-8023,8042,-8028]],"type":"Polygon","properties":{"dep":"D971","unit":"97198","lon":-61.388,"lat":16.257}},{"arcs":[[-8025,8043,-8034]],"type":"Polygon","properties":{"dep":"D971","unit":"97199","lon":-61.711,"lat":16.294}},{"arcs":[[8044]],"type":"Polygon","properties":{"dep":"D972","unit":"97299","lon":-61.048,"lat":14.705}},{"arcs":[[[8045]],[[8046]]],"type":"MultiPolygon","properties":{"dep":"D973","unit":"97399","lon":-53.096,"lat":3.97}},{"arcs":[[8048,8049,8050,8051]],"type":"Polygon","properties":{"dep":"D974","unit":"97401","lon":55.36,"lat":-21.233}},{"arcs":[[8052,8053,8054,8055,8056,8057,8058,8059]],"type":"Polygon","properties":{"dep":"D974","unit":"97406","lon":55.575,"lat":-21.038}},{"arcs":[[-8049,8060,8061,8062,-8054,8063,8064,8065,8066]],"type":"Polygon","properties":{"dep":"D974","unit":"97416","lon":55.469,"lat":-21.154}},{"arcs":[[8067,8068,8069]],"type":"Polygon","properties":{"dep":"D974","unit":"97422","lon":55.567,"lat":-21.34}},{"arcs":[[8070,8071,8072]],"type":"Polygon","properties":{"dep":"D974","unit":"97407","lon":55.648,"lat":-21.143}},{"arcs":[[8073,8074,8075]],"type":"Polygon","properties":{"dep":"D974","unit":"97402","lon":55.304,"lat":-20.944}},{"arcs":[[-8074,8076,8077,-8055,8078]],"type":"Polygon","properties":{"dep":"D974","unit":"97403","lon":55.368,"lat":-20.951}},{"arcs":[[-8059,8079,8080]],"type":"Polygon","properties":{"dep":"D974","unit":"97491","lon":55.658,"lat":-20.958}},{"arcs":[[-8053,8081,8082,-8072,8083,-8064]],"type":"Polygon","properties":{"dep":"D974","unit":"97492","lon":55.679,"lat":-21.072}},{"arcs":[[-8078,8084,8085,-8056]],"type":"Polygon","properties":{"dep":"D974","unit":"97493","lon":55.447,"lat":-20.933}},{"arcs":[[-8070,8086,8087,8088,8089]],"type":"Polygon","properties":{"dep":"D974","unit":"97494","lon":55.645,"lat":-21.32}},{"arcs":[[-8052,8090,8091,-8061]],"type":"Polygon","properties":{"dep":"D974","unit":"97495","lon":55.331,"lat":-21.164}},{"arcs":[[-8050,-8067,8092,8093]],"type":"Polygon","properties":{"dep":"D974","unit":"97496","lon":55.422,"lat":-21.234}},{"arcs":[[-8075,-8079,-8063,8094,8095]],"type":"Polygon","properties":{"dep":"D974","unit":"97497","lon":55.324,"lat":-21.038}},{"arcs":[[-8066,8096,-8087,-8069,8097,-8093]],"type":"Polygon","properties":{"dep":"D974","unit":"97498","lon":55.491,"lat":-21.314}},{"arcs":[[-8073,-8083,8098,-8089,8099]],"type":"Polygon","properties":{"dep":"D974","unit":"97408","lon":55.747,"lat":-21.244}},{"arcs":[[-8086,8100,8101,-8057]],"type":"Polygon","properties":{"dep":"D974","unit":"97423","lon":55.531,"lat":-20.947}},{"arcs":[[-8080,-8058,-8102,8102]],"type":"Polygon","properties":{"dep":"D974","unit":"97404","lon":55.602,"lat":-20.94}},{"arcs":[[-8065,-8084,-8071,-8100,-8088,-8097]],"type":"Polygon","properties":{"dep":"D974","unit":"97499","lon":55.559,"lat":-21.223}},{"arcs":[[-8092,8103,-8095,-8062]],"type":"Polygon","properties":{"dep":"D974","unit":"97414","lon":55.32,"lat":-21.106}}]},"deps":{"type":"GeometryCollection","geometries":[{"arcs":[[36,37,30,31,32,33,95,96,97,77,72,102,103,104,21,87,88,89,90,24,2,3,4,99,100,101,60,61,62,63,64,65,66,53,54,55,78,79,80,81,82,106,107,108,52,46,93,119,114,115,116,124,121,122,123,91,92,43]],"type":"Polygon","properties":{"dep":"D01"}},{"arcs":[[160,161,162,186,187,188,189,263,264,265,266,267,218,219,220,221,222,223,224,225,209,210,211,212,213,214,127,128,193,246,247,248,256,257,258,259,260,261,262,172,173,241,242,238,239,240,233,234,243,244,168,169],[226]],"type":"Polygon","properties":{"dep":"D02"}},{"arcs":[[298,327,330,331,336,337,338,339,340,341,342,343,307,308,309,310,311,312,313,281,363,364,347,348,349,350,362,358,322,323,377,320,314,315,316,296,297]],"type":"Polygon","properties":{"dep":"D03"}},{"arcs":[[394,395,396,397,446,385,386,387,454,451,459,418,419,420,421,435,423,432,433,405,406,407,408,436,437,438,439,440,441,442]],"type":"Polygon","properties":{"dep":"D04"}},{"arcs":[[-409,-408,-407,-406,-434,489,478,479,480,481,500,501,467,468,472,494,495,496,503,504,499,463,-440,-439,-438,-437]],"type":"Polygon","properties":{"dep":"D05"}},{"arcs":[[[-395,-443,-442,526,559,574,555,556,548,549,550,583,577,564,575,524,584,570,538,539,540,541,533,519,520,-397,-396]],[[571]]],"type":"MultiPolygon","properties":{"dep":"D06"}},{"arcs":[[629,630,675,679,680,681,666,667,668,657,658,659,660,661,616,617,670,671,672,673,674,669,663,664,648,643,644,645,650,651,652,653,654,589,590,622,682,683,642,677,635,636,637,638,639]],"type":"Polygon","properties":{"dep":"D07"}},{"arcs":[[-234,-241,748,717,741,719,766,692,773,770,761,746,747,742,743,744,724,725,726,711,712,713,714,701,702,703,704,705,-169,-245,-244,-235]],"type":"Polygon","properties":{"dep":"D08"}},{"arcs":[[832,833,834,835,820,821,822,837,838,839,840,841,787,788,795,796,798,799,800,801,802,806,780,809,810]],"type":"Polygon","properties":{"dep":"D09"}},{"arcs":[[853,895,896,903,904,905,906,907,908,909,923,919,920,864,865,866,867,891,892,893,894,845,846,847,848,849,911,912,913,883,884,885,859,860,861,862]],"type":"Polygon","properties":{"dep":"D10"}},{"arcs":[[-801,-800,-799,-797,-796,-789,-788,-842,951,952,939,940,941,974,975,982,983,933,934,998,994,991,992,993,986,1000,1001,1002,1003,1021,1013,1017,1018,1019,971,972,978,979,980,981]],"type":"Polygon","properties":{"dep":"D11"}},{"arcs":[[1041,1042,1043,1044,1046,1047,1048,1097,1102,1103,1104,1105,1106,1107,1094,1110,1111,1112,1113,1035,1036,1079,1080,1081,1082,1071,1072,1073,1074,1083,1101,1087,1088,1089,1125,1064,1065,1066,1067]],"type":"Polygon","properties":{"dep":"D12"}},{"arcs":[[[1149,1150,1151,1152,1163,1164,1165,1166,1167,1161,1162,1142,1143,1168,1169,1170,1136,1185,1186,1195,1184,1179,1197,1181,1178,1173,1194,1189,1198,1191,1148]],[[1196]]],"type":"MultiPolygon","properties":{"dep":"D13"}},{"arcs":[[1199,1200,1294,1320,1318,1327,1328,1329,1330,1331,1269,1270,1271,1272,1273,1274,1275,1313,1314,1315,1316,1303,1304,1305,1306,1307,1308,1317,1242,1264,1265,1266,1267,1207,1257,1312,1245,1293,1203,1204]],"type":"Polygon","properties":{"dep":"D14"}},{"arcs":[[-1107,-1106,-1105,-1104,-1103,-1098,-1049,-1048,1394,1395,1396,1397,1380,1381,1382,1383,1355,1356,1357,1366,1367,1368,1371,1372,1373,1374,1340,1360,1361,1362,1345,1346,1347,1348,1349,1350]],"type":"Polygon","properties":{"dep":"D15"}},{"arcs":[[1401,1402,1403,1404,1405,1431,1432,1418,1419,1420,1421,1483,1484,1485,1486,1478,1479,1480,1453,1454,1455,1445,1446,1447,1448,1438,1468,1461,1462,1463,1497,1498,1499,1492,1477,1415,1416,1410,1429,1409]],"type":"Polygon","properties":{"dep":"D16"}},{"arcs":[[[-1462,-1469,-1439,-1449,-1448,-1447,-1446,-1456,-1455,-1454,-1481,1577,1578,1579,1580,1581,1565,1566,1550,1544,1596,1597,1558,1582,1587,1517,1568,1595,1594,1526,1527,1528,1529,1530,1509,1536,1541,1542,1543,-1416,-1478,-1493,-1500,-1499,-1498,-1464,-1463]],[[1514]],[[1551,1552,1553]],[[1591]],[[1590]]],"type":"MultiPolygon","properties":{"dep":"D17"}},{"arcs":[[-298,-297,-317,1607,1608,1609,1669,1670,1623,1624,1671,1672,1673,1675,1605,1642,1643,1644,1645,1660,1661,1662,1663,1664,1665,1649,1650,1651,1640,1641,1634,1657,1658]],"type":"Polygon","properties":{"dep":"D18"}},{"arcs":[[-1367,-1358,-1357,-1356,-1384,-1383,1701,1695,1696,1697,1744,1745,1746,1747,1748,1729,1730,1724,1725,1726,1721,1680,1711,1712,1713,1686,1687,1732,1733,-1368]],"type":"Polygon","properties":{"dep":"D19"}},{"arcs":[[[-884,-914,1776,1777,1778,1839,1840,1841,1820,1821,1822,1826,1827,1828,1829,1830,1831,1833,1834,1835,1836,1837,1838,1813,1814,1815,1816,1817,1804,1805,1806,1807,1793,1794,1795,1796,1800,1801,1781]],[[1808,1809,1810]]],"type":"MultiPolygon","properties":{"dep":"D21"}},{"arcs":[[[1934]],[[1935]],[[1942,1943,1855,1856,1949,1950,1896,1897,1968,1969,1970,1971,1967,1959,1947,1948,1887,1937,1952,1974,1976,1956,1961,1918,1924,1925,1962,1963,1964,1965,1901,1902,1903,1904,1939,1940,1944]],[[1960]]],"type":"MultiPolygon","properties":{"dep":"D22"}},{"arcs":[[-321,-378,-324,2002,2017,2018,-1687,-1714,-1713,2037,2013,2014,2015,2011,2006,2039,2040,2021,2022,2023,2024,2032,2033,2034,2029,-1608,-316,-315]],"type":"Polygon","properties":{"dep":"D23"}},{"arcs":[[-1479,-1487,-1486,-1485,-1484,-1422,-1421,-1420,-1419,-1433,2041,2042,2138,2139,2085,-1725,-1731,-1730,-1749,-1748,-1747,2093,2094,2095,2071,2072,2073,2063,2064,2105,2106,2107,2108,2109,2135,2129,2130,2131,2132,2133,2142,2143,2144,-1578,-1480]],"type":"Polygon","properties":{"dep":"D24"}},{"arcs":[[2164,2194,2195,2196,2197,2198,2258,2259,2213,2214,2215,2210,2234,2235,2186,2187,2188,2257,2226,2216,2263,2238,2239,2240,2241,2242,2243,2244,2221,2222,2223,2154,2155,2156,2157,2158,2177,2178,2179,2180,2181,2182,2183,2184]],"type":"Polygon","properties":{"dep":"D25"}},{"arcs":[[-433,-424,-436,-422,2305,2306,2307,2325,2326,2338,-673,-672,-671,-618,-617,-662,-661,-660,-659,-658,-669,-668,-667,-682,-681,-680,-676,-631,-630,-640,-639,2272,2311,2312,2313,2314,2336,2319,2320,2321,2322,2270,2271,-501,-482,-481,-480,-479,-490],[2309,2324]],"type":"Polygon","properties":{"dep":"D26"}},{"arcs":[[-1200,2459,2460,2405,2406,2407,2397,2398,2399,2400,2427,2428,2371,2372,2373,2374,2435,2436,2437,2438,2418,2419,2420,2421,2422,2444,2476,2477,2386,2387,2469,2470,2471,2472,2356,2357,2350,2478,2364,2358,2359,2360,2361,2414,2415,2416,-1329,-1328,-1319,-1321,-1295,-1201]],"type":"Polygon","properties":{"dep":"D27"}},{"arcs":[[-2351,-2358,-2357,-2473,-2472,-2471,-2470,-2388,2479,2547,2548,2519,2520,2521,2491,2492,2493,2494,2495,2499,2500,2531,2532,2533,2534,2535,2523,2524,2525,2526,2515,-2359,-2365,-2479]],"type":"Polygon","properties":{"dep":"D28"}},{"arcs":[[[-1897,-1951,2578,2616,2572,2562,2563,2558,2559,2569,2636,2577,2573,2650,2645,2632,2646,2634,2567,2564,2557,2550,2637,2648,2639,2642,2647,2614,2649,2609,2602,2624,2621,2629,2627,2628,2626,2600,-1971,-1970,-1969,-1898]],[[2630]],[[2568]],[[2611]],[[2612]]],"type":"MultiPolygon","properties":{"dep":"D29"}},{"arcs":[[[2660,2662,2652,2672,2673,2674,2675,2676,2654,2655,2664,2669,2681,2682,2684,2679,2668,2666]],[[2680]]],"type":"MultiPolygon","properties":{"dep":"D2A"}},{"arcs":[[-2656,-2655,-2677,-2676,-2675,2706,2722,2714,2716,2733,2720,2731,2711,2723,2728,2727,2689,2732,-2682,-2670,-2665]],"type":"Polygon","properties":{"dep":"D2B"}},{"arcs":[[-649,-665,-664,-670,-675,2771,2772,2812,2813,2819,2820,2792,-1165,-1164,-1153,-1152,-1151,-1150,2762,2763,2764,2801,2802,2803,2756,2757,2758,2786,-1080,-1037,-1036,-1114,2783,2784,2807,2808,2809,2810,-645,-644]],"type":"Polygon","properties":{"dep":"D30"}},{"arcs":[[-811,2849,2850,2851,2852,2853,2854,2855,2856,2857,2863,2864,2865,2866,2867,2825,2826,2827,2828,2829,2913,2914,2915,2902,2903,2904,2905,2909,2910,2911,2912,2907,2908,2895,2888,2889,2844,2845,2846,2847,2848,-975,-942,-941,-940,-953,-952,-841,-840,-839,-838,-823,-822,-821,-836,-835,-834,-833]],"type":"Polygon","properties":{"dep":"D31"}},{"arcs":[[-2903,-2916,-2915,-2914,-2830,-2829,-2828,-2827,-2826,-2868,2976,2977,2987,2988,2989,2990,2974,2975,2932,2933,2934,2935,2955,2956,2957,3004,3005,2999,3006,3007,3008,3009,3010,2995,2996,2965,-2904]],"type":"Polygon","properties":{"dep":"D32"}},{"arcs":[[[-1545,-1551,-1567,-1566,-1582,-1581,-1580,-1579,-2145,-2144,-2143,-2134,-2133,-2132,-2131,-2130,-2136,-2110,3017,3018,3019,3020,3021,3082,3083,3084,3051,3052,3116,3067,3068,3065,3117,3043,3039,3073,3093,-1597]],[[3069]]],"type":"MultiPolygon","properties":{"dep":"D33"}},{"arcs":[[-987,-994,-993,-992,-995,-999,-935,3148,3149,-1083,-1082,-1081,-2787,-2759,-2758,-2757,-2804,-2803,-2802,-2765,-2764,3191,3200,3201,3181,3206,3145,3205,-1003,-1002,-1001]],"type":"Polygon","properties":{"dep":"D34"}},{"arcs":[[[-1904,-1903,3239,3314,3318,3310,3307,3242,3243,3244,3245,3223,3224,3279,3280,3281,3282,3273,3274,3275,3263,3264,3230,3231,3232,3233,3234,3250,3251,3253,3254,3255,3256,3268,3269,3288,3289,3286,-1940,-1905]],[[-1964,3313,-1965]]],"type":"MultiPolygon","properties":{"dep":"D35"}},{"arcs":[[-1609,-2030,-2035,-2034,-2033,-2025,-2024,-2023,3353,3354,3349,3350,3351,3352,3346,3347,3338,3339,3340,-1673,-1672,-1625,-1624,-1671,-1670,-1610]],"type":"Polygon","properties":{"dep":"D36"}},{"arcs":[[-3352,3360,3361,3386,3387,3409,3410,3368,3369,3370,3371,3401,3402,3403,3404,3405,3378,3379,3380,3396,3397,3412,-3339,-3348,-3347,-3353]],"type":"Polygon","properties":{"dep":"D37"}},{"arcs":[[-78,-98,-97,-96,-34,-33,3428,3429,3430,3431,3446,3447,3448,3449,3473,-495,-473,-469,-468,-502,-2272,-2271,-2323,-2322,-2321,-2320,-2337,-2315,-2314,-2313,-2312,-2273,-638,3452,3500,3501,3502,3503,3504,3505,3558,3545,3546,3547,3541,3542,3543,3495,3496,3482,3483]],"type":"Polygon","properties":{"dep":"D38"}},{"arcs":[[-53,-109,-108,-107,-83,-82,-81,-80,3604,3605,3606,3607,3625,3633,3634,3576,3577,3578,3562,3563,-1837,-1836,-1835,-1834,-1832,-1831,-1830,-1829,3593,-2157,-2156,-2155,-2224,-2223,-2222,-2245,-2244,-2243,-2242,-2241,-2240,3624,-116,-115,-120,-94,-47]],"type":"Polygon","properties":{"dep":"D39"}},{"arcs":[[-2936,3636,3667,3668,3669,3670,3654,3642,3689,3690,3691,3692,3693,3697,3703,3704,3705,3706,3707,3708,3699,3663,3686,3688,-3068,-3117,-3053,-3052,-3085,3682,3683,3684,-3005,-2958,-2957,-2956]],"type":"Polygon","properties":{"dep":"D40"}},{"arcs":[[-1644,-1643,-1606,-1676,-1674,-3341,-3340,-3413,-3398,-3397,-3381,-3380,-3379,-3406,-3405,3710,3711,3733,3734,3735,3736,-2533,-2532,-2501,3723,3724,3737,3738,3760,3761,3762]],"type":"Polygon","properties":{"dep":"D41"}},{"arcs":[[-308,-344,3786,3800,3801,3802,3803,3804,3805,3796,3809,3810,3811,3812,3842,3843,3844,3833,3834,3848,3849,3850,3851,3825,-3503,-3502,-3501,-3453,-637,-636,-678,-643,-684,3817,3818,3819,3847,3829,3830,3770,3771,3772,3773,3816,3779,3780,3781,3782,3783,3791,-310,-309]],"type":"Polygon","properties":{"dep":"D42"}},{"arcs":[[-655,-654,-653,3893,3916,3917,3918,-1348,-1347,-1346,-1363,-1362,3865,3866,3867,3868,3885,-3773,-3772,-3771,-3831,-3830,-3848,-3820,-3819,-3818,-683,-623,-591,-590]],"type":"Polygon","properties":{"dep":"D43"}},{"arcs":[[-3256,-3255,-3254,-3252,-3251,-3235,-3234,4016,4017,3946,3947,3948,3943,4014,3996,3997,3998,3937,3938,3939,3940,3941,3984,3985,3986,4008,4009,3978,3979,4023,4032,3975,3972,3973,3971,3960,3961,3953,3954,3965,3966]],"type":"Polygon","properties":{"dep":"D44"}},{"arcs":[[-1645,-3763,-3762,-3761,-3739,-3738,-3725,-3724,-2500,-2496,-2495,-2494,4053,4054,4069,4070,4071,4072,4079,4080,4081,4082,4083,4084,4047,4048,4037,4038,-1662,-1661,-1646]],"type":"Polygon","properties":{"dep":"D45"}},{"arcs":[[-1068,-1067,-1066,4142,4143,4144,4145,4109,4139,4140,4141,-2073,-2072,-2096,-2095,-2094,-1746,-1745,-1698,-1697,-1696,-1702,-1382,-1381,-1398,-1397,-1396,-1395,-1047,-1045,-1044,-1043,-1042]],"type":"Polygon","properties":{"dep":"D46"}},{"arcs":[[-2065,-2064,-2074,-4142,-4141,4204,4205,4222,4223,4224,4215,4216,-3009,-3008,-3007,-3000,-3006,-3685,-3684,-3683,-3084,-3083,-3022,-3021,-3020,-3019,-3018,-2109,-2108,-2107,-2106]],"type":"Polygon","properties":{"dep":"D47"}},{"arcs":[[-652,-651,-646,-2811,-2810,-2809,-2808,-2785,-2784,-1113,-1112,-1111,-1095,-1108,-1351,-1350,-1349,-3919,-3918,-3917,-3894]],"type":"Polygon","properties":{"dep":"D48"}},{"arcs":[[-3233,4282,4283,4284,4305,4306,4307,4313,4314,-3371,-3370,-3369,-3411,4288,4270,4271,4336,4337,4342,4343,4345,-3938,-3999,-3998,-3997,-4015,-3944,-3949,-3948,-3947,-4018,-4017]],"type":"Polygon","properties":{"dep":"D49"}},{"arcs":[[-1266,-1265,-1243,-1318,-1309,-1308,-1307,-1306,-1305,4410,4411,4412,4413,4445,-3282,-3281,-3280,-3225,-3224,-3246,-3245,4386,4387,4388,4394,4401,4449,4371,4405,4438,4439,4362,4356,4443,4444,4423,4416,4432,4447,4442,4379,4395,4383,4446,-1267]],"type":"Polygon","properties":{"dep":"D50"}},{"arcs":[[-161,-170,-706,-705,-704,-703,-702,-715,-714,4510,4511,4512,4513,4514,4515,4489,4490,4491,4492,4493,4494,4495,4496,4497,-894,-893,-892,-868,-867,-866,-865,-921,-920,-924,-910,-909,-908,4483,4484,4485,-266,-265,-264,-190,-189,-188,-187,-163,-162]],"type":"Polygon","properties":{"dep":"D51"}},{"arcs":[[-895,-4498,-4497,-4496,-4495,-4494,4602,4616,4612,4613,4563,4564,4565,4566,4567,4568,4555,4556,4590,4591,4592,4593,4600,-1821,-1842,-1841,-1840,-1779,-1778,-1777,-913,-912,-850,-849,-848,-847,-846]],"type":"Polygon","properties":{"dep":"D52"}},{"arcs":[[-3232,-3231,-3265,-3264,-3276,-3275,-3274,-3283,-4446,-4414,4631,4642,4643,4661,4662,4663,4659,4660,4655,4647,4648,4649,4650,4651,4668,4669,-4306,-4285,-4284,-4283]],"type":"Polygon","properties":{"dep":"D53"}},{"arcs":[[[4696,4697,4698,4699,4700,4801,4802,4803,4731,4732,4733,4734,4722,4723,4724,4738,4739,4685,4686,4687,4746,4747,4748,4749,4750,4740,4741,4807,4808,4691,4692,4693,4694,4735,4736,4781,4782,4778,4779,4780,4680,4681,4713,4767,4768,4769,4770,4771,4753,4754,4755,4756,4757,4758,4759,4760,4761,4795,4796,4797,4798,4799,4707,4708,4709,4710,4711]],[[4751]],[[4752]]],"type":"MultiPolygon","properties":{"dep":"D54"}},{"arcs":[[-713,-712,-727,-726,-725,-745,-744,4874,4875,-4750,-4749,-4748,-4747,-4688,-4687,-4686,-4740,-4739,-4725,-4724,-4723,-4735,-4734,-4733,-4732,-4804,-4803,-4802,-4701,-4700,4885,4886,4824,-4566,-4565,-4564,-4614,-4613,-4617,-4603,-4493,-4492,-4491,-4490,-4516,-4515,-4514,-4513,-4512,-4511],[-4752],[-4753]],"type":"Polygon","properties":{"dep":"D55"}},{"arcs":[[[-1943,-1945,-1941,-3287,-3290,-3289,-3270,-3269,-3257,-3967,-3966,-3955,-3954,-3962,4894,4905,4952,4898,4911,4912,4918,4916,4932,4947,4943,4950,4949,4941,-2559,-2564,-2563,-2573,-2617,-2579,-1950,-1857,-1856,-1944]],[[4915]],[[4946]],[[4919]],[[4920]],[[4903]],[[4904]]],"type":"MultiPolygon","properties":{"dep":"D56"}},{"arcs":[[-4754,-4772,-4771,-4770,-4769,-4768,-4714,-4682,-4681,-4781,-4780,-4779,-4783,-4782,-4737,-4736,-4695,-4694,-4693,-4692,-4809,5000,5052,5026,5047,5023,5049,5060,5012,5013,5057,4985,4986,4987,4988,4989,5056,5020,5021,4971,5045,5046,4979,4980,4981,4982,4983,-4756,-4755]],"type":"Polygon","properties":{"dep":"D57"}},{"arcs":[[-299,-1659,-1658,-1635,-1642,-1641,-1652,-1651,-1650,-1666,-1665,-1664,-1663,-4039,5097,5098,5083,5084,5085,5086,5087,5103,5104,5075,-1794,-1808,5067,-1810,5068,5069,5110,5111,5112,5113,-338,-337,-332,-331,-328]],"type":"Polygon","properties":{"dep":"D58"}},{"arcs":[[[-260,-259,5250,5251,5252,5138,5130,5182,5183,5184,5185,5299,5300,5301,5158,5198,5162,5163,5164,5165,5166,5167,5168,5169,5170,5219,5253,5260,5261,5262,5263,5264,5265,5226,5227,5279,5276,5277,5306,5274,5305,5292,5293,5290,5231,5221,5256,5215,5283,5307,5316,5311,5196,5201,5154,5285,5286,5298,5177,5240,5241,5152,-239,-243,-242,-174,-173,-263,-262,-261]],[[5139,5140]]],"type":"MultiPolygon","properties":{"dep":"D59"}},{"arcs":[[[-213,-212,-211,-210,-226,-225,-224,-223,-222,-221,-220,5357,5358,5359,5429,5430,5431,5417,5418,5386,5387,5388,5382,5340,5341,5342,5343,5344,-2422,-2421,-2420,-2419,-2439,5317,5318,5319,5320,5321,5322,5347,5348,5349,5350,5404,5405,5406,5399,5389,5390,5413,5414,5415,-129,-128,-215,-214]],[[-227]]],"type":"MultiPolygon","properties":{"dep":"D60"}},{"arcs":[[-1315,-1314,-1276,-1275,-1274,-1273,-1272,-1271,-1270,-1332,-1331,-1330,-2417,-2416,-2415,-2362,-2361,-2360,-2516,-2527,-2526,-2525,-2524,-2536,5452,5453,5454,5455,5514,5496,5518,5517,5442,5438,5522,5520,5521,-4663,-4662,-4644,-4643,-4632,-4413,-4412,-4411,-1304,-1317,-1316]],"type":"Polygon","properties":{"dep":"D61"}},{"arcs":[[-5131,-5139,-5253,-5252,5532,5533,5534,5535,5581,5582,5583,5584,5585,5586,5587,5656,5613,5614,5615,5616,5601,5602,5603,5692,5693,5699,5676,5690,5700,5630,5687,5695,5669,-5277,-5280,-5228,-5227,-5266,-5265,-5264,-5263,-5262,-5261,-5254,-5220,-5171,-5170,-5169,-5168,-5167,-5166,-5165,-5164,-5163,-5199,-5159,-5302,-5301,-5300,-5186,-5185,-5184,-5183],[-5140,-5141]],"type":"Polygon","properties":{"dep":"D62"}},{"arcs":[[-312,-311,-3792,-3784,-3783,-3782,-3781,-3780,-3817,-3774,-3886,-3869,-3868,-3867,-3866,-1361,-1341,-1375,-1374,-1373,-1372,-1369,-1734,-1733,-1688,-2019,-2018,-2003,-323,-359,-363,-351,-350,-349,-348,-365,-364,-282,-314,-313]],"type":"Polygon","properties":{"dep":"D63"}},{"arcs":[[-2935,5864,5806,5807,5808,5809,5789,5790,5791,5792,5793,5878,5879,5886,5887,5834,5842,5902,5855,5898,5897,5895,5863,-3708,-3707,-3706,-3705,-3704,-3698,-3694,-3693,-3692,-3691,-3690,-3643,-3655,-3671,-3670,-3669,-3668,-3637],[5787,5810,5811,5812,5813],[5800,5797,5798]],"type":"Polygon","properties":{"dep":"D64"}},{"arcs":[[[-2854,-2853,5919,5909,-5887,-5880,-5879,-5794,-5793,-5792,-5791,-5790,-5810,-5809,-5808,-5807,-5865,-2934,-2933,-2976,-2975,-2991,-2990,-2989,-2988,-2978,-2977,-2867,-2866,-2865,-2864,-2858,-2857,-2856,-2855]],[[-5814,-5813,-5812,-5811,-5788]],[[-5799,-5798,-5801]]],"type":"MultiPolygon","properties":{"dep":"D65"}},{"arcs":[[-802,-982,-981,-980,-979,-973,-972,-1020,-1019,6010,6013,6020,5979,6000,5977,5972,5986,5994],[5995]],"type":"Polygon","properties":{"dep":"D66"}},{"arcs":[[-4757,-4984,-4983,-4982,-4981,-4980,-5047,-5046,-4972,-5022,-5021,-5057,-4990,-4989,-4988,6103,6083,6109,6098,6113,6112,6095,6077,6072,6073,6074,6075,6048,6049,6050,6051,-4758]],"type":"Polygon","properties":{"dep":"D67"}},{"arcs":[[-6049,-6076,-6075,-6074,6114,6172,6179,6167,6168,6147,6139,6140,6141,6142,6121,6122,6123,6124,6125,6126,6127,6128,6129,6130,6159,6160,6188,6189,6153,6154,6155]],"type":"Polygon","properties":{"dep":"D68"}},{"arcs":[[-73,-3484,-3483,-3497,-3496,-3544,-3543,-3542,-3548,-3547,-3546,-3559,-3506,-3505,-3504,-3826,-3852,-3851,-3850,-3849,-3835,-3834,-3845,-3844,-3843,-3813,-3812,-3811,-3810,-3797,-3806,6200,6201,6202,6203,6236,6237,-4,-3,-25,-91,-90,-89,-88,-22,-105,-104,-103]],"type":"Polygon","properties":{"dep":"D69"}},{"arcs":[[-1822,-4601,-4594,-4593,-4592,-4591,-4557,6256,6257,6299,6300,6243,6337,6288,6289,6290,6291,6292,6328,6329,6330,6331,6332,6333,6334,6335,-2215,-2214,-2260,-2259,-2199,-2198,-2197,-2196,-2195,-2165,-2185,-2184,-2183,-2182,-2181,-2180,-2179,-2178,-2159,-2158,-3594,-1828,-1827,-1823]],"type":"Polygon","properties":{"dep":"D70"}},{"arcs":[[-54,-67,-66,-65,-64,-63,-62,-61,-102,-101,-100,-5,-6238,-6237,-6204,-6203,-6202,-6201,-3805,-3804,-3803,-3802,-3801,-3787,-343,-342,-341,-340,-339,-5114,-5113,-5112,-5111,-5070,-5069,-1809,-1811,-5068,-1807,-1806,-1805,-1818,-1817,-1816,-1815,-1814,-1839,-1838,-3564,-3563,-3579,-3578,-3577,-3635,-3634,-3626,-3608,-3607,-3606,-3605,-79,-56,-55]],"type":"Polygon","properties":{"dep":"D71"}},{"arcs":[[-2534,-3737,-3736,-3735,-3734,-3712,-3711,-3404,-3403,-3402,-3372,-4315,-4314,-4308,-4307,-4670,-4669,-4652,-4651,-4650,-4649,-4648,-4656,-4661,-4660,-4664,-5522,-5521,-5523,-5439,-5443,-5518,-5519,-5497,-5515,-5456,-5455,-5454,-5453,-2535]],"type":"Polygon","properties":{"dep":"D72"}},{"arcs":[[-38,6560,6561,6543,6520,6521,6522,6523,6569,6555,6566,6567,6568,6527,6528,6559,-504,-497,-496,-3474,-3450,-3449,-3448,-3447,-3432,-3431,-3430,-3429,-32,-31]],"type":"Polygon","properties":{"dep":"D73"}},{"arcs":[[-37,-44,-93,-92,-124,6634,6643,6615,6642,6630,6598,6582,6578,6648,6646,-6528,-6569,-6568,-6567,-6556,-6570,-6524,-6523,-6522,-6521,-6544,-6562,-6561]],"type":"Polygon","properties":{"dep":"D74"}},{"arcs":[[6649,6650,6651,6652,6653,6654,6655,6656,6657,6658,6659,6660,6661,6662,6663,6664,6665,6666,6667,6668,6669,6670]],"type":"Polygon","properties":{"dep":"D75"}},{"arcs":[[-2398,-2408,-2407,-2406,-2461,6731,6783,6790,6797,6792,6741,6729,6692,6698,6782,6722,6763,6764,6765,6766,6767,6768,6762,-5320,-5319,-5318,-2438,-2437,-2436,-2375,-2374,-2373,-2372,-2429,-2428,-2401,-2400,-2399]],"type":"Polygon","properties":{"dep":"D76"}},{"arcs":[[-268,-267,-4486,-4485,-4484,-907,-906,-905,6839,6840,6849,6850,6837,6838,-4081,-4080,-4073,-4072,6799,6800,6863,6864,6857,6869,6865,6866,6887,6892,6893,6894,6883,6884,6885,6886,6874,6889,6890,6891,-5430,-5360,-5359,-5358,-219]],"type":"Polygon","properties":{"dep":"D77"}},{"arcs":[[-2387,-2478,6906,6951,6952,6967,6968,6969,6922,6936,6937,6938,6902,6978,6979,6980,6981,6963,6964,6974,6975,6940,6941,6982,6983,6957,6958,6959,6960,6972,6973,6898,6899,6900,-2521,-2520,-2549,-2548,-2480]],"type":"Polygon","properties":{"dep":"D78"}},{"arcs":[[-1417,-1544,-1543,-1542,-1537,-1510,-1531,7031,7020,7025,7026,6985,6986,7029,7030,-4343,-4338,-4337,-4272,7003,7009,7010,7011,7012,7013,7039,7038,7035,7036]],"type":"Polygon","properties":{"dep":"D79"}},{"arcs":[[-5416,-5415,-5414,-5391,-5390,-5400,-5407,-5406,-5405,-5351,-5350,-5349,-5348,-5323,-5322,-5321,-6763,-6769,-6768,-6767,-6766,7106,7107,7063,7071,7085,-5603,-5602,-5617,-5616,-5615,-5614,-5657,-5588,-5587,-5586,-5585,-5584,-5583,-5582,-5536,-5535,-5534,-5533,-5251,-258,-257,-249,-248,-247,-194]],"type":"Polygon","properties":{"dep":"D80"}},{"arcs":[[-976,-2849,-2848,-2847,-2846,-2845,-2890,-2889,-2896,-2909,-2908,-2913,-2912,7166,7182,7183,7184,7185,-1089,-1088,-1102,-1084,-1075,-1074,-1073,-1072,-3150,-3149,-934,-984,-983]],"type":"Polygon","properties":{"dep":"D81"}},{"arcs":[[-1065,-1126,-1090,-7186,-7185,-7184,-7183,-7167,-2911,-2910,-2906,-2905,-2966,-2997,-2996,-3011,-3010,-4217,-4216,-4225,-4224,-4223,-4206,-4205,-4140,-4110,-4146,-4145,-4144,-4143]],"type":"Polygon","properties":{"dep":"D82"}},{"arcs":[[[-398,-521,-520,-534,-542,-541,-540,7250,7310,7272,7309,7297,7311,7306,7322,7277,7316,7321,7318,7320,7280,7285,-1186,-1137,-1171,-1170,7269,-455,-388,-387,-386,-447]],[[7312]],[[7313]],[[7314]]],"type":"MultiPolygon","properties":{"dep":"D83"}},{"arcs":[[[-420,-419,-460,-452,-7270,-1169,-1144,-1143,-1163,-1162,-1168,-1167,-1166,-2793,-2821,-2820,-2814,-2813,-2773,-2772,-674,-2339,-2327,-2326,-2308,-2307,-2306,-421]],[[-2325,-2310]]],"type":"MultiPolygon","properties":{"dep":"D84"}},{"arcs":[[[-1528,7412,7361,7413,7363,7398,7416,7376,7400,-3979,-4010,-4009,-3987,-3986,-3985,-3942,-3941,-3940,-3939,-4346,-4344,-7031,-7030,-6987,-6986,-7027,-7026,-7021,-7032,-1530,-1529]],[[7401]],[[7415]]],"type":"MultiPolygon","properties":{"dep":"D85"}},{"arcs":[[-1402,-1410,-1430,-1411,-7037,-7036,-7039,-7040,-7014,-7013,-7012,-7011,-7010,-7004,-4271,-4289,-3410,-3388,-3387,-3362,-3361,-3351,-3350,-3355,7438,7439,7422,7423,-1403]],"type":"Polygon","properties":{"dep":"D86"}},{"arcs":[[-1405,-1404,-7424,-7423,-7440,-7439,-3354,-2022,-2041,-2040,-2007,-2012,-2016,-2015,-2014,-2038,-1712,-1681,-1722,-1727,-1726,-2086,-2140,-2139,-2043,-2042,-1432,-1406]],"type":"Polygon","properties":{"dep":"D87"}},{"arcs":[[-4567,-4825,-4887,-4886,-4699,-4698,-4697,-4712,-4711,-4710,-4709,-4708,-4800,-4799,-4798,-4797,-4796,-4762,-4761,-4760,-4759,-6052,-6051,-6050,-6156,-6155,-6154,-6190,-6189,-6161,-6160,-6131,-6130,7583,-6329,-6293,-6292,-6291,-6290,-6289,-6338,-6244,-6301,-6300,-6258,-6257,-4556,-4569,-4568]],"type":"Polygon","properties":{"dep":"D88"}},{"arcs":[[-854,-863,-862,-861,-860,-886,-885,-1782,-1802,-1801,-1797,-1796,-1795,-5076,-5105,-5104,-5088,-5087,-5086,-5085,-5084,-5099,-5098,-4038,-4049,-4048,-4085,-4084,-4083,-4082,-6839,-6838,-6851,-6850,-6841,-6840,-904,-897,-896]],"type":"Polygon","properties":{"dep":"D89"}},{"arcs":[[-2187,-2236,-2235,-2211,-2216,-6336,-6335,-6334,-6333,-6332,-6331,-6330,-7584,-6129,-6128,-6127,-6126,-6125,-6124,-6123,-6122,-6143,-6142,-6141,7669]],"type":"Polygon","properties":{"dep":"D90"}},{"arcs":[[-2522,-6901,-6900,-6899,-6974,-6973,-6961,7704,7705,7706,7727,7748,7749,7750,7688,7689,7731,7732,7745,7736,7737,7751,7752,7725,7720,-6866,-6870,-6858,-6865,-6864,-6801,-6800,-4071,-4070,-4055,-4054,-2493,-2492]],"type":"Polygon","properties":{"dep":"D91"}},{"arcs":[[-6671,-6670,-6669,-6668,7798,7799,7765,7766,7754,-7749,-7728,-7707,-7706,-7705,-6960,-6959,-6958,-6984,-6983,-6942,-6941,-6976,-6975,-6965,7800,7785,7786,7795,7796,7757,7783,-6654,-6653,-6652,-6651,-6650]],"type":"Polygon","properties":{"dep":"D92"}},{"arcs":[[-6655,-7784,-7758,-7797,7846,7847,7848,7849,7864,7865,7871,7872,7834,7835,7821,7810,7870,7844,-6890,-6875,-6887,-6886,-6885,-6884,-6895,7854,7860,7861,7868,7858,7859,-6660,-6659,-6658,-6657,-6656]],"type":"Polygon","properties":{"dep":"D93"}},{"arcs":[[-6661,-7860,-7859,-7869,-7862,-7861,-7855,-6894,-6893,-6888,-6867,-7721,-7726,-7753,-7752,-7738,-7737,-7746,-7733,-7732,-7690,-7689,-7751,-7750,-7755,-7767,-7766,-7800,-7799,-6667,-6666,-6665,-6664,-6663,-6662]],"type":"Polygon","properties":{"dep":"D94"}},{"arcs":[[-2445,-2423,-5345,-5344,-5343,-5342,-5341,-5383,-5389,-5388,-5387,-5419,-5418,-5432,-5431,-6892,-6891,-7845,-7871,-7811,-7822,-7836,-7835,-7873,-7872,-7866,-7865,-7850,-7849,-7848,-7847,-7796,-7787,-7786,-7801,-6964,-6982,-6981,-6980,-6979,-6903,-6939,-6938,-6937,-6923,-6970,-6969,-6968,-6953,-6952,-6907,-2477]],"type":"Polygon","properties":{"dep":"D95"}},{"arcs":[[[7986,8035,7994,7991,8038,8021,8042,8028,8041]],[[7995,8040,8031,8012,8015,8007,8000,8010,8023,8043,8034]],[[8014]],[[8018]],[[8019]],[[8037]],[[8016]],[[8017]]],"type":"MultiPolygon","properties":{"dep":"D971"}},{"arcs":[[8044]],"type":"Polygon","properties":{"dep":"D972"}},{"arcs":[[[8045]],[[8046]]],"type":"MultiPolygon","properties":{"dep":"D973"}},{"arcs":[[8090,8103,8095,8075,8076,8084,8100,8102,8080,8059,8081,8098,8089,8067,8097,8093,8050]],"type":"Polygon","properties":{"dep":"D974"}}]}}}